census_block_id	category	sub_category	value	devices	sub_category_sort_order	unit
010730027021	Population	Population	57	1	1	people
010730027021	Population	Median Age	59.5	1	2	people
010730027021	Age	<18	0.0	1	1	percent
010730027021	Age	18-24	0.0	1	2	percent
010730027021	Age	25-34	0.0	1	3	percent
010730027021	Age	35-44	0.0	1	4	percent
010730027021	Age	45-54	0.0	1	5	percent
010730027021	Age	55-64	1.0	1	6	percent
010730027021	Age	65+	0.0	1	7	percent
010730027021	Economic	Median HH Income	-6.66666666E8	1	1	dollar
010730027021	Economic	Median Home Value	-6.66666666E8	1	2	dollar
010730027021	Education	No HS	0.193	1	1	percent
010730027021	Education	HS	0.614	1	2	percent
010730027021	Education	Some College/2 Year	0.0	1	3	percent
010730027021	Education	Bachelor	0.0	1	4	percent
010730027021	Education	Higher Degree	0.193	1	5	percent
010730027021	Income	0-29K	0.2391	1	1	percent
010730027021	Income	30-74K	0.7609	1	2	percent
010730027021	Income	75-99K	0.0	1	3	percent
010730027021	Income	100-149K	0.0	1	4	percent
010730027021	Income	150K+	0.0	1	5	percent
010730027021	Race	African American	1.0	1	1	percent
010730027021	Race	Asian	0.0	1	2	percent
010730027021	Race	Hispanic	0.0	1	3	percent
010730027021	Race	Other or Mixed	0.0	1	4	percent
010730027021	Race	White	0.0	1	5	percent
011150401042	Population	Population	1240	1	1	people
011150401042	Population	Median Age	40.5	1	2	people
011150401042	Age	<18	0.3129	1	1	percent
011150401042	Age	18-24	0.0323	1	2	percent
011150401042	Age	25-34	0.0629	1	3	percent
011150401042	Age	35-44	0.2266	1	4	percent
011150401042	Age	45-54	0.0403	1	5	percent
011150401042	Age	55-64	0.1298	1	6	percent
011150401042	Age	65+	0.1952	1	7	percent
011150401042	Economic	Median HH Income	69397.0	1	1	dollar
011150401042	Economic	Median Home Value	162800.0	1	2	dollar
011150401042	Education	No HS	0.0	1	1	percent
011150401042	Education	HS	0.2611	1	2	percent
011150401042	Education	Some College/2 Year	0.3916	1	3	percent
011150401042	Education	Bachelor	0.2241	1	4	percent
011150401042	Education	Higher Degree	0.1232	1	5	percent
011150401042	Income	0-29K	0.1567	1	1	percent
011150401042	Income	30-74K	0.3938	1	2	percent
011150401042	Income	75-99K	0.2144	1	3	percent
011150401042	Income	100-149K	0.2082	1	4	percent
011150401042	Income	150K+	0.0268	1	5	percent
011150401042	Race	African American	0.0661	1	1	percent
011150401042	Race	Asian	0.0	1	2	percent
011150401042	Race	Hispanic	0.0	1	3	percent
011150401042	Race	Other or Mixed	0.0	1	4	percent
011150401042	Race	White	0.9339	1	5	percent
040050002002	Population	Population	2203	2	1	people
040050002002	Population	Median Age	45.7	2	2	people
040050002002	Age	<18	0.1834	2	1	percent
040050002002	Age	18-24	0.0567	2	2	percent
040050002002	Age	25-34	0.1262	2	3	percent
040050002002	Age	35-44	0.1189	2	4	percent
040050002002	Age	45-54	0.128	2	5	percent
040050002002	Age	55-64	0.1525	2	6	percent
040050002002	Age	65+	0.2342	2	7	percent
040050002002	Economic	Median HH Income	118000.0	2	1	dollar
040050002002	Economic	Median Home Value	437900.0	2	2	dollar
040050002002	Education	No HS	0.0137	2	1	percent
040050002002	Education	HS	0.1022	2	2	percent
040050002002	Education	Some College/2 Year	0.3017	2	3	percent
040050002002	Education	Bachelor	0.2198	2	4	percent
040050002002	Education	Higher Degree	0.3626	2	5	percent
040050002002	Income	0-29K	0.1482	2	1	percent
040050002002	Income	30-74K	0.2141	2	2	percent
040050002002	Income	75-99K	0.0621	2	3	percent
040050002002	Income	100-149K	0.2753	2	4	percent
040050002002	Income	150K+	0.3002	2	5	percent
040050002002	Race	African American	0.0	2	1	percent
040050002002	Race	Asian	0.0281	2	2	percent
040050002002	Race	Hispanic	0.0527	2	3	percent
040050002002	Race	Other or Mixed	0.0291	2	4	percent
040050002002	Race	White	0.8901	2	5	percent
040050010002	Population	Population	4338	1	1	people
040050010002	Population	Median Age	19.7	1	2	people
040050010002	Age	<18	0.0143	1	1	percent
040050010002	Age	18-24	0.9225	1	2	percent
040050010002	Age	25-34	0.038	1	3	percent
040050010002	Age	35-44	0.0124	1	4	percent
040050010002	Age	45-54	0.0044	1	5	percent
040050010002	Age	55-64	0.003	1	6	percent
040050010002	Age	65+	0.0053	1	7	percent
040050010002	Economic	Median HH Income	14788.0	1	1	dollar
040050010002	Economic	Median Home Value	-6.66666666E8	1	2	dollar
040050010002	Education	No HS	0.0328	1	1	percent
040050010002	Education	HS	0.2518	1	2	percent
040050010002	Education	Some College/2 Year	0.4672	1	3	percent
040050010002	Education	Bachelor	0.1898	1	4	percent
040050010002	Education	Higher Degree	0.0584	1	5	percent
040050010002	Income	0-29K	0.755	1	1	percent
040050010002	Income	30-74K	0.2053	1	2	percent
040050010002	Income	75-99K	0.0397	1	3	percent
040050010002	Income	100-149K	0.0	1	4	percent
040050010002	Income	150K+	0.0	1	5	percent
040050010002	Race	African American	0.0436	1	1	percent
040050010002	Race	Asian	0.033	1	2	percent
040050010002	Race	Hispanic	0.2052	1	3	percent
040050010002	Race	Other or Mixed	0.1141	1	4	percent
040050010002	Race	White	0.6042	1	5	percent
040130405402	Population	Population	1985	1	1	people
040130405402	Population	Median Age	29.6	1	2	people
040130405402	Age	<18	0.2821	1	1	percent
040130405402	Age	18-24	0.0912	1	2	percent
040130405402	Age	25-34	0.2458	1	3	percent
040130405402	Age	35-44	0.0302	1	4	percent
040130405402	Age	45-54	0.1698	1	5	percent
040130405402	Age	55-64	0.1078	1	6	percent
040130405402	Age	65+	0.073	1	7	percent
040130405402	Economic	Median HH Income	85815.0	1	1	dollar
040130405402	Economic	Median Home Value	335300.0	1	2	dollar
040130405402	Education	No HS	0.1817	1	1	percent
040130405402	Education	HS	0.2331	1	2	percent
040130405402	Education	Some College/2 Year	0.3987	1	3	percent
040130405402	Education	Bachelor	0.045	1	4	percent
040130405402	Education	Higher Degree	0.1415	1	5	percent
040130405402	Income	0-29K	0.081	1	1	percent
040130405402	Income	30-74K	0.3654	1	2	percent
040130405402	Income	75-99K	0.1789	1	3	percent
040130405402	Income	100-149K	0.3257	1	4	percent
040130405402	Income	150K+	0.0489	1	5	percent
040130405402	Race	African American	0.0	1	1	percent
040130405402	Race	Asian	0.0	1	2	percent
040130405402	Race	Hispanic	0.3149	1	3	percent
040130405402	Race	Other or Mixed	0.0	1	4	percent
040130405402	Race	White	0.6851	1	5	percent
040131138006	Population	Population	0	1	1	people
040131138006	Population	Median Age	-6.66666666E8	1	2	people
040131138006	Age	<18		1	1	percent
040131138006	Age	18-24		1	2	percent
040131138006	Age	25-34		1	3	percent
040131138006	Age	35-44		1	4	percent
040131138006	Age	45-54		1	5	percent
040131138006	Age	55-64		1	6	percent
040131138006	Age	65+		1	7	percent
040131138006	Economic	Median HH Income	-6.66666666E8	1	1	dollar
040131138006	Economic	Median Home Value	-6.66666666E8	1	2	dollar
040131138006	Education	No HS		1	1	percent
040131138006	Education	HS		1	2	percent
040131138006	Education	Some College/2 Year		1	3	percent
040131138006	Education	Bachelor		1	4	percent
040131138006	Education	Higher Degree		1	5	percent
040131138006	Income	0-29K		1	1	percent
040131138006	Income	30-74K		1	2	percent
040131138006	Income	75-99K		1	3	percent
040131138006	Income	100-149K		1	4	percent
040131138006	Income	150K+		1	5	percent
040131138006	Race	African American		1	1	percent
040131138006	Race	Asian		1	2	percent
040131138006	Race	Hispanic		1	3	percent
040131138006	Race	Other or Mixed		1	4	percent
040131138006	Race	White		1	5	percent
040131166171	Population	Population	1428	1	1	people
040131166171	Population	Median Age	39.5	1	2	people
040131166171	Age	<18	0.1246	1	1	percent
040131166171	Age	18-24	0.1022	1	2	percent
040131166171	Age	25-34	0.1751	1	3	percent
040131166171	Age	35-44	0.2913	1	4	percent
040131166171	Age	45-54	0.1176	1	5	percent
040131166171	Age	55-64	0.1015	1	6	percent
040131166171	Age	65+	0.0875	1	7	percent
040131166171	Economic	Median HH Income	84052.0	1	1	dollar
040131166171	Economic	Median Home Value	283100.0	1	2	dollar
040131166171	Education	No HS	0.096	1	1	percent
040131166171	Education	HS	0.1594	1	2	percent
040131166171	Education	Some College/2 Year	0.3297	1	3	percent
040131166171	Education	Bachelor	0.2382	1	4	percent
040131166171	Education	Higher Degree	0.1766	1	5	percent
040131166171	Income	0-29K	0.0262	1	1	percent
040131166171	Income	30-74K	0.4401	1	2	percent
040131166171	Income	75-99K	0.1067	1	3	percent
040131166171	Income	100-149K	0.3858	1	4	percent
040131166171	Income	150K+	0.0412	1	5	percent
040131166171	Race	African American	0.1169	1	1	percent
040131166171	Race	Asian	0.0343	1	2	percent
040131166171	Race	Hispanic	0.4482	1	3	percent
040131166171	Race	Other or Mixed	0.0651	1	4	percent
040131166171	Race	White	0.3354	1	5	percent
040132168191	Population	Population	2977	1	1	people
040132168191	Population	Median Age	55.8	1	2	people
040132168191	Age	<18	0.211	1	1	percent
040132168191	Age	18-24	0.0252	1	2	percent
040132168191	Age	25-34	0.038	1	3	percent
040132168191	Age	35-44	0.1421	1	4	percent
040132168191	Age	45-54	0.0652	1	5	percent
040132168191	Age	55-64	0.1925	1	6	percent
040132168191	Age	65+	0.3262	1	7	percent
040132168191	Economic	Median HH Income	98438.0	1	1	dollar
040132168191	Economic	Median Home Value	493800.0	1	2	dollar
040132168191	Education	No HS	0.018	1	1	percent
040132168191	Education	HS	0.1442	1	2	percent
040132168191	Education	Some College/2 Year	0.3109	1	3	percent
040132168191	Education	Bachelor	0.3386	1	4	percent
040132168191	Education	Higher Degree	0.1882	1	5	percent
040132168191	Income	0-29K	0.0813	1	1	percent
040132168191	Income	30-74K	0.3041	1	2	percent
040132168191	Income	75-99K	0.1238	1	3	percent
040132168191	Income	100-149K	0.1904	1	4	percent
040132168191	Income	150K+	0.3004	1	5	percent
040132168191	Race	African American	0.0	1	1	percent
040132168191	Race	Asian	0.0158	1	2	percent
040132168191	Race	Hispanic	0.0521	1	3	percent
040132168191	Race	Other or Mixed	0.0087	1	4	percent
040132168191	Race	White	0.9234	1	5	percent
040134202111	Population	Population	2131	1	1	people
040134202111	Population	Median Age	47.3	1	2	people
040134202111	Age	<18	0.183	1	1	percent
040134202111	Age	18-24	0.0657	1	2	percent
040134202111	Age	25-34	0.1042	1	3	percent
040134202111	Age	35-44	0.1201	1	4	percent
040134202111	Age	45-54	0.1197	1	5	percent
040134202111	Age	55-64	0.1586	1	6	percent
040134202111	Age	65+	0.2487	1	7	percent
040134202111	Economic	Median HH Income	87028.0	1	1	dollar
040134202111	Economic	Median Home Value	335400.0	1	2	dollar
040134202111	Education	No HS	0.0443	1	1	percent
040134202111	Education	HS	0.2567	1	2	percent
040134202111	Education	Some College/2 Year	0.4316	1	3	percent
040134202111	Education	Bachelor	0.1768	1	4	percent
040134202111	Education	Higher Degree	0.0906	1	5	percent
040134202111	Income	0-29K	0.105	1	1	percent
040134202111	Income	30-74K	0.2146	1	2	percent
040134202111	Income	75-99K	0.2489	1	3	percent
040134202111	Income	100-149K	0.3311	1	4	percent
040134202111	Income	150K+	0.1005	1	5	percent
040134202111	Race	African American	0.0394	1	1	percent
040134202111	Race	Asian	0.0164	1	2	percent
040134202111	Race	Hispanic	0.1093	1	3	percent
040134202111	Race	Other or Mixed	0.0277	1	4	percent
040134202111	Race	White	0.8071	1	5	percent
040159507053	Population	Population	1096	1	1	people
040159507053	Population	Median Age	45.7	1	2	people
040159507053	Age	<18	0.1542	1	1	percent
040159507053	Age	18-24	0.0547	1	2	percent
040159507053	Age	25-34	0.0849	1	3	percent
040159507053	Age	35-44	0.1524	1	4	percent
040159507053	Age	45-54	0.1697	1	5	percent
040159507053	Age	55-64	0.1907	1	6	percent
040159507053	Age	65+	0.1934	1	7	percent
040159507053	Economic	Median HH Income	34129.0	1	1	dollar
040159507053	Economic	Median Home Value	51200.0	1	2	dollar
040159507053	Education	No HS	0.1649	1	1	percent
040159507053	Education	HS	0.4141	1	2	percent
040159507053	Education	Some College/2 Year	0.2976	1	3	percent
040159507053	Education	Bachelor	0.1153	1	4	percent
040159507053	Education	Higher Degree	0.0081	1	5	percent
040159507053	Income	0-29K	0.4076	1	1	percent
040159507053	Income	30-74K	0.535	1	2	percent
040159507053	Income	75-99K	0.0467	1	3	percent
040159507053	Income	100-149K	0.0106	1	4	percent
040159507053	Income	150K+	0.0	1	5	percent
040159507053	Race	African American	0.0	1	1	percent
040159507053	Race	Asian	0.0	1	2	percent
040159507053	Race	Hispanic	0.0949	1	3	percent
040159507053	Race	Other or Mixed	0.0255	1	4	percent
040159507053	Race	White	0.8796	1	5	percent
040179617023	Population	Population	1124	1	1	people
040179617023	Population	Median Age	60.6	1	2	people
040179617023	Age	<18	0.1254	1	1	percent
040179617023	Age	18-24	0.0605	1	2	percent
040179617023	Age	25-34	0.1014	1	3	percent
040179617023	Age	35-44	0.0276	1	4	percent
040179617023	Age	45-54	0.0676	1	5	percent
040179617023	Age	55-64	0.2144	1	6	percent
040179617023	Age	65+	0.403	1	7	percent
040179617023	Economic	Median HH Income	37233.0	1	1	dollar
040179617023	Economic	Median Home Value	142700.0	1	2	dollar
040179617023	Education	No HS	0.035	1	1	percent
040179617023	Education	HS	0.3366	1	2	percent
040179617023	Education	Some College/2 Year	0.4295	1	3	percent
040179617023	Education	Bachelor	0.1355	1	4	percent
040179617023	Education	Higher Degree	0.0634	1	5	percent
040179617023	Income	0-29K	0.1321	1	1	percent
040179617023	Income	30-74K	0.592	1	2	percent
040179617023	Income	75-99K	0.0468	1	3	percent
040179617023	Income	100-149K	0.1271	1	4	percent
040179617023	Income	150K+	0.102	1	5	percent
040179617023	Race	African American	0.0	1	1	percent
040179617023	Race	Asian	0.024	1	2	percent
040179617023	Race	Hispanic	0.0881	1	3	percent
040179617023	Race	Other or Mixed	0.0276	1	4	percent
040179617023	Race	White	0.8603	1	5	percent
060014016002	Population	Population	927	1	1	people
060014016002	Population	Median Age	34.4	1	2	people
060014016002	Age	<18	0.2039	1	1	percent
060014016002	Age	18-24	0.0518	1	2	percent
060014016002	Age	25-34	0.2621	1	3	percent
060014016002	Age	35-44	0.1629	1	4	percent
060014016002	Age	45-54	0.1607	1	5	percent
060014016002	Age	55-64	0.1003	1	6	percent
060014016002	Age	65+	0.0583	1	7	percent
060014016002	Economic	Median HH Income	66953.0	1	1	dollar
060014016002	Economic	Median Home Value	787500.0	1	2	dollar
060014016002	Education	No HS	0.1203	1	1	percent
060014016002	Education	HS	0.1594	1	2	percent
060014016002	Education	Some College/2 Year	0.2667	1	3	percent
060014016002	Education	Bachelor	0.3174	1	4	percent
060014016002	Education	Higher Degree	0.1362	1	5	percent
060014016002	Income	0-29K	0.1627	1	1	percent
060014016002	Income	30-74K	0.4197	1	2	percent
060014016002	Income	75-99K	0.0642	1	3	percent
060014016002	Income	100-149K	0.1049	1	4	percent
060014016002	Income	150K+	0.2484	1	5	percent
060014016002	Race	African American	0.4865	1	1	percent
060014016002	Race	Asian	0.1025	1	2	percent
060014016002	Race	Hispanic	0.109	1	3	percent
060014016002	Race	Other or Mixed	0.0906	1	4	percent
060014016002	Race	White	0.2114	1	5	percent
060014040003	Population	Population	921	1	1	people
060014040003	Population	Median Age	36.7	1	2	people
060014040003	Age	<18	0.1759	1	1	percent
060014040003	Age	18-24	0.0445	1	2	percent
060014040003	Age	25-34	0.2476	1	3	percent
060014040003	Age	35-44	0.1889	1	4	percent
060014040003	Age	45-54	0.1542	1	5	percent
060014040003	Age	55-64	0.0782	1	6	percent
060014040003	Age	65+	0.1107	1	7	percent
060014040003	Economic	Median HH Income	70556.0	1	1	dollar
060014040003	Economic	Median Home Value	651900.0	1	2	dollar
060014040003	Education	No HS	0.0167	1	1	percent
060014040003	Education	HS	0.0348	1	2	percent
060014040003	Education	Some College/2 Year	0.2382	1	3	percent
060014040003	Education	Bachelor	0.4373	1	4	percent
060014040003	Education	Higher Degree	0.273	1	5	percent
060014040003	Income	0-29K	0.0	1	1	percent
060014040003	Income	30-74K	0.5346	1	2	percent
060014040003	Income	75-99K	0.0411	1	3	percent
060014040003	Income	100-149K	0.1126	1	4	percent
060014040003	Income	150K+	0.3117	1	5	percent
060014040003	Race	African American	0.0988	1	1	percent
060014040003	Race	Asian	0.1227	1	2	percent
060014040003	Race	Hispanic	0.1737	1	3	percent
060014040003	Race	Other or Mixed	0.0912	1	4	percent
060014040003	Race	White	0.5136	1	5	percent
060014354002	Population	Population	1160	1	1	people
060014354002	Population	Median Age	33.7	1	2	people
060014354002	Age	<18	0.1759	1	1	percent
060014354002	Age	18-24	0.0517	1	2	percent
060014354002	Age	25-34	0.3086	1	3	percent
060014354002	Age	35-44	0.081	1	4	percent
060014354002	Age	45-54	0.0828	1	5	percent
060014354002	Age	55-64	0.1707	1	6	percent
060014354002	Age	65+	0.1293	1	7	percent
060014354002	Economic	Median HH Income	85521.0	1	1	dollar
060014354002	Economic	Median Home Value	598200.0	1	2	dollar
060014354002	Education	No HS	0.1306	1	1	percent
060014354002	Education	HS	0.3103	1	2	percent
060014354002	Education	Some College/2 Year	0.3493	1	3	percent
060014354002	Education	Bachelor	0.0993	1	4	percent
060014354002	Education	Higher Degree	0.1105	1	5	percent
060014354002	Income	0-29K	0.3514	1	1	percent
060014354002	Income	30-74K	0.1155	1	2	percent
060014354002	Income	75-99K	0.1499	1	3	percent
060014354002	Income	100-149K	0.1892	1	4	percent
060014354002	Income	150K+	0.1941	1	5	percent
060014354002	Race	African American	0.0664	1	1	percent
060014354002	Race	Asian	0.3	1	2	percent
060014354002	Race	Hispanic	0.3284	1	3	percent
060014354002	Race	Other or Mixed	0.0871	1	4	percent
060014354002	Race	White	0.2181	1	5	percent
060014357003	Population	Population	1296	1	1	people
060014357003	Population	Median Age	47.1	1	2	people
060014357003	Age	<18	0.061	1	1	percent
060014357003	Age	18-24	0.1752	1	2	percent
060014357003	Age	25-34	0.1721	1	3	percent
060014357003	Age	35-44	0.044	1	4	percent
060014357003	Age	45-54	0.213	1	5	percent
060014357003	Age	55-64	0.1528	1	6	percent
060014357003	Age	65+	0.1821	1	7	percent
060014357003	Economic	Median HH Income	99028.0	1	1	dollar
060014357003	Economic	Median Home Value	647800.0	1	2	dollar
060014357003	Education	No HS	0.1343	1	1	percent
060014357003	Education	HS	0.3455	1	2	percent
060014357003	Education	Some College/2 Year	0.3525	1	3	percent
060014357003	Education	Bachelor	0.1333	1	4	percent
060014357003	Education	Higher Degree	0.0343	1	5	percent
060014357003	Income	0-29K	0.0188	1	1	percent
060014357003	Income	30-74K	0.3412	1	2	percent
060014357003	Income	75-99K	0.1482	1	3	percent
060014357003	Income	100-149K	0.1341	1	4	percent
060014357003	Income	150K+	0.3576	1	5	percent
060014357003	Race	African American	0.0208	1	1	percent
060014357003	Race	Asian	0.1327	1	2	percent
060014357003	Race	Hispanic	0.392	1	3	percent
060014357003	Race	Other or Mixed	0.135	1	4	percent
060014357003	Race	White	0.3194	1	5	percent
060290032123	Population	Population	2206	1	1	people
060290032123	Population	Median Age	27.7	1	2	people
060290032123	Age	<18	0.3862	1	1	percent
060290032123	Age	18-24	0.0186	1	2	percent
060290032123	Age	25-34	0.1482	1	3	percent
060290032123	Age	35-44	0.1673	1	4	percent
060290032123	Age	45-54	0.1061	1	5	percent
060290032123	Age	55-64	0.0888	1	6	percent
060290032123	Age	65+	0.0848	1	7	percent
060290032123	Economic	Median HH Income	170197.0	1	1	dollar
060290032123	Economic	Median Home Value	423200.0	1	2	dollar
060290032123	Education	No HS	0.0343	1	1	percent
060290032123	Education	HS	0.2224	1	2	percent
060290032123	Education	Some College/2 Year	0.2178	1	3	percent
060290032123	Education	Bachelor	0.2612	1	4	percent
060290032123	Education	Higher Degree	0.2643	1	5	percent
060290032123	Income	0-29K	0.0	1	1	percent
060290032123	Income	30-74K	0.0365	1	2	percent
060290032123	Income	75-99K	0.1569	1	3	percent
060290032123	Income	100-149K	0.2409	1	4	percent
060290032123	Income	150K+	0.5658	1	5	percent
060290032123	Race	African American	0.0	1	1	percent
060290032123	Race	Asian	0.4628	1	2	percent
060290032123	Race	Hispanic	0.1065	1	3	percent
060290032123	Race	Other or Mixed	0.0154	1	4	percent
060290032123	Race	White	0.4152	1	5	percent
060290054102	Population	Population	579	1	1	people
060290054102	Population	Median Age	55.7	1	2	people
060290054102	Age	<18	0.1313	1	1	percent
060290054102	Age	18-24	0.2159	1	2	percent
060290054102	Age	25-34	0.0	1	3	percent
060290054102	Age	35-44	0.019	1	4	percent
060290054102	Age	45-54	0.0915	1	5	percent
060290054102	Age	55-64	0.057	1	6	percent
060290054102	Age	65+	0.4853	1	7	percent
060290054102	Economic	Median HH Income	52483.0	1	1	dollar
060290054102	Economic	Median Home Value	86900.0	1	2	dollar
060290054102	Education	No HS	0.037	1	1	percent
060290054102	Education	HS	0.0265	1	2	percent
060290054102	Education	Some College/2 Year	0.8571	1	3	percent
060290054102	Education	Bachelor	0.0794	1	4	percent
060290054102	Education	Higher Degree	0.0	1	5	percent
060290054102	Income	0-29K	0.1718	1	1	percent
060290054102	Income	30-74K	0.5419	1	2	percent
060290054102	Income	75-99K	0.0	1	3	percent
060290054102	Income	100-149K	0.2335	1	4	percent
060290054102	Income	150K+	0.0529	1	5	percent
060290054102	Race	African American	0.0	1	1	percent
060290054102	Race	Asian	0.0	1	2	percent
060290054102	Race	Hispanic	0.0432	1	3	percent
060290054102	Race	Other or Mixed	0.3592	1	4	percent
060290054102	Race	White	0.5976	1	5	percent
060290065001	Population	Population	1060	1	1	people
060290065001	Population	Median Age	40.4	1	2	people
060290065001	Age	<18	0.2132	1	1	percent
060290065001	Age	18-24	0.0481	1	2	percent
060290065001	Age	25-34	0.2217	1	3	percent
060290065001	Age	35-44	0.084	1	4	percent
060290065001	Age	45-54	0.1406	1	5	percent
060290065001	Age	55-64	0.1538	1	6	percent
060290065001	Age	65+	0.1387	1	7	percent
060290065001	Economic	Median HH Income	56726.0	1	1	dollar
060290065001	Economic	Median Home Value	77400.0	1	2	dollar
060290065001	Education	No HS	0.0702	1	1	percent
060290065001	Education	HS	0.3563	1	2	percent
060290065001	Education	Some College/2 Year	0.4163	1	3	percent
060290065001	Education	Bachelor	0.0843	1	4	percent
060290065001	Education	Higher Degree	0.0728	1	5	percent
060290065001	Income	0-29K	0.321	1	1	percent
060290065001	Income	30-74K	0.3905	1	2	percent
060290065001	Income	75-99K	0.1323	1	3	percent
060290065001	Income	100-149K	0.1367	1	4	percent
060290065001	Income	150K+	0.0195	1	5	percent
060290065001	Race	African American	0.0896	1	1	percent
060290065001	Race	Asian	0.0349	1	2	percent
060290065001	Race	Hispanic	0.1811	1	3	percent
060290065001	Race	Other or Mixed	0.2396	1	4	percent
060290065001	Race	White	0.4547	1	5	percent
060372190203	Population	Population	1372	1	1	people
060372190203	Population	Median Age	45.6	1	2	people
060372190203	Age	<18	0.1655	1	1	percent
060372190203	Age	18-24	0.1057	1	2	percent
060372190203	Age	25-34	0.1276	1	3	percent
060372190203	Age	35-44	0.0897	1	4	percent
060372190203	Age	45-54	0.2216	1	5	percent
060372190203	Age	55-64	0.1159	1	6	percent
060372190203	Age	65+	0.1742	1	7	percent
060372190203	Economic	Median HH Income	66813.0	1	1	dollar
060372190203	Economic	Median Home Value	668300.0	1	2	dollar
060372190203	Education	No HS	0.374	1	1	percent
060372190203	Education	HS	0.273	1	2	percent
060372190203	Education	Some College/2 Year	0.255	1	3	percent
060372190203	Education	Bachelor	0.023	1	4	percent
060372190203	Education	Higher Degree	0.075	1	5	percent
060372190203	Income	0-29K	0.2116	1	1	percent
060372190203	Income	30-74K	0.3304	1	2	percent
060372190203	Income	75-99K	0.0696	1	3	percent
060372190203	Income	100-149K	0.2232	1	4	percent
060372190203	Income	150K+	0.1652	1	5	percent
060372190203	Race	African American	0.2682	1	1	percent
060372190203	Race	Asian	0.0146	1	2	percent
060372190203	Race	Hispanic	0.6727	1	3	percent
060372190203	Race	Other or Mixed	0.0	1	4	percent
060372190203	Race	White	0.0445	1	5	percent
060375042002	Population	Population	1615	1	1	people
060375042002	Population	Median Age	39.0	1	2	people
060375042002	Age	<18	0.1455	1	1	percent
060375042002	Age	18-24	0.1022	1	2	percent
060375042002	Age	25-34	0.1926	1	3	percent
060375042002	Age	35-44	0.1542	1	4	percent
060375042002	Age	45-54	0.2056	1	5	percent
060375042002	Age	55-64	0.0402	1	6	percent
060375042002	Age	65+	0.1598	1	7	percent
060375042002	Economic	Median HH Income	94821.0	1	1	dollar
060375042002	Economic	Median Home Value	589100.0	1	2	dollar
060375042002	Education	No HS	0.2321	1	1	percent
060375042002	Education	HS	0.3407	1	2	percent
060375042002	Education	Some College/2 Year	0.2856	1	3	percent
060375042002	Education	Bachelor	0.0938	1	4	percent
060375042002	Education	Higher Degree	0.0477	1	5	percent
060375042002	Income	0-29K	0.08	1	1	percent
060375042002	Income	30-74K	0.3114	1	2	percent
060375042002	Income	75-99K	0.1629	1	3	percent
060375042002	Income	100-149K	0.1657	1	4	percent
060375042002	Income	150K+	0.28	1	5	percent
060375042002	Race	African American	0.0303	1	1	percent
060375042002	Race	Asian	0.0471	1	2	percent
060375042002	Race	Hispanic	0.8211	1	3	percent
060375042002	Race	Other or Mixed	0.0241	1	4	percent
060375042002	Race	White	0.0774	1	5	percent
060375752012	Population	Population	1813	1	1	people
060375752012	Population	Median Age	31.4	1	2	people
060375752012	Age	<18	0.3238	1	1	percent
060375752012	Age	18-24	0.102	1	2	percent
060375752012	Age	25-34	0.1826	1	3	percent
060375752012	Age	35-44	0.1098	1	4	percent
060375752012	Age	45-54	0.1401	1	5	percent
060375752012	Age	55-64	0.0408	1	6	percent
060375752012	Age	65+	0.1009	1	7	percent
060375752012	Economic	Median HH Income	50882.0	1	1	dollar
060375752012	Economic	Median Home Value	455300.0	1	2	dollar
060375752012	Education	No HS	0.4659	1	1	percent
060375752012	Education	HS	0.1691	1	2	percent
060375752012	Education	Some College/2 Year	0.3093	1	3	percent
060375752012	Education	Bachelor	0.0557	1	4	percent
060375752012	Education	Higher Degree	0.0	1	5	percent
060375752012	Income	0-29K	0.18	1	1	percent
060375752012	Income	30-74K	0.6425	1	2	percent
060375752012	Income	75-99K	0.025	1	3	percent
060375752012	Income	100-149K	0.08	1	4	percent
060375752012	Income	150K+	0.0725	1	5	percent
060375752012	Race	African American	0.0612	1	1	percent
060375752012	Race	Asian	0.348	1	2	percent
060375752012	Race	Hispanic	0.5654	1	3	percent
060375752012	Race	Other or Mixed	0.0	1	4	percent
060375752012	Race	White	0.0254	1	5	percent
060450101002	Population	Population	728	1	1	people
060450101002	Population	Median Age	39.8	1	2	people
060450101002	Age	<18	0.2294	1	1	percent
060450101002	Age	18-24	0.1126	1	2	percent
060450101002	Age	25-34	0.0907	1	3	percent
060450101002	Age	35-44	0.1415	1	4	percent
060450101002	Age	45-54	0.1058	1	5	percent
060450101002	Age	55-64	0.1319	1	6	percent
060450101002	Age	65+	0.1882	1	7	percent
060450101002	Economic	Median HH Income	48333.0	1	1	dollar
060450101002	Economic	Median Home Value	322700.0	1	2	dollar
060450101002	Education	No HS	0.0919	1	1	percent
060450101002	Education	HS	0.4363	1	2	percent
060450101002	Education	Some College/2 Year	0.3111	1	3	percent
060450101002	Education	Bachelor	0.1524	1	4	percent
060450101002	Education	Higher Degree	0.0084	1	5	percent
060450101002	Income	0-29K	0.2645	1	1	percent
060450101002	Income	30-74K	0.5	1	2	percent
060450101002	Income	75-99K	0.095	1	3	percent
060450101002	Income	100-149K	0.1157	1	4	percent
060450101002	Income	150K+	0.0248	1	5	percent
060450101002	Race	African American	0.0055	1	1	percent
060450101002	Race	Asian	0.0069	1	2	percent
060450101002	Race	Hispanic	0.1538	1	3	percent
060450101002	Race	Other or Mixed	0.4986	1	4	percent
060450101002	Race	White	0.3352	1	5	percent
060590626323	Population	Population	1161	1	1	people
060590626323	Population	Median Age	53.1	1	2	people
060590626323	Age	<18	0.2093	1	1	percent
060590626323	Age	18-24	0.0568	1	2	percent
060590626323	Age	25-34	0.037	1	3	percent
060590626323	Age	35-44	0.0801	1	4	percent
060590626323	Age	45-54	0.18	1	5	percent
060590626323	Age	55-64	0.1843	1	6	percent
060590626323	Age	65+	0.2524	1	7	percent
060590626323	Economic	Median HH Income	132750.0	1	1	dollar
060590626323	Economic	Median Home Value	2000001.0	1	2	dollar
060590626323	Education	No HS	0.0211	1	1	percent
060590626323	Education	HS	0.0728	1	2	percent
060590626323	Education	Some College/2 Year	0.1714	1	3	percent
060590626323	Education	Bachelor	0.3498	1	4	percent
060590626323	Education	Higher Degree	0.385	1	5	percent
060590626323	Income	0-29K	0.0835	1	1	percent
060590626323	Income	30-74K	0.1535	1	2	percent
060590626323	Income	75-99K	0.1693	1	3	percent
060590626323	Income	100-149K	0.1445	1	4	percent
060590626323	Income	150K+	0.4492	1	5	percent
060590626323	Race	African American	0.0	1	1	percent
060590626323	Race	Asian	0.0603	1	2	percent
060590626323	Race	Hispanic	0.0594	1	3	percent
060590626323	Race	Other or Mixed	0.0689	1	4	percent
060590626323	Race	White	0.8114	1	5	percent
060590992322	Population	Population	875	1	1	people
060590992322	Population	Median Age	45.2	1	2	people
060590992322	Age	<18	0.2263	1	1	percent
060590992322	Age	18-24	0.0423	1	2	percent
060590992322	Age	25-34	0.0491	1	3	percent
060590992322	Age	35-44	0.1646	1	4	percent
060590992322	Age	45-54	0.1463	1	5	percent
060590992322	Age	55-64	0.1394	1	6	percent
060590992322	Age	65+	0.232	1	7	percent
060590992322	Economic	Median HH Income	98125.0	1	1	dollar
060590992322	Economic	Median Home Value	751000.0	1	2	dollar
060590992322	Education	No HS	0.0172	1	1	percent
060590992322	Education	HS	0.1813	1	2	percent
060590992322	Education	Some College/2 Year	0.375	1	3	percent
060590992322	Education	Bachelor	0.3	1	4	percent
060590992322	Education	Higher Degree	0.1266	1	5	percent
060590992322	Income	0-29K	0.1027	1	1	percent
060590992322	Income	30-74K	0.3293	1	2	percent
060590992322	Income	75-99K	0.1269	1	3	percent
060590992322	Income	100-149K	0.29	1	4	percent
060590992322	Income	150K+	0.1511	1	5	percent
060590992322	Race	African American	0.0069	1	1	percent
060590992322	Race	Asian	0.2411	1	2	percent
060590992322	Race	Hispanic	0.1143	1	3	percent
060590992322	Race	Other or Mixed	0.0	1	4	percent
060590992322	Race	White	0.6377	1	5	percent
060730032071	Population	Population	1921	1	1	people
060730032071	Population	Median Age	51.2	1	2	people
060730032071	Age	<18	0.1452	1	1	percent
060730032071	Age	18-24	0.0375	1	2	percent
060730032071	Age	25-34	0.1421	1	3	percent
060730032071	Age	35-44	0.0619	1	4	percent
060730032071	Age	45-54	0.1827	1	5	percent
060730032071	Age	55-64	0.101	1	6	percent
060730032071	Age	65+	0.3295	1	7	percent
060730032071	Economic	Median HH Income	130515.0	1	1	dollar
060730032071	Economic	Median Home Value	803300.0	1	2	dollar
060730032071	Education	No HS	0.0554	1	1	percent
060730032071	Education	HS	0.3102	1	2	percent
060730032071	Education	Some College/2 Year	0.2439	1	3	percent
060730032071	Education	Bachelor	0.2796	1	4	percent
060730032071	Education	Higher Degree	0.1108	1	5	percent
060730032071	Income	0-29K	0.0	1	1	percent
060730032071	Income	30-74K	0.1331	1	2	percent
060730032071	Income	75-99K	0.2345	1	3	percent
060730032071	Income	100-149K	0.2806	1	4	percent
060730032071	Income	150K+	0.3518	1	5	percent
060730032071	Race	African American	0.0281	1	1	percent
060730032071	Race	Asian	0.1765	1	2	percent
060730032071	Race	Hispanic	0.317	1	3	percent
060730032071	Race	Other or Mixed	0.0755	1	4	percent
060730032071	Race	White	0.4029	1	5	percent
060730170621	Population	Population	1853	1	1	people
060730170621	Population	Median Age	47.6	1	2	people
060730170621	Age	<18	0.2213	1	1	percent
060730170621	Age	18-24	0.0729	1	2	percent
060730170621	Age	25-34	0.0588	1	3	percent
060730170621	Age	35-44	0.0896	1	4	percent
060730170621	Age	45-54	0.1981	1	5	percent
060730170621	Age	55-64	0.2126	1	6	percent
060730170621	Age	65+	0.1468	1	7	percent
060730170621	Economic	Median HH Income	250001.0	1	1	dollar
060730170621	Economic	Median Home Value	1661200.0	1	2	dollar
060730170621	Education	No HS	0.0	1	1	percent
060730170621	Education	HS	0.0627	1	2	percent
060730170621	Education	Some College/2 Year	0.1682	1	3	percent
060730170621	Education	Bachelor	0.5069	1	4	percent
060730170621	Education	Higher Degree	0.2622	1	5	percent
060730170621	Income	0-29K	0.0178	1	1	percent
060730170621	Income	30-74K	0.0568	1	2	percent
060730170621	Income	75-99K	0.0	1	3	percent
060730170621	Income	100-149K	0.0284	1	4	percent
060730170621	Income	150K+	0.897	1	5	percent
060730170621	Race	African American	0.0	1	1	percent
060730170621	Race	Asian	0.2477	1	2	percent
060730170621	Race	Hispanic	0.0162	1	3	percent
060730170621	Race	Other or Mixed	0.0696	1	4	percent
060730170621	Race	White	0.6665	1	5	percent
060770052121	Population	Population	1937	1	1	people
060770052121	Population	Median Age	41.5	1	2	people
060770052121	Age	<18	0.1807	1	1	percent
060770052121	Age	18-24	0.1089	1	2	percent
060770052121	Age	25-34	0.1177	1	3	percent
060770052121	Age	35-44	0.1523	1	4	percent
060770052121	Age	45-54	0.2137	1	5	percent
060770052121	Age	55-64	0.0857	1	6	percent
060770052121	Age	65+	0.1409	1	7	percent
060770052121	Economic	Median HH Income	139569.0	1	1	dollar
060770052121	Economic	Median Home Value	604500.0	1	2	dollar
060770052121	Education	No HS	0.1192	1	1	percent
060770052121	Education	HS	0.3365	1	2	percent
060770052121	Education	Some College/2 Year	0.3794	1	3	percent
060770052121	Education	Bachelor	0.1439	1	4	percent
060770052121	Education	Higher Degree	0.0211	1	5	percent
060770052121	Income	0-29K	0.0	1	1	percent
060770052121	Income	30-74K	0.101	1	2	percent
060770052121	Income	75-99K	0.1516	1	3	percent
060770052121	Income	100-149K	0.3118	1	4	percent
060770052121	Income	150K+	0.4355	1	5	percent
060770052121	Race	African American	0.0387	1	1	percent
060770052121	Race	Asian	0.2349	1	2	percent
060770052121	Race	Hispanic	0.2545	1	3	percent
060770052121	Race	Other or Mixed	0.1213	1	4	percent
060770052121	Race	White	0.3505	1	5	percent
060790126012	Population	Population	1574	1	1	people
060790126012	Population	Median Age	31.6	1	2	people
060790126012	Age	<18	0.1855	1	1	percent
060790126012	Age	18-24	0.2058	1	2	percent
060790126012	Age	25-34	0.1677	1	3	percent
060790126012	Age	35-44	0.1239	1	4	percent
060790126012	Age	45-54	0.1531	1	5	percent
060790126012	Age	55-64	0.0858	1	6	percent
060790126012	Age	65+	0.0781	1	7	percent
060790126012	Economic	Median HH Income	88882.0	1	1	dollar
060790126012	Economic	Median Home Value	574400.0	1	2	dollar
060790126012	Education	No HS	0.0157	1	1	percent
060790126012	Education	HS	0.2234	1	2	percent
060790126012	Education	Some College/2 Year	0.4186	1	3	percent
060790126012	Education	Bachelor	0.1952	1	4	percent
060790126012	Education	Higher Degree	0.1472	1	5	percent
060790126012	Income	0-29K	0.134	1	1	percent
060790126012	Income	30-74K	0.2969	1	2	percent
060790126012	Income	75-99K	0.1113	1	3	percent
060790126012	Income	100-149K	0.2722	1	4	percent
060790126012	Income	150K+	0.1856	1	5	percent
060790126012	Race	African American	0.0025	1	1	percent
060790126012	Race	Asian	0.0191	1	2	percent
060790126012	Race	Hispanic	0.2211	1	3	percent
060790126012	Race	Other or Mixed	0.0178	1	4	percent
060790126012	Race	White	0.7395	1	5	percent
060855050061	Population	Population	3640	1	1	people
060855050061	Population	Median Age	34.2	1	2	people
060855050061	Age	<18	0.2231	1	1	percent
060855050061	Age	18-24	0.014	1	2	percent
060855050061	Age	25-34	0.3418	1	3	percent
060855050061	Age	35-44	0.2555	1	4	percent
060855050061	Age	45-54	0.0673	1	5	percent
060855050061	Age	55-64	0.0832	1	6	percent
060855050061	Age	65+	0.0151	1	7	percent
060855050061	Economic	Median HH Income	220203.0	1	1	dollar
060855050061	Economic	Median Home Value	960200.0	1	2	dollar
060855050061	Education	No HS	0.0104	1	1	percent
060855050061	Education	HS	0.0814	1	2	percent
060855050061	Education	Some College/2 Year	0.0403	1	3	percent
060855050061	Education	Bachelor	0.399	1	4	percent
060855050061	Education	Higher Degree	0.4689	1	5	percent
060855050061	Income	0-29K	0.0427	1	1	percent
060855050061	Income	30-74K	0.0239	1	2	percent
060855050061	Income	75-99K	0.0537	1	3	percent
060855050061	Income	100-149K	0.1028	1	4	percent
060855050061	Income	150K+	0.7768	1	5	percent
060855050061	Race	African American	0.0052	1	1	percent
060855050061	Race	Asian	0.6967	1	2	percent
060855050061	Race	Hispanic	0.0904	1	3	percent
060855050061	Race	Other or Mixed	0.0277	1	4	percent
060855050061	Race	White	0.1799	1	5	percent
060855070041	Population	Population	1691	1	1	people
060855070041	Population	Median Age	49.3	1	2	people
060855070041	Age	<18	0.1685	1	1	percent
060855070041	Age	18-24	0.0432	1	2	percent
060855070041	Age	25-34	0.081	1	3	percent
060855070041	Age	35-44	0.0988	1	4	percent
060855070041	Age	45-54	0.2602	1	5	percent
060855070041	Age	55-64	0.23	1	6	percent
060855070041	Age	65+	0.1183	1	7	percent
060855070041	Economic	Median HH Income	135338.0	1	1	dollar
060855070041	Economic	Median Home Value	2000001.0	1	2	dollar
060855070041	Education	No HS	0.0	1	1	percent
060855070041	Education	HS	0.0555	1	2	percent
060855070041	Education	Some College/2 Year	0.2011	1	3	percent
060855070041	Education	Bachelor	0.5319	1	4	percent
060855070041	Education	Higher Degree	0.2116	1	5	percent
060855070041	Income	0-29K	0.1506	1	1	percent
060855070041	Income	30-74K	0.1157	1	2	percent
060855070041	Income	75-99K	0.0787	1	3	percent
060855070041	Income	100-149K	0.2652	1	4	percent
060855070041	Income	150K+	0.3899	1	5	percent
060855070041	Race	African American	0.0	1	1	percent
060855070041	Race	Asian	0.0544	1	2	percent
060855070041	Race	Hispanic	0.0597	1	3	percent
060855070041	Race	Other or Mixed	0.0745	1	4	percent
060855070041	Race	White	0.8114	1	5	percent
061130105052	Population	Population	1204	1	1	people
061130105052	Population	Median Age	42.8	1	2	people
061130105052	Age	<18	0.2043	1	1	percent
061130105052	Age	18-24	0.1096	1	2	percent
061130105052	Age	25-34	0.0939	1	3	percent
061130105052	Age	35-44	0.1238	1	4	percent
061130105052	Age	45-54	0.1919	1	5	percent
061130105052	Age	55-64	0.0565	1	6	percent
061130105052	Age	65+	0.2201	1	7	percent
061130105052	Economic	Median HH Income	165750.0	1	1	dollar
061130105052	Economic	Median Home Value	957400.0	1	2	dollar
061130105052	Education	No HS	0.0315	1	1	percent
061130105052	Education	HS	0.0436	1	2	percent
061130105052	Education	Some College/2 Year	0.0847	1	3	percent
061130105052	Education	Bachelor	0.3063	1	4	percent
061130105052	Education	Higher Degree	0.5339	1	5	percent
061130105052	Income	0-29K	0.1014	1	1	percent
061130105052	Income	30-74K	0.2133	1	2	percent
061130105052	Income	75-99K	0.0542	1	3	percent
061130105052	Income	100-149K	0.0612	1	4	percent
061130105052	Income	150K+	0.5699	1	5	percent
061130105052	Race	African American	0.0	1	1	percent
061130105052	Race	Asian	0.309	1	2	percent
061130105052	Race	Hispanic	0.0855	1	3	percent
061130105052	Race	Other or Mixed	0.0806	1	4	percent
061130105052	Race	White	0.5249	1	5	percent
080010093193	Population	Population	1826	1	1	people
080010093193	Population	Median Age	28.6	1	2	people
080010093193	Age	<18	0.3883	1	1	percent
080010093193	Age	18-24	0.0564	1	2	percent
080010093193	Age	25-34	0.1895	1	3	percent
080010093193	Age	35-44	0.1051	1	4	percent
080010093193	Age	45-54	0.1123	1	5	percent
080010093193	Age	55-64	0.0482	1	6	percent
080010093193	Age	65+	0.1002	1	7	percent
080010093193	Economic	Median HH Income	36645.0	1	1	dollar
080010093193	Economic	Median Home Value	56400.0	1	2	dollar
080010093193	Education	No HS	0.432	1	1	percent
080010093193	Education	HS	0.284	1	2	percent
080010093193	Education	Some College/2 Year	0.1252	1	3	percent
080010093193	Education	Bachelor	0.1371	1	4	percent
080010093193	Education	Higher Degree	0.0217	1	5	percent
080010093193	Income	0-29K	0.3532	1	1	percent
080010093193	Income	30-74K	0.4489	1	2	percent
080010093193	Income	75-99K	0.0128	1	3	percent
080010093193	Income	100-149K	0.1404	1	4	percent
080010093193	Income	150K+	0.0447	1	5	percent
080010093193	Race	African American	0.0	1	1	percent
080010093193	Race	Asian	0.0	1	2	percent
080010093193	Race	Hispanic	0.7065	1	3	percent
080010093193	Race	Other or Mixed	0.0148	1	4	percent
080010093193	Race	White	0.2788	1	5	percent
080140308003	Population	Population	2734	1	1	people
080140308003	Population	Median Age	37.6	1	2	people
080140308003	Age	<18	0.3127	1	1	percent
080140308003	Age	18-24	0.0625	1	2	percent
080140308003	Age	25-34	0.0585	1	3	percent
080140308003	Age	35-44	0.2315	1	4	percent
080140308003	Age	45-54	0.1291	1	5	percent
080140308003	Age	55-64	0.1372	1	6	percent
080140308003	Age	65+	0.0684	1	7	percent
080140308003	Economic	Median HH Income	152625.0	1	1	dollar
080140308003	Economic	Median Home Value	485200.0	1	2	dollar
080140308003	Education	No HS	0.0386	1	1	percent
080140308003	Education	HS	0.0948	1	2	percent
080140308003	Education	Some College/2 Year	0.1926	1	3	percent
080140308003	Education	Bachelor	0.3489	1	4	percent
080140308003	Education	Higher Degree	0.3249	1	5	percent
080140308003	Income	0-29K	0.0184	1	1	percent
080140308003	Income	30-74K	0.054	1	2	percent
080140308003	Income	75-99K	0.1228	1	3	percent
080140308003	Income	100-149K	0.2974	1	4	percent
080140308003	Income	150K+	0.5075	1	5	percent
080140308003	Race	African American	0.0	1	1	percent
080140308003	Race	Asian	0.0527	1	2	percent
080140308003	Race	Hispanic	0.1514	1	3	percent
080140308003	Race	Other or Mixed	0.0077	1	4	percent
080140308003	Race	White	0.7882	1	5	percent
080299650022	Population	Population	1319	1	1	people
080299650022	Population	Median Age	43.6	1	2	people
080299650022	Age	<18	0.1713	1	1	percent
080299650022	Age	18-24	0.0796	1	2	percent
080299650022	Age	25-34	0.1873	1	3	percent
080299650022	Age	35-44	0.069	1	4	percent
080299650022	Age	45-54	0.0834	1	5	percent
080299650022	Age	55-64	0.1744	1	6	percent
080299650022	Age	65+	0.235	1	7	percent
080299650022	Economic	Median HH Income	50571.0	1	1	dollar
080299650022	Economic	Median Home Value	260600.0	1	2	dollar
080299650022	Education	No HS	0.086	1	1	percent
080299650022	Education	HS	0.4008	1	2	percent
080299650022	Education	Some College/2 Year	0.335	1	3	percent
080299650022	Education	Bachelor	0.1164	1	4	percent
080299650022	Education	Higher Degree	0.0617	1	5	percent
080299650022	Income	0-29K	0.3654	1	1	percent
080299650022	Income	30-74K	0.3115	1	2	percent
080299650022	Income	75-99K	0.0731	1	3	percent
080299650022	Income	100-149K	0.1442	1	4	percent
080299650022	Income	150K+	0.1058	1	5	percent
080299650022	Race	African American	0.0	1	1	percent
080299650022	Race	Asian	0.0	1	2	percent
080299650022	Race	Hispanic	0.097	1	3	percent
080299650022	Race	Other or Mixed	0.0243	1	4	percent
080299650022	Race	White	0.8787	1	5	percent
080310027041	Population	Population	908	2	1	people
080310027041	Population	Median Age	53.7	2	2	people
080310027041	Age	<18	0.0	2	1	percent
080310027041	Age	18-24	0.0099	2	2	percent
080310027041	Age	25-34	0.326	2	3	percent
080310027041	Age	35-44	0.0936	2	4	percent
080310027041	Age	45-54	0.0892	2	5	percent
080310027041	Age	55-64	0.1905	2	6	percent
080310027041	Age	65+	0.2907	2	7	percent
080310027041	Economic	Median HH Income	28289.0	2	1	dollar
080310027041	Economic	Median Home Value	-6.66666666E8	2	2	dollar
080310027041	Education	No HS	0.069	2	1	percent
080310027041	Education	HS	0.1702	2	2	percent
080310027041	Education	Some College/2 Year	0.2369	2	3	percent
080310027041	Education	Bachelor	0.3459	2	4	percent
080310027041	Education	Higher Degree	0.178	2	5	percent
080310027041	Income	0-29K	0.5172	2	1	percent
080310027041	Income	30-74K	0.2785	2	2	percent
080310027041	Income	75-99K	0.1512	2	3	percent
080310027041	Income	100-149K	0.0332	2	4	percent
080310027041	Income	150K+	0.0199	2	5	percent
080310027041	Race	African American	0.0496	2	1	percent
080310027041	Race	Asian	0.0187	2	2	percent
080310027041	Race	Hispanic	0.1949	2	3	percent
080310027041	Race	Other or Mixed	0.0209	2	4	percent
080310027041	Race	White	0.7159	2	5	percent
080310030032	Population	Population	1427	1	1	people
080310030032	Population	Median Age	19.7	1	2	people
080310030032	Age	<18	0.0252	1	1	percent
080310030032	Age	18-24	0.7477	1	2	percent
080310030032	Age	25-34	0.1317	1	3	percent
080310030032	Age	35-44	0.0196	1	4	percent
080310030032	Age	45-54	0.0245	1	5	percent
080310030032	Age	55-64	0.0512	1	6	percent
080310030032	Age	65+	0.0	1	7	percent
080310030032	Economic	Median HH Income	39410.0	1	1	dollar
080310030032	Economic	Median Home Value	223100.0	1	2	dollar
080310030032	Education	No HS	0.0	1	1	percent
080310030032	Education	HS	0.0	1	2	percent
080310030032	Education	Some College/2 Year	0.5586	1	3	percent
080310030032	Education	Bachelor	0.2685	1	4	percent
080310030032	Education	Higher Degree	0.1728	1	5	percent
080310030032	Income	0-29K	0.3003	1	1	percent
080310030032	Income	30-74K	0.4323	1	2	percent
080310030032	Income	75-99K	0.0528	1	3	percent
080310030032	Income	100-149K	0.1419	1	4	percent
080310030032	Income	150K+	0.0726	1	5	percent
080310030032	Race	African American	0.096	1	1	percent
080310030032	Race	Asian	0.0771	1	2	percent
080310030032	Race	Hispanic	0.1822	1	3	percent
080310030032	Race	Other or Mixed	0.0245	1	4	percent
080310030032	Race	White	0.6202	1	5	percent
080310032052	Population	Population	1205	1	1	people
080310032052	Population	Median Age	37.2	1	2	people
080310032052	Age	<18	0.0174	1	1	percent
080310032052	Age	18-24	0.034	1	2	percent
080310032052	Age	25-34	0.3925	1	3	percent
080310032052	Age	35-44	0.2465	1	4	percent
080310032052	Age	45-54	0.0797	1	5	percent
080310032052	Age	55-64	0.2133	1	6	percent
080310032052	Age	65+	0.0166	1	7	percent
080310032052	Economic	Median HH Income	67455.0	1	1	dollar
080310032052	Economic	Median Home Value	392400.0	1	2	dollar
080310032052	Education	No HS	0.0	1	1	percent
080310032052	Education	HS	0.028	1	2	percent
080310032052	Education	Some College/2 Year	0.301	1	3	percent
080310032052	Education	Bachelor	0.4523	1	4	percent
080310032052	Education	Higher Degree	0.2187	1	5	percent
080310032052	Income	0-29K	0.3102	1	1	percent
080310032052	Income	30-74K	0.2172	1	2	percent
080310032052	Income	75-99K	0.1176	1	3	percent
080310032052	Income	100-149K	0.0773	1	4	percent
080310032052	Income	150K+	0.2777	1	5	percent
080310032052	Race	African American	0.0133	1	1	percent
080310032052	Race	Asian	0.0207	1	2	percent
080310032052	Race	Hispanic	0.0349	1	3	percent
080310032052	Race	Other or Mixed	0.1029	1	4	percent
080310032052	Race	White	0.8282	1	5	percent
080310158001	Population	Population	2314	1	1	people
080310158001	Population	Median Age	28.8	1	2	people
080310158001	Age	<18	0.2913	1	1	percent
080310158001	Age	18-24	0.1037	1	2	percent
080310158001	Age	25-34	0.1811	1	3	percent
080310158001	Age	35-44	0.1785	1	4	percent
080310158001	Age	45-54	0.1271	1	5	percent
080310158001	Age	55-64	0.0678	1	6	percent
080310158001	Age	65+	0.0506	1	7	percent
080310158001	Economic	Median HH Income	59191.0	1	1	dollar
080310158001	Economic	Median Home Value	247100.0	1	2	dollar
080310158001	Education	No HS	0.0557	1	1	percent
080310158001	Education	HS	0.195	1	2	percent
080310158001	Education	Some College/2 Year	0.4271	1	3	percent
080310158001	Education	Bachelor	0.2014	1	4	percent
080310158001	Education	Higher Degree	0.1207	1	5	percent
080310158001	Income	0-29K	0.1972	1	1	percent
080310158001	Income	30-74K	0.4083	1	2	percent
080310158001	Income	75-99K	0.1799	1	3	percent
080310158001	Income	100-149K	0.1373	1	4	percent
080310158001	Income	150K+	0.0773	1	5	percent
080310158001	Race	African American	0.411	1	1	percent
080310158001	Race	Asian	0.0899	1	2	percent
080310158001	Race	Hispanic	0.1538	1	3	percent
080310158001	Race	Other or Mixed	0.0843	1	4	percent
080310158001	Race	White	0.261	1	5	percent
080590120593	Population	Population	1111	1	1	people
080590120593	Population	Median Age	56.7	1	2	people
080590120593	Age	<18	0.171	1	1	percent
080590120593	Age	18-24	0.0684	1	2	percent
080590120593	Age	25-34	0.0621	1	3	percent
080590120593	Age	35-44	0.0936	1	4	percent
080590120593	Age	45-54	0.081	1	5	percent
080590120593	Age	55-64	0.27	1	6	percent
080590120593	Age	65+	0.2538	1	7	percent
080590120593	Economic	Median HH Income	115691.0	1	1	dollar
080590120593	Economic	Median Home Value	557500.0	1	2	dollar
080590120593	Education	No HS	0.0142	1	1	percent
080590120593	Education	HS	0.2592	1	2	percent
080590120593	Education	Some College/2 Year	0.3905	1	3	percent
080590120593	Education	Bachelor	0.2059	1	4	percent
080590120593	Education	Higher Degree	0.1302	1	5	percent
080590120593	Income	0-29K	0.0605	1	1	percent
080590120593	Income	30-74K	0.2017	1	2	percent
080590120593	Income	75-99K	0.1239	1	3	percent
080590120593	Income	100-149K	0.2219	1	4	percent
080590120593	Income	150K+	0.3919	1	5	percent
080590120593	Race	African American	0.0027	1	1	percent
080590120593	Race	Asian	0.009	1	2	percent
080590120593	Race	Hispanic	0.234	1	3	percent
080590120593	Race	Other or Mixed	0.0117	1	4	percent
080590120593	Race	White	0.7426	1	5	percent
081230015002	Population	Population	1215	2	1	people
081230015002	Population	Median Age	50.7	2	2	people
081230015002	Age	<18	0.1753	2	1	percent
081230015002	Age	18-24	0.0864	2	2	percent
081230015002	Age	25-34	0.0	2	3	percent
081230015002	Age	35-44	0.1399	2	4	percent
081230015002	Age	45-54	0.1588	2	5	percent
081230015002	Age	55-64	0.1745	2	6	percent
081230015002	Age	65+	0.265	2	7	percent
081230015002	Economic	Median HH Income	90028.0	2	1	dollar
081230015002	Economic	Median Home Value	296500.0	2	2	dollar
081230015002	Education	No HS	0.0156	2	1	percent
081230015002	Education	HS	0.2709	2	2	percent
081230015002	Education	Some College/2 Year	0.2854	2	3	percent
081230015002	Education	Bachelor	0.1862	2	4	percent
081230015002	Education	Higher Degree	0.2419	2	5	percent
081230015002	Income	0-29K	0.197	2	1	percent
081230015002	Income	30-74K	0.2326	2	2	percent
081230015002	Income	75-99K	0.227	2	3	percent
081230015002	Income	100-149K	0.2326	2	4	percent
081230015002	Income	150K+	0.1107	2	5	percent
081230015002	Race	African American	0.0	2	1	percent
081230015002	Race	Asian	0.0	2	2	percent
081230015002	Race	Hispanic	0.1119	2	3	percent
081230015002	Race	Other or Mixed	0.0099	2	4	percent
081230015002	Race	White	0.8782	2	5	percent
110010059002	Population	Population	1208	1	1	people
110010059002	Population	Median Age	28.6	1	2	people
110010059002	Age	<18	0.0108	1	1	percent
110010059002	Age	18-24	0.2442	1	2	percent
110010059002	Age	25-34	0.4214	1	3	percent
110010059002	Age	35-44	0.0662	1	4	percent
110010059002	Age	45-54	0.1788	1	5	percent
110010059002	Age	55-64	0.0364	1	6	percent
110010059002	Age	65+	0.0422	1	7	percent
110010059002	Economic	Median HH Income	140333.0	1	1	dollar
110010059002	Economic	Median Home Value	-6.66666666E8	1	2	dollar
110010059002	Education	No HS	0.0411	1	1	percent
110010059002	Education	HS	0.0411	1	2	percent
110010059002	Education	Some College/2 Year	0.0944	1	3	percent
110010059002	Education	Bachelor	0.6178	1	4	percent
110010059002	Education	Higher Degree	0.2056	1	5	percent
110010059002	Income	0-29K	0.1264	1	1	percent
110010059002	Income	30-74K	0.1168	1	2	percent
110010059002	Income	75-99K	0.1184	1	3	percent
110010059002	Income	100-149K	0.3312	1	4	percent
110010059002	Income	150K+	0.3072	1	5	percent
110010059002	Race	African American	0.1796	1	1	percent
110010059002	Race	Asian	0.043	1	2	percent
110010059002	Race	Hispanic	0.0637	1	3	percent
110010059002	Race	Other or Mixed	0.0422	1	4	percent
110010059002	Race	White	0.6714	1	5	percent
120570133112	Population	Population	1245	1	1	people
120570133112	Population	Median Age	33.4	1	2	people
120570133112	Age	<18	0.249	1	1	percent
120570133112	Age	18-24	0.1823	1	2	percent
120570133112	Age	25-34	0.1052	1	3	percent
120570133112	Age	35-44	0.1181	1	4	percent
120570133112	Age	45-54	0.0924	1	5	percent
120570133112	Age	55-64	0.1044	1	6	percent
120570133112	Age	65+	0.1486	1	7	percent
120570133112	Economic	Median HH Income	37339.0	1	1	dollar
120570133112	Economic	Median Home Value	208600.0	1	2	dollar
120570133112	Education	No HS	0.0551	1	1	percent
120570133112	Education	HS	0.1158	1	2	percent
120570133112	Education	Some College/2 Year	0.3121	1	3	percent
120570133112	Education	Bachelor	0.3686	1	4	percent
120570133112	Education	Higher Degree	0.1483	1	5	percent
120570133112	Income	0-29K	0.3273	1	1	percent
120570133112	Income	30-74K	0.4299	1	2	percent
120570133112	Income	75-99K	0.0935	1	3	percent
120570133112	Income	100-149K	0.0755	1	4	percent
120570133112	Income	150K+	0.0737	1	5	percent
120570133112	Race	African American	0.1422	1	1	percent
120570133112	Race	Asian	0.0273	1	2	percent
120570133112	Race	Hispanic	0.3108	1	3	percent
120570133112	Race	Other or Mixed	0.0217	1	4	percent
120570133112	Race	White	0.498	1	5	percent
120710506011	Population	Population	857	1	1	people
120710506011	Population	Median Age	49.3	1	2	people
120710506011	Age	<18	0.196	1	1	percent
120710506011	Age	18-24	0.0385	1	2	percent
120710506011	Age	25-34	0.0362	1	3	percent
120710506011	Age	35-44	0.0863	1	4	percent
120710506011	Age	45-54	0.2392	1	5	percent
120710506011	Age	55-64	0.1669	1	6	percent
120710506011	Age	65+	0.2369	1	7	percent
120710506011	Economic	Median HH Income	61528.0	1	1	dollar
120710506011	Economic	Median Home Value	812500.0	1	2	dollar
120710506011	Education	No HS	0.0549	1	1	percent
120710506011	Education	HS	0.2378	1	2	percent
120710506011	Education	Some College/2 Year	0.3552	1	3	percent
120710506011	Education	Bachelor	0.2607	1	4	percent
120710506011	Education	Higher Degree	0.0915	1	5	percent
120710506011	Income	0-29K	0.1788	1	1	percent
120710506011	Income	30-74K	0.3765	1	2	percent
120710506011	Income	75-99K	0.0376	1	3	percent
120710506011	Income	100-149K	0.2071	1	4	percent
120710506011	Income	150K+	0.2	1	5	percent
120710506011	Race	African American	0.0	1	1	percent
120710506011	Race	Asian	0.0	1	2	percent
120710506011	Race	Hispanic	0.0093	1	3	percent
120710506011	Race	Other or Mixed	0.0572	1	4	percent
120710506011	Race	White	0.9335	1	5	percent
150090315012	Population	Population	1043	1	1	people
150090315012	Population	Median Age	43.8	1	2	people
150090315012	Age	<18	0.2128	1	1	percent
150090315012	Age	18-24	0.0566	1	2	percent
150090315012	Age	25-34	0.0949	1	3	percent
150090315012	Age	35-44	0.162	1	4	percent
150090315012	Age	45-54	0.1448	1	5	percent
150090315012	Age	55-64	0.1774	1	6	percent
150090315012	Age	65+	0.1515	1	7	percent
150090315012	Economic	Median HH Income	98036.0	1	1	dollar
150090315012	Economic	Median Home Value	731100.0	1	2	dollar
150090315012	Education	No HS	0.0459	1	1	percent
150090315012	Education	HS	0.3714	1	2	percent
150090315012	Education	Some College/2 Year	0.3136	1	3	percent
150090315012	Education	Bachelor	0.164	1	4	percent
150090315012	Education	Higher Degree	0.105	1	5	percent
150090315012	Income	0-29K	0.1111	1	1	percent
150090315012	Income	30-74K	0.265	1	2	percent
150090315012	Income	75-99K	0.1396	1	3	percent
150090315012	Income	100-149K	0.1339	1	4	percent
150090315012	Income	150K+	0.3504	1	5	percent
150090315012	Race	African American	0.001	1	1	percent
150090315012	Race	Asian	0.1333	1	2	percent
150090315012	Race	Hispanic	0.1179	1	3	percent
150090315012	Race	Other or Mixed	0.2637	1	4	percent
150090315012	Race	White	0.4842	1	5	percent
160010023184	Population	Population	1255	1	1	people
160010023184	Population	Median Age	36.1	1	2	people
160010023184	Age	<18	0.3131	1	1	percent
160010023184	Age	18-24	0.0367	1	2	percent
160010023184	Age	25-34	0.0837	1	3	percent
160010023184	Age	35-44	0.2837	1	4	percent
160010023184	Age	45-54	0.1442	1	5	percent
160010023184	Age	55-64	0.0574	1	6	percent
160010023184	Age	65+	0.0813	1	7	percent
160010023184	Economic	Median HH Income	60938.0	1	1	dollar
160010023184	Economic	Median Home Value	256800.0	1	2	dollar
160010023184	Education	No HS	0.0245	1	1	percent
160010023184	Education	HS	0.4559	1	2	percent
160010023184	Education	Some College/2 Year	0.2953	1	3	percent
160010023184	Education	Bachelor	0.1936	1	4	percent
160010023184	Education	Higher Degree	0.0306	1	5	percent
160010023184	Income	0-29K	0.2246	1	1	percent
160010023184	Income	30-74K	0.4589	1	2	percent
160010023184	Income	75-99K	0.0459	1	3	percent
160010023184	Income	100-149K	0.1498	1	4	percent
160010023184	Income	150K+	0.1208	1	5	percent
160010023184	Race	African American	0.0	1	1	percent
160010023184	Race	Asian	0.0	1	2	percent
160010023184	Race	Hispanic	0.0311	1	3	percent
160010023184	Race	Other or Mixed	0.0231	1	4	percent
160010023184	Race	White	0.9458	1	5	percent
160010024123	Population	Population	1853	1	1	people
160010024123	Population	Median Age	38.0	1	2	people
160010024123	Age	<18	0.2833	1	1	percent
160010024123	Age	18-24	0.0685	1	2	percent
160010024123	Age	25-34	0.1317	1	3	percent
160010024123	Age	35-44	0.0863	1	4	percent
160010024123	Age	45-54	0.1015	1	5	percent
160010024123	Age	55-64	0.1409	1	6	percent
160010024123	Age	65+	0.1878	1	7	percent
160010024123	Economic	Median HH Income	57875.0	1	1	dollar
160010024123	Economic	Median Home Value	310700.0	1	2	dollar
160010024123	Education	No HS	0.0416	1	1	percent
160010024123	Education	HS	0.2148	1	2	percent
160010024123	Education	Some College/2 Year	0.3855	1	3	percent
160010024123	Education	Bachelor	0.2182	1	4	percent
160010024123	Education	Higher Degree	0.1399	1	5	percent
160010024123	Income	0-29K	0.2396	1	1	percent
160010024123	Income	30-74K	0.3674	1	2	percent
160010024123	Income	75-99K	0.1131	1	3	percent
160010024123	Income	100-149K	0.1911	1	4	percent
160010024123	Income	150K+	0.0888	1	5	percent
160010024123	Race	African American	0.0076	1	1	percent
160010024123	Race	Asian	0.034	1	2	percent
160010024123	Race	Hispanic	0.0486	1	3	percent
160010024123	Race	Other or Mixed	0.0043	1	4	percent
160010024123	Race	White	0.9056	1	5	percent
160010102352	Population	Population	1372	1	1	people
160010102352	Population	Median Age	60.2	1	2	people
160010102352	Age	<18	0.1276	1	1	percent
160010102352	Age	18-24	0.0583	1	2	percent
160010102352	Age	25-34	0.0612	1	3	percent
160010102352	Age	35-44	0.07	1	4	percent
160010102352	Age	45-54	0.1071	1	5	percent
160010102352	Age	55-64	0.2004	1	6	percent
160010102352	Age	65+	0.3754	1	7	percent
160010102352	Economic	Median HH Income	68889.0	1	1	dollar
160010102352	Economic	Median Home Value	303000.0	1	2	dollar
160010102352	Education	No HS	0.0457	1	1	percent
160010102352	Education	HS	0.2811	1	2	percent
160010102352	Education	Some College/2 Year	0.3778	1	3	percent
160010102352	Education	Bachelor	0.1889	1	4	percent
160010102352	Education	Higher Degree	0.1065	1	5	percent
160010102352	Income	0-29K	0.1309	1	1	percent
160010102352	Income	30-74K	0.4621	1	2	percent
160010102352	Income	75-99K	0.2287	1	3	percent
160010102352	Income	100-149K	0.0757	1	4	percent
160010102352	Income	150K+	0.1025	1	5	percent
160010102352	Race	African American	0.0	1	1	percent
160010102352	Race	Asian	0.0299	1	2	percent
160010102352	Race	Hispanic	0.2274	1	3	percent
160010102352	Race	Other or Mixed	0.035	1	4	percent
160010102352	Race	White	0.7077	1	5	percent
160179501003	Population	Population	529	1	1	people
160179501003	Population	Median Age	65.3	1	2	people
160179501003	Age	<18	0.0813	1	1	percent
160179501003	Age	18-24	0.0832	1	2	percent
160179501003	Age	25-34	0.0095	1	3	percent
160179501003	Age	35-44	0.0624	1	4	percent
160179501003	Age	45-54	0.0548	1	5	percent
160179501003	Age	55-64	0.1947	1	6	percent
160179501003	Age	65+	0.5142	1	7	percent
160179501003	Economic	Median HH Income	47969.0	1	1	dollar
160179501003	Economic	Median Home Value	415700.0	1	2	dollar
160179501003	Education	No HS	0.0068	1	1	percent
160179501003	Education	HS	0.1719	1	2	percent
160179501003	Education	Some College/2 Year	0.3824	1	3	percent
160179501003	Education	Bachelor	0.2647	1	4	percent
160179501003	Education	Higher Degree	0.1742	1	5	percent
160179501003	Income	0-29K	0.3143	1	1	percent
160179501003	Income	30-74K	0.3964	1	2	percent
160179501003	Income	75-99K	0.0643	1	3	percent
160179501003	Income	100-149K	0.1071	1	4	percent
160179501003	Income	150K+	0.1179	1	5	percent
160179501003	Race	African American	0.0	1	1	percent
160179501003	Race	Asian	0.0	1	2	percent
160179501003	Race	Hispanic	0.0076	1	3	percent
160179501003	Race	Other or Mixed	0.0605	1	4	percent
160179501003	Race	White	0.9319	1	5	percent
160179504022	Population	Population	1819	1	1	people
160179504022	Population	Median Age	45.8	1	2	people
160179504022	Age	<18	0.1825	1	1	percent
160179504022	Age	18-24	0.0198	1	2	percent
160179504022	Age	25-34	0.1242	1	3	percent
160179504022	Age	35-44	0.1572	1	4	percent
160179504022	Age	45-54	0.1237	1	5	percent
160179504022	Age	55-64	0.1644	1	6	percent
160179504022	Age	65+	0.2281	1	7	percent
160179504022	Economic	Median HH Income	43548.0	1	1	dollar
160179504022	Economic	Median Home Value	319800.0	1	2	dollar
160179504022	Education	No HS	0.1158	1	1	percent
160179504022	Education	HS	0.1585	1	2	percent
160179504022	Education	Some College/2 Year	0.4314	1	3	percent
160179504022	Education	Bachelor	0.2378	1	4	percent
160179504022	Education	Higher Degree	0.0565	1	5	percent
160179504022	Income	0-29K	0.3824	1	1	percent
160179504022	Income	30-74K	0.373	1	2	percent
160179504022	Income	75-99K	0.1243	1	3	percent
160179504022	Income	100-149K	0.1203	1	4	percent
160179504022	Income	150K+	0.0	1	5	percent
160179504022	Race	African American	0.0	1	1	percent
160179504022	Race	Asian	0.022	1	2	percent
160179504022	Race	Hispanic	0.0682	1	3	percent
160179504022	Race	Other or Mixed	0.017	1	4	percent
160179504022	Race	White	0.8928	1	5	percent
160270211032	Population	Population	1764	1	1	people
160270211032	Population	Median Age	35.0	1	2	people
160270211032	Age	<18	0.309	1	1	percent
160270211032	Age	18-24	0.0556	1	2	percent
160270211032	Age	25-34	0.1366	1	3	percent
160270211032	Age	35-44	0.1423	1	4	percent
160270211032	Age	45-54	0.0142	1	5	percent
160270211032	Age	55-64	0.034	1	6	percent
160270211032	Age	65+	0.3084	1	7	percent
160270211032	Economic	Median HH Income	32807.0	1	1	dollar
160270211032	Economic	Median Home Value	304400.0	1	2	dollar
160270211032	Education	No HS	0.0098	1	1	percent
160270211032	Education	HS	0.2649	1	2	percent
160270211032	Education	Some College/2 Year	0.537	1	3	percent
160270211032	Education	Bachelor	0.1204	1	4	percent
160270211032	Education	Higher Degree	0.0678	1	5	percent
160270211032	Income	0-29K	0.4292	1	1	percent
160270211032	Income	30-74K	0.3972	1	2	percent
160270211032	Income	75-99K	0.025	1	3	percent
160270211032	Income	100-149K	0.1486	1	4	percent
160270211032	Income	150K+	0.0	1	5	percent
160270211032	Race	African American	0.0	1	1	percent
160270211032	Race	Asian	0.0	1	2	percent
160270211032	Race	Hispanic	0.2551	1	3	percent
160270211032	Race	Other or Mixed	0.0669	1	4	percent
160270211032	Race	White	0.678	1	5	percent
160270224001	Population	Population	2637	1	1	people
160270224001	Population	Median Age	41.7	1	2	people
160270224001	Age	<18	0.2598	1	1	percent
160270224001	Age	18-24	0.0611	1	2	percent
160270224001	Age	25-34	0.1111	1	3	percent
160270224001	Age	35-44	0.094	1	4	percent
160270224001	Age	45-54	0.1377	1	5	percent
160270224001	Age	55-64	0.1179	1	6	percent
160270224001	Age	65+	0.2184	1	7	percent
160270224001	Economic	Median HH Income	82188.0	1	1	dollar
160270224001	Economic	Median Home Value	414700.0	1	2	dollar
160270224001	Education	No HS	0.0597	1	1	percent
160270224001	Education	HS	0.3183	1	2	percent
160270224001	Education	Some College/2 Year	0.3138	1	3	percent
160270224001	Education	Bachelor	0.1943	1	4	percent
160270224001	Education	Higher Degree	0.1139	1	5	percent
160270224001	Income	0-29K	0.2319	1	1	percent
160270224001	Income	30-74K	0.243	1	2	percent
160270224001	Income	75-99K	0.1661	1	3	percent
160270224001	Income	100-149K	0.1951	1	4	percent
160270224001	Income	150K+	0.1639	1	5	percent
160270224001	Race	African American	0.0	1	1	percent
160270224001	Race	Asian	0.0	1	2	percent
160270224001	Race	Hispanic	0.1267	1	3	percent
160270224001	Race	Other or Mixed	0.083	1	4	percent
160270224001	Race	White	0.7903	1	5	percent
160519601002	Population	Population	1433	1	1	people
160519601002	Population	Median Age	29.6	1	2	people
160519601002	Age	<18	0.388	1	1	percent
160519601002	Age	18-24	0.0726	1	2	percent
160519601002	Age	25-34	0.1096	1	3	percent
160519601002	Age	35-44	0.1179	1	4	percent
160519601002	Age	45-54	0.1368	1	5	percent
160519601002	Age	55-64	0.0816	1	6	percent
160519601002	Age	65+	0.0935	1	7	percent
160519601002	Economic	Median HH Income	63125.0	1	1	dollar
160519601002	Economic	Median Home Value	203400.0	1	2	dollar
160519601002	Education	No HS	0.0931	1	1	percent
160519601002	Education	HS	0.3053	1	2	percent
160519601002	Education	Some College/2 Year	0.4217	1	3	percent
160519601002	Education	Bachelor	0.1449	1	4	percent
160519601002	Education	Higher Degree	0.0349	1	5	percent
160519601002	Income	0-29K	0.1298	1	1	percent
160519601002	Income	30-74K	0.4038	1	2	percent
160519601002	Income	75-99K	0.1947	1	3	percent
160519601002	Income	100-149K	0.1298	1	4	percent
160519601002	Income	150K+	0.1418	1	5	percent
160519601002	Race	African American	0.0	1	1	percent
160519601002	Race	Asian	0.0	1	2	percent
160519601002	Race	Hispanic	0.2017	1	3	percent
160519601002	Race	Other or Mixed	0.0063	1	4	percent
160519601002	Race	White	0.792	1	5	percent
160539705021	Population	Population	1036	1	1	people
160539705021	Population	Median Age	52.4	1	2	people
160539705021	Age	<18	0.2017	1	1	percent
160539705021	Age	18-24	0.0714	1	2	percent
160539705021	Age	25-34	0.0849	1	3	percent
160539705021	Age	35-44	0.0579	1	4	percent
160539705021	Age	45-54	0.1419	1	5	percent
160539705021	Age	55-64	0.1593	1	6	percent
160539705021	Age	65+	0.2828	1	7	percent
160539705021	Economic	Median HH Income	85192.0	1	1	dollar
160539705021	Economic	Median Home Value	242300.0	1	2	dollar
160539705021	Education	No HS	0.073	1	1	percent
160539705021	Education	HS	0.328	1	2	percent
160539705021	Education	Some College/2 Year	0.4329	1	3	percent
160539705021	Education	Bachelor	0.1633	1	4	percent
160539705021	Education	Higher Degree	0.0027	1	5	percent
160539705021	Income	0-29K	0.1675	1	1	percent
160539705021	Income	30-74K	0.2665	1	2	percent
160539705021	Income	75-99K	0.3608	1	3	percent
160539705021	Income	100-149K	0.0802	1	4	percent
160539705021	Income	150K+	0.125	1	5	percent
160539705021	Race	African American	0.001	1	1	percent
160539705021	Race	Asian	0.0	1	2	percent
160539705021	Race	Hispanic	0.0039	1	3	percent
160539705021	Race	Other or Mixed	0.0029	1	4	percent
160539705021	Race	White	0.9923	1	5	percent
160550002033	Population	Population	885	1	1	people
160550002033	Population	Median Age	60.1	1	2	people
160550002033	Age	<18	0.2034	1	1	percent
160550002033	Age	18-24	0.0	1	2	percent
160550002033	Age	25-34	0.0169	1	3	percent
160550002033	Age	35-44	0.0678	1	4	percent
160550002033	Age	45-54	0.1096	1	5	percent
160550002033	Age	55-64	0.3525	1	6	percent
160550002033	Age	65+	0.2497	1	7	percent
160550002033	Economic	Median HH Income	53896.0	1	1	dollar
160550002033	Economic	Median Home Value	514800.0	1	2	dollar
160550002033	Education	No HS	0.0511	1	1	percent
160550002033	Education	HS	0.2369	1	2	percent
160550002033	Education	Some College/2 Year	0.2085	1	3	percent
160550002033	Education	Bachelor	0.4582	1	4	percent
160550002033	Education	Higher Degree	0.0454	1	5	percent
160550002033	Income	0-29K	0.1315	1	1	percent
160550002033	Income	30-74K	0.6103	1	2	percent
160550002033	Income	75-99K	0.0	1	3	percent
160550002033	Income	100-149K	0.1291	1	4	percent
160550002033	Income	150K+	0.1291	1	5	percent
160550002033	Race	African American	0.0	1	1	percent
160550002033	Race	Asian	0.0701	1	2	percent
160550002033	Race	Hispanic	0.0	1	3	percent
160550002033	Race	Other or Mixed	0.0	1	4	percent
160550002033	Race	White	0.9299	1	5	percent
160550003011	Population	Population	2203	1	1	people
160550003011	Population	Median Age	46.0	1	2	people
160550003011	Age	<18	0.2274	1	1	percent
160550003011	Age	18-24	0.0159	1	2	percent
160550003011	Age	25-34	0.153	1	3	percent
160550003011	Age	35-44	0.0876	1	4	percent
160550003011	Age	45-54	0.0513	1	5	percent
160550003011	Age	55-64	0.0713	1	6	percent
160550003011	Age	65+	0.3936	1	7	percent
160550003011	Economic	Median HH Income	57561.0	1	1	dollar
160550003011	Economic	Median Home Value	279400.0	1	2	dollar
160550003011	Education	No HS	0.1512	1	1	percent
160550003011	Education	HS	0.2711	1	2	percent
160550003011	Education	Some College/2 Year	0.3827	1	3	percent
160550003011	Education	Bachelor	0.1278	1	4	percent
160550003011	Education	Higher Degree	0.0672	1	5	percent
160550003011	Income	0-29K	0.2211	1	1	percent
160550003011	Income	30-74K	0.4558	1	2	percent
160550003011	Income	75-99K	0.1474	1	3	percent
160550003011	Income	100-149K	0.1192	1	4	percent
160550003011	Income	150K+	0.0565	1	5	percent
160550003011	Race	African American	0.0	1	1	percent
160550003011	Race	Asian	0.0077	1	2	percent
160550003011	Race	Hispanic	0.0	1	3	percent
160550003011	Race	Other or Mixed	0.1266	1	4	percent
160550003011	Race	White	0.8656	1	5	percent
160550005012	Population	Population	2729	1	1	people
160550005012	Population	Median Age	18.3	1	2	people
160550005012	Age	<18	0.4797	1	1	percent
160550005012	Age	18-24	0.0788	1	2	percent
160550005012	Age	25-34	0.1022	1	3	percent
160550005012	Age	35-44	0.1557	1	4	percent
160550005012	Age	45-54	0.0158	1	5	percent
160550005012	Age	55-64	0.1074	1	6	percent
160550005012	Age	65+	0.0605	1	7	percent
160550005012	Economic	Median HH Income	50651.0	1	1	dollar
160550005012	Economic	Median Home Value	228800.0	1	2	dollar
160550005012	Education	No HS	0.1037	1	1	percent
160550005012	Education	HS	0.3145	1	2	percent
160550005012	Education	Some College/2 Year	0.3071	1	3	percent
160550005012	Education	Bachelor	0.2141	1	4	percent
160550005012	Education	Higher Degree	0.0606	1	5	percent
160550005012	Income	0-29K	0.0586	1	1	percent
160550005012	Income	30-74K	0.6929	1	2	percent
160550005012	Income	75-99K	0.091	1	3	percent
160550005012	Income	100-149K	0.0617	1	4	percent
160550005012	Income	150K+	0.0957	1	5	percent
160550005012	Race	African American	0.0059	1	1	percent
160550005012	Race	Asian	0.0	1	2	percent
160550005012	Race	Hispanic	0.0	1	3	percent
160550005012	Race	Other or Mixed	0.0458	1	4	percent
160550005012	Race	White	0.9483	1	5	percent
160550007011	Population	Population	2014	1	1	people
160550007011	Population	Median Age	36.7	1	2	people
160550007011	Age	<18	0.1698	1	1	percent
160550007011	Age	18-24	0.137	1	2	percent
160550007011	Age	25-34	0.1599	1	3	percent
160550007011	Age	35-44	0.074	1	4	percent
160550007011	Age	45-54	0.1336	1	5	percent
160550007011	Age	55-64	0.1082	1	6	percent
160550007011	Age	65+	0.2175	1	7	percent
160550007011	Economic	Median HH Income	62072.0	1	1	dollar
160550007011	Economic	Median Home Value	274100.0	1	2	dollar
160550007011	Education	No HS	0.0	1	1	percent
160550007011	Education	HS	0.2808	1	2	percent
160550007011	Education	Some College/2 Year	0.3503	1	3	percent
160550007011	Education	Bachelor	0.2042	1	4	percent
160550007011	Education	Higher Degree	0.1648	1	5	percent
160550007011	Income	0-29K	0.0556	1	1	percent
160550007011	Income	30-74K	0.4696	1	2	percent
160550007011	Income	75-99K	0.1812	1	3	percent
160550007011	Income	100-149K	0.1812	1	4	percent
160550007011	Income	150K+	0.1124	1	5	percent
160550007011	Race	African American	5.0E-4	1	1	percent
160550007011	Race	Asian	0.0	1	2	percent
160550007011	Race	Hispanic	0.0641	1	3	percent
160550007011	Race	Other or Mixed	0.0492	1	4	percent
160550007011	Race	White	0.8863	1	5	percent
160550012023	Population	Population	974	1	1	people
160550012023	Population	Median Age	51.5	1	2	people
160550012023	Age	<18	0.0339	1	1	percent
160550012023	Age	18-24	0.1057	1	2	percent
160550012023	Age	25-34	0.2125	1	3	percent
160550012023	Age	35-44	0.1129	1	4	percent
160550012023	Age	45-54	0.0821	1	5	percent
160550012023	Age	55-64	0.2197	1	6	percent
160550012023	Age	65+	0.2331	1	7	percent
160550012023	Economic	Median HH Income	-6.66666666E8	1	1	dollar
160550012023	Economic	Median Home Value	203000.0	1	2	dollar
160550012023	Education	No HS	0.0597	1	1	percent
160550012023	Education	HS	0.2434	1	2	percent
160550012023	Education	Some College/2 Year	0.4451	1	3	percent
160550012023	Education	Bachelor	0.1504	1	4	percent
160550012023	Education	Higher Degree	0.1014	1	5	percent
160550012023	Income	0-29K	0.4385	1	1	percent
160550012023	Income	30-74K	0.2727	1	2	percent
160550012023	Income	75-99K	0.1658	1	3	percent
160550012023	Income	100-149K	0.123	1	4	percent
160550012023	Income	150K+	0.0	1	5	percent
160550012023	Race	African American	0.0216	1	1	percent
160550012023	Race	Asian	0.0	1	2	percent
160550012023	Race	Hispanic	0.0554	1	3	percent
160550012023	Race	Other or Mixed	0.0421	1	4	percent
160550012023	Race	White	0.8809	1	5	percent
160799602001	Population	Population	575	1	1	people
160799602001	Population	Median Age	61.1	1	2	people
160799602001	Age	<18	0.1965	1	1	percent
160799602001	Age	18-24	0.0	1	2	percent
160799602001	Age	25-34	0.0313	1	3	percent
160799602001	Age	35-44	0.0	1	4	percent
160799602001	Age	45-54	0.16	1	5	percent
160799602001	Age	55-64	0.3304	1	6	percent
160799602001	Age	65+	0.2817	1	7	percent
160799602001	Economic	Median HH Income	34236.0	1	1	dollar
160799602001	Economic	Median Home Value	164200.0	1	2	dollar
160799602001	Education	No HS	0.2446	1	1	percent
160799602001	Education	HS	0.1818	1	2	percent
160799602001	Education	Some College/2 Year	0.4892	1	3	percent
160799602001	Education	Bachelor	0.0844	1	4	percent
160799602001	Education	Higher Degree	0.0	1	5	percent
160799602001	Income	0-29K	0.4312	1	1	percent
160799602001	Income	30-74K	0.3048	1	2	percent
160799602001	Income	75-99K	0.1227	1	3	percent
160799602001	Income	100-149K	0.1004	1	4	percent
160799602001	Income	150K+	0.0409	1	5	percent
160799602001	Race	African American	0.0	1	1	percent
160799602001	Race	Asian	0.0	1	2	percent
160799602001	Race	Hispanic	0.0	1	3	percent
160799602001	Race	Other or Mixed	0.0	1	4	percent
160799602001	Race	White	1.0	1	5	percent
160799603005	Population	Population	966	1	1	people
160799603005	Population	Median Age	34.2	1	2	people
160799603005	Age	<18	0.2081	1	1	percent
160799603005	Age	18-24	0.0714	1	2	percent
160799603005	Age	25-34	0.2609	1	3	percent
160799603005	Age	35-44	0.1035	1	4	percent
160799603005	Age	45-54	0.0828	1	5	percent
160799603005	Age	55-64	0.147	1	6	percent
160799603005	Age	65+	0.1263	1	7	percent
160799603005	Economic	Median HH Income	36923.0	1	1	dollar
160799603005	Economic	Median Home Value	146700.0	1	2	dollar
160799603005	Education	No HS	0.1782	1	1	percent
160799603005	Education	HS	0.2443	1	2	percent
160799603005	Education	Some College/2 Year	0.4813	1	3	percent
160799603005	Education	Bachelor	0.0675	1	4	percent
160799603005	Education	Higher Degree	0.0287	1	5	percent
160799603005	Income	0-29K	0.3625	1	1	percent
160799603005	Income	30-74K	0.52	1	2	percent
160799603005	Income	75-99K	0.025	1	3	percent
160799603005	Income	100-149K	0.0575	1	4	percent
160799603005	Income	150K+	0.035	1	5	percent
160799603005	Race	African American	0.0062	1	1	percent
160799603005	Race	Asian	0.0	1	2	percent
160799603005	Race	Hispanic	0.0228	1	3	percent
160799603005	Race	Other or Mixed	0.0093	1	4	percent
160799603005	Race	White	0.9617	1	5	percent
180950102003	Population	Population	814	1	1	people
180950102003	Population	Median Age	48.8	1	2	people
180950102003	Age	<18	0.2383	1	1	percent
180950102003	Age	18-24	0.0737	1	2	percent
180950102003	Age	25-34	0.0123	1	3	percent
180950102003	Age	35-44	0.113	1	4	percent
180950102003	Age	45-54	0.1769	1	5	percent
180950102003	Age	55-64	0.1818	1	6	percent
180950102003	Age	65+	0.2039	1	7	percent
180950102003	Economic	Median HH Income	86125.0	1	1	dollar
180950102003	Economic	Median Home Value	79000.0	1	2	dollar
180950102003	Education	No HS	0.1232	1	1	percent
180950102003	Education	HS	0.5393	1	2	percent
180950102003	Education	Some College/2 Year	0.2786	1	3	percent
180950102003	Education	Bachelor	0.0589	1	4	percent
180950102003	Education	Higher Degree	0.0	1	5	percent
180950102003	Income	0-29K	0.2349	1	1	percent
180950102003	Income	30-74K	0.2491	1	2	percent
180950102003	Income	75-99K	0.153	1	3	percent
180950102003	Income	100-149K	0.363	1	4	percent
180950102003	Income	150K+	0.0	1	5	percent
180950102003	Race	African American	0.0	1	1	percent
180950102003	Race	Asian	0.0	1	2	percent
180950102003	Race	Hispanic	0.0	1	3	percent
180950102003	Race	Other or Mixed	0.0147	1	4	percent
180950102003	Race	White	0.9853	1	5	percent
180973103063	Population	Population	3398	1	1	people
180973103063	Population	Median Age	34.7	1	2	people
180973103063	Age	<18	0.2563	1	1	percent
180973103063	Age	18-24	0.1171	1	2	percent
180973103063	Age	25-34	0.1418	1	3	percent
180973103063	Age	35-44	0.0942	1	4	percent
180973103063	Age	45-54	0.2437	1	5	percent
180973103063	Age	55-64	0.1001	1	6	percent
180973103063	Age	65+	0.0468	1	7	percent
180973103063	Economic	Median HH Income	58625.0	1	1	dollar
180973103063	Economic	Median Home Value	87600.0	1	2	dollar
180973103063	Education	No HS	0.062	1	1	percent
180973103063	Education	HS	0.2832	1	2	percent
180973103063	Education	Some College/2 Year	0.4594	1	3	percent
180973103063	Education	Bachelor	0.1705	1	4	percent
180973103063	Education	Higher Degree	0.0249	1	5	percent
180973103063	Income	0-29K	0.202	1	1	percent
180973103063	Income	30-74K	0.6252	1	2	percent
180973103063	Income	75-99K	0.1201	1	3	percent
180973103063	Income	100-149K	0.0527	1	4	percent
180973103063	Income	150K+	0.0	1	5	percent
180973103063	Race	African American	0.5845	1	1	percent
180973103063	Race	Asian	0.0	1	2	percent
180973103063	Race	Hispanic	0.2422	1	3	percent
180973103063	Race	Other or Mixed	0.1057	1	4	percent
180973103063	Race	White	0.0677	1	5	percent
181499537004	Population	Population	1425	1	1	people
181499537004	Population	Median Age	44.2	1	2	people
181499537004	Age	<18	0.2302	1	1	percent
181499537004	Age	18-24	0.0477	1	2	percent
181499537004	Age	25-34	0.054	1	3	percent
181499537004	Age	35-44	0.1804	1	4	percent
181499537004	Age	45-54	0.1361	1	5	percent
181499537004	Age	55-64	0.1186	1	6	percent
181499537004	Age	65+	0.233	1	7	percent
181499537004	Economic	Median HH Income	52386.0	1	1	dollar
181499537004	Economic	Median Home Value	136600.0	1	2	dollar
181499537004	Education	No HS	0.1545	1	1	percent
181499537004	Education	HS	0.4237	1	2	percent
181499537004	Education	Some College/2 Year	0.3353	1	3	percent
181499537004	Education	Bachelor	0.0369	1	4	percent
181499537004	Education	Higher Degree	0.0496	1	5	percent
181499537004	Income	0-29K	0.2405	1	1	percent
181499537004	Income	30-74K	0.35	1	2	percent
181499537004	Income	75-99K	0.1548	1	3	percent
181499537004	Income	100-149K	0.2143	1	4	percent
181499537004	Income	150K+	0.0405	1	5	percent
181499537004	Race	African American	0.0	1	1	percent
181499537004	Race	Asian	0.0	1	2	percent
181499537004	Race	Hispanic	0.0196	1	3	percent
181499537004	Race	Other or Mixed	0.0	1	4	percent
181499537004	Race	White	0.9804	1	5	percent
191050703023	Population	Population	502	1	1	people
191050703023	Population	Median Age	46.8	1	2	people
191050703023	Age	<18	0.1614	1	1	percent
191050703023	Age	18-24	0.1494	1	2	percent
191050703023	Age	25-34	0.0378	1	3	percent
191050703023	Age	35-44	0.1315	1	4	percent
191050703023	Age	45-54	0.3327	1	5	percent
191050703023	Age	55-64	0.0896	1	6	percent
191050703023	Age	65+	0.0976	1	7	percent
191050703023	Economic	Median HH Income	38859.0	1	1	dollar
191050703023	Economic	Median Home Value	161000.0	1	2	dollar
191050703023	Education	No HS	0.1127	1	1	percent
191050703023	Education	HS	0.3324	1	2	percent
191050703023	Education	Some College/2 Year	0.5173	1	3	percent
191050703023	Education	Bachelor	0.0376	1	4	percent
191050703023	Education	Higher Degree	0.0	1	5	percent
191050703023	Income	0-29K	0.4449	1	1	percent
191050703023	Income	30-74K	0.2203	1	2	percent
191050703023	Income	75-99K	0.2731	1	3	percent
191050703023	Income	100-149K	0.0264	1	4	percent
191050703023	Income	150K+	0.0352	1	5	percent
191050703023	Race	African American	0.0239	1	1	percent
191050703023	Race	Asian	0.0	1	2	percent
191050703023	Race	Hispanic	0.1952	1	3	percent
191050703023	Race	Other or Mixed	0.0	1	4	percent
191050703023	Race	White	0.7809	1	5	percent
191279508022	Population	Population	857	1	1	people
191279508022	Population	Median Age	41.0	1	2	people
191279508022	Age	<18	0.1762	1	1	percent
191279508022	Age	18-24	0.2112	1	2	percent
191279508022	Age	25-34	0.0257	1	3	percent
191279508022	Age	35-44	0.1657	1	4	percent
191279508022	Age	45-54	0.1167	1	5	percent
191279508022	Age	55-64	0.1109	1	6	percent
191279508022	Age	65+	0.1937	1	7	percent
191279508022	Economic	Median HH Income	122045.0	1	1	dollar
191279508022	Economic	Median Home Value	257900.0	1	2	dollar
191279508022	Education	No HS	0.0495	1	1	percent
191279508022	Education	HS	0.2038	1	2	percent
191279508022	Education	Some College/2 Year	0.1581	1	3	percent
191279508022	Education	Bachelor	0.3581	1	4	percent
191279508022	Education	Higher Degree	0.2305	1	5	percent
191279508022	Income	0-29K	0.1135	1	1	percent
191279508022	Income	30-74K	0.0461	1	2	percent
191279508022	Income	75-99K	0.0745	1	3	percent
191279508022	Income	100-149K	0.4823	1	4	percent
191279508022	Income	150K+	0.2837	1	5	percent
191279508022	Race	African American	0.0163	1	1	percent
191279508022	Race	Asian	0.0	1	2	percent
191279508022	Race	Hispanic	0.0	1	3	percent
191279508022	Race	Other or Mixed	0.0	1	4	percent
191279508022	Race	White	0.9837	1	5	percent
201799528002	Population	Population	1096	1	1	people
201799528002	Population	Median Age	47.1	1	2	people
201799528002	Age	<18	0.2445	1	1	percent
201799528002	Age	18-24	0.0474	1	2	percent
201799528002	Age	25-34	0.1214	1	3	percent
201799528002	Age	35-44	0.0712	1	4	percent
201799528002	Age	45-54	0.1332	1	5	percent
201799528002	Age	55-64	0.1898	1	6	percent
201799528002	Age	65+	0.1925	1	7	percent
201799528002	Economic	Median HH Income	71875.0	1	1	dollar
201799528002	Economic	Median Home Value	112100.0	1	2	dollar
201799528002	Education	No HS	0.0296	1	1	percent
201799528002	Education	HS	0.3866	1	2	percent
201799528002	Education	Some College/2 Year	0.393	1	3	percent
201799528002	Education	Bachelor	0.1585	1	4	percent
201799528002	Education	Higher Degree	0.0322	1	5	percent
201799528002	Income	0-29K	0.1757	1	1	percent
201799528002	Income	30-74K	0.3333	1	2	percent
201799528002	Income	75-99K	0.0743	1	3	percent
201799528002	Income	100-149K	0.214	1	4	percent
201799528002	Income	150K+	0.2027	1	5	percent
201799528002	Race	African American	0.0091	1	1	percent
201799528002	Race	Asian	0.0	1	2	percent
201799528002	Race	Hispanic	0.0237	1	3	percent
201799528002	Race	Other or Mixed	0.01	1	4	percent
201799528002	Race	White	0.9571	1	5	percent
250056102035	Population	Population	1337	1	1	people
250056102035	Population	Median Age	51.7	1	2	people
250056102035	Age	<18	0.2371	1	1	percent
250056102035	Age	18-24	0.0553	1	2	percent
250056102035	Age	25-34	0.0337	1	3	percent
250056102035	Age	35-44	0.0359	1	4	percent
250056102035	Age	45-54	0.2004	1	5	percent
250056102035	Age	55-64	0.1915	1	6	percent
250056102035	Age	65+	0.2461	1	7	percent
250056102035	Economic	Median HH Income	119196.0	1	1	dollar
250056102035	Economic	Median Home Value	401300.0	1	2	dollar
250056102035	Education	No HS	0.0159	1	1	percent
250056102035	Education	HS	0.0761	1	2	percent
250056102035	Education	Some College/2 Year	0.0909	1	3	percent
250056102035	Education	Bachelor	0.6205	1	4	percent
250056102035	Education	Higher Degree	0.1966	1	5	percent
250056102035	Income	0-29K	0.0565	1	1	percent
250056102035	Income	30-74K	0.3242	1	2	percent
250056102035	Income	75-99K	0.051	1	3	percent
250056102035	Income	100-149K	0.1111	1	4	percent
250056102035	Income	150K+	0.4572	1	5	percent
250056102035	Race	African American	0.0	1	1	percent
250056102035	Race	Asian	0.012	1	2	percent
250056102035	Race	Hispanic	0.0	1	3	percent
250056102035	Race	Other or Mixed	0.0292	1	4	percent
250056102035	Race	White	0.9589	1	5	percent
261030012003	Population	Population	1692	1	1	people
261030012003	Population	Median Age	39.6	1	2	people
261030012003	Age	<18	0.2134	1	1	percent
261030012003	Age	18-24	0.026	1	2	percent
261030012003	Age	25-34	0.1785	1	3	percent
261030012003	Age	35-44	0.1619	1	4	percent
261030012003	Age	45-54	0.1212	1	5	percent
261030012003	Age	55-64	0.1294	1	6	percent
261030012003	Age	65+	0.1696	1	7	percent
261030012003	Economic	Median HH Income	70464.0	1	1	dollar
261030012003	Economic	Median Home Value	175900.0	1	2	dollar
261030012003	Education	No HS	0.0319	1	1	percent
261030012003	Education	HS	0.1772	1	2	percent
261030012003	Education	Some College/2 Year	0.3761	1	3	percent
261030012003	Education	Bachelor	0.3077	1	4	percent
261030012003	Education	Higher Degree	0.1072	1	5	percent
261030012003	Income	0-29K	0.1357	1	1	percent
261030012003	Income	30-74K	0.4344	1	2	percent
261030012003	Income	75-99K	0.1433	1	3	percent
261030012003	Income	100-149K	0.2066	1	4	percent
261030012003	Income	150K+	0.0799	1	5	percent
261030012003	Race	African American	0.0136	1	1	percent
261030012003	Race	Asian	0.0	1	2	percent
261030012003	Race	Hispanic	0.0035	1	3	percent
261030012003	Race	Other or Mixed	0.0833	1	4	percent
261030012003	Race	White	0.8995	1	5	percent
261450009001	Population	Population	1552	1	1	people
261450009001	Population	Median Age	23.3	1	2	people
261450009001	Age	<18	0.4884	1	1	percent
261450009001	Age	18-24	0.0226	1	2	percent
261450009001	Age	25-34	0.1624	1	3	percent
261450009001	Age	35-44	0.1166	1	4	percent
261450009001	Age	45-54	0.0625	1	5	percent
261450009001	Age	55-64	0.0393	1	6	percent
261450009001	Age	65+	0.1082	1	7	percent
261450009001	Economic	Median HH Income	26702.0	1	1	dollar
261450009001	Economic	Median Home Value	22400.0	1	2	dollar
261450009001	Education	No HS	0.249	1	1	percent
261450009001	Education	HS	0.2661	1	2	percent
261450009001	Education	Some College/2 Year	0.4124	1	3	percent
261450009001	Education	Bachelor	0.0026	1	4	percent
261450009001	Education	Higher Degree	0.0698	1	5	percent
261450009001	Income	0-29K	0.5314	1	1	percent
261450009001	Income	30-74K	0.4393	1	2	percent
261450009001	Income	75-99K	0.0293	1	3	percent
261450009001	Income	100-149K	0.0	1	4	percent
261450009001	Income	150K+	0.0	1	5	percent
261450009001	Race	African American	0.7945	1	1	percent
261450009001	Race	Asian	0.0	1	2	percent
261450009001	Race	Hispanic	0.049	1	3	percent
261450009001	Race	Other or Mixed	0.0	1	4	percent
261450009001	Race	White	0.1566	1	5	percent
271711007041	Population	Population	2195	1	1	people
271711007041	Population	Median Age	41.9	1	2	people
271711007041	Age	<18	0.2077	1	1	percent
271711007041	Age	18-24	0.0597	1	2	percent
271711007041	Age	25-34	0.0888	1	3	percent
271711007041	Age	35-44	0.174	1	4	percent
271711007041	Age	45-54	0.1239	1	5	percent
271711007041	Age	55-64	0.1645	1	6	percent
271711007041	Age	65+	0.1813	1	7	percent
271711007041	Economic	Median HH Income	58989.0	1	1	dollar
271711007041	Economic	Median Home Value	227700.0	1	2	dollar
271711007041	Education	No HS	0.0261	1	1	percent
271711007041	Education	HS	0.3277	1	2	percent
271711007041	Education	Some College/2 Year	0.3943	1	3	percent
271711007041	Education	Bachelor	0.1853	1	4	percent
271711007041	Education	Higher Degree	0.0665	1	5	percent
271711007041	Income	0-29K	0.258	1	1	percent
271711007041	Income	30-74K	0.3201	1	2	percent
271711007041	Income	75-99K	0.1296	1	3	percent
271711007041	Income	100-149K	0.1296	1	4	percent
271711007041	Income	150K+	0.1627	1	5	percent
271711007041	Race	African American	0.0	1	1	percent
271711007041	Race	Asian	0.0273	1	2	percent
271711007041	Race	Hispanic	0.0109	1	3	percent
271711007041	Race	Other or Mixed	0.0506	1	4	percent
271711007041	Race	White	0.9112	1	5	percent
290950086005	Population	Population	711	1	1	people
290950086005	Population	Median Age	34.3	1	2	people
290950086005	Age	<18	0.1632	1	1	percent
290950086005	Age	18-24	0.0	1	2	percent
290950086005	Age	25-34	0.3586	1	3	percent
290950086005	Age	35-44	0.0492	1	4	percent
290950086005	Age	45-54	0.2236	1	5	percent
290950086005	Age	55-64	0.0942	1	6	percent
290950086005	Age	65+	0.1111	1	7	percent
290950086005	Economic	Median HH Income	123224.0	1	1	dollar
290950086005	Economic	Median Home Value	302900.0	1	2	dollar
290950086005	Education	No HS	0.0	1	1	percent
290950086005	Education	HS	0.0185	1	2	percent
290950086005	Education	Some College/2 Year	0.1832	1	3	percent
290950086005	Education	Bachelor	0.6655	1	4	percent
290950086005	Education	Higher Degree	0.1328	1	5	percent
290950086005	Income	0-29K	0.1298	1	1	percent
290950086005	Income	30-74K	0.1544	1	2	percent
290950086005	Income	75-99K	0.1123	1	3	percent
290950086005	Income	100-149K	0.3649	1	4	percent
290950086005	Income	150K+	0.2386	1	5	percent
290950086005	Race	African American	0.0	1	1	percent
290950086005	Race	Asian	0.1336	1	2	percent
290950086005	Race	Hispanic	0.0197	1	3	percent
290950086005	Race	Other or Mixed	0.0	1	4	percent
290950086005	Race	White	0.8467	1	5	percent
300010002004	Population	Population	1011	2	1	people
300010002004	Population	Median Age	59.1	2	2	people
300010002004	Age	<18	0.1622	2	1	percent
300010002004	Age	18-24	0.0	2	2	percent
300010002004	Age	25-34	0.0712	2	3	percent
300010002004	Age	35-44	0.1414	2	4	percent
300010002004	Age	45-54	0.0346	2	5	percent
300010002004	Age	55-64	0.2641	2	6	percent
300010002004	Age	65+	0.3264	2	7	percent
300010002004	Economic	Median HH Income	36406.0	2	1	dollar
300010002004	Economic	Median Home Value	283000.0	2	2	dollar
300010002004	Education	No HS	0.0519	2	1	percent
300010002004	Education	HS	0.4345	2	2	percent
300010002004	Education	Some College/2 Year	0.209	2	3	percent
300010002004	Education	Bachelor	0.222	2	4	percent
300010002004	Education	Higher Degree	0.0826	2	5	percent
300010002004	Income	0-29K	0.4614	2	1	percent
300010002004	Income	30-74K	0.2927	2	2	percent
300010002004	Income	75-99K	0.065	2	3	percent
300010002004	Income	100-149K	0.1118	2	4	percent
300010002004	Income	150K+	0.0691	2	5	percent
300010002004	Race	African American	0.0	2	1	percent
300010002004	Race	Asian	0.0	2	2	percent
300010002004	Race	Hispanic	0.0059	2	3	percent
300010002004	Race	Other or Mixed	0.0861	2	4	percent
300010002004	Race	White	0.908	2	5	percent
300010003001	Population	Population	931	1	1	people
300010003001	Population	Median Age	28.5	1	2	people
300010003001	Age	<18	0.217	1	1	percent
300010003001	Age	18-24	0.1901	1	2	percent
300010003001	Age	25-34	0.2095	1	3	percent
300010003001	Age	35-44	0.0602	1	4	percent
300010003001	Age	45-54	0.0473	1	5	percent
300010003001	Age	55-64	0.0569	1	6	percent
300010003001	Age	65+	0.2191	1	7	percent
300010003001	Economic	Median HH Income	38000.0	1	1	dollar
300010003001	Economic	Median Home Value	-6.66666666E8	1	2	dollar
300010003001	Education	No HS	0.029	1	1	percent
300010003001	Education	HS	0.1558	1	2	percent
300010003001	Education	Some College/2 Year	0.5797	1	3	percent
300010003001	Education	Bachelor	0.1014	1	4	percent
300010003001	Education	Higher Degree	0.1341	1	5	percent
300010003001	Income	0-29K	0.425	1	1	percent
300010003001	Income	30-74K	0.3125	1	2	percent
300010003001	Income	75-99K	0.2075	1	3	percent
300010003001	Income	100-149K	0.0275	1	4	percent
300010003001	Income	150K+	0.0275	1	5	percent
300010003001	Race	African American	0.0	1	1	percent
300010003001	Race	Asian	0.0	1	2	percent
300010003001	Race	Hispanic	0.0311	1	3	percent
300010003001	Race	Other or Mixed	0.0	1	4	percent
300010003001	Race	White	0.9689	1	5	percent
300039406002	Population	Population	2038	1	1	people
300039406002	Population	Median Age	25.9	1	2	people
300039406002	Age	<18	0.3916	1	1	percent
300039406002	Age	18-24	0.0883	1	2	percent
300039406002	Age	25-34	0.131	1	3	percent
300039406002	Age	35-44	0.0765	1	4	percent
300039406002	Age	45-54	0.1246	1	5	percent
300039406002	Age	55-64	0.0893	1	6	percent
300039406002	Age	65+	0.0986	1	7	percent
300039406002	Economic	Median HH Income	45104.0	1	1	dollar
300039406002	Economic	Median Home Value	121700.0	1	2	dollar
300039406002	Education	No HS	0.0689	1	1	percent
300039406002	Education	HS	0.3396	1	2	percent
300039406002	Education	Some College/2 Year	0.4264	1	3	percent
300039406002	Education	Bachelor	0.0887	1	4	percent
300039406002	Education	Higher Degree	0.0764	1	5	percent
300039406002	Income	0-29K	0.3563	1	1	percent
300039406002	Income	30-74K	0.3848	1	2	percent
300039406002	Income	75-99K	0.0451	1	3	percent
300039406002	Income	100-149K	0.1473	1	4	percent
300039406002	Income	150K+	0.0665	1	5	percent
300039406002	Race	African American	0.0	1	1	percent
300039406002	Race	Asian	0.0	1	2	percent
300039406002	Race	Hispanic	0.0319	1	3	percent
300039406002	Race	Other or Mixed	0.9146	1	4	percent
300039406002	Race	White	0.0535	1	5	percent
300050001001	Population	Population	1330	1	1	people
300050001001	Population	Median Age	40.4	1	2	people
300050001001	Age	<18	0.2331	1	1	percent
300050001001	Age	18-24	0.1173	1	2	percent
300050001001	Age	25-34	0.0932	1	3	percent
300050001001	Age	35-44	0.1293	1	4	percent
300050001001	Age	45-54	0.1053	1	5	percent
300050001001	Age	55-64	0.1233	1	6	percent
300050001001	Age	65+	0.1985	1	7	percent
300050001001	Economic	Median HH Income	54769.0	1	1	dollar
300050001001	Economic	Median Home Value	104900.0	1	2	dollar
300050001001	Education	No HS	0.0764	1	1	percent
300050001001	Education	HS	0.2662	1	2	percent
300050001001	Education	Some College/2 Year	0.3657	1	3	percent
300050001001	Education	Bachelor	0.2477	1	4	percent
300050001001	Education	Higher Degree	0.044	1	5	percent
300050001001	Income	0-29K	0.2657	1	1	percent
300050001001	Income	30-74K	0.4604	1	2	percent
300050001001	Income	75-99K	0.1034	1	3	percent
300050001001	Income	100-149K	0.0832	1	4	percent
300050001001	Income	150K+	0.0872	1	5	percent
300050001001	Race	African American	0.0	1	1	percent
300050001001	Race	Asian	0.003	1	2	percent
300050001001	Race	Hispanic	0.0421	1	3	percent
300050001001	Race	Other or Mixed	0.2767	1	4	percent
300050001001	Race	White	0.6782	1	5	percent
300050002001	Population	Population	708	1	1	people
300050002001	Population	Median Age	43.5	1	2	people
300050002001	Age	<18	0.2754	1	1	percent
300050002001	Age	18-24	0.041	1	2	percent
300050002001	Age	25-34	0.0989	1	3	percent
300050002001	Age	35-44	0.0918	1	4	percent
300050002001	Age	45-54	0.0904	1	5	percent
300050002001	Age	55-64	0.2105	1	6	percent
300050002001	Age	65+	0.1921	1	7	percent
300050002001	Economic	Median HH Income	65625.0	1	1	dollar
300050002001	Economic	Median Home Value	225000.0	1	2	dollar
300050002001	Education	No HS	0.0764	1	1	percent
300050002001	Education	HS	0.2624	1	2	percent
300050002001	Education	Some College/2 Year	0.4587	1	3	percent
300050002001	Education	Bachelor	0.1364	1	4	percent
300050002001	Education	Higher Degree	0.0661	1	5	percent
300050002001	Income	0-29K	0.2648	1	1	percent
300050002001	Income	30-74K	0.3794	1	2	percent
300050002001	Income	75-99K	0.1739	1	3	percent
300050002001	Income	100-149K	0.1423	1	4	percent
300050002001	Income	150K+	0.0395	1	5	percent
300050002001	Race	African American	0.0	1	1	percent
300050002001	Race	Asian	0.0	1	2	percent
300050002001	Race	Hispanic	0.0904	1	3	percent
300050002001	Race	Other or Mixed	0.0127	1	4	percent
300050002001	Race	White	0.8969	1	5	percent
300050002002	Population	Population	1565	1	1	people
300050002002	Population	Median Age	45.5	1	2	people
300050002002	Age	<18	0.2505	1	1	percent
300050002002	Age	18-24	0.0466	1	2	percent
300050002002	Age	25-34	0.0933	1	3	percent
300050002002	Age	35-44	0.0965	1	4	percent
300050002002	Age	45-54	0.1655	1	5	percent
300050002002	Age	55-64	0.1042	1	6	percent
300050002002	Age	65+	0.2435	1	7	percent
300050002002	Economic	Median HH Income	50682.0	1	1	dollar
300050002002	Economic	Median Home Value	146800.0	1	2	dollar
300050002002	Education	No HS	0.0509	1	1	percent
300050002002	Education	HS	0.2882	1	2	percent
300050002002	Education	Some College/2 Year	0.28	1	3	percent
300050002002	Education	Bachelor	0.2291	1	4	percent
300050002002	Education	Higher Degree	0.1518	1	5	percent
300050002002	Income	0-29K	0.374	1	1	percent
300050002002	Income	30-74K	0.3333	1	2	percent
300050002002	Income	75-99K	0.0366	1	3	percent
300050002002	Income	100-149K	0.1098	1	4	percent
300050002002	Income	150K+	0.1463	1	5	percent
300050002002	Race	African American	0.0166	1	1	percent
300050002002	Race	Asian	0.0	1	2	percent
300050002002	Race	Hispanic	0.0	1	3	percent
300050002002	Race	Other or Mixed	0.0665	1	4	percent
300050002002	Race	White	0.9169	1	5	percent
300090003001	Population	Population	844	1	1	people
300090003001	Population	Median Age	59.6	1	2	people
300090003001	Age	<18	0.1137	1	1	percent
300090003001	Age	18-24	0.0403	1	2	percent
300090003001	Age	25-34	0.0746	1	3	percent
300090003001	Age	35-44	0.1374	1	4	percent
300090003001	Age	45-54	0.1019	1	5	percent
300090003001	Age	55-64	0.1789	1	6	percent
300090003001	Age	65+	0.3531	1	7	percent
300090003001	Economic	Median HH Income	34583.0	1	1	dollar
300090003001	Economic	Median Home Value	340000.0	1	2	dollar
300090003001	Education	No HS	0.0238	1	1	percent
300090003001	Education	HS	0.1779	1	2	percent
300090003001	Education	Some College/2 Year	0.437	1	3	percent
300090003001	Education	Bachelor	0.2549	1	4	percent
300090003001	Education	Higher Degree	0.1064	1	5	percent
300090003001	Income	0-29K	0.3398	1	1	percent
300090003001	Income	30-74K	0.493	1	2	percent
300090003001	Income	75-99K	0.0634	1	3	percent
300090003001	Income	100-149K	0.0106	1	4	percent
300090003001	Income	150K+	0.0933	1	5	percent
300090003001	Race	African American	0.0142	1	1	percent
300090003001	Race	Asian	0.0142	1	2	percent
300090003001	Race	Hispanic	0.0924	1	3	percent
300090003001	Race	Other or Mixed	0.0	1	4	percent
300090003001	Race	White	0.8791	1	5	percent
300130001001	Population	Population	1812	1	1	people
300130001001	Population	Median Age	35.8	1	2	people
300130001001	Age	<18	0.2362	1	1	percent
300130001001	Age	18-24	0.0635	1	2	percent
300130001001	Age	25-34	0.1435	1	3	percent
300130001001	Age	35-44	0.1297	1	4	percent
300130001001	Age	45-54	0.1457	1	5	percent
300130001001	Age	55-64	0.101	1	6	percent
300130001001	Age	65+	0.1805	1	7	percent
300130001001	Economic	Median HH Income	50987.0	1	1	dollar
300130001001	Economic	Median Home Value	170500.0	1	2	dollar
300130001001	Education	No HS	0.0457	1	1	percent
300130001001	Education	HS	0.1608	1	2	percent
300130001001	Education	Some College/2 Year	0.5091	1	3	percent
300130001001	Education	Bachelor	0.1545	1	4	percent
300130001001	Education	Higher Degree	0.13	1	5	percent
300130001001	Income	0-29K	0.2073	1	1	percent
300130001001	Income	30-74K	0.4122	1	2	percent
300130001001	Income	75-99K	0.1756	1	3	percent
300130001001	Income	100-149K	0.1037	1	4	percent
300130001001	Income	150K+	0.1012	1	5	percent
300130001001	Race	African American	0.0	1	1	percent
300130001001	Race	Asian	0.0	1	2	percent
300130001001	Race	Hispanic	0.0044	1	3	percent
300130001001	Race	Other or Mixed	0.0751	1	4	percent
300130001001	Race	White	0.9205	1	5	percent
300130007002	Population	Population	1077	1	1	people
300130007002	Population	Median Age	35.0	1	2	people
300130007002	Age	<18	0.2089	1	1	percent
300130007002	Age	18-24	0.1337	1	2	percent
300130007002	Age	25-34	0.1588	1	3	percent
300130007002	Age	35-44	0.1439	1	4	percent
300130007002	Age	45-54	0.1402	1	5	percent
300130007002	Age	55-64	0.1161	1	6	percent
300130007002	Age	65+	0.0984	1	7	percent
300130007002	Economic	Median HH Income	39076.0	1	1	dollar
300130007002	Economic	Median Home Value	147100.0	1	2	dollar
300130007002	Education	No HS	0.1921	1	1	percent
300130007002	Education	HS	0.4251	1	2	percent
300130007002	Education	Some College/2 Year	0.274	1	3	percent
300130007002	Education	Bachelor	0.1003	1	4	percent
300130007002	Education	Higher Degree	0.0085	1	5	percent
300130007002	Income	0-29K	0.3574	1	1	percent
300130007002	Income	30-74K	0.4557	1	2	percent
300130007002	Income	75-99K	0.0361	1	3	percent
300130007002	Income	100-149K	0.1115	1	4	percent
300130007002	Income	150K+	0.0393	1	5	percent
300130007002	Race	African American	0.0	1	1	percent
300130007002	Race	Asian	0.0056	1	2	percent
300130007002	Race	Hispanic	0.0919	1	3	percent
300130007002	Race	Other or Mixed	0.1736	1	4	percent
300130007002	Race	White	0.7289	1	5	percent
300130010003	Population	Population	520	3	1	people
300130010003	Population	Median Age	27.8	3	2	people
300130010003	Age	<18	0.3904	3	1	percent
300130010003	Age	18-24	0.0288	3	2	percent
300130010003	Age	25-34	0.1327	3	3	percent
300130010003	Age	35-44	0.1904	3	4	percent
300130010003	Age	45-54	0.075	3	5	percent
300130010003	Age	55-64	0.0385	3	6	percent
300130010003	Age	65+	0.1442	3	7	percent
300130010003	Economic	Median HH Income	49728.0	3	1	dollar
300130010003	Economic	Median Home Value	184200.0	3	2	dollar
300130010003	Education	No HS	0.0695	3	1	percent
300130010003	Education	HS	0.2682	3	2	percent
300130010003	Education	Some College/2 Year	0.4073	3	3	percent
300130010003	Education	Bachelor	0.2119	3	4	percent
300130010003	Education	Higher Degree	0.043	3	5	percent
300130010003	Income	0-29K	0.1006	3	1	percent
300130010003	Income	30-74K	0.5307	3	2	percent
300130010003	Income	75-99K	0.162	3	3	percent
300130010003	Income	100-149K	0.1397	3	4	percent
300130010003	Income	150K+	0.067	3	5	percent
300130010003	Race	African American	0.0	3	1	percent
300130010003	Race	Asian	0.0	3	2	percent
300130010003	Race	Hispanic	0.0404	3	3	percent
300130010003	Race	Other or Mixed	0.0058	3	4	percent
300130010003	Race	White	0.9538	3	5	percent
300130017001	Population	Population	451	1	1	people
300130017001	Population	Median Age	54.2	1	2	people
300130017001	Age	<18	0.1685	1	1	percent
300130017001	Age	18-24	0.0	1	2	percent
300130017001	Age	25-34	0.1109	1	3	percent
300130017001	Age	35-44	0.1397	1	4	percent
300130017001	Age	45-54	0.1197	1	5	percent
300130017001	Age	55-64	0.2572	1	6	percent
300130017001	Age	65+	0.204	1	7	percent
300130017001	Economic	Median HH Income	54853.0	1	1	dollar
300130017001	Economic	Median Home Value	178100.0	1	2	dollar
300130017001	Education	No HS	0.0667	1	1	percent
300130017001	Education	HS	0.376	1	2	percent
300130017001	Education	Some College/2 Year	0.2427	1	3	percent
300130017001	Education	Bachelor	0.1067	1	4	percent
300130017001	Education	Higher Degree	0.208	1	5	percent
300130017001	Income	0-29K	0.243	1	1	percent
300130017001	Income	30-74K	0.3879	1	2	percent
300130017001	Income	75-99K	0.0841	1	3	percent
300130017001	Income	100-149K	0.285	1	4	percent
300130017001	Income	150K+	0.0	1	5	percent
300130017001	Race	African American	0.0	1	1	percent
300130017001	Race	Asian	0.0	1	2	percent
300130017001	Race	Hispanic	0.0	1	3	percent
300130017001	Race	Other or Mixed	0.0244	1	4	percent
300130017001	Race	White	0.9756	1	5	percent
300130019003	Population	Population	2701	1	1	people
300130019003	Population	Median Age	40.7	1	2	people
300130019003	Age	<18	0.2821	1	1	percent
300130019003	Age	18-24	0.0307	1	2	percent
300130019003	Age	25-34	0.0389	1	3	percent
300130019003	Age	35-44	0.1918	1	4	percent
300130019003	Age	45-54	0.097	1	5	percent
300130019003	Age	55-64	0.1622	1	6	percent
300130019003	Age	65+	0.1973	1	7	percent
300130019003	Economic	Median HH Income	94571.0	1	1	dollar
300130019003	Economic	Median Home Value	299900.0	1	2	dollar
300130019003	Education	No HS	0.0603	1	1	percent
300130019003	Education	HS	0.2468	1	2	percent
300130019003	Education	Some College/2 Year	0.3071	1	3	percent
300130019003	Education	Bachelor	0.229	1	4	percent
300130019003	Education	Higher Degree	0.1568	1	5	percent
300130019003	Income	0-29K	0.1311	1	1	percent
300130019003	Income	30-74K	0.32	1	2	percent
300130019003	Income	75-99K	0.1096	1	3	percent
300130019003	Income	100-149K	0.2358	1	4	percent
300130019003	Income	150K+	0.2035	1	5	percent
300130019003	Race	African American	0.0174	1	1	percent
300130019003	Race	Asian	0.0	1	2	percent
300130019003	Race	Hispanic	0.0144	1	3	percent
300130019003	Race	Other or Mixed	0.0589	1	4	percent
300130019003	Race	White	0.9093	1	5	percent
300130022012	Population	Population	2489	1	1	people
300130022012	Population	Median Age	55.7	1	2	people
300130022012	Age	<18	0.1647	1	1	percent
300130022012	Age	18-24	0.0446	1	2	percent
300130022012	Age	25-34	0.0832	1	3	percent
300130022012	Age	35-44	0.0928	1	4	percent
300130022012	Age	45-54	0.0928	1	5	percent
300130022012	Age	55-64	0.2692	1	6	percent
300130022012	Age	65+	0.2527	1	7	percent
300130022012	Economic	Median HH Income	59250.0	1	1	dollar
300130022012	Economic	Median Home Value	227200.0	1	2	dollar
300130022012	Education	No HS	0.0798	1	1	percent
300130022012	Education	HS	0.3318	1	2	percent
300130022012	Education	Some College/2 Year	0.28	1	3	percent
300130022012	Education	Bachelor	0.189	1	4	percent
300130022012	Education	Higher Degree	0.1194	1	5	percent
300130022012	Income	0-29K	0.2434	1	1	percent
300130022012	Income	30-74K	0.3753	1	2	percent
300130022012	Income	75-99K	0.0372	1	3	percent
300130022012	Income	100-149K	0.1936	1	4	percent
300130022012	Income	150K+	0.1505	1	5	percent
300130022012	Race	African American	0.0	1	1	percent
300130022012	Race	Asian	0.0	1	2	percent
300130022012	Race	Hispanic	0.0068	1	3	percent
300130022012	Race	Other or Mixed	0.0165	1	4	percent
300130022012	Race	White	0.9767	1	5	percent
300130023011	Population	Population	2735	2	1	people
300130023011	Population	Median Age	33.4	2	2	people
300130023011	Age	<18	0.3397	2	1	percent
300130023011	Age	18-24	0.0278	2	2	percent
300130023011	Age	25-34	0.1803	2	3	percent
300130023011	Age	35-44	0.1002	2	4	percent
300130023011	Age	45-54	0.0899	2	5	percent
300130023011	Age	55-64	0.1141	2	6	percent
300130023011	Age	65+	0.1481	2	7	percent
300130023011	Economic	Median HH Income	126667.0	2	1	dollar
300130023011	Economic	Median Home Value	298800.0	2	2	dollar
300130023011	Education	No HS	0.0214	2	1	percent
300130023011	Education	HS	0.2358	2	2	percent
300130023011	Education	Some College/2 Year	0.2566	2	3	percent
300130023011	Education	Bachelor	0.3457	2	4	percent
300130023011	Education	Higher Degree	0.1405	2	5	percent
300130023011	Income	0-29K	0.017	2	1	percent
300130023011	Income	30-74K	0.2367	2	2	percent
300130023011	Income	75-99K	0.0655	2	3	percent
300130023011	Income	100-149K	0.4417	2	4	percent
300130023011	Income	150K+	0.2391	2	5	percent
300130023011	Race	African American	0.0	2	1	percent
300130023011	Race	Asian	0.0	2	2	percent
300130023011	Race	Hispanic	0.1481	2	3	percent
300130023011	Race	Other or Mixed	0.0537	2	4	percent
300130023011	Race	White	0.7982	2	5	percent
300130106002	Population	Population	941	1	1	people
300130106002	Population	Median Age	47.9	1	2	people
300130106002	Age	<18	0.2179	1	1	percent
300130106002	Age	18-24	0.0436	1	2	percent
300130106002	Age	25-34	0.0829	1	3	percent
300130106002	Age	35-44	0.1456	1	4	percent
300130106002	Age	45-54	0.0925	1	5	percent
300130106002	Age	55-64	0.153	1	6	percent
300130106002	Age	65+	0.2646	1	7	percent
300130106002	Economic	Median HH Income	53833.0	1	1	dollar
300130106002	Economic	Median Home Value	177300.0	1	2	dollar
300130106002	Education	No HS	0.0806	1	1	percent
300130106002	Education	HS	0.3626	1	2	percent
300130106002	Education	Some College/2 Year	0.3827	1	3	percent
300130106002	Education	Bachelor	0.105	1	4	percent
300130106002	Education	Higher Degree	0.0691	1	5	percent
300130106002	Income	0-29K	0.3214	1	1	percent
300130106002	Income	30-74K	0.3214	1	2	percent
300130106002	Income	75-99K	0.0791	1	3	percent
300130106002	Income	100-149K	0.2143	1	4	percent
300130106002	Income	150K+	0.0638	1	5	percent
300130106002	Race	African American	0.0	1	1	percent
300130106002	Race	Asian	0.0032	1	2	percent
300130106002	Race	Hispanic	0.0468	1	3	percent
300130106002	Race	Other or Mixed	0.051	1	4	percent
300130106002	Race	White	0.899	1	5	percent
300230004001	Population	Population	1079	1	1	people
300230004001	Population	Median Age	56.6	1	2	people
300230004001	Age	<18	0.0621	1	1	percent
300230004001	Age	18-24	0.012	1	2	percent
300230004001	Age	25-34	0.127	1	3	percent
300230004001	Age	35-44	0.1659	1	4	percent
300230004001	Age	45-54	0.1094	1	5	percent
300230004001	Age	55-64	0.2326	1	6	percent
300230004001	Age	65+	0.291	1	7	percent
300230004001	Economic	Median HH Income	53077.0	1	1	dollar
300230004001	Economic	Median Home Value	188200.0	1	2	dollar
300230004001	Education	No HS	0.1822	1	1	percent
300230004001	Education	HS	0.3233	1	2	percent
300230004001	Education	Some College/2 Year	0.3423	1	3	percent
300230004001	Education	Bachelor	0.1291	1	4	percent
300230004001	Education	Higher Degree	0.023	1	5	percent
300230004001	Income	0-29K	0.2626	1	1	percent
300230004001	Income	30-74K	0.3739	1	2	percent
300230004001	Income	75-99K	0.1029	1	3	percent
300230004001	Income	100-149K	0.1765	1	4	percent
300230004001	Income	150K+	0.084	1	5	percent
300230004001	Race	African American	0.0	1	1	percent
300230004001	Race	Asian	0.0269	1	2	percent
300230004001	Race	Hispanic	0.0	1	3	percent
300230004001	Race	Other or Mixed	0.0195	1	4	percent
300230004001	Race	White	0.9537	1	5	percent
300230005002	Population	Population	970	1	1	people
300230005002	Population	Median Age	32.8	1	2	people
300230005002	Age	<18	0.1897	1	1	percent
300230005002	Age	18-24	0.2351	1	2	percent
300230005002	Age	25-34	0.0825	1	3	percent
300230005002	Age	35-44	0.0835	1	4	percent
300230005002	Age	45-54	0.0732	1	5	percent
300230005002	Age	55-64	0.0969	1	6	percent
300230005002	Age	65+	0.2392	1	7	percent
300230005002	Economic	Median HH Income	84000.0	1	1	dollar
300230005002	Economic	Median Home Value	239000.0	1	2	dollar
300230005002	Education	No HS	0.0735	1	1	percent
300230005002	Education	HS	0.3351	1	2	percent
300230005002	Education	Some College/2 Year	0.2724	1	3	percent
300230005002	Education	Bachelor	0.2401	1	4	percent
300230005002	Education	Higher Degree	0.0789	1	5	percent
300230005002	Income	0-29K	0.1678	1	1	percent
300230005002	Income	30-74K	0.274	1	2	percent
300230005002	Income	75-99K	0.1507	1	3	percent
300230005002	Income	100-149K	0.3185	1	4	percent
300230005002	Income	150K+	0.089	1	5	percent
300230005002	Race	African American	0.0082	1	1	percent
300230005002	Race	Asian	0.0093	1	2	percent
300230005002	Race	Hispanic	0.068	1	3	percent
300230005002	Race	Other or Mixed	0.068	1	4	percent
300230005002	Race	White	0.8464	1	5	percent
300270302011	Population	Population	750	1	1	people
300270302011	Population	Median Age	54.2	1	2	people
300270302011	Age	<18	0.1107	1	1	percent
300270302011	Age	18-24	0.1053	1	2	percent
300270302011	Age	25-34	0.024	1	3	percent
300270302011	Age	35-44	0.2027	1	4	percent
300270302011	Age	45-54	0.0893	1	5	percent
300270302011	Age	55-64	0.224	1	6	percent
300270302011	Age	65+	0.244	1	7	percent
300270302011	Economic	Median HH Income	40060.0	1	1	dollar
300270302011	Economic	Median Home Value	103100.0	1	2	dollar
300270302011	Education	No HS	0.0017	1	1	percent
300270302011	Education	HS	0.5578	1	2	percent
300270302011	Education	Some College/2 Year	0.2823	1	3	percent
300270302011	Education	Bachelor	0.0884	1	4	percent
300270302011	Education	Higher Degree	0.0697	1	5	percent
300270302011	Income	0-29K	0.3137	1	1	percent
300270302011	Income	30-74K	0.4858	1	2	percent
300270302011	Income	75-99K	0.1462	1	3	percent
300270302011	Income	100-149K	0.0542	1	4	percent
300270302011	Income	150K+	0.0	1	5	percent
300270302011	Race	African American	0.0	1	1	percent
300270302011	Race	Asian	0.0	1	2	percent
300270302011	Race	Hispanic	0.0	1	3	percent
300270302011	Race	Other or Mixed	0.0827	1	4	percent
300270302011	Race	White	0.9173	1	5	percent
300290002021	Population	Population	1602	1	1	people
300290002021	Population	Median Age	35.7	1	2	people
300290002021	Age	<18	0.2241	1	1	percent
300290002021	Age	18-24	0.0549	1	2	percent
300290002021	Age	25-34	0.1804	1	3	percent
300290002021	Age	35-44	0.1017	1	4	percent
300290002021	Age	45-54	0.0531	1	5	percent
300290002021	Age	55-64	0.2085	1	6	percent
300290002021	Age	65+	0.1773	1	7	percent
300290002021	Economic	Median HH Income	74167.0	1	1	dollar
300290002021	Economic	Median Home Value	363500.0	1	2	dollar
300290002021	Education	No HS	0.0251	1	1	percent
300290002021	Education	HS	0.2935	1	2	percent
300290002021	Education	Some College/2 Year	0.368	1	3	percent
300290002021	Education	Bachelor	0.2043	1	4	percent
300290002021	Education	Higher Degree	0.1091	1	5	percent
300290002021	Income	0-29K	0.114	1	1	percent
300290002021	Income	30-74K	0.3958	1	2	percent
300290002021	Income	75-99K	0.3208	1	3	percent
300290002021	Income	100-149K	0.0537	1	4	percent
300290002021	Income	150K+	0.1156	1	5	percent
300290002021	Race	African American	0.0094	1	1	percent
300290002021	Race	Asian	0.0	1	2	percent
300290002021	Race	Hispanic	0.0012	1	3	percent
300290002021	Race	Other or Mixed	0.0968	1	4	percent
300290002021	Race	White	0.8926	1	5	percent
300290002022	Population	Population	1639	1	1	people
300290002022	Population	Median Age	34.4	1	2	people
300290002022	Age	<18	0.2904	1	1	percent
300290002022	Age	18-24	0.0549	1	2	percent
300290002022	Age	25-34	0.1971	1	3	percent
300290002022	Age	35-44	0.1696	1	4	percent
300290002022	Age	45-54	0.0628	1	5	percent
300290002022	Age	55-64	0.1056	1	6	percent
300290002022	Age	65+	0.1196	1	7	percent
300290002022	Economic	Median HH Income	68889.0	1	1	dollar
300290002022	Economic	Median Home Value	359800.0	1	2	dollar
300290002022	Education	No HS	0.0485	1	1	percent
300290002022	Education	HS	0.3038	1	2	percent
300290002022	Education	Some College/2 Year	0.4278	1	3	percent
300290002022	Education	Bachelor	0.1799	1	4	percent
300290002022	Education	Higher Degree	0.0401	1	5	percent
300290002022	Income	0-29K	0.0857	1	1	percent
300290002022	Income	30-74K	0.4837	1	2	percent
300290002022	Income	75-99K	0.0755	1	3	percent
300290002022	Income	100-149K	0.1184	1	4	percent
300290002022	Income	150K+	0.2367	1	5	percent
300290002022	Race	African American	0.0	1	1	percent
300290002022	Race	Asian	0.0	1	2	percent
300290002022	Race	Hispanic	0.0	1	3	percent
300290002022	Race	Other or Mixed	0.0024	1	4	percent
300290002022	Race	White	0.9976	1	5	percent
300290003011	Population	Population	749	1	1	people
300290003011	Population	Median Age	32.9	1	2	people
300290003011	Age	<18	0.2724	1	1	percent
300290003011	Age	18-24	0.0654	1	2	percent
300290003011	Age	25-34	0.1709	1	3	percent
300290003011	Age	35-44	0.1469	1	4	percent
300290003011	Age	45-54	0.02	1	5	percent
300290003011	Age	55-64	0.0441	1	6	percent
300290003011	Age	65+	0.2804	1	7	percent
300290003011	Economic	Median HH Income	-6.66666666E8	1	1	dollar
300290003011	Economic	Median Home Value	-6.66666666E8	1	2	dollar
300290003011	Education	No HS	0.0	1	1	percent
300290003011	Education	HS	0.1774	1	2	percent
300290003011	Education	Some College/2 Year	0.1573	1	3	percent
300290003011	Education	Bachelor	0.5685	1	4	percent
300290003011	Education	Higher Degree	0.0968	1	5	percent
300290003011	Income	0-29K	0.2054	1	1	percent
300290003011	Income	30-74K	0.3527	1	2	percent
300290003011	Income	75-99K	0.0759	1	3	percent
300290003011	Income	100-149K	0.2321	1	4	percent
300290003011	Income	150K+	0.1339	1	5	percent
300290003011	Race	African American	0.0	1	1	percent
300290003011	Race	Asian	0.0	1	2	percent
300290003011	Race	Hispanic	0.0	1	3	percent
300290003011	Race	Other or Mixed	0.0	1	4	percent
300290003011	Race	White	1.0	1	5	percent
300290006011	Population	Population	2207	1	1	people
300290006011	Population	Median Age	42.1	1	2	people
300290006011	Age	<18	0.2098	1	1	percent
300290006011	Age	18-24	0.0807	1	2	percent
300290006011	Age	25-34	0.1183	1	3	percent
300290006011	Age	35-44	0.1654	1	4	percent
300290006011	Age	45-54	0.1944	1	5	percent
300290006011	Age	55-64	0.1015	1	6	percent
300290006011	Age	65+	0.13	1	7	percent
300290006011	Economic	Median HH Income	84167.0	1	1	dollar
300290006011	Economic	Median Home Value	449800.0	1	2	dollar
300290006011	Education	No HS	0.0166	1	1	percent
300290006011	Education	HS	0.1903	1	2	percent
300290006011	Education	Some College/2 Year	0.2593	1	3	percent
300290006011	Education	Bachelor	0.3474	1	4	percent
300290006011	Education	Higher Degree	0.1865	1	5	percent
300290006011	Income	0-29K	0.0963	1	1	percent
300290006011	Income	30-74K	0.384	1	2	percent
300290006011	Income	75-99K	0.1222	1	3	percent
300290006011	Income	100-149K	0.1642	1	4	percent
300290006011	Income	150K+	0.2333	1	5	percent
300290006011	Race	African American	0.0	1	1	percent
300290006011	Race	Asian	0.0263	1	2	percent
300290006011	Race	Hispanic	0.0204	1	3	percent
300290006011	Race	Other or Mixed	0.0208	1	4	percent
300290006011	Race	White	0.9325	1	5	percent
300290006013	Population	Population	970	1	1	people
300290006013	Population	Median Age	44.7	1	2	people
300290006013	Age	<18	0.1825	1	1	percent
300290006013	Age	18-24	0.0381	1	2	percent
300290006013	Age	25-34	0.1113	1	3	percent
300290006013	Age	35-44	0.1742	1	4	percent
300290006013	Age	45-54	0.1041	1	5	percent
300290006013	Age	55-64	0.1474	1	6	percent
300290006013	Age	65+	0.2423	1	7	percent
300290006013	Economic	Median HH Income	66875.0	1	1	dollar
300290006013	Economic	Median Home Value	433300.0	1	2	dollar
300290006013	Education	No HS	0.0132	1	1	percent
300290006013	Education	HS	0.3624	1	2	percent
300290006013	Education	Some College/2 Year	0.4709	1	3	percent
300290006013	Education	Bachelor	0.1349	1	4	percent
300290006013	Education	Higher Degree	0.0185	1	5	percent
300290006013	Income	0-29K	0.2091	1	1	percent
300290006013	Income	30-74K	0.3125	1	2	percent
300290006013	Income	75-99K	0.1298	1	3	percent
300290006013	Income	100-149K	0.1298	1	4	percent
300290006013	Income	150K+	0.2188	1	5	percent
300290006013	Race	African American	0.0	1	1	percent
300290006013	Race	Asian	0.0093	1	2	percent
300290006013	Race	Hispanic	0.0	1	3	percent
300290006013	Race	Other or Mixed	0.1258	1	4	percent
300290006013	Race	White	0.8649	1	5	percent
300290006021	Population	Population	1293	1	1	people
300290006021	Population	Median Age	46.5	1	2	people
300290006021	Age	<18	0.1732	1	1	percent
300290006021	Age	18-24	0.0781	1	2	percent
300290006021	Age	25-34	0.1346	1	3	percent
300290006021	Age	35-44	0.0727	1	4	percent
300290006021	Age	45-54	0.1663	1	5	percent
300290006021	Age	55-64	0.1624	1	6	percent
300290006021	Age	65+	0.2127	1	7	percent
300290006021	Economic	Median HH Income	65000.0	1	1	dollar
300290006021	Economic	Median Home Value	374800.0	1	2	dollar
300290006021	Education	No HS	0.0465	1	1	percent
300290006021	Education	HS	0.25	1	2	percent
300290006021	Education	Some College/2 Year	0.4432	1	3	percent
300290006021	Education	Bachelor	0.1612	1	4	percent
300290006021	Education	Higher Degree	0.0992	1	5	percent
300290006021	Income	0-29K	0.1594	1	1	percent
300290006021	Income	30-74K	0.3843	1	2	percent
300290006021	Income	75-99K	0.083	1	3	percent
300290006021	Income	100-149K	0.2336	1	4	percent
300290006021	Income	150K+	0.1397	1	5	percent
300290006021	Race	African American	0.0	1	1	percent
300290006021	Race	Asian	0.0224	1	2	percent
300290006021	Race	Hispanic	0.0093	1	3	percent
300290006021	Race	Other or Mixed	0.0456	1	4	percent
300290006021	Race	White	0.9227	1	5	percent
300290007005	Population	Population	1808	1	1	people
300290007005	Population	Median Age	36.5	1	2	people
300290007005	Age	<18	0.2666	1	1	percent
300290007005	Age	18-24	0.1217	1	2	percent
300290007005	Age	25-34	0.0968	1	3	percent
300290007005	Age	35-44	0.2024	1	4	percent
300290007005	Age	45-54	0.1278	1	5	percent
300290007005	Age	55-64	0.0868	1	6	percent
300290007005	Age	65+	0.0979	1	7	percent
300290007005	Economic	Median HH Income	48504.0	1	1	dollar
300290007005	Economic	Median Home Value	172500.0	1	2	dollar
300290007005	Education	No HS	0.0597	1	1	percent
300290007005	Education	HS	0.4476	1	2	percent
300290007005	Education	Some College/2 Year	0.3562	1	3	percent
300290007005	Education	Bachelor	0.1365	1	4	percent
300290007005	Education	Higher Degree	0.0	1	5	percent
300290007005	Income	0-29K	0.1941	1	1	percent
300290007005	Income	30-74K	0.6369	1	2	percent
300290007005	Income	75-99K	0.0923	1	3	percent
300290007005	Income	100-149K	0.0767	1	4	percent
300290007005	Income	150K+	0.0	1	5	percent
300290007005	Race	African American	0.0	1	1	percent
300290007005	Race	Asian	0.0	1	2	percent
300290007005	Race	Hispanic	0.031	1	3	percent
300290007005	Race	Other or Mixed	0.0	1	4	percent
300290007005	Race	White	0.969	1	5	percent
300290008022	Population	Population	1155	1	1	people
300290008022	Population	Median Age	37.1	1	2	people
300290008022	Age	<18	0.4242	1	1	percent
300290008022	Age	18-24	0.0165	1	2	percent
300290008022	Age	25-34	0.0	1	3	percent
300290008022	Age	35-44	0.1931	1	4	percent
300290008022	Age	45-54	0.1411	1	5	percent
300290008022	Age	55-64	0.0502	1	6	percent
300290008022	Age	65+	0.1749	1	7	percent
300290008022	Economic	Median HH Income	88201.0	1	1	dollar
300290008022	Economic	Median Home Value	341200.0	1	2	dollar
300290008022	Education	No HS	0.0	1	1	percent
300290008022	Education	HS	0.3932	1	2	percent
300290008022	Education	Some College/2 Year	0.4241	1	3	percent
300290008022	Education	Bachelor	0.0666	1	4	percent
300290008022	Education	Higher Degree	0.1161	1	5	percent
300290008022	Income	0-29K	0.2192	1	1	percent
300290008022	Income	30-74K	0.0356	1	2	percent
300290008022	Income	75-99K	0.4137	1	3	percent
300290008022	Income	100-149K	0.0849	1	4	percent
300290008022	Income	150K+	0.2466	1	5	percent
300290008022	Race	African American	0.0	1	1	percent
300290008022	Race	Asian	0.0	1	2	percent
300290008022	Race	Hispanic	0.0	1	3	percent
300290008022	Race	Other or Mixed	0.0	1	4	percent
300290008022	Race	White	1.0	1	5	percent
300290009011	Population	Population	1907	2	1	people
300290009011	Population	Median Age	37.9	2	2	people
300290009011	Age	<18	0.2202	2	1	percent
300290009011	Age	18-24	0.1306	2	2	percent
300290009011	Age	25-34	0.1064	2	3	percent
300290009011	Age	35-44	0.1007	2	4	percent
300290009011	Age	45-54	0.0435	2	5	percent
300290009011	Age	55-64	0.225	2	6	percent
300290009011	Age	65+	0.1736	2	7	percent
300290009011	Economic	Median HH Income	25845.0	2	1	dollar
300290009011	Economic	Median Home Value	242300.0	2	2	dollar
300290009011	Education	No HS	0.0323	2	1	percent
300290009011	Education	HS	0.2132	2	2	percent
300290009011	Education	Some College/2 Year	0.5969	2	3	percent
300290009011	Education	Bachelor	0.0444	2	4	percent
300290009011	Education	Higher Degree	0.1131	2	5	percent
300290009011	Income	0-29K	0.5683	2	1	percent
300290009011	Income	30-74K	0.2836	2	2	percent
300290009011	Income	75-99K	0.0567	2	3	percent
300290009011	Income	100-149K	0.0168	2	4	percent
300290009011	Income	150K+	0.0746	2	5	percent
300290009011	Race	African American	0.0724	2	1	percent
300290009011	Race	Asian	0.0509	2	2	percent
300290009011	Race	Hispanic	0.0131	2	3	percent
300290009011	Race	Other or Mixed	0.0372	2	4	percent
300290009011	Race	White	0.8264	2	5	percent
300290011012	Population	Population	1377	1	1	people
300290011012	Population	Median Age	40.4	1	2	people
300290011012	Age	<18	0.1692	1	1	percent
300290011012	Age	18-24	0.1496	1	2	percent
300290011012	Age	25-34	0.1627	1	3	percent
300290011012	Age	35-44	0.1264	1	4	percent
300290011012	Age	45-54	0.1699	1	5	percent
300290011012	Age	55-64	0.1387	1	6	percent
300290011012	Age	65+	0.0835	1	7	percent
300290011012	Economic	Median HH Income	45321.0	1	1	dollar
300290011012	Economic	Median Home Value	241700.0	1	2	dollar
300290011012	Education	No HS	0.1077	1	1	percent
300290011012	Education	HS	0.3593	1	2	percent
300290011012	Education	Some College/2 Year	0.338	1	3	percent
300290011012	Education	Bachelor	0.1333	1	4	percent
300290011012	Education	Higher Degree	0.0618	1	5	percent
300290011012	Income	0-29K	0.2927	1	1	percent
300290011012	Income	30-74K	0.4959	1	2	percent
300290011012	Income	75-99K	0.0488	1	3	percent
300290011012	Income	100-149K	0.1626	1	4	percent
300290011012	Income	150K+	0.0	1	5	percent
300290011012	Race	African American	0.0	1	1	percent
300290011012	Race	Asian	0.0	1	2	percent
300290011012	Race	Hispanic	0.024	1	3	percent
300290011012	Race	Other or Mixed	0.016	1	4	percent
300290011012	Race	White	0.9601	1	5	percent
300290013041	Population	Population	1122	1	1	people
300290013041	Population	Median Age	28.6	1	2	people
300290013041	Age	<18	0.2121	1	1	percent
300290013041	Age	18-24	0.2398	1	2	percent
300290013041	Age	25-34	0.0588	1	3	percent
300290013041	Age	35-44	0.0722	1	4	percent
300290013041	Age	45-54	0.1266	1	5	percent
300290013041	Age	55-64	0.1043	1	6	percent
300290013041	Age	65+	0.1863	1	7	percent
300290013041	Economic	Median HH Income	91429.0	1	1	dollar
300290013041	Economic	Median Home Value	438900.0	1	2	dollar
300290013041	Education	No HS	0.0927	1	1	percent
300290013041	Education	HS	0.1317	1	2	percent
300290013041	Education	Some College/2 Year	0.2813	1	3	percent
300290013041	Education	Bachelor	0.322	1	4	percent
300290013041	Education	Higher Degree	0.1724	1	5	percent
300290013041	Income	0-29K	0.1658	1	1	percent
300290013041	Income	30-74K	0.2038	1	2	percent
300290013041	Income	75-99K	0.1549	1	3	percent
300290013041	Income	100-149K	0.2228	1	4	percent
300290013041	Income	150K+	0.2527	1	5	percent
300290013041	Race	African American	0.0	1	1	percent
300290013041	Race	Asian	0.0	1	2	percent
300290013041	Race	Hispanic	0.3752	1	3	percent
300290013041	Race	Other or Mixed	0.0	1	4	percent
300290013041	Race	White	0.6248	1	5	percent
300290014021	Population	Population	996	1	1	people
300290014021	Population	Median Age	32.6	1	2	people
300290014021	Age	<18	0.3153	1	1	percent
300290014021	Age	18-24	0.0281	1	2	percent
300290014021	Age	25-34	0.2068	1	3	percent
300290014021	Age	35-44	0.1285	1	4	percent
300290014021	Age	45-54	0.0211	1	5	percent
300290014021	Age	55-64	0.0512	1	6	percent
300290014021	Age	65+	0.249	1	7	percent
300290014021	Economic	Median HH Income	-6.66666666E8	1	1	dollar
300290014021	Economic	Median Home Value	243900.0	1	2	dollar
300290014021	Education	No HS	0.0122	1	1	percent
300290014021	Education	HS	0.2599	1	2	percent
300290014021	Education	Some College/2 Year	0.5367	1	3	percent
300290014021	Education	Bachelor	0.1865	1	4	percent
300290014021	Education	Higher Degree	0.0046	1	5	percent
300290014021	Income	0-29K	0.1303	1	1	percent
300290014021	Income	30-74K	0.6327	1	2	percent
300290014021	Income	75-99K	0.0332	1	3	percent
300290014021	Income	100-149K	0.1659	1	4	percent
300290014021	Income	150K+	0.0379	1	5	percent
300290014021	Race	African American	0.0	1	1	percent
300290014021	Race	Asian	0.003	1	2	percent
300290014021	Race	Hispanic	0.0361	1	3	percent
300290014021	Race	Other or Mixed	0.0	1	4	percent
300290014021	Race	White	0.9608	1	5	percent
300290014023	Population	Population	737	1	1	people
300290014023	Population	Median Age	51.3	1	2	people
300290014023	Age	<18	0.1045	1	1	percent
300290014023	Age	18-24	0.1045	1	2	percent
300290014023	Age	25-34	0.1031	1	3	percent
300290014023	Age	35-44	0.0	1	4	percent
300290014023	Age	45-54	0.2293	1	5	percent
300290014023	Age	55-64	0.1465	1	6	percent
300290014023	Age	65+	0.3121	1	7	percent
300290014023	Economic	Median HH Income	69005.0	1	1	dollar
300290014023	Economic	Median Home Value	499500.0	1	2	dollar
300290014023	Education	No HS	0.1269	1	1	percent
300290014023	Education	HS	0.3208	1	2	percent
300290014023	Education	Some College/2 Year	0.1578	1	3	percent
300290014023	Education	Bachelor	0.2024	1	4	percent
300290014023	Education	Higher Degree	0.1921	1	5	percent
300290014023	Income	0-29K	0.1343	1	1	percent
300290014023	Income	30-74K	0.4829	1	2	percent
300290014023	Income	75-99K	0.1857	1	3	percent
300290014023	Income	100-149K	0.1971	1	4	percent
300290014023	Income	150K+	0.0	1	5	percent
300290014023	Race	African American	0.0	1	1	percent
300290014023	Race	Asian	0.0	1	2	percent
300290014023	Race	Hispanic	0.0	1	3	percent
300290014023	Race	Other or Mixed	0.0421	1	4	percent
300290014023	Race	White	0.9579	1	5	percent
300290017021	Population	Population	1943	1	1	people
300290017021	Population	Median Age	47.2	1	2	people
300290017021	Age	<18	0.157	1	1	percent
300290017021	Age	18-24	0.0381	1	2	percent
300290017021	Age	25-34	0.1251	1	3	percent
300290017021	Age	35-44	0.1657	1	4	percent
300290017021	Age	45-54	0.1179	1	5	percent
300290017021	Age	55-64	0.2064	1	6	percent
300290017021	Age	65+	0.1899	1	7	percent
300290017021	Economic	Median HH Income	63452.0	1	1	dollar
300290017021	Economic	Median Home Value	346700.0	1	2	dollar
300290017021	Education	No HS	0.0665	1	1	percent
300290017021	Education	HS	0.328	1	2	percent
300290017021	Education	Some College/2 Year	0.2781	1	3	percent
300290017021	Education	Bachelor	0.2455	1	4	percent
300290017021	Education	Higher Degree	0.0818	1	5	percent
300290017021	Income	0-29K	0.2272	1	1	percent
300290017021	Income	30-74K	0.4201	1	2	percent
300290017021	Income	75-99K	0.066	1	3	percent
300290017021	Income	100-149K	0.1865	1	4	percent
300290017021	Income	150K+	0.1003	1	5	percent
300290017021	Race	African American	0.0	1	1	percent
300290017021	Race	Asian	0.0185	1	2	percent
300290017021	Race	Hispanic	0.052	1	3	percent
300290017021	Race	Other or Mixed	0.0612	1	4	percent
300290017021	Race	White	0.8682	1	5	percent
300310001051	Population	Population	1661	1	1	people
300310001051	Population	Median Age	33.9	1	2	people
300310001051	Age	<18	0.2878	1	1	percent
300310001051	Age	18-24	0.0205	1	2	percent
300310001051	Age	25-34	0.2101	1	3	percent
300310001051	Age	35-44	0.3396	1	4	percent
300310001051	Age	45-54	0.0325	1	5	percent
300310001051	Age	55-64	0.0975	1	6	percent
300310001051	Age	65+	0.012	1	7	percent
300310001051	Economic	Median HH Income	92500.0	1	1	dollar
300310001051	Economic	Median Home Value	231000.0	1	2	dollar
300310001051	Education	No HS	0.1305	1	1	percent
300310001051	Education	HS	0.4352	1	2	percent
300310001051	Education	Some College/2 Year	0.2698	1	3	percent
300310001051	Education	Bachelor	0.0888	1	4	percent
300310001051	Education	Higher Degree	0.0757	1	5	percent
300310001051	Income	0-29K	0.0456	1	1	percent
300310001051	Income	30-74K	0.2691	1	2	percent
300310001051	Income	75-99K	0.5471	1	3	percent
300310001051	Income	100-149K	0.1103	1	4	percent
300310001051	Income	150K+	0.0279	1	5	percent
300310001051	Race	African American	0.0	1	1	percent
300310001051	Race	Asian	0.0	1	2	percent
300310001051	Race	Hispanic	0.0	1	3	percent
300310001051	Race	Other or Mixed	0.1234	1	4	percent
300310001051	Race	White	0.8766	1	5	percent
300310001053	Population	Population	2298	1	1	people
300310001053	Population	Median Age	27.6	1	2	people
300310001053	Age	<18	0.3982	1	1	percent
300310001053	Age	18-24	0.074	1	2	percent
300310001053	Age	25-34	0.1545	1	3	percent
300310001053	Age	35-44	0.1758	1	4	percent
300310001053	Age	45-54	0.047	1	5	percent
300310001053	Age	55-64	0.0962	1	6	percent
300310001053	Age	65+	0.0544	1	7	percent
300310001053	Economic	Median HH Income	66599.0	1	1	dollar
300310001053	Economic	Median Home Value	284600.0	1	2	dollar
300310001053	Education	No HS	0.014	1	1	percent
300310001053	Education	HS	0.3735	1	2	percent
300310001053	Education	Some College/2 Year	0.3273	1	3	percent
300310001053	Education	Bachelor	0.2061	1	4	percent
300310001053	Education	Higher Degree	0.0791	1	5	percent
300310001053	Income	0-29K	0.2013	1	1	percent
300310001053	Income	30-74K	0.3484	1	2	percent
300310001053	Income	75-99K	0.1703	1	3	percent
300310001053	Income	100-149K	0.1806	1	4	percent
300310001053	Income	150K+	0.0994	1	5	percent
300310001053	Race	African American	0.0	1	1	percent
300310001053	Race	Asian	0.0	1	2	percent
300310001053	Race	Hispanic	0.0244	1	3	percent
300310001053	Race	Other or Mixed	0.0035	1	4	percent
300310001053	Race	White	0.9721	1	5	percent
300310005051	Population	Population	1005	1	1	people
300310005051	Population	Median Age	28.6	1	2	people
300310005051	Age	<18	0.1502	1	1	percent
300310005051	Age	18-24	0.3075	1	2	percent
300310005051	Age	25-34	0.195	1	3	percent
300310005051	Age	35-44	0.1512	1	4	percent
300310005051	Age	45-54	0.0647	1	5	percent
300310005051	Age	55-64	0.0279	1	6	percent
300310005051	Age	65+	0.1035	1	7	percent
300310005051	Economic	Median HH Income	-6.66666666E8	1	1	dollar
300310005051	Economic	Median Home Value	363600.0	1	2	dollar
300310005051	Education	No HS	0.0183	1	1	percent
300310005051	Education	HS	0.1633	1	2	percent
300310005051	Education	Some College/2 Year	0.1651	1	3	percent
300310005051	Education	Bachelor	0.5119	1	4	percent
300310005051	Education	Higher Degree	0.1413	1	5	percent
300310005051	Income	0-29K	0.4647	1	1	percent
300310005051	Income	30-74K	0.2282	1	2	percent
300310005051	Income	75-99K	0.0602	1	3	percent
300310005051	Income	100-149K	0.1473	1	4	percent
300310005051	Income	150K+	0.0996	1	5	percent
300310005051	Race	African American	0.0	1	1	percent
300310005051	Race	Asian	0.0	1	2	percent
300310005051	Race	Hispanic	0.0	1	3	percent
300310005051	Race	Other or Mixed	0.0	1	4	percent
300310005051	Race	White	1.0	1	5	percent
300310005052	Population	Population	2981	2	1	people
300310005052	Population	Median Age	38.0	2	2	people
300310005052	Age	<18	0.2546	2	1	percent
300310005052	Age	18-24	0.0617	2	2	percent
300310005052	Age	25-34	0.1104	2	3	percent
300310005052	Age	35-44	0.2456	2	4	percent
300310005052	Age	45-54	0.1157	2	5	percent
300310005052	Age	55-64	0.0691	2	6	percent
300310005052	Age	65+	0.1429	2	7	percent
300310005052	Economic	Median HH Income	112969.0	2	1	dollar
300310005052	Economic	Median Home Value	322400.0	2	2	dollar
300310005052	Education	No HS	0.0	2	1	percent
300310005052	Education	HS	0.2753	2	2	percent
300310005052	Education	Some College/2 Year	0.3013	2	3	percent
300310005052	Education	Bachelor	0.2345	2	4	percent
300310005052	Education	Higher Degree	0.1889	2	5	percent
300310005052	Income	0-29K	0.1233	2	1	percent
300310005052	Income	30-74K	0.1609	2	2	percent
300310005052	Income	75-99K	0.1561	2	3	percent
300310005052	Income	100-149K	0.3584	2	4	percent
300310005052	Income	150K+	0.2013	2	5	percent
300310005052	Race	African American	0.0	2	1	percent
300310005052	Race	Asian	0.0	2	2	percent
300310005052	Race	Hispanic	0.0091	2	3	percent
300310005052	Race	Other or Mixed	0.0735	2	4	percent
300310005052	Race	White	0.9175	2	5	percent
300310005062	Population	Population	2699	2	1	people
300310005062	Population	Median Age	34.0	2	2	people
300310005062	Age	<18	0.1586	2	1	percent
300310005062	Age	18-24	0.1949	2	2	percent
300310005062	Age	25-34	0.1664	2	3	percent
300310005062	Age	35-44	0.1215	2	4	percent
300310005062	Age	45-54	0.1727	2	5	percent
300310005062	Age	55-64	0.0289	2	6	percent
300310005062	Age	65+	0.1571	2	7	percent
300310005062	Economic	Median HH Income	100656.0	2	1	dollar
300310005062	Economic	Median Home Value	443800.0	2	2	dollar
300310005062	Education	No HS	0.008	2	1	percent
300310005062	Education	HS	0.0476	2	2	percent
300310005062	Education	Some College/2 Year	0.2052	2	3	percent
300310005062	Education	Bachelor	0.3908	2	4	percent
300310005062	Education	Higher Degree	0.3484	2	5	percent
300310005062	Income	0-29K	0.0999	2	1	percent
300310005062	Income	30-74K	0.2055	2	2	percent
300310005062	Income	75-99K	0.1602	2	3	percent
300310005062	Income	100-149K	0.2611	2	4	percent
300310005062	Income	150K+	0.2733	2	5	percent
300310005062	Race	African American	0.0067	2	1	percent
300310005062	Race	Asian	0.0204	2	2	percent
300310005062	Race	Hispanic	0.0	2	3	percent
300310005062	Race	Other or Mixed	0.0359	2	4	percent
300310005062	Race	White	0.937	2	5	percent
300359404002	Population	Population	936	1	1	people
300359404002	Population	Median Age	41.6	1	2	people
300359404002	Age	<18	0.2041	1	1	percent
300359404002	Age	18-24	0.0737	1	2	percent
300359404002	Age	25-34	0.1496	1	3	percent
300359404002	Age	35-44	0.1389	1	4	percent
300359404002	Age	45-54	0.1261	1	5	percent
300359404002	Age	55-64	0.1774	1	6	percent
300359404002	Age	65+	0.1303	1	7	percent
300359404002	Economic	Median HH Income	42663.0	1	1	dollar
300359404002	Economic	Median Home Value	165600.0	1	2	dollar
300359404002	Education	No HS	0.1938	1	1	percent
300359404002	Education	HS	0.3595	1	2	percent
300359404002	Education	Some College/2 Year	0.2485	1	3	percent
300359404002	Education	Bachelor	0.1331	1	4	percent
300359404002	Education	Higher Degree	0.0651	1	5	percent
300359404002	Income	0-29K	0.4549	1	1	percent
300359404002	Income	30-74K	0.3032	1	2	percent
300359404002	Income	75-99K	0.0903	1	3	percent
300359404002	Income	100-149K	0.1191	1	4	percent
300359404002	Income	150K+	0.0325	1	5	percent
300359404002	Race	African American	0.0	1	1	percent
300359404002	Race	Asian	0.0	1	2	percent
300359404002	Race	Hispanic	0.0	1	3	percent
300359404002	Race	Other or Mixed	0.89	1	4	percent
300359404002	Race	White	0.11	1	5	percent
300399617011	Population	Population	1382	5	1	people
300399617011	Population	Median Age	55.7	5	2	people
300399617011	Age	<18	0.2149	5	1	percent
300399617011	Age	18-24	0.0311	5	2	percent
300399617011	Age	25-34	0.0297	5	3	percent
300399617011	Age	35-44	0.165	5	4	percent
300399617011	Age	45-54	0.0528	5	5	percent
300399617011	Age	55-64	0.2467	5	6	percent
300399617011	Age	65+	0.2598	5	7	percent
300399617011	Economic	Median HH Income	49524.0	5	1	dollar
300399617011	Economic	Median Home Value	271700.0	5	2	dollar
300399617011	Education	No HS	0.0864	5	1	percent
300399617011	Education	HS	0.2726	5	2	percent
300399617011	Education	Some College/2 Year	0.3455	5	3	percent
300399617011	Education	Bachelor	0.2361	5	4	percent
300399617011	Education	Higher Degree	0.0595	5	5	percent
300399617011	Income	0-29K	0.2146	5	1	percent
300399617011	Income	30-74K	0.4646	5	2	percent
300399617011	Income	75-99K	0.0653	5	3	percent
300399617011	Income	100-149K	0.1213	5	4	percent
300399617011	Income	150K+	0.1343	5	5	percent
300399617011	Race	African American	0.0036	5	1	percent
300399617011	Race	Asian	0.0	5	2	percent
300399617011	Race	Hispanic	7.0E-4	5	3	percent
300399617011	Race	Other or Mixed	0.0282	5	4	percent
300399617011	Race	White	0.9674	5	5	percent
300399617022	Population	Population	863	1	1	people
300399617022	Population	Median Age	56.0	1	2	people
300399617022	Age	<18	0.117	1	1	percent
300399617022	Age	18-24	0.1182	1	2	percent
300399617022	Age	25-34	0.0521	1	3	percent
300399617022	Age	35-44	0.0591	1	4	percent
300399617022	Age	45-54	0.1518	1	5	percent
300399617022	Age	55-64	0.1576	1	6	percent
300399617022	Age	65+	0.3441	1	7	percent
300399617022	Economic	Median HH Income	64063.0	1	1	dollar
300399617022	Economic	Median Home Value	313800.0	1	2	dollar
300399617022	Education	No HS	0.05	1	1	percent
300399617022	Education	HS	0.2652	1	2	percent
300399617022	Education	Some College/2 Year	0.2864	1	3	percent
300399617022	Education	Bachelor	0.2394	1	4	percent
300399617022	Education	Higher Degree	0.1591	1	5	percent
300399617022	Income	0-29K	0.2211	1	1	percent
300399617022	Income	30-74K	0.4216	1	2	percent
300399617022	Income	75-99K	0.1722	1	3	percent
300399617022	Income	100-149K	0.0617	1	4	percent
300399617022	Income	150K+	0.1234	1	5	percent
300399617022	Race	African American	0.0	1	1	percent
300399617022	Race	Asian	0.0162	1	2	percent
300399617022	Race	Hispanic	0.0232	1	3	percent
300399617022	Race	Other or Mixed	0.0	1	4	percent
300399617022	Race	White	0.9606	1	5	percent
300410403003	Population	Population	384	1	1	people
300410403003	Population	Median Age	45.3	1	2	people
300410403003	Age	<18	0.1354	1	1	percent
300410403003	Age	18-24	0.1042	1	2	percent
300410403003	Age	25-34	0.2266	1	3	percent
300410403003	Age	35-44	0.0078	1	4	percent
300410403003	Age	45-54	0.1901	1	5	percent
300410403003	Age	55-64	0.1016	1	6	percent
300410403003	Age	65+	0.2344	1	7	percent
300410403003	Economic	Median HH Income	41190.0	1	1	dollar
300410403003	Economic	Median Home Value	114800.0	1	2	dollar
300410403003	Education	No HS	0.0959	1	1	percent
300410403003	Education	HS	0.1884	1	2	percent
300410403003	Education	Some College/2 Year	0.4521	1	3	percent
300410403003	Education	Bachelor	0.2123	1	4	percent
300410403003	Education	Higher Degree	0.0514	1	5	percent
300410403003	Income	0-29K	0.1579	1	1	percent
300410403003	Income	30-74K	0.7842	1	2	percent
300410403003	Income	75-99K	0.0579	1	3	percent
300410403003	Income	100-149K	0.0	1	4	percent
300410403003	Income	150K+	0.0	1	5	percent
300410403003	Race	African American	0.0	1	1	percent
300410403003	Race	Asian	0.0	1	2	percent
300410403003	Race	Hispanic	0.0	1	3	percent
300410403003	Race	Other or Mixed	0.1693	1	4	percent
300410403003	Race	White	0.8307	1	5	percent
300439622023	Population	Population	1334	1	1	people
300439622023	Population	Median Age	42.0	1	2	people
300439622023	Age	<18	0.2549	1	1	percent
300439622023	Age	18-24	0.0915	1	2	percent
300439622023	Age	25-34	0.078	1	3	percent
300439622023	Age	35-44	0.1507	1	4	percent
300439622023	Age	45-54	0.1529	1	5	percent
300439622023	Age	55-64	0.1484	1	6	percent
300439622023	Age	65+	0.1237	1	7	percent
300439622023	Economic	Median HH Income	48200.0	1	1	dollar
300439622023	Economic	Median Home Value	178500.0	1	2	dollar
300439622023	Education	No HS	0.1204	1	1	percent
300439622023	Education	HS	0.422	1	2	percent
300439622023	Education	Some College/2 Year	0.2718	1	3	percent
300439622023	Education	Bachelor	0.1594	1	4	percent
300439622023	Education	Higher Degree	0.0264	1	5	percent
300439622023	Income	0-29K	0.2458	1	1	percent
300439622023	Income	30-74K	0.4979	1	2	percent
300439622023	Income	75-99K	0.0763	1	3	percent
300439622023	Income	100-149K	0.1271	1	4	percent
300439622023	Income	150K+	0.053	1	5	percent
300439622023	Race	African American	0.0	1	1	percent
300439622023	Race	Asian	0.0	1	2	percent
300439622023	Race	Hispanic	0.0457	1	3	percent
300439622023	Race	Other or Mixed	0.1094	1	4	percent
300439622023	Race	White	0.8448	1	5	percent
300439623002	Population	Population	1045	1	1	people
300439623002	Population	Median Age	57.0	1	2	people
300439623002	Age	<18	0.1024	1	1	percent
300439623002	Age	18-24	0.022	1	2	percent
300439623002	Age	25-34	0.1254	1	3	percent
300439623002	Age	35-44	0.0536	1	4	percent
300439623002	Age	45-54	0.1301	1	5	percent
300439623002	Age	55-64	0.2306	1	6	percent
300439623002	Age	65+	0.3359	1	7	percent
300439623002	Economic	Median HH Income	56250.0	1	1	dollar
300439623002	Economic	Median Home Value	297300.0	1	2	dollar
300439623002	Education	No HS	0.0852	1	1	percent
300439623002	Education	HS	0.329	1	2	percent
300439623002	Education	Some College/2 Year	0.341	1	3	percent
300439623002	Education	Bachelor	0.1443	1	4	percent
300439623002	Education	Higher Degree	0.1005	1	5	percent
300439623002	Income	0-29K	0.366	1	1	percent
300439623002	Income	30-74K	0.3811	1	2	percent
300439623002	Income	75-99K	0.0415	1	3	percent
300439623002	Income	100-149K	0.1019	1	4	percent
300439623002	Income	150K+	0.1094	1	5	percent
300439623002	Race	African American	0.0	1	1	percent
300439623002	Race	Asian	0.0	1	2	percent
300439623002	Race	Hispanic	0.0287	1	3	percent
300439623002	Race	Other or Mixed	0.0153	1	4	percent
300439623002	Race	White	0.956	1	5	percent
300470002001	Population	Population	950	1	1	people
300470002001	Population	Median Age	59.7	1	2	people
300470002001	Age	<18	0.1011	1	1	percent
300470002001	Age	18-24	0.0137	1	2	percent
300470002001	Age	25-34	0.0811	1	3	percent
300470002001	Age	35-44	0.1368	1	4	percent
300470002001	Age	45-54	0.0832	1	5	percent
300470002001	Age	55-64	0.2021	1	6	percent
300470002001	Age	65+	0.3821	1	7	percent
300470002001	Economic	Median HH Income	71563.0	1	1	dollar
300470002001	Economic	Median Home Value	360700.0	1	2	dollar
300470002001	Education	No HS	0.0071	1	1	percent
300470002001	Education	HS	0.2093	1	2	percent
300470002001	Education	Some College/2 Year	0.327	1	3	percent
300470002001	Education	Bachelor	0.2747	1	4	percent
300470002001	Education	Higher Degree	0.1819	1	5	percent
300470002001	Income	0-29K	0.2749	1	1	percent
300470002001	Income	30-74K	0.2464	1	2	percent
300470002001	Income	75-99K	0.0403	1	3	percent
300470002001	Income	100-149K	0.2536	1	4	percent
300470002001	Income	150K+	0.1848	1	5	percent
300470002001	Race	African American	0.0	1	1	percent
300470002001	Race	Asian	0.0	1	2	percent
300470002001	Race	Hispanic	0.0168	1	3	percent
300470002001	Race	Other or Mixed	0.0232	1	4	percent
300470002001	Race	White	0.96	1	5	percent
300479403051	Population	Population	902	1	1	people
300479403051	Population	Median Age	51.9	1	2	people
300479403051	Age	<18	0.2827	1	1	percent
300479403051	Age	18-24	0.0	1	2	percent
300479403051	Age	25-34	0.0754	1	3	percent
300479403051	Age	35-44	0.0831	1	4	percent
300479403051	Age	45-54	0.1075	1	5	percent
300479403051	Age	55-64	0.153	1	6	percent
300479403051	Age	65+	0.2982	1	7	percent
300479403051	Economic	Median HH Income	85625.0	1	1	dollar
300479403051	Economic	Median Home Value	388400.0	1	2	dollar
300479403051	Education	No HS	0.0201	1	1	percent
300479403051	Education	HS	0.1314	1	2	percent
300479403051	Education	Some College/2 Year	0.2875	1	3	percent
300479403051	Education	Bachelor	0.3168	1	4	percent
300479403051	Education	Higher Degree	0.2442	1	5	percent
300479403051	Income	0-29K	0.1124	1	1	percent
300479403051	Income	30-74K	0.284	1	2	percent
300479403051	Income	75-99K	0.2071	1	3	percent
300479403051	Income	100-149K	0.287	1	4	percent
300479403051	Income	150K+	0.1095	1	5	percent
300479403051	Race	African American	0.0	1	1	percent
300479403051	Race	Asian	0.0	1	2	percent
300479403051	Race	Hispanic	0.0	1	3	percent
300479403051	Race	Other or Mixed	0.2761	1	4	percent
300479403051	Race	White	0.7239	1	5	percent
300479403052	Population	Population	738	1	1	people
300479403052	Population	Median Age	45.0	1	2	people
300479403052	Age	<18	0.248	1	1	percent
300479403052	Age	18-24	0.0528	1	2	percent
300479403052	Age	25-34	0.0501	1	3	percent
300479403052	Age	35-44	0.1491	1	4	percent
300479403052	Age	45-54	0.1951	1	5	percent
300479403052	Age	55-64	0.1152	1	6	percent
300479403052	Age	65+	0.1897	1	7	percent
300479403052	Economic	Median HH Income	47277.0	1	1	dollar
300479403052	Economic	Median Home Value	284700.0	1	2	dollar
300479403052	Education	No HS	0.0	1	1	percent
300479403052	Education	HS	0.1318	1	2	percent
300479403052	Education	Some College/2 Year	0.3585	1	3	percent
300479403052	Education	Bachelor	0.3043	1	4	percent
300479403052	Education	Higher Degree	0.2054	1	5	percent
300479403052	Income	0-29K	0.3215	1	1	percent
300479403052	Income	30-74K	0.2733	1	2	percent
300479403052	Income	75-99K	0.1576	1	3	percent
300479403052	Income	100-149K	0.1447	1	4	percent
300479403052	Income	150K+	0.1029	1	5	percent
300479403052	Race	African American	0.0	1	1	percent
300479403052	Race	Asian	0.0	1	2	percent
300479403052	Race	Hispanic	0.0095	1	3	percent
300479403052	Race	Other or Mixed	0.1098	1	4	percent
300479403052	Race	White	0.8808	1	5	percent
300479403062	Population	Population	1729	1	1	people
300479403062	Population	Median Age	52.9	1	2	people
300479403062	Age	<18	0.1816	1	1	percent
300479403062	Age	18-24	0.0434	1	2	percent
300479403062	Age	25-34	0.1157	1	3	percent
300479403062	Age	35-44	0.0966	1	4	percent
300479403062	Age	45-54	0.0769	1	5	percent
300479403062	Age	55-64	0.166	1	6	percent
300479403062	Age	65+	0.3198	1	7	percent
300479403062	Economic	Median HH Income	65685.0	1	1	dollar
300479403062	Economic	Median Home Value	369900.0	1	2	dollar
300479403062	Education	No HS	0.0918	1	1	percent
300479403062	Education	HS	0.2366	1	2	percent
300479403062	Education	Some College/2 Year	0.3142	1	3	percent
300479403062	Education	Bachelor	0.2716	1	4	percent
300479403062	Education	Higher Degree	0.0858	1	5	percent
300479403062	Income	0-29K	0.2581	1	1	percent
300479403062	Income	30-74K	0.3378	1	2	percent
300479403062	Income	75-99K	0.0708	1	3	percent
300479403062	Income	100-149K	0.1239	1	4	percent
300479403062	Income	150K+	0.2094	1	5	percent
300479403062	Race	African American	0.0	1	1	percent
300479403062	Race	Asian	0.004	1	2	percent
300479403062	Race	Hispanic	0.0087	1	3	percent
300479403062	Race	Other or Mixed	0.3557	1	4	percent
300479403062	Race	White	0.6316	1	5	percent
300479403071	Population	Population	743	1	1	people
300479403071	Population	Median Age	63.2	1	2	people
300479403071	Age	<18	0.1521	1	1	percent
300479403071	Age	18-24	0.0	1	2	percent
300479403071	Age	25-34	0.0552	1	3	percent
300479403071	Age	35-44	0.0525	1	4	percent
300479403071	Age	45-54	0.1817	1	5	percent
300479403071	Age	55-64	0.1494	1	6	percent
300479403071	Age	65+	0.4092	1	7	percent
300479403071	Economic	Median HH Income	61402.0	1	1	dollar
300479403071	Economic	Median Home Value	560900.0	1	2	dollar
300479403071	Education	No HS	0.0	1	1	percent
300479403071	Education	HS	0.1286	1	2	percent
300479403071	Education	Some College/2 Year	0.4429	1	3	percent
300479403071	Education	Bachelor	0.3429	1	4	percent
300479403071	Education	Higher Degree	0.0857	1	5	percent
300479403071	Income	0-29K	0.2385	1	1	percent
300479403071	Income	30-74K	0.4128	1	2	percent
300479403071	Income	75-99K	0.0	1	3	percent
300479403071	Income	100-149K	0.2936	1	4	percent
300479403071	Income	150K+	0.055	1	5	percent
300479403071	Race	African American	0.0	1	1	percent
300479403071	Race	Asian	0.0	1	2	percent
300479403071	Race	Hispanic	0.0	1	3	percent
300479403071	Race	Other or Mixed	0.1534	1	4	percent
300479403071	Race	White	0.8466	1	5	percent
300479403072	Population	Population	1614	1	1	people
300479403072	Population	Median Age	38.4	1	2	people
300479403072	Age	<18	0.2268	1	1	percent
300479403072	Age	18-24	0.1561	1	2	percent
300479403072	Age	25-34	0.0632	1	3	percent
300479403072	Age	35-44	0.1146	1	4	percent
300479403072	Age	45-54	0.1053	1	5	percent
300479403072	Age	55-64	0.223	1	6	percent
300479403072	Age	65+	0.1109	1	7	percent
300479403072	Economic	Median HH Income	42431.0	1	1	dollar
300479403072	Economic	Median Home Value	140400.0	1	2	dollar
300479403072	Education	No HS	0.1486	1	1	percent
300479403072	Education	HS	0.4157	1	2	percent
300479403072	Education	Some College/2 Year	0.2992	1	3	percent
300479403072	Education	Bachelor	0.1365	1	4	percent
300479403072	Education	Higher Degree	0.0	1	5	percent
300479403072	Income	0-29K	0.3084	1	1	percent
300479403072	Income	30-74K	0.3895	1	2	percent
300479403072	Income	75-99K	0.2099	1	3	percent
300479403072	Income	100-149K	0.0922	1	4	percent
300479403072	Income	150K+	0.0	1	5	percent
300479403072	Race	African American	0.0081	1	1	percent
300479403072	Race	Asian	0.0	1	2	percent
300479403072	Race	Hispanic	0.1004	1	3	percent
300479403072	Race	Other or Mixed	0.2949	1	4	percent
300479403072	Race	White	0.5967	1	5	percent
300479403073	Population	Population	1489	2	1	people
300479403073	Population	Median Age	40.9	2	2	people
300479403073	Age	<18	0.2532	2	1	percent
300479403073	Age	18-24	0.1256	2	2	percent
300479403073	Age	25-34	0.0591	2	3	percent
300479403073	Age	35-44	0.0745	2	4	percent
300479403073	Age	45-54	0.1034	2	5	percent
300479403073	Age	55-64	0.1451	2	6	percent
300479403073	Age	65+	0.2391	2	7	percent
300479403073	Economic	Median HH Income	66792.0	2	1	dollar
300479403073	Economic	Median Home Value	399200.0	2	2	dollar
300479403073	Education	No HS	0.0616	2	1	percent
300479403073	Education	HS	0.24	2	2	percent
300479403073	Education	Some College/2 Year	0.3038	2	3	percent
300479403073	Education	Bachelor	0.1741	2	4	percent
300479403073	Education	Higher Degree	0.2205	2	5	percent
300479403073	Income	0-29K	0.0301	2	1	percent
300479403073	Income	30-74K	0.5355	2	2	percent
300479403073	Income	75-99K	0.0452	2	3	percent
300479403073	Income	100-149K	0.1075	2	4	percent
300479403073	Income	150K+	0.2817	2	5	percent
300479403073	Race	African American	0.0	2	1	percent
300479403073	Race	Asian	0.0	2	2	percent
300479403073	Race	Hispanic	0.0343	2	3	percent
300479403073	Race	Other or Mixed	0.0302	2	4	percent
300479403073	Race	White	0.9355	2	5	percent
300479405001	Population	Population	1014	2	1	people
300479405001	Population	Median Age	47.9	2	2	people
300479405001	Age	<18	0.2751	2	1	percent
300479405001	Age	18-24	0.0286	2	2	percent
300479405001	Age	25-34	0.0306	2	3	percent
300479405001	Age	35-44	0.1223	2	4	percent
300479405001	Age	45-54	0.1509	2	5	percent
300479405001	Age	55-64	0.1746	2	6	percent
300479405001	Age	65+	0.2179	2	7	percent
300479405001	Economic	Median HH Income	61964.0	2	1	dollar
300479405001	Economic	Median Home Value	259200.0	2	2	dollar
300479405001	Education	No HS	0.0411	2	1	percent
300479405001	Education	HS	0.2904	2	2	percent
300479405001	Education	Some College/2 Year	0.289	2	3	percent
300479405001	Education	Bachelor	0.3258	2	4	percent
300479405001	Education	Higher Degree	0.0538	2	5	percent
300479405001	Income	0-29K	0.237	2	1	percent
300479405001	Income	30-74K	0.3432	2	2	percent
300479405001	Income	75-99K	0.1827	2	3	percent
300479405001	Income	100-149K	0.1383	2	4	percent
300479405001	Income	150K+	0.0988	2	5	percent
300479405001	Race	African American	0.0	2	1	percent
300479405001	Race	Asian	0.0	2	2	percent
300479405001	Race	Hispanic	0.0385	2	3	percent
300479405001	Race	Other or Mixed	0.2396	2	4	percent
300479405001	Race	White	0.7219	2	5	percent
300479405004	Population	Population	1038	1	1	people
300479405004	Population	Median Age	38.2	1	2	people
300479405004	Age	<18	0.2688	1	1	percent
300479405004	Age	18-24	0.0751	1	2	percent
300479405004	Age	25-34	0.1108	1	3	percent
300479405004	Age	35-44	0.1108	1	4	percent
300479405004	Age	45-54	0.106	1	5	percent
300479405004	Age	55-64	0.1214	1	6	percent
300479405004	Age	65+	0.2071	1	7	percent
300479405004	Economic	Median HH Income	32212.0	1	1	dollar
300479405004	Economic	Median Home Value	150400.0	1	2	dollar
300479405004	Education	No HS	0.0954	1	1	percent
300479405004	Education	HS	0.4273	1	2	percent
300479405004	Education	Some College/2 Year	0.3363	1	3	percent
300479405004	Education	Bachelor	0.1013	1	4	percent
300479405004	Education	Higher Degree	0.0396	1	5	percent
300479405004	Income	0-29K	0.4737	1	1	percent
300479405004	Income	30-74K	0.3547	1	2	percent
300479405004	Income	75-99K	0.1281	1	3	percent
300479405004	Income	100-149K	0.0435	1	4	percent
300479405004	Income	150K+	0.0	1	5	percent
300479405004	Race	African American	0.0058	1	1	percent
300479405004	Race	Asian	0.0154	1	2	percent
300479405004	Race	Hispanic	0.0915	1	3	percent
300479405004	Race	Other or Mixed	0.3661	1	4	percent
300479405004	Race	White	0.5212	1	5	percent
300479406001	Population	Population	1262	1	1	people
300479406001	Population	Median Age	39.1	1	2	people
300479406001	Age	<18	0.2187	1	1	percent
300479406001	Age	18-24	0.0499	1	2	percent
300479406001	Age	25-34	0.1545	1	3	percent
300479406001	Age	35-44	0.1521	1	4	percent
300479406001	Age	45-54	0.0436	1	5	percent
300479406001	Age	55-64	0.1418	1	6	percent
300479406001	Age	65+	0.2393	1	7	percent
300479406001	Economic	Median HH Income	74464.0	1	1	dollar
300479406001	Economic	Median Home Value	294300.0	1	2	dollar
300479406001	Education	No HS	0.0618	1	1	percent
300479406001	Education	HS	0.2817	1	2	percent
300479406001	Education	Some College/2 Year	0.3835	1	3	percent
300479406001	Education	Bachelor	0.1755	1	4	percent
300479406001	Education	Higher Degree	0.0975	1	5	percent
300479406001	Income	0-29K	0.1422	1	1	percent
300479406001	Income	30-74K	0.3642	1	2	percent
300479406001	Income	75-99K	0.1875	1	3	percent
300479406001	Income	100-149K	0.1422	1	4	percent
300479406001	Income	150K+	0.1638	1	5	percent
300479406001	Race	African American	0.0	1	1	percent
300479406001	Race	Asian	0.0143	1	2	percent
300479406001	Race	Hispanic	0.0642	1	3	percent
300479406001	Race	Other or Mixed	0.1609	1	4	percent
300479406001	Race	White	0.7607	1	5	percent
300479406003	Population	Population	1137	1	1	people
300479406003	Population	Median Age	47.3	1	2	people
300479406003	Age	<18	0.263	1	1	percent
300479406003	Age	18-24	0.0923	1	2	percent
300479406003	Age	25-34	0.0431	1	3	percent
300479406003	Age	35-44	0.08	1	4	percent
300479406003	Age	45-54	0.1821	1	5	percent
300479406003	Age	55-64	0.1372	1	6	percent
300479406003	Age	65+	0.2023	1	7	percent
300479406003	Economic	Median HH Income	45694.0	1	1	dollar
300479406003	Economic	Median Home Value	304600.0	1	2	dollar
300479406003	Education	No HS	0.1473	1	1	percent
300479406003	Education	HS	0.1814	1	2	percent
300479406003	Education	Some College/2 Year	0.4147	1	3	percent
300479406003	Education	Bachelor	0.1664	1	4	percent
300479406003	Education	Higher Degree	0.09	1	5	percent
300479406003	Income	0-29K	0.4092	1	1	percent
300479406003	Income	30-74K	0.2397	1	2	percent
300479406003	Income	75-99K	0.0896	1	3	percent
300479406003	Income	100-149K	0.0508	1	4	percent
300479406003	Income	150K+	0.2107	1	5	percent
300479406003	Race	African American	0.0114	1	1	percent
300479406003	Race	Asian	0.0	1	2	percent
300479406003	Race	Hispanic	0.0563	1	3	percent
300479406003	Race	Other or Mixed	0.3826	1	4	percent
300479406003	Race	White	0.5497	1	5	percent
300479407001	Population	Population	989	1	1	people
300479407001	Population	Median Age	37.6	1	2	people
300479407001	Age	<18	0.2406	1	1	percent
300479407001	Age	18-24	0.0627	1	2	percent
300479407001	Age	25-34	0.1689	1	3	percent
300479407001	Age	35-44	0.0607	1	4	percent
300479407001	Age	45-54	0.1345	1	5	percent
300479407001	Age	55-64	0.1264	1	6	percent
300479407001	Age	65+	0.2063	1	7	percent
300479407001	Economic	Median HH Income	61136.0	1	1	dollar
300479407001	Economic	Median Home Value	356700.0	1	2	dollar
300479407001	Education	No HS	0.09	1	1	percent
300479407001	Education	HS	0.3222	1	2	percent
300479407001	Education	Some College/2 Year	0.2888	1	3	percent
300479407001	Education	Bachelor	0.2743	1	4	percent
300479407001	Education	Higher Degree	0.0247	1	5	percent
300479407001	Income	0-29K	0.2049	1	1	percent
300479407001	Income	30-74K	0.3993	1	2	percent
300479407001	Income	75-99K	0.1806	1	3	percent
300479407001	Income	100-149K	0.1181	1	4	percent
300479407001	Income	150K+	0.0972	1	5	percent
300479407001	Race	African American	0.0	1	1	percent
300479407001	Race	Asian	0.0	1	2	percent
300479407001	Race	Hispanic	0.0526	1	3	percent
300479407001	Race	Other or Mixed	0.2609	1	4	percent
300479407001	Race	White	0.6866	1	5	percent
300479407002	Population	Population	1346	5	1	people
300479407002	Population	Median Age	38.4	5	2	people
300479407002	Age	<18	0.2422	5	1	percent
300479407002	Age	18-24	0.1092	5	2	percent
300479407002	Age	25-34	0.0721	5	3	percent
300479407002	Age	35-44	0.1679	5	4	percent
300479407002	Age	45-54	0.1062	5	5	percent
300479407002	Age	55-64	0.1434	5	6	percent
300479407002	Age	65+	0.159	5	7	percent
300479407002	Economic	Median HH Income	55721.0	5	1	dollar
300479407002	Economic	Median Home Value	192400.0	5	2	dollar
300479407002	Education	No HS	0.0962	5	1	percent
300479407002	Education	HS	0.2658	5	2	percent
300479407002	Education	Some College/2 Year	0.4364	5	3	percent
300479407002	Education	Bachelor	0.1203	5	4	percent
300479407002	Education	Higher Degree	0.0813	5	5	percent
300479407002	Income	0-29K	0.3191	5	1	percent
300479407002	Income	30-74K	0.3448	5	2	percent
300479407002	Income	75-99K	0.1328	5	3	percent
300479407002	Income	100-149K	0.137	5	4	percent
300479407002	Income	150K+	0.0664	5	5	percent
300479407002	Race	African American	0.0	5	1	percent
300479407002	Race	Asian	0.0	5	2	percent
300479407002	Race	Hispanic	0.0996	5	3	percent
300479407002	Race	Other or Mixed	0.4517	5	4	percent
300479407002	Race	White	0.4487	5	5	percent
300490003002	Population	Population	1587	1	1	people
300490003002	Population	Median Age	46.8	1	2	people
300490003002	Age	<18	0.1979	1	1	percent
300490003002	Age	18-24	0.0599	1	2	percent
300490003002	Age	25-34	0.1084	1	3	percent
300490003002	Age	35-44	0.1109	1	4	percent
300490003002	Age	45-54	0.1802	1	5	percent
300490003002	Age	55-64	0.1556	1	6	percent
300490003002	Age	65+	0.1871	1	7	percent
300490003002	Economic	Median HH Income	110469.0	1	1	dollar
300490003002	Economic	Median Home Value	368900.0	1	2	dollar
300490003002	Education	No HS	0.0289	1	1	percent
300490003002	Education	HS	0.2708	1	2	percent
300490003002	Education	Some College/2 Year	0.3302	1	3	percent
300490003002	Education	Bachelor	0.2199	1	4	percent
300490003002	Education	Higher Degree	0.1503	1	5	percent
300490003002	Income	0-29K	0.1841	1	1	percent
300490003002	Income	30-74K	0.2238	1	2	percent
300490003002	Income	75-99K	0.0556	1	3	percent
300490003002	Income	100-149K	0.2413	1	4	percent
300490003002	Income	150K+	0.2952	1	5	percent
300490003002	Race	African American	0.005	1	1	percent
300490003002	Race	Asian	0.0	1	2	percent
300490003002	Race	Hispanic	0.0076	1	3	percent
300490003002	Race	Other or Mixed	0.046	1	4	percent
300490003002	Race	White	0.9414	1	5	percent
300490005011	Population	Population	1909	1	1	people
300490005011	Population	Median Age	39.1	1	2	people
300490005011	Age	<18	0.2614	1	1	percent
300490005011	Age	18-24	0.0367	1	2	percent
300490005011	Age	25-34	0.1362	1	3	percent
300490005011	Age	35-44	0.1545	1	4	percent
300490005011	Age	45-54	0.1336	1	5	percent
300490005011	Age	55-64	0.1315	1	6	percent
300490005011	Age	65+	0.1461	1	7	percent
300490005011	Economic	Median HH Income	93173.0	1	1	dollar
300490005011	Economic	Median Home Value	288800.0	1	2	dollar
300490005011	Education	No HS	0.0231	1	1	percent
300490005011	Education	HS	0.2507	1	2	percent
300490005011	Education	Some College/2 Year	0.3582	1	3	percent
300490005011	Education	Bachelor	0.2149	1	4	percent
300490005011	Education	Higher Degree	0.153	1	5	percent
300490005011	Income	0-29K	0.0462	1	1	percent
300490005011	Income	30-74K	0.3699	1	2	percent
300490005011	Income	75-99K	0.1347	1	3	percent
300490005011	Income	100-149K	0.2787	1	4	percent
300490005011	Income	150K+	0.1704	1	5	percent
300490005011	Race	African American	0.0037	1	1	percent
300490005011	Race	Asian	0.0115	1	2	percent
300490005011	Race	Hispanic	0.0508	1	3	percent
300490005011	Race	Other or Mixed	0.0843	1	4	percent
300490005011	Race	White	0.8497	1	5	percent
300490005012	Population	Population	2560	1	1	people
300490005012	Population	Median Age	32.9	1	2	people
300490005012	Age	<18	0.3117	1	1	percent
300490005012	Age	18-24	0.0754	1	2	percent
300490005012	Age	25-34	0.1254	1	3	percent
300490005012	Age	35-44	0.1449	1	4	percent
300490005012	Age	45-54	0.0762	1	5	percent
300490005012	Age	55-64	0.1395	1	6	percent
300490005012	Age	65+	0.127	1	7	percent
300490005012	Economic	Median HH Income	67772.0	1	1	dollar
300490005012	Economic	Median Home Value	263200.0	1	2	dollar
300490005012	Education	No HS	0.0389	1	1	percent
300490005012	Education	HS	0.2282	1	2	percent
300490005012	Education	Some College/2 Year	0.3996	1	3	percent
300490005012	Education	Bachelor	0.1319	1	4	percent
300490005012	Education	Higher Degree	0.2014	1	5	percent
300490005012	Income	0-29K	0.1119	1	1	percent
300490005012	Income	30-74K	0.4311	1	2	percent
300490005012	Income	75-99K	0.1484	1	3	percent
300490005012	Income	100-149K	0.172	1	4	percent
300490005012	Income	150K+	0.1366	1	5	percent
300490005012	Race	African American	0.0098	1	1	percent
300490005012	Race	Asian	0.0	1	2	percent
300490005012	Race	Hispanic	0.034	1	3	percent
300490005012	Race	Other or Mixed	0.0637	1	4	percent
300490005012	Race	White	0.8926	1	5	percent
300490005042	Population	Population	1395	2	1	people
300490005042	Population	Median Age	36.2	2	2	people
300490005042	Age	<18	0.2609	2	1	percent
300490005042	Age	18-24	0.0609	2	2	percent
300490005042	Age	25-34	0.1448	2	3	percent
300490005042	Age	35-44	0.1892	2	4	percent
300490005042	Age	45-54	0.0151	2	5	percent
300490005042	Age	55-64	0.1477	2	6	percent
300490005042	Age	65+	0.1814	2	7	percent
300490005042	Economic	Median HH Income	72733.0	2	1	dollar
300490005042	Economic	Median Home Value	265000.0	2	2	dollar
300490005042	Education	No HS	0.0698	2	1	percent
300490005042	Education	HS	0.1892	2	2	percent
300490005042	Education	Some College/2 Year	0.3214	2	3	percent
300490005042	Education	Bachelor	0.2273	2	4	percent
300490005042	Education	Higher Degree	0.1924	2	5	percent
300490005042	Income	0-29K	0.0701	2	1	percent
300490005042	Income	30-74K	0.5435	2	2	percent
300490005042	Income	75-99K	0.1911	2	3	percent
300490005042	Income	100-149K	0.0658	2	4	percent
300490005042	Income	150K+	0.1295	2	5	percent
300490005042	Race	African American	0.0	2	1	percent
300490005042	Race	Asian	0.0151	2	2	percent
300490005042	Race	Hispanic	0.0	2	3	percent
300490005042	Race	Other or Mixed	0.1068	2	4	percent
300490005042	Race	White	0.8781	2	5	percent
300490007022	Population	Population	849	1	1	people
300490007022	Population	Median Age	36.3	1	2	people
300490007022	Age	<18	0.2344	1	1	percent
300490007022	Age	18-24	0.1154	1	2	percent
300490007022	Age	25-34	0.1378	1	3	percent
300490007022	Age	35-44	0.232	1	4	percent
300490007022	Age	45-54	0.0495	1	5	percent
300490007022	Age	55-64	0.1519	1	6	percent
300490007022	Age	65+	0.0789	1	7	percent
300490007022	Economic	Median HH Income	104543.0	1	1	dollar
300490007022	Economic	Median Home Value	370800.0	1	2	dollar
300490007022	Education	No HS	0.0	1	1	percent
300490007022	Education	HS	0.2246	1	2	percent
300490007022	Education	Some College/2 Year	0.2808	1	3	percent
300490007022	Education	Bachelor	0.2935	1	4	percent
300490007022	Education	Higher Degree	0.2011	1	5	percent
300490007022	Income	0-29K	0.056	1	1	percent
300490007022	Income	30-74K	0.3097	1	2	percent
300490007022	Income	75-99K	0.0354	1	3	percent
300490007022	Income	100-149K	0.233	1	4	percent
300490007022	Income	150K+	0.3658	1	5	percent
300490007022	Race	African American	0.0	1	1	percent
300490007022	Race	Asian	0.0	1	2	percent
300490007022	Race	Hispanic	0.0	1	3	percent
300490007022	Race	Other or Mixed	0.0	1	4	percent
300490007022	Race	White	1.0	1	5	percent
300490008001	Population	Population	1029	2	1	people
300490008001	Population	Median Age	54.5	2	2	people
300490008001	Age	<18	0.0515	2	1	percent
300490008001	Age	18-24	0.0457	2	2	percent
300490008001	Age	25-34	0.2119	2	3	percent
300490008001	Age	35-44	0.1322	2	4	percent
300490008001	Age	45-54	0.0787	2	5	percent
300490008001	Age	55-64	0.1944	2	6	percent
300490008001	Age	65+	0.2857	2	7	percent
300490008001	Economic	Median HH Income	44975.0	2	1	dollar
300490008001	Economic	Median Home Value	303300.0	2	2	dollar
300490008001	Education	No HS	0.0474	2	1	percent
300490008001	Education	HS	0.1636	2	2	percent
300490008001	Education	Some College/2 Year	0.3111	2	3	percent
300490008001	Education	Bachelor	0.2992	2	4	percent
300490008001	Education	Higher Degree	0.1787	2	5	percent
300490008001	Income	0-29K	0.3353	2	1	percent
300490008001	Income	30-74K	0.3293	2	2	percent
300490008001	Income	75-99K	0.1398	2	3	percent
300490008001	Income	100-149K	0.0947	2	4	percent
300490008001	Income	150K+	0.1008	2	5	percent
300490008001	Race	African American	0.0	2	1	percent
300490008001	Race	Asian	0.0078	2	2	percent
300490008001	Race	Hispanic	0.0379	2	3	percent
300490008001	Race	Other or Mixed	0.0554	2	4	percent
300490008001	Race	White	0.8989	2	5	percent
300490008004	Population	Population	1001	1	1	people
300490008004	Population	Median Age	43.8	1	2	people
300490008004	Age	<18	0.0519	1	1	percent
300490008004	Age	18-24	0.2118	1	2	percent
300490008004	Age	25-34	0.1299	1	3	percent
300490008004	Age	35-44	0.1209	1	4	percent
300490008004	Age	45-54	0.1578	1	5	percent
300490008004	Age	55-64	0.1369	1	6	percent
300490008004	Age	65+	0.1908	1	7	percent
300490008004	Economic	Median HH Income	36591.0	1	1	dollar
300490008004	Economic	Median Home Value	245300.0	1	2	dollar
300490008004	Education	No HS	0.1153	1	1	percent
300490008004	Education	HS	0.2687	1	2	percent
300490008004	Education	Some College/2 Year	0.1872	1	3	percent
300490008004	Education	Bachelor	0.2592	1	4	percent
300490008004	Education	Higher Degree	0.1696	1	5	percent
300490008004	Income	0-29K	0.3885	1	1	percent
300490008004	Income	30-74K	0.3777	1	2	percent
300490008004	Income	75-99K	0.1025	1	3	percent
300490008004	Income	100-149K	0.0755	1	4	percent
300490008004	Income	150K+	0.0558	1	5	percent
300490008004	Race	African American	0.04	1	1	percent
300490008004	Race	Asian	0.002	1	2	percent
300490008004	Race	Hispanic	0.041	1	3	percent
300490008004	Race	Other or Mixed	0.1678	1	4	percent
300490008004	Race	White	0.7493	1	5	percent
300490011021	Population	Population	726	1	1	people
300490011021	Population	Median Age	31.5	1	2	people
300490011021	Age	<18	0.4353	1	1	percent
300490011021	Age	18-24	0.0	1	2	percent
300490011021	Age	25-34	0.1419	1	3	percent
300490011021	Age	35-44	0.1598	1	4	percent
300490011021	Age	45-54	0.0399	1	5	percent
300490011021	Age	55-64	0.1364	1	6	percent
300490011021	Age	65+	0.0868	1	7	percent
300490011021	Economic	Median HH Income	-6.66666666E8	1	1	dollar
300490011021	Economic	Median Home Value	268600.0	1	2	dollar
300490011021	Education	No HS	0.0	1	1	percent
300490011021	Education	HS	0.0634	1	2	percent
300490011021	Education	Some College/2 Year	0.5024	1	3	percent
300490011021	Education	Bachelor	0.2732	1	4	percent
300490011021	Education	Higher Degree	0.161	1	5	percent
300490011021	Income	0-29K	0.1805	1	1	percent
300490011021	Income	30-74K	0.3496	1	2	percent
300490011021	Income	75-99K	0.0414	1	3	percent
300490011021	Income	100-149K	0.0602	1	4	percent
300490011021	Income	150K+	0.3684	1	5	percent
300490011021	Race	African American	0.0	1	1	percent
300490011021	Race	Asian	0.0165	1	2	percent
300490011021	Race	Hispanic	0.0193	1	3	percent
300490011021	Race	Other or Mixed	0.0909	1	4	percent
300490011021	Race	White	0.8733	1	5	percent
300490012012	Population	Population	773	1	1	people
300490012012	Population	Median Age	34.9	1	2	people
300490012012	Age	<18	0.2432	1	1	percent
300490012012	Age	18-24	0.044	1	2	percent
300490012012	Age	25-34	0.2186	1	3	percent
300490012012	Age	35-44	0.0556	1	4	percent
300490012012	Age	45-54	0.1332	1	5	percent
300490012012	Age	55-64	0.163	1	6	percent
300490012012	Age	65+	0.1423	1	7	percent
300490012012	Economic	Median HH Income	52321.0	1	1	dollar
300490012012	Economic	Median Home Value	208900.0	1	2	dollar
300490012012	Education	No HS	0.2196	1	1	percent
300490012012	Education	HS	0.3684	1	2	percent
300490012012	Education	Some College/2 Year	0.2813	1	3	percent
300490012012	Education	Bachelor	0.1307	1	4	percent
300490012012	Education	Higher Degree	0.0	1	5	percent
300490012012	Income	0-29K	0.3186	1	1	percent
300490012012	Income	30-74K	0.3064	1	2	percent
300490012012	Income	75-99K	0.3186	1	3	percent
300490012012	Income	100-149K	0.0564	1	4	percent
300490012012	Income	150K+	0.0	1	5	percent
300490012012	Race	African American	0.0	1	1	percent
300490012012	Race	Asian	0.0	1	2	percent
300490012012	Race	Hispanic	0.0621	1	3	percent
300490012012	Race	Other or Mixed	0.0116	1	4	percent
300490012012	Race	White	0.9263	1	5	percent
300490012021	Population	Population	1601	1	1	people
300490012021	Population	Median Age	54.2	1	2	people
300490012021	Age	<18	0.1243	1	1	percent
300490012021	Age	18-24	0.0943	1	2	percent
300490012021	Age	25-34	0.0593	1	3	percent
300490012021	Age	35-44	0.1118	1	4	percent
300490012021	Age	45-54	0.1324	1	5	percent
300490012021	Age	55-64	0.208	1	6	percent
300490012021	Age	65+	0.2698	1	7	percent
300490012021	Economic	Median HH Income	90172.0	1	1	dollar
300490012021	Economic	Median Home Value	332700.0	1	2	dollar
300490012021	Education	No HS	0.052	1	1	percent
300490012021	Education	HS	0.2774	1	2	percent
300490012021	Education	Some College/2 Year	0.2598	1	3	percent
300490012021	Education	Bachelor	0.2742	1	4	percent
300490012021	Education	Higher Degree	0.1367	1	5	percent
300490012021	Income	0-29K	0.1537	1	1	percent
300490012021	Income	30-74K	0.2904	1	2	percent
300490012021	Income	75-99K	0.1661	1	3	percent
300490012021	Income	100-149K	0.2283	1	4	percent
300490012021	Income	150K+	0.1615	1	5	percent
300490012021	Race	African American	0.0	1	1	percent
300490012021	Race	Asian	0.0	1	2	percent
300490012021	Race	Hispanic	0.0443	1	3	percent
300490012021	Race	Other or Mixed	0.0881	1	4	percent
300490012021	Race	White	0.8676	1	5	percent
300510501002	Population	Population	1232	1	1	people
300510501002	Population	Median Age	39.4	1	2	people
300510501002	Age	<18	0.2321	1	1	percent
300510501002	Age	18-24	0.0333	1	2	percent
300510501002	Age	25-34	0.1477	1	3	percent
300510501002	Age	35-44	0.1615	1	4	percent
300510501002	Age	45-54	0.0763	1	5	percent
300510501002	Age	55-64	0.1071	1	6	percent
300510501002	Age	65+	0.2419	1	7	percent
300510501002	Economic	Median HH Income	52361.0	1	1	dollar
300510501002	Economic	Median Home Value	115700.0	1	2	dollar
300510501002	Education	No HS	0.2497	1	1	percent
300510501002	Education	HS	0.1945	1	2	percent
300510501002	Education	Some College/2 Year	0.274	1	3	percent
300510501002	Education	Bachelor	0.1956	1	4	percent
300510501002	Education	Higher Degree	0.0862	1	5	percent
300510501002	Income	0-29K	0.2801	1	1	percent
300510501002	Income	30-74K	0.3063	1	2	percent
300510501002	Income	75-99K	0.1335	1	3	percent
300510501002	Income	100-149K	0.1575	1	4	percent
300510501002	Income	150K+	0.1225	1	5	percent
300510501002	Race	African American	0.0	1	1	percent
300510501002	Race	Asian	0.0	1	2	percent
300510501002	Race	Hispanic	0.0057	1	3	percent
300510501002	Race	Other or Mixed	0.0081	1	4	percent
300510501002	Race	White	0.9862	1	5	percent
300530001003	Population	Population	1116	1	1	people
300530001003	Population	Median Age	45.5	1	2	people
300530001003	Age	<18	0.1765	1	1	percent
300530001003	Age	18-24	0.0448	1	2	percent
300530001003	Age	25-34	0.1138	1	3	percent
300530001003	Age	35-44	0.1452	1	4	percent
300530001003	Age	45-54	0.0869	1	5	percent
300530001003	Age	55-64	0.1237	1	6	percent
300530001003	Age	65+	0.3091	1	7	percent
300530001003	Economic	Median HH Income	39250.0	1	1	dollar
300530001003	Economic	Median Home Value	193600.0	1	2	dollar
300530001003	Education	No HS	0.0161	1	1	percent
300530001003	Education	HS	0.4419	1	2	percent
300530001003	Education	Some College/2 Year	0.3671	1	3	percent
300530001003	Education	Bachelor	0.1231	1	4	percent
300530001003	Education	Higher Degree	0.0518	1	5	percent
300530001003	Income	0-29K	0.4027	1	1	percent
300530001003	Income	30-74K	0.2308	1	2	percent
300530001003	Income	75-99K	0.0905	1	3	percent
300530001003	Income	100-149K	0.2172	1	4	percent
300530001003	Income	150K+	0.0588	1	5	percent
300530001003	Race	African American	0.0	1	1	percent
300530001003	Race	Asian	0.0018	1	2	percent
300530001003	Race	Hispanic	0.0099	1	3	percent
300530001003	Race	Other or Mixed	0.0099	1	4	percent
300530001003	Race	White	0.9785	1	5	percent
300530002002	Population	Population	556	1	1	people
300530002002	Population	Median Age	59.8	1	2	people
300530002002	Age	<18	0.0216	1	1	percent
300530002002	Age	18-24	0.0252	1	2	percent
300530002002	Age	25-34	0.0	1	3	percent
300530002002	Age	35-44	0.1331	1	4	percent
300530002002	Age	45-54	0.1601	1	5	percent
300530002002	Age	55-64	0.2788	1	6	percent
300530002002	Age	65+	0.3813	1	7	percent
300530002002	Economic	Median HH Income	31597.0	1	1	dollar
300530002002	Economic	Median Home Value	156400.0	1	2	dollar
300530002002	Education	No HS	0.2038	1	1	percent
300530002002	Education	HS	0.3132	1	2	percent
300530002002	Education	Some College/2 Year	0.2604	1	3	percent
300530002002	Education	Bachelor	0.1321	1	4	percent
300530002002	Education	Higher Degree	0.0906	1	5	percent
300530002002	Income	0-29K	0.4594	1	1	percent
300530002002	Income	30-74K	0.3428	1	2	percent
300530002002	Income	75-99K	0.0707	1	3	percent
300530002002	Income	100-149K	0.1272	1	4	percent
300530002002	Income	150K+	0.0	1	5	percent
300530002002	Race	African American	0.0	1	1	percent
300530002002	Race	Asian	0.0	1	2	percent
300530002002	Race	Hispanic	0.0396	1	3	percent
300530002002	Race	Other or Mixed	0.0953	1	4	percent
300530002002	Race	White	0.8651	1	5	percent
300570001021	Population	Population	1595	2	1	people
300570001021	Population	Median Age	52.1	2	2	people
300570001021	Age	<18	0.0984	2	1	percent
300570001021	Age	18-24	0.0489	2	2	percent
300570001021	Age	25-34	0.1831	2	3	percent
300570001021	Age	35-44	0.1166	2	4	percent
300570001021	Age	45-54	0.0721	2	5	percent
300570001021	Age	55-64	0.1843	2	6	percent
300570001021	Age	65+	0.2966	2	7	percent
300570001021	Economic	Median HH Income	47024.0	2	1	dollar
300570001021	Economic	Median Home Value	339800.0	2	2	dollar
300570001021	Education	No HS	0.0382	2	1	percent
300570001021	Education	HS	0.1735	2	2	percent
300570001021	Education	Some College/2 Year	0.3941	2	3	percent
300570001021	Education	Bachelor	0.2485	2	4	percent
300570001021	Education	Higher Degree	0.1456	2	5	percent
300570001021	Income	0-29K	0.1891	2	1	percent
300570001021	Income	30-74K	0.4883	2	2	percent
300570001021	Income	75-99K	0.0543	2	3	percent
300570001021	Income	100-149K	0.1716	2	4	percent
300570001021	Income	150K+	0.0968	2	5	percent
300570001021	Race	African American	0.0	2	1	percent
300570001021	Race	Asian	0.0	2	2	percent
300570001021	Race	Hispanic	0.0959	2	3	percent
300570001021	Race	Other or Mixed	0.0219	2	4	percent
300570001021	Race	White	0.8821	2	5	percent
300619645001	Population	Population	1117	4	1	people
300619645001	Population	Median Age	54.7	4	2	people
300619645001	Age	<18	0.1656	4	1	percent
300619645001	Age	18-24	0.0483	4	2	percent
300619645001	Age	25-34	0.0457	4	3	percent
300619645001	Age	35-44	0.12	4	4	percent
300619645001	Age	45-54	0.1244	4	5	percent
300619645001	Age	55-64	0.1773	4	6	percent
300619645001	Age	65+	0.3187	4	7	percent
300619645001	Economic	Median HH Income	55357.0	4	1	dollar
300619645001	Economic	Median Home Value	215500.0	4	2	dollar
300619645001	Education	No HS	0.0923	4	1	percent
300619645001	Education	HS	0.3736	4	2	percent
300619645001	Education	Some College/2 Year	0.2973	4	3	percent
300619645001	Education	Bachelor	0.1845	4	4	percent
300619645001	Education	Higher Degree	0.0524	4	5	percent
300619645001	Income	0-29K	0.2124	4	1	percent
300619645001	Income	30-74K	0.5973	4	2	percent
300619645001	Income	75-99K	0.073	4	3	percent
300619645001	Income	100-149K	0.0929	4	4	percent
300619645001	Income	150K+	0.0243	4	5	percent
300619645001	Race	African American	0.0	4	1	percent
300619645001	Race	Asian	0.0179	4	2	percent
300619645001	Race	Hispanic	0.0385	4	3	percent
300619645001	Race	Other or Mixed	0.034	4	4	percent
300619645001	Race	White	0.9096	4	5	percent
300619645002	Population	Population	1139	4	1	people
300619645002	Population	Median Age	41.1	4	2	people
300619645002	Age	<18	0.2274	4	1	percent
300619645002	Age	18-24	0.0272	4	2	percent
300619645002	Age	25-34	0.1317	4	3	percent
300619645002	Age	35-44	0.1317	4	4	percent
300619645002	Age	45-54	0.1335	4	5	percent
300619645002	Age	55-64	0.1449	4	6	percent
300619645002	Age	65+	0.2037	4	7	percent
300619645002	Economic	Median HH Income	51047.0	4	1	dollar
300619645002	Economic	Median Home Value	236700.0	4	2	dollar
300619645002	Education	No HS	0.0589	4	1	percent
300619645002	Education	HS	0.318	4	2	percent
300619645002	Education	Some College/2 Year	0.371	4	3	percent
300619645002	Education	Bachelor	0.192	4	4	percent
300619645002	Education	Higher Degree	0.0601	4	5	percent
300619645002	Income	0-29K	0.2428	4	1	percent
300619645002	Income	30-74K	0.4177	4	2	percent
300619645002	Income	75-99K	0.0885	4	3	percent
300619645002	Income	100-149K	0.1584	4	4	percent
300619645002	Income	150K+	0.0926	4	5	percent
300619645002	Race	African American	0.014	4	1	percent
300619645002	Race	Asian	0.0088	4	2	percent
300619645002	Race	Hispanic	0.0132	4	3	percent
300619645002	Race	Other or Mixed	0.0957	4	4	percent
300619645002	Race	White	0.8683	4	5	percent
300619646001	Population	Population	936	2	1	people
300619646001	Population	Median Age	58.0	2	2	people
300619646001	Age	<18	0.1261	2	1	percent
300619646001	Age	18-24	0.0673	2	2	percent
300619646001	Age	25-34	0.0726	2	3	percent
300619646001	Age	35-44	0.0705	2	4	percent
300619646001	Age	45-54	0.1175	2	5	percent
300619646001	Age	55-64	0.2596	2	6	percent
300619646001	Age	65+	0.2863	2	7	percent
300619646001	Economic	Median HH Income	48977.0	2	1	dollar
300619646001	Economic	Median Home Value	163900.0	2	2	dollar
300619646001	Education	No HS	0.0344	2	1	percent
300619646001	Education	HS	0.4026	2	2	percent
300619646001	Education	Some College/2 Year	0.4397	2	3	percent
300619646001	Education	Bachelor	0.0675	2	4	percent
300619646001	Education	Higher Degree	0.0556	2	5	percent
300619646001	Income	0-29K	0.2424	2	1	percent
300619646001	Income	30-74K	0.5758	2	2	percent
300619646001	Income	75-99K	0.1002	2	3	percent
300619646001	Income	100-149K	0.0513	2	4	percent
300619646001	Income	150K+	0.0303	2	5	percent
300619646001	Race	African American	0.0021	2	1	percent
300619646001	Race	Asian	0.0	2	2	percent
300619646001	Race	Hispanic	0.0171	2	3	percent
300619646001	Race	Other or Mixed	0.0737	2	4	percent
300619646001	Race	White	0.9071	2	5	percent
300619646002	Population	Population	870	1	1	people
300619646002	Population	Median Age	39.3	1	2	people
300619646002	Age	<18	0.308	1	1	percent
300619646002	Age	18-24	0.0333	1	2	percent
300619646002	Age	25-34	0.1	1	3	percent
300619646002	Age	35-44	0.0885	1	4	percent
300619646002	Age	45-54	0.0552	1	5	percent
300619646002	Age	55-64	0.1034	1	6	percent
300619646002	Age	65+	0.3115	1	7	percent
300619646002	Economic	Median HH Income	72625.0	1	1	dollar
300619646002	Economic	Median Home Value	262500.0	1	2	dollar
300619646002	Education	No HS	0.0803	1	1	percent
300619646002	Education	HS	0.26	1	2	percent
300619646002	Education	Some College/2 Year	0.2443	1	3	percent
300619646002	Education	Bachelor	0.3508	1	4	percent
300619646002	Education	Higher Degree	0.0646	1	5	percent
300619646002	Income	0-29K	0.2047	1	1	percent
300619646002	Income	30-74K	0.3202	1	2	percent
300619646002	Income	75-99K	0.0394	1	3	percent
300619646002	Income	100-149K	0.0892	1	4	percent
300619646002	Income	150K+	0.3465	1	5	percent
300619646002	Race	African American	0.0103	1	1	percent
300619646002	Race	Asian	0.0	1	2	percent
300619646002	Race	Hispanic	0.0126	1	3	percent
300619646002	Race	Other or Mixed	0.0218	1	4	percent
300619646002	Race	White	0.9552	1	5	percent
300630001001	Population	Population	1756	9	1	people
300630001001	Population	Median Age	44.6	9	2	people
300630001001	Age	<18	0.1418	9	1	percent
300630001001	Age	18-24	0.1452	9	2	percent
300630001001	Age	25-34	0.1019	9	3	percent
300630001001	Age	35-44	0.1418	9	4	percent
300630001001	Age	45-54	0.0814	9	5	percent
300630001001	Age	55-64	0.1475	9	6	percent
300630001001	Age	65+	0.2403	9	7	percent
300630001001	Economic	Median HH Income	123813.0	9	1	dollar
300630001001	Economic	Median Home Value	506500.0	9	2	dollar
300630001001	Education	No HS	0.0	9	1	percent
300630001001	Education	HS	0.1062	9	2	percent
300630001001	Education	Some College/2 Year	0.2181	9	3	percent
300630001001	Education	Bachelor	0.3267	9	4	percent
300630001001	Education	Higher Degree	0.349	9	5	percent
300630001001	Income	0-29K	0.0218	9	1	percent
300630001001	Income	30-74K	0.2898	9	2	percent
300630001001	Income	75-99K	0.1139	9	3	percent
300630001001	Income	100-149K	0.1759	9	4	percent
300630001001	Income	150K+	0.3987	9	5	percent
300630001001	Race	African American	0.0108	9	1	percent
300630001001	Race	Asian	0.1708	9	2	percent
300630001001	Race	Hispanic	0.1185	9	3	percent
300630001001	Race	Other or Mixed	0.0	9	4	percent
300630001001	Race	White	0.6999	9	5	percent
300630001002	Population	Population	1416	14	1	people
300630001002	Population	Median Age	43.2	14	2	people
300630001002	Age	<18	0.2895	14	1	percent
300630001002	Age	18-24	0.0381	14	2	percent
300630001002	Age	25-34	0.0989	14	3	percent
300630001002	Age	35-44	0.1716	14	4	percent
300630001002	Age	45-54	0.0904	14	5	percent
300630001002	Age	55-64	0.1102	14	6	percent
300630001002	Age	65+	0.2013	14	7	percent
300630001002	Economic	Median HH Income	102619.0	14	1	dollar
300630001002	Economic	Median Home Value	398200.0	14	2	dollar
300630001002	Education	No HS	0.0105	14	1	percent
300630001002	Education	HS	0.1061	14	2	percent
300630001002	Education	Some College/2 Year	0.1943	14	3	percent
300630001002	Education	Bachelor	0.3887	14	4	percent
300630001002	Education	Higher Degree	0.3004	14	5	percent
300630001002	Income	0-29K	0.0605	14	1	percent
300630001002	Income	30-74K	0.2884	14	2	percent
300630001002	Income	75-99K	0.1465	14	3	percent
300630001002	Income	100-149K	0.2628	14	4	percent
300630001002	Income	150K+	0.2419	14	5	percent
300630001002	Race	African American	0.0	14	1	percent
300630001002	Race	Asian	0.0169	14	2	percent
300630001002	Race	Hispanic	0.0233	14	3	percent
300630001002	Race	Other or Mixed	0.101	14	4	percent
300630001002	Race	White	0.8588	14	5	percent
300630001003	Population	Population	948	5	1	people
300630001003	Population	Median Age	24.6	5	2	people
300630001003	Age	<18	0.058	5	1	percent
300630001003	Age	18-24	0.5084	5	2	percent
300630001003	Age	25-34	0.1646	5	3	percent
300630001003	Age	35-44	0.0549	5	4	percent
300630001003	Age	45-54	0.1287	5	5	percent
300630001003	Age	55-64	0.0338	5	6	percent
300630001003	Age	65+	0.0517	5	7	percent
300630001003	Economic	Median HH Income	26119.0	5	1	dollar
300630001003	Economic	Median Home Value	376200.0	5	2	dollar
300630001003	Education	No HS	0.0	5	1	percent
300630001003	Education	HS	0.0389	5	2	percent
300630001003	Education	Some College/2 Year	0.3382	5	3	percent
300630001003	Education	Bachelor	0.3844	5	4	percent
300630001003	Education	Higher Degree	0.2384	5	5	percent
300630001003	Income	0-29K	0.6008	5	1	percent
300630001003	Income	30-74K	0.3142	5	2	percent
300630001003	Income	75-99K	0.0149	5	3	percent
300630001003	Income	100-149K	0.0	5	4	percent
300630001003	Income	150K+	0.0701	5	5	percent
300630001003	Race	African American	0.0	5	1	percent
300630001003	Race	Asian	0.0454	5	2	percent
300630001003	Race	Hispanic	0.0169	5	3	percent
300630001003	Race	Other or Mixed	0.0	5	4	percent
300630001003	Race	White	0.9378	5	5	percent
300630001004	Population	Population	581	10	1	people
300630001004	Population	Median Age	34.8	10	2	people
300630001004	Age	<18	0.222	10	1	percent
300630001004	Age	18-24	0.043	10	2	percent
300630001004	Age	25-34	0.2392	10	3	percent
300630001004	Age	35-44	0.1773	10	4	percent
300630001004	Age	45-54	0.0172	10	5	percent
300630001004	Age	55-64	0.2048	10	6	percent
300630001004	Age	65+	0.0964	10	7	percent
300630001004	Economic	Median HH Income	-6.66666666E8	10	1	dollar
300630001004	Economic	Median Home Value	-6.66666666E8	10	2	dollar
300630001004	Education	No HS	0.1148	10	1	percent
300630001004	Education	HS	0.2529	10	2	percent
300630001004	Education	Some College/2 Year	0.2319	10	3	percent
300630001004	Education	Bachelor	0.3653	10	4	percent
300630001004	Education	Higher Degree	0.0351	10	5	percent
300630001004	Income	0-29K	0.4362	10	1	percent
300630001004	Income	30-74K	0.5067	10	2	percent
300630001004	Income	75-99K	0.057	10	3	percent
300630001004	Income	100-149K	0.0	10	4	percent
300630001004	Income	150K+	0.0	10	5	percent
300630001004	Race	African American	0.0207	10	1	percent
300630001004	Race	Asian	0.1463	10	2	percent
300630001004	Race	Hispanic	0.2874	10	3	percent
300630001004	Race	Other or Mixed	0.1153	10	4	percent
300630001004	Race	White	0.4303	10	5	percent
300630001005	Population	Population	2199	13	1	people
300630001005	Population	Median Age	36.5	13	2	people
300630001005	Age	<18	0.1537	13	1	percent
300630001005	Age	18-24	0.1824	13	2	percent
300630001005	Age	25-34	0.1587	13	3	percent
300630001005	Age	35-44	0.0982	13	4	percent
300630001005	Age	45-54	0.1364	13	5	percent
300630001005	Age	55-64	0.1032	13	6	percent
300630001005	Age	65+	0.1673	13	7	percent
300630001005	Economic	Median HH Income	101000.0	13	1	dollar
300630001005	Economic	Median Home Value	477000.0	13	2	dollar
300630001005	Education	No HS	0.0082	13	1	percent
300630001005	Education	HS	0.111	13	2	percent
300630001005	Education	Some College/2 Year	0.2158	13	3	percent
300630001005	Education	Bachelor	0.2973	13	4	percent
300630001005	Education	Higher Degree	0.3678	13	5	percent
300630001005	Income	0-29K	0.1923	13	1	percent
300630001005	Income	30-74K	0.1406	13	2	percent
300630001005	Income	75-99K	0.1512	13	3	percent
300630001005	Income	100-149K	0.3117	13	4	percent
300630001005	Income	150K+	0.2042	13	5	percent
300630001005	Race	African American	0.0	13	1	percent
300630001005	Race	Asian	0.0077	13	2	percent
300630001005	Race	Hispanic	0.0732	13	3	percent
300630001005	Race	Other or Mixed	0.0	13	4	percent
300630001005	Race	White	0.9191	13	5	percent
300630002031	Population	Population	1424	17	1	people
300630002031	Population	Median Age	37.1	17	2	people
300630002031	Age	<18	0.0499	17	1	percent
300630002031	Age	18-24	0.0	17	2	percent
300630002031	Age	25-34	0.3392	17	3	percent
300630002031	Age	35-44	0.3954	17	4	percent
300630002031	Age	45-54	0.0744	17	5	percent
300630002031	Age	55-64	0.0962	17	6	percent
300630002031	Age	65+	0.0449	17	7	percent
300630002031	Economic	Median HH Income	82596.0	17	1	dollar
300630002031	Economic	Median Home Value	275100.0	17	2	dollar
300630002031	Education	No HS	0.0	17	1	percent
300630002031	Education	HS	0.065	17	2	percent
300630002031	Education	Some College/2 Year	0.1101	17	3	percent
300630002031	Education	Bachelor	0.5041	17	4	percent
300630002031	Education	Higher Degree	0.3208	17	5	percent
300630002031	Income	0-29K	0.0581	17	1	percent
300630002031	Income	30-74K	0.4413	17	2	percent
300630002031	Income	75-99K	0.3984	17	3	percent
300630002031	Income	100-149K	0.0767	17	4	percent
300630002031	Income	150K+	0.0256	17	5	percent
300630002031	Race	African American	0.0	17	1	percent
300630002031	Race	Asian	0.0	17	2	percent
300630002031	Race	Hispanic	0.059	17	3	percent
300630002031	Race	Other or Mixed	0.0302	17	4	percent
300630002031	Race	White	0.9108	17	5	percent
300630002032	Population	Population	2065	9	1	people
300630002032	Population	Median Age	30.7	9	2	people
300630002032	Age	<18	0.2044	9	1	percent
300630002032	Age	18-24	0.1327	9	2	percent
300630002032	Age	25-34	0.3482	9	3	percent
300630002032	Age	35-44	0.0726	9	4	percent
300630002032	Age	45-54	0.1022	9	5	percent
300630002032	Age	55-64	0.0586	9	6	percent
300630002032	Age	65+	0.0814	9	7	percent
300630002032	Economic	Median HH Income	46262.0	9	1	dollar
300630002032	Economic	Median Home Value	203600.0	9	2	dollar
300630002032	Education	No HS	0.0	9	1	percent
300630002032	Education	HS	0.2557	9	2	percent
300630002032	Education	Some College/2 Year	0.3338	9	3	percent
300630002032	Education	Bachelor	0.3367	9	4	percent
300630002032	Education	Higher Degree	0.0738	9	5	percent
300630002032	Income	0-29K	0.3037	9	1	percent
300630002032	Income	30-74K	0.5035	9	2	percent
300630002032	Income	75-99K	0.1219	9	3	percent
300630002032	Income	100-149K	0.0709	9	4	percent
300630002032	Income	150K+	0.0	9	5	percent
300630002032	Race	African American	0.0	9	1	percent
300630002032	Race	Asian	0.0	9	2	percent
300630002032	Race	Hispanic	0.1361	9	3	percent
300630002032	Race	Other or Mixed	0.0203	9	4	percent
300630002032	Race	White	0.8436	9	5	percent
300630002033	Population	Population	1184	12	1	people
300630002033	Population	Median Age	33.2	12	2	people
300630002033	Age	<18	0.3345	12	1	percent
300630002033	Age	18-24	0.0608	12	2	percent
300630002033	Age	25-34	0.1301	12	3	percent
300630002033	Age	35-44	0.2762	12	4	percent
300630002033	Age	45-54	0.0836	12	5	percent
300630002033	Age	55-64	0.0456	12	6	percent
300630002033	Age	65+	0.0693	12	7	percent
300630002033	Economic	Median HH Income	68211.0	12	1	dollar
300630002033	Economic	Median Home Value	249700.0	12	2	dollar
300630002033	Education	No HS	0.014	12	1	percent
300630002033	Education	HS	0.2514	12	2	percent
300630002033	Education	Some College/2 Year	0.2696	12	3	percent
300630002033	Education	Bachelor	0.3394	12	4	percent
300630002033	Education	Higher Degree	0.1257	12	5	percent
300630002033	Income	0-29K	0.2079	12	1	percent
300630002033	Income	30-74K	0.3764	12	2	percent
300630002033	Income	75-99K	0.2517	12	3	percent
300630002033	Income	100-149K	0.164	12	4	percent
300630002033	Income	150K+	0.0	12	5	percent
300630002033	Race	African American	0.0076	12	1	percent
300630002033	Race	Asian	0.0	12	2	percent
300630002033	Race	Hispanic	0.0042	12	3	percent
300630002033	Race	Other or Mixed	0.022	12	4	percent
300630002033	Race	White	0.9662	12	5	percent
300630002041	Population	Population	966	21	1	people
300630002041	Population	Median Age	25.7	21	2	people
300630002041	Age	<18	0.1139	21	1	percent
300630002041	Age	18-24	0.3282	21	2	percent
300630002041	Age	25-34	0.2402	21	3	percent
300630002041	Age	35-44	0.0217	21	4	percent
300630002041	Age	45-54	0.2184	21	5	percent
300630002041	Age	55-64	0.06	21	6	percent
300630002041	Age	65+	0.0176	21	7	percent
300630002041	Economic	Median HH Income	40104.0	21	1	dollar
300630002041	Economic	Median Home Value	-6.66666666E8	21	2	dollar
300630002041	Education	No HS	0.039	21	1	percent
300630002041	Education	HS	0.2727	21	2	percent
300630002041	Education	Some College/2 Year	0.4917	21	3	percent
300630002041	Education	Bachelor	0.0779	21	4	percent
300630002041	Education	Higher Degree	0.1187	21	5	percent
300630002041	Income	0-29K	0.4334	21	1	percent
300630002041	Income	30-74K	0.3129	21	2	percent
300630002041	Income	75-99K	0.1691	21	3	percent
300630002041	Income	100-149K	0.0846	21	4	percent
300630002041	Income	150K+	0.0	21	5	percent
300630002041	Race	African American	0.0	21	1	percent
300630002041	Race	Asian	0.0217	21	2	percent
300630002041	Race	Hispanic	0.1677	21	3	percent
300630002041	Race	Other or Mixed	0.0	21	4	percent
300630002041	Race	White	0.8106	21	5	percent
300630002042	Population	Population	1141	18	1	people
300630002042	Population	Median Age	55.6	18	2	people
300630002042	Age	<18	0.0184	18	1	percent
300630002042	Age	18-24	0.0973	18	2	percent
300630002042	Age	25-34	0.1595	18	3	percent
300630002042	Age	35-44	0.0894	18	4	percent
300630002042	Age	45-54	0.0824	18	5	percent
300630002042	Age	55-64	0.2542	18	6	percent
300630002042	Age	65+	0.2989	18	7	percent
300630002042	Economic	Median HH Income	-6.66666666E8	18	1	dollar
300630002042	Economic	Median Home Value	-6.66666666E8	18	2	dollar
300630002042	Education	No HS	0.0605	18	1	percent
300630002042	Education	HS	0.335	18	2	percent
300630002042	Education	Some College/2 Year	0.3241	18	3	percent
300630002042	Education	Bachelor	0.1308	18	4	percent
300630002042	Education	Higher Degree	0.1497	18	5	percent
300630002042	Income	0-29K	0.578	18	1	percent
300630002042	Income	30-74K	0.327	18	2	percent
300630002042	Income	75-99K	0.0	18	3	percent
300630002042	Income	100-149K	0.038	18	4	percent
300630002042	Income	150K+	0.057	18	5	percent
300630002042	Race	African American	0.0237	18	1	percent
300630002042	Race	Asian	0.0	18	2	percent
300630002042	Race	Hispanic	0.0307	18	3	percent
300630002042	Race	Other or Mixed	0.206	18	4	percent
300630002042	Race	White	0.7397	18	5	percent
300630002043	Population	Population	1043	14	1	people
300630002043	Population	Median Age	23.0	14	2	people
300630002043	Age	<18	0.2128	14	1	percent
300630002043	Age	18-24	0.2953	14	2	percent
300630002043	Age	25-34	0.0901	14	3	percent
300630002043	Age	35-44	0.1927	14	4	percent
300630002043	Age	45-54	0.0585	14	5	percent
300630002043	Age	55-64	0.047	14	6	percent
300630002043	Age	65+	0.1035	14	7	percent
300630002043	Economic	Median HH Income	49819.0	14	1	dollar
300630002043	Economic	Median Home Value	43700.0	14	2	dollar
300630002043	Education	No HS	0.0838	14	1	percent
300630002043	Education	HS	0.2904	14	2	percent
300630002043	Education	Some College/2 Year	0.577	14	3	percent
300630002043	Education	Bachelor	0.0487	14	4	percent
300630002043	Education	Higher Degree	0.0	14	5	percent
300630002043	Income	0-29K	0.3514	14	1	percent
300630002043	Income	30-74K	0.6202	14	2	percent
300630002043	Income	75-99K	0.0	14	3	percent
300630002043	Income	100-149K	0.0	14	4	percent
300630002043	Income	150K+	0.0284	14	5	percent
300630002043	Race	African American	0.0	14	1	percent
300630002043	Race	Asian	0.0	14	2	percent
300630002043	Race	Hispanic	0.0211	14	3	percent
300630002043	Race	Other or Mixed	0.2071	14	4	percent
300630002043	Race	White	0.7718	14	5	percent
300630002051	Population	Population	818	5	1	people
300630002051	Population	Median Age	35.2	5	2	people
300630002051	Age	<18	0.3533	5	1	percent
300630002051	Age	18-24	0.0	5	2	percent
300630002051	Age	25-34	0.1308	5	3	percent
300630002051	Age	35-44	0.1993	5	4	percent
300630002051	Age	45-54	0.1235	5	5	percent
300630002051	Age	55-64	0.0465	5	6	percent
300630002051	Age	65+	0.1467	5	7	percent
300630002051	Economic	Median HH Income	84779.0	5	1	dollar
300630002051	Economic	Median Home Value	342300.0	5	2	dollar
300630002051	Education	No HS	0.0057	5	1	percent
300630002051	Education	HS	0.0737	5	2	percent
300630002051	Education	Some College/2 Year	0.3006	5	3	percent
300630002051	Education	Bachelor	0.552	5	4	percent
300630002051	Education	Higher Degree	0.0681	5	5	percent
300630002051	Income	0-29K	0.1651	5	1	percent
300630002051	Income	30-74K	0.2875	5	2	percent
300630002051	Income	75-99K	0.2171	5	3	percent
300630002051	Income	100-149K	0.2875	5	4	percent
300630002051	Income	150K+	0.0428	5	5	percent
300630002051	Race	African American	0.0	5	1	percent
300630002051	Race	Asian	0.022	5	2	percent
300630002051	Race	Hispanic	0.0	5	3	percent
300630002051	Race	Other or Mixed	0.0	5	4	percent
300630002051	Race	White	0.978	5	5	percent
300630002052	Population	Population	2788	20	1	people
300630002052	Population	Median Age	44.9	20	2	people
300630002052	Age	<18	0.1636	20	1	percent
300630002052	Age	18-24	0.1801	20	2	percent
300630002052	Age	25-34	0.0416	20	3	percent
300630002052	Age	35-44	0.1234	20	4	percent
300630002052	Age	45-54	0.1973	20	5	percent
300630002052	Age	55-64	0.1402	20	6	percent
300630002052	Age	65+	0.1539	20	7	percent
300630002052	Economic	Median HH Income	61435.0	20	1	dollar
300630002052	Economic	Median Home Value	314100.0	20	2	dollar
300630002052	Education	No HS	0.0131	20	1	percent
300630002052	Education	HS	0.2984	20	2	percent
300630002052	Education	Some College/2 Year	0.2874	20	3	percent
300630002052	Education	Bachelor	0.2896	20	4	percent
300630002052	Education	Higher Degree	0.1115	20	5	percent
300630002052	Income	0-29K	0.3807	20	1	percent
300630002052	Income	30-74K	0.2051	20	2	percent
300630002052	Income	75-99K	0.1166	20	3	percent
300630002052	Income	100-149K	0.1251	20	4	percent
300630002052	Income	150K+	0.1725	20	5	percent
300630002052	Race	African American	4.0E-4	20	1	percent
300630002052	Race	Asian	0.0624	20	2	percent
300630002052	Race	Hispanic	0.0212	20	3	percent
300630002052	Race	Other or Mixed	0.1069	20	4	percent
300630002052	Race	White	0.8092	20	5	percent
300630002053	Population	Population	1845	4	1	people
300630002053	Population	Median Age	34.4	4	2	people
300630002053	Age	<18	0.1133	4	1	percent
300630002053	Age	18-24	0.2325	4	2	percent
300630002053	Age	25-34	0.2249	4	3	percent
300630002053	Age	35-44	0.1274	4	4	percent
300630002053	Age	45-54	0.0331	4	5	percent
300630002053	Age	55-64	0.0526	4	6	percent
300630002053	Age	65+	0.2163	4	7	percent
300630002053	Economic	Median HH Income	43808.0	4	1	dollar
300630002053	Economic	Median Home Value	258600.0	4	2	dollar
300630002053	Education	No HS	0.0282	4	1	percent
300630002053	Education	HS	0.2983	4	2	percent
300630002053	Education	Some College/2 Year	0.2784	4	3	percent
300630002053	Education	Bachelor	0.2312	4	4	percent
300630002053	Education	Higher Degree	0.164	4	5	percent
300630002053	Income	0-29K	0.2932	4	1	percent
300630002053	Income	30-74K	0.4918	4	2	percent
300630002053	Income	75-99K	0.0203	4	3	percent
300630002053	Income	100-149K	0.161	4	4	percent
300630002053	Income	150K+	0.0338	4	5	percent
300630002053	Race	African American	0.0	4	1	percent
300630002053	Race	Asian	0.0	4	2	percent
300630002053	Race	Hispanic	0.0	4	3	percent
300630002053	Race	Other or Mixed	0.0461	4	4	percent
300630002053	Race	White	0.9539	4	5	percent
300630002054	Population	Population	1104	10	1	people
300630002054	Population	Median Age	40.0	10	2	people
300630002054	Age	<18	0.2627	10	1	percent
300630002054	Age	18-24	0.0969	10	2	percent
300630002054	Age	25-34	0.0951	10	3	percent
300630002054	Age	35-44	0.2563	10	4	percent
300630002054	Age	45-54	0.2083	10	5	percent
300630002054	Age	55-64	0.048	10	6	percent
300630002054	Age	65+	0.0326	10	7	percent
300630002054	Economic	Median HH Income	159884.0	10	1	dollar
300630002054	Economic	Median Home Value	461200.0	10	2	dollar
300630002054	Education	No HS	0.0354	10	1	percent
300630002054	Education	HS	0.2405	10	2	percent
300630002054	Education	Some College/2 Year	0.5559	10	3	percent
300630002054	Education	Bachelor	0.1033	10	4	percent
300630002054	Education	Higher Degree	0.0651	10	5	percent
300630002054	Income	0-29K	0.0	10	1	percent
300630002054	Income	30-74K	0.2368	10	2	percent
300630002054	Income	75-99K	0.1433	10	3	percent
300630002054	Income	100-149K	0.0	10	4	percent
300630002054	Income	150K+	0.6199	10	5	percent
300630002054	Race	African American	0.0	10	1	percent
300630002054	Race	Asian	0.0263	10	2	percent
300630002054	Race	Hispanic	0.0181	10	3	percent
300630002054	Race	Other or Mixed	0.0	10	4	percent
300630002054	Race	White	0.9556	10	5	percent
300630002061	Population	Population	1389	8	1	people
300630002061	Population	Median Age	31.8	8	2	people
300630002061	Age	<18	0.1857	8	1	percent
300630002061	Age	18-24	0.2275	8	2	percent
300630002061	Age	25-34	0.1087	8	3	percent
300630002061	Age	35-44	0.1605	8	4	percent
300630002061	Age	45-54	0.1361	8	5	percent
300630002061	Age	55-64	0.0648	8	6	percent
300630002061	Age	65+	0.1166	8	7	percent
300630002061	Economic	Median HH Income	57788.0	8	1	dollar
300630002061	Economic	Median Home Value	45400.0	8	2	dollar
300630002061	Education	No HS	0.0613	8	1	percent
300630002061	Education	HS	0.2871	8	2	percent
300630002061	Education	Some College/2 Year	0.3018	8	3	percent
300630002061	Education	Bachelor	0.2601	8	4	percent
300630002061	Education	Higher Degree	0.0896	8	5	percent
300630002061	Income	0-29K	0.2183	8	1	percent
300630002061	Income	30-74K	0.4603	8	2	percent
300630002061	Income	75-99K	0.2619	8	3	percent
300630002061	Income	100-149K	0.0	8	4	percent
300630002061	Income	150K+	0.0595	8	5	percent
300630002061	Race	African American	0.0	8	1	percent
300630002061	Race	Asian	0.0	8	2	percent
300630002061	Race	Hispanic	0.103	8	3	percent
300630002061	Race	Other or Mixed	0.0	8	4	percent
300630002061	Race	White	0.897	8	5	percent
300630002062	Population	Population	1115	11	1	people
300630002062	Population	Median Age	35.7	11	2	people
300630002062	Age	<18	0.2323	11	1	percent
300630002062	Age	18-24	0.0861	11	2	percent
300630002062	Age	25-34	0.1453	11	3	percent
300630002062	Age	35-44	0.0762	11	4	percent
300630002062	Age	45-54	0.1821	11	5	percent
300630002062	Age	55-64	0.1901	11	6	percent
300630002062	Age	65+	0.0879	11	7	percent
300630002062	Economic	Median HH Income	120685.0	11	1	dollar
300630002062	Economic	Median Home Value	253700.0	11	2	dollar
300630002062	Education	No HS	0.0	11	1	percent
300630002062	Education	HS	0.3395	11	2	percent
300630002062	Education	Some College/2 Year	0.4961	11	3	percent
300630002062	Education	Bachelor	0.1645	11	4	percent
300630002062	Education	Higher Degree	0.0	11	5	percent
300630002062	Income	0-29K	0.0	11	1	percent
300630002062	Income	30-74K	0.3626	11	2	percent
300630002062	Income	75-99K	0.1133	11	3	percent
300630002062	Income	100-149K	0.4731	11	4	percent
300630002062	Income	150K+	0.051	11	5	percent
300630002062	Race	African American	0.0	11	1	percent
300630002062	Race	Asian	0.0	11	2	percent
300630002062	Race	Hispanic	0.1022	11	3	percent
300630002062	Race	Other or Mixed	0.0	11	4	percent
300630002062	Race	White	0.8978	11	5	percent
300630002063	Population	Population	3852	21	1	people
300630002063	Population	Median Age	30.8	21	2	people
300630002063	Age	<18	0.3217	21	1	percent
300630002063	Age	18-24	0.1002	21	2	percent
300630002063	Age	25-34	0.1231	21	3	percent
300630002063	Age	35-44	0.1768	21	4	percent
300630002063	Age	45-54	0.1199	21	5	percent
300630002063	Age	55-64	0.0698	21	6	percent
300630002063	Age	65+	0.0885	21	7	percent
300630002063	Economic	Median HH Income	89152.0	21	1	dollar
300630002063	Economic	Median Home Value	297100.0	21	2	dollar
300630002063	Education	No HS	0.0808	21	1	percent
300630002063	Education	HS	0.15	21	2	percent
300630002063	Education	Some College/2 Year	0.2986	21	3	percent
300630002063	Education	Bachelor	0.286	21	4	percent
300630002063	Education	Higher Degree	0.1846	21	5	percent
300630002063	Income	0-29K	0.1414	21	1	percent
300630002063	Income	30-74K	0.2944	21	2	percent
300630002063	Income	75-99K	0.1122	21	3	percent
300630002063	Income	100-149K	0.3128	21	4	percent
300630002063	Income	150K+	0.1391	21	5	percent
300630002063	Race	African American	0.0	21	1	percent
300630002063	Race	Asian	0.0132	21	2	percent
300630002063	Race	Hispanic	0.0431	21	3	percent
300630002063	Race	Other or Mixed	0.0548	21	4	percent
300630002063	Race	White	0.8889	21	5	percent
300630002064	Population	Population	1175	11	1	people
300630002064	Population	Median Age	55.2	11	2	people
300630002064	Age	<18	0.1234	11	1	percent
300630002064	Age	18-24	0.1081	11	2	percent
300630002064	Age	25-34	0.0502	11	3	percent
300630002064	Age	35-44	0.057	11	4	percent
300630002064	Age	45-54	0.1583	11	5	percent
300630002064	Age	55-64	0.2791	11	6	percent
300630002064	Age	65+	0.2238	11	7	percent
300630002064	Economic	Median HH Income	74907.0	11	1	dollar
300630002064	Economic	Median Home Value	430600.0	11	2	dollar
300630002064	Education	No HS	0.0354	11	1	percent
300630002064	Education	HS	0.0587	11	2	percent
300630002064	Education	Some College/2 Year	0.2436	11	3	percent
300630002064	Education	Bachelor	0.4241	11	4	percent
300630002064	Education	Higher Degree	0.2381	11	5	percent
300630002064	Income	0-29K	0.0424	11	1	percent
300630002064	Income	30-74K	0.4622	11	2	percent
300630002064	Income	75-99K	0.1234	11	3	percent
300630002064	Income	100-149K	0.1639	11	4	percent
300630002064	Income	150K+	0.2081	11	5	percent
300630002064	Race	African American	0.0	11	1	percent
300630002064	Race	Asian	0.0332	11	2	percent
300630002064	Race	Hispanic	0.0247	11	3	percent
300630002064	Race	Other or Mixed	0.0477	11	4	percent
300630002064	Race	White	0.8945	11	5	percent
300630003001	Population	Population	988	9	1	people
300630003001	Population	Median Age	26.2	9	2	people
300630003001	Age	<18	0.0071	9	1	percent
300630003001	Age	18-24	0.4534	9	2	percent
300630003001	Age	25-34	0.1599	9	3	percent
300630003001	Age	35-44	0.1599	9	4	percent
300630003001	Age	45-54	0.1306	9	5	percent
300630003001	Age	55-64	0.0385	9	6	percent
300630003001	Age	65+	0.0506	9	7	percent
300630003001	Economic	Median HH Income	27636.0	9	1	dollar
300630003001	Economic	Median Home Value	388100.0	9	2	dollar
300630003001	Education	No HS	0.0582	9	1	percent
300630003001	Education	HS	0.1276	9	2	percent
300630003001	Education	Some College/2 Year	0.2533	9	3	percent
300630003001	Education	Bachelor	0.4278	9	4	percent
300630003001	Education	Higher Degree	0.1332	9	5	percent
300630003001	Income	0-29K	0.6153	9	1	percent
300630003001	Income	30-74K	0.3098	9	2	percent
300630003001	Income	75-99K	0.0147	9	3	percent
300630003001	Income	100-149K	0.0132	9	4	percent
300630003001	Income	150K+	0.047	9	5	percent
300630003001	Race	African American	0.0071	9	1	percent
300630003001	Race	Asian	0.0	9	2	percent
300630003001	Race	Hispanic	0.0273	9	3	percent
300630003001	Race	Other or Mixed	0.1134	9	4	percent
300630003001	Race	White	0.8522	9	5	percent
300630003002	Population	Population	1378	23	1	people
300630003002	Population	Median Age	34.7	23	2	people
300630003002	Age	<18	0.0392	23	1	percent
300630003002	Age	18-24	0.1952	23	2	percent
300630003002	Age	25-34	0.2721	23	3	percent
300630003002	Age	35-44	0.1749	23	4	percent
300630003002	Age	45-54	0.1023	23	5	percent
300630003002	Age	55-64	0.0922	23	6	percent
300630003002	Age	65+	0.1241	23	7	percent
300630003002	Economic	Median HH Income	32782.0	23	1	dollar
300630003002	Economic	Median Home Value	505200.0	23	2	dollar
300630003002	Education	No HS	0.0995	23	1	percent
300630003002	Education	HS	0.1318	23	2	percent
300630003002	Education	Some College/2 Year	0.2957	23	3	percent
300630003002	Education	Bachelor	0.3536	23	4	percent
300630003002	Education	Higher Degree	0.1194	23	5	percent
300630003002	Income	0-29K	0.4954	23	1	percent
300630003002	Income	30-74K	0.3693	23	2	percent
300630003002	Income	75-99K	0.1117	23	3	percent
300630003002	Income	100-149K	0.0	23	4	percent
300630003002	Income	150K+	0.0237	23	5	percent
300630003002	Race	African American	0.0116	23	1	percent
300630003002	Race	Asian	0.0	23	2	percent
300630003002	Race	Hispanic	0.0414	23	3	percent
300630003002	Race	Other or Mixed	0.0864	23	4	percent
300630003002	Race	White	0.8607	23	5	percent
300630004001	Population	Population	1400	7	1	people
300630004001	Population	Median Age	34.7	7	2	people
300630004001	Age	<18	0.1657	7	1	percent
300630004001	Age	18-24	0.1486	7	2	percent
300630004001	Age	25-34	0.2036	7	3	percent
300630004001	Age	35-44	0.1771	7	4	percent
300630004001	Age	45-54	0.055	7	5	percent
300630004001	Age	55-64	0.1371	7	6	percent
300630004001	Age	65+	0.1129	7	7	percent
300630004001	Economic	Median HH Income	57740.0	7	1	dollar
300630004001	Economic	Median Home Value	226300.0	7	2	dollar
300630004001	Education	No HS	0.0813	7	1	percent
300630004001	Education	HS	0.3073	7	2	percent
300630004001	Education	Some College/2 Year	0.3969	7	3	percent
300630004001	Education	Bachelor	0.1292	7	4	percent
300630004001	Education	Higher Degree	0.0854	7	5	percent
300630004001	Income	0-29K	0.3058	7	1	percent
300630004001	Income	30-74K	0.3708	7	2	percent
300630004001	Income	75-99K	0.2935	7	3	percent
300630004001	Income	100-149K	0.0105	7	4	percent
300630004001	Income	150K+	0.0193	7	5	percent
300630004001	Race	African American	0.0	7	1	percent
300630004001	Race	Asian	0.0	7	2	percent
300630004001	Race	Hispanic	0.0114	7	3	percent
300630004001	Race	Other or Mixed	0.0521	7	4	percent
300630004001	Race	White	0.9364	7	5	percent
300630004002	Population	Population	762	11	1	people
300630004002	Population	Median Age	51.4	11	2	people
300630004002	Age	<18	0.1352	11	1	percent
300630004002	Age	18-24	0.0879	11	2	percent
300630004002	Age	25-34	0.0577	11	3	percent
300630004002	Age	35-44	0.1824	11	4	percent
300630004002	Age	45-54	0.0669	11	5	percent
300630004002	Age	55-64	0.1785	11	6	percent
300630004002	Age	65+	0.2913	11	7	percent
300630004002	Economic	Median HH Income	50714.0	11	1	dollar
300630004002	Economic	Median Home Value	290200.0	11	2	dollar
300630004002	Education	No HS	0.0304	11	1	percent
300630004002	Education	HS	0.2128	11	2	percent
300630004002	Education	Some College/2 Year	0.4071	11	3	percent
300630004002	Education	Bachelor	0.2736	11	4	percent
300630004002	Education	Higher Degree	0.076	11	5	percent
300630004002	Income	0-29K	0.2582	11	1	percent
300630004002	Income	30-74K	0.4423	11	2	percent
300630004002	Income	75-99K	0.1209	11	3	percent
300630004002	Income	100-149K	0.0714	11	4	percent
300630004002	Income	150K+	0.1071	11	5	percent
300630004002	Race	African American	0.0	11	1	percent
300630004002	Race	Asian	0.0	11	2	percent
300630004002	Race	Hispanic	0.0774	11	3	percent
300630004002	Race	Other or Mixed	0.0407	11	4	percent
300630004002	Race	White	0.8819	11	5	percent
300630004003	Population	Population	848	4	1	people
300630004003	Population	Median Age	52.8	4	2	people
300630004003	Age	<18	0.1262	4	1	percent
300630004003	Age	18-24	0.1887	4	2	percent
300630004003	Age	25-34	0.0778	4	3	percent
300630004003	Age	35-44	0.0684	4	4	percent
300630004003	Age	45-54	0.0448	4	5	percent
300630004003	Age	55-64	0.1156	4	6	percent
300630004003	Age	65+	0.3785	4	7	percent
300630004003	Economic	Median HH Income	91833.0	4	1	dollar
300630004003	Economic	Median Home Value	301600.0	4	2	dollar
300630004003	Education	No HS	0.0706	4	1	percent
300630004003	Education	HS	0.0361	4	2	percent
300630004003	Education	Some College/2 Year	0.3167	4	3	percent
300630004003	Education	Bachelor	0.2633	4	4	percent
300630004003	Education	Higher Degree	0.3133	4	5	percent
300630004003	Income	0-29K	0.2295	4	1	percent
300630004003	Income	30-74K	0.1449	4	2	percent
300630004003	Income	75-99K	0.1618	4	3	percent
300630004003	Income	100-149K	0.1087	4	4	percent
300630004003	Income	150K+	0.3551	4	5	percent
300630004003	Race	African American	0.0	4	1	percent
300630004003	Race	Asian	0.0	4	2	percent
300630004003	Race	Hispanic	0.0236	4	3	percent
300630004003	Race	Other or Mixed	0.0106	4	4	percent
300630004003	Race	White	0.9658	4	5	percent
300630005011	Population	Population	1478	9	1	people
300630005011	Population	Median Age	26.0	9	2	people
300630005011	Age	<18	0.1827	9	1	percent
300630005011	Age	18-24	0.3011	9	2	percent
300630005011	Age	25-34	0.1739	9	3	percent
300630005011	Age	35-44	0.1367	9	4	percent
300630005011	Age	45-54	0.0643	9	5	percent
300630005011	Age	55-64	0.0765	9	6	percent
300630005011	Age	65+	0.065	9	7	percent
300630005011	Economic	Median HH Income	73667.0	9	1	dollar
300630005011	Economic	Median Home Value	560700.0	9	2	dollar
300630005011	Education	No HS	0.0	9	1	percent
300630005011	Education	HS	0.0	9	2	percent
300630005011	Education	Some College/2 Year	0.1769	9	3	percent
300630005011	Education	Bachelor	0.4142	9	4	percent
300630005011	Education	Higher Degree	0.4089	9	5	percent
300630005011	Income	0-29K	0.2178	9	1	percent
300630005011	Income	30-74K	0.2973	9	2	percent
300630005011	Income	75-99K	0.0436	9	3	percent
300630005011	Income	100-149K	0.1231	9	4	percent
300630005011	Income	150K+	0.3182	9	5	percent
300630005011	Race	African American	0.0	9	1	percent
300630005011	Race	Asian	0.0088	9	2	percent
300630005011	Race	Hispanic	0.0595	9	3	percent
300630005011	Race	Other or Mixed	0.0731	9	4	percent
300630005011	Race	White	0.8586	9	5	percent
300630005012	Population	Population	1431	6	1	people
300630005012	Population	Median Age	26.0	6	2	people
300630005012	Age	<18	0.0517	6	1	percent
300630005012	Age	18-24	0.4109	6	2	percent
300630005012	Age	25-34	0.1356	6	3	percent
300630005012	Age	35-44	0.1188	6	4	percent
300630005012	Age	45-54	0.037	6	5	percent
300630005012	Age	55-64	0.0559	6	6	percent
300630005012	Age	65+	0.1901	6	7	percent
300630005012	Economic	Median HH Income	31021.0	6	1	dollar
300630005012	Economic	Median Home Value	358200.0	6	2	dollar
300630005012	Education	No HS	0.0	6	1	percent
300630005012	Education	HS	0.2406	6	2	percent
300630005012	Education	Some College/2 Year	0.3914	6	3	percent
300630005012	Education	Bachelor	0.1573	6	4	percent
300630005012	Education	Higher Degree	0.2107	6	5	percent
300630005012	Income	0-29K	0.4668	6	1	percent
300630005012	Income	30-74K	0.3474	6	2	percent
300630005012	Income	75-99K	0.019	6	3	percent
300630005012	Income	100-149K	0.0801	6	4	percent
300630005012	Income	150K+	0.0868	6	5	percent
300630005012	Race	African American	0.0	6	1	percent
300630005012	Race	Asian	0.0217	6	2	percent
300630005012	Race	Hispanic	0.0482	6	3	percent
300630005012	Race	Other or Mixed	0.0818	6	4	percent
300630005012	Race	White	0.8484	6	5	percent
300630005021	Population	Population	1588	4	1	people
300630005021	Population	Median Age	26.7	4	2	people
300630005021	Age	<18	0.0693	4	1	percent
300630005021	Age	18-24	0.2815	4	2	percent
300630005021	Age	25-34	0.3955	4	3	percent
300630005021	Age	35-44	0.085	4	4	percent
300630005021	Age	45-54	0.0542	4	5	percent
300630005021	Age	55-64	0.0453	4	6	percent
300630005021	Age	65+	0.0693	4	7	percent
300630005021	Economic	Median HH Income	43495.0	4	1	dollar
300630005021	Economic	Median Home Value	582500.0	4	2	dollar
300630005021	Education	No HS	0.0078	4	1	percent
300630005021	Education	HS	0.031	4	2	percent
300630005021	Education	Some College/2 Year	0.2367	4	3	percent
300630005021	Education	Bachelor	0.3744	4	4	percent
300630005021	Education	Higher Degree	0.3501	4	5	percent
300630005021	Income	0-29K	0.1897	4	1	percent
300630005021	Income	30-74K	0.4575	4	2	percent
300630005021	Income	75-99K	0.0669	4	3	percent
300630005021	Income	100-149K	0.0976	4	4	percent
300630005021	Income	150K+	0.1883	4	5	percent
300630005021	Race	African American	0.0	4	1	percent
300630005021	Race	Asian	0.0132	4	2	percent
300630005021	Race	Hispanic	0.0202	4	3	percent
300630005021	Race	Other or Mixed	0.0189	4	4	percent
300630005021	Race	White	0.9477	4	5	percent
300630005022	Population	Population	2004	8	1	people
300630005022	Population	Median Age	19.7	8	2	people
300630005022	Age	<18	0.0344	8	1	percent
300630005022	Age	18-24	0.8423	8	2	percent
300630005022	Age	25-34	0.0419	8	3	percent
300630005022	Age	35-44	0.0235	8	4	percent
300630005022	Age	45-54	0.0	8	5	percent
300630005022	Age	55-64	0.0484	8	6	percent
300630005022	Age	65+	0.0095	8	7	percent
300630005022	Economic	Median HH Income	-6.66666666E8	8	1	dollar
300630005022	Economic	Median Home Value	581900.0	8	2	dollar
300630005022	Education	No HS	0.0	8	1	percent
300630005022	Education	HS	0.2632	8	2	percent
300630005022	Education	Some College/2 Year	0.3644	8	3	percent
300630005022	Education	Bachelor	0.1822	8	4	percent
300630005022	Education	Higher Degree	0.1903	8	5	percent
300630005022	Income	0-29K	0.5305	8	1	percent
300630005022	Income	30-74K	0.1502	8	2	percent
300630005022	Income	75-99K	0.0939	8	3	percent
300630005022	Income	100-149K	0.1315	8	4	percent
300630005022	Income	150K+	0.0939	8	5	percent
300630005022	Race	African American	0.005	8	1	percent
300630005022	Race	Asian	0.02	8	2	percent
300630005022	Race	Hispanic	0.0584	8	3	percent
300630005022	Race	Other or Mixed	0.0529	8	4	percent
300630005022	Race	White	0.8638	8	5	percent
300630007001	Population	Population	1028	75	1	people
300630007001	Population	Median Age	37.0	75	2	people
300630007001	Age	<18	0.1128	75	1	percent
300630007001	Age	18-24	0.1099	75	2	percent
300630007001	Age	25-34	0.2772	75	3	percent
300630007001	Age	35-44	0.1926	75	4	percent
300630007001	Age	45-54	0.1187	75	5	percent
300630007001	Age	55-64	0.1148	75	6	percent
300630007001	Age	65+	0.0739	75	7	percent
300630007001	Economic	Median HH Income	30950.0	75	1	dollar
300630007001	Economic	Median Home Value	401400.0	75	2	dollar
300630007001	Education	No HS	0.0	75	1	percent
300630007001	Education	HS	0.1064	75	2	percent
300630007001	Education	Some College/2 Year	0.3767	75	3	percent
300630007001	Education	Bachelor	0.3917	75	4	percent
300630007001	Education	Higher Degree	0.1252	75	5	percent
300630007001	Income	0-29K	0.4652	75	1	percent
300630007001	Income	30-74K	0.3864	75	2	percent
300630007001	Income	75-99K	0.0513	75	3	percent
300630007001	Income	100-149K	0.0861	75	4	percent
300630007001	Income	150K+	0.011	75	5	percent
300630007001	Race	African American	0.0	75	1	percent
300630007001	Race	Asian	0.0195	75	2	percent
300630007001	Race	Hispanic	0.0389	75	3	percent
300630007001	Race	Other or Mixed	0.1965	75	4	percent
300630007001	Race	White	0.7451	75	5	percent
300630007002	Population	Population	702	28	1	people
300630007002	Population	Median Age	35.7	28	2	people
300630007002	Age	<18	0.0271	28	1	percent
300630007002	Age	18-24	0.1567	28	2	percent
300630007002	Age	25-34	0.2849	28	3	percent
300630007002	Age	35-44	0.1382	28	4	percent
300630007002	Age	45-54	0.1923	28	5	percent
300630007002	Age	55-64	0.1125	28	6	percent
300630007002	Age	65+	0.0883	28	7	percent
300630007002	Economic	Median HH Income	38182.0	28	1	dollar
300630007002	Economic	Median Home Value	475000.0	28	2	dollar
300630007002	Education	No HS	0.0768	28	1	percent
300630007002	Education	HS	0.075	28	2	percent
300630007002	Education	Some College/2 Year	0.2862	28	3	percent
300630007002	Education	Bachelor	0.2182	28	4	percent
300630007002	Education	Higher Degree	0.3438	28	5	percent
300630007002	Income	0-29K	0.3846	28	1	percent
300630007002	Income	30-74K	0.3704	28	2	percent
300630007002	Income	75-99K	0.1377	28	3	percent
300630007002	Income	100-149K	0.0223	28	4	percent
300630007002	Income	150K+	0.085	28	5	percent
300630007002	Race	African American	0.0	28	1	percent
300630007002	Race	Asian	0.0	28	2	percent
300630007002	Race	Hispanic	0.0385	28	3	percent
300630007002	Race	Other or Mixed	0.084	28	4	percent
300630007002	Race	White	0.8775	28	5	percent
300630007003	Population	Population	991	7	1	people
300630007003	Population	Median Age	28.4	7	2	people
300630007003	Age	<18	0.1009	7	1	percent
300630007003	Age	18-24	0.1665	7	2	percent
300630007003	Age	25-34	0.3804	7	3	percent
300630007003	Age	35-44	0.0706	7	4	percent
300630007003	Age	45-54	0.0525	7	5	percent
300630007003	Age	55-64	0.1382	7	6	percent
300630007003	Age	65+	0.0908	7	7	percent
300630007003	Economic	Median HH Income	56993.0	7	1	dollar
300630007003	Economic	Median Home Value	220800.0	7	2	dollar
300630007003	Education	No HS	0.0317	7	1	percent
300630007003	Education	HS	0.157	7	2	percent
300630007003	Education	Some College/2 Year	0.2851	7	3	percent
300630007003	Education	Bachelor	0.1901	7	4	percent
300630007003	Education	Higher Degree	0.3361	7	5	percent
300630007003	Income	0-29K	0.337	7	1	percent
300630007003	Income	30-74K	0.4208	7	2	percent
300630007003	Income	75-99K	0.0546	7	3	percent
300630007003	Income	100-149K	0.1876	7	4	percent
300630007003	Income	150K+	0.0	7	5	percent
300630007003	Race	African American	0.0	7	1	percent
300630007003	Race	Asian	0.111	7	2	percent
300630007003	Race	Hispanic	0.0	7	3	percent
300630007003	Race	Other or Mixed	0.0343	7	4	percent
300630007003	Race	White	0.8547	7	5	percent
300630008011	Population	Population	900	16	1	people
300630008011	Population	Median Age	44.5	16	2	people
300630008011	Age	<18	0.0433	16	1	percent
300630008011	Age	18-24	0.0267	16	2	percent
300630008011	Age	25-34	0.2811	16	3	percent
300630008011	Age	35-44	0.1722	16	4	percent
300630008011	Age	45-54	0.2367	16	5	percent
300630008011	Age	55-64	0.11	16	6	percent
300630008011	Age	65+	0.13	16	7	percent
300630008011	Economic	Median HH Income	42693.0	16	1	dollar
300630008011	Economic	Median Home Value	520800.0	16	2	dollar
300630008011	Education	No HS	0.1243	16	1	percent
300630008011	Education	HS	0.2605	16	2	percent
300630008011	Education	Some College/2 Year	0.2879	16	3	percent
300630008011	Education	Bachelor	0.2784	16	4	percent
300630008011	Education	Higher Degree	0.049	16	5	percent
300630008011	Income	0-29K	0.4667	16	1	percent
300630008011	Income	30-74K	0.3778	16	2	percent
300630008011	Income	75-99K	0.1244	16	3	percent
300630008011	Income	100-149K	0.0311	16	4	percent
300630008011	Income	150K+	0.0	16	5	percent
300630008011	Race	African American	0.0	16	1	percent
300630008011	Race	Asian	0.0	16	2	percent
300630008011	Race	Hispanic	0.0756	16	3	percent
300630008011	Race	Other or Mixed	0.0167	16	4	percent
300630008011	Race	White	0.9078	16	5	percent
300630008012	Population	Population	920	14	1	people
300630008012	Population	Median Age	40.7	14	2	people
300630008012	Age	<18	0.1641	14	1	percent
300630008012	Age	18-24	0.0141	14	2	percent
300630008012	Age	25-34	0.2609	14	3	percent
300630008012	Age	35-44	0.1435	14	4	percent
300630008012	Age	45-54	0.1207	14	5	percent
300630008012	Age	55-64	0.1891	14	6	percent
300630008012	Age	65+	0.1076	14	7	percent
300630008012	Economic	Median HH Income	59750.0	14	1	dollar
300630008012	Economic	Median Home Value	287900.0	14	2	dollar
300630008012	Education	No HS	0.0913	14	1	percent
300630008012	Education	HS	0.086	14	2	percent
300630008012	Education	Some College/2 Year	0.3571	14	3	percent
300630008012	Education	Bachelor	0.3955	14	4	percent
300630008012	Education	Higher Degree	0.0701	14	5	percent
300630008012	Income	0-29K	0.2176	14	1	percent
300630008012	Income	30-74K	0.3619	14	2	percent
300630008012	Income	75-99K	0.2225	14	3	percent
300630008012	Income	100-149K	0.198	14	4	percent
300630008012	Income	150K+	0.0	14	5	percent
300630008012	Race	African American	0.0	14	1	percent
300630008012	Race	Asian	0.0	14	2	percent
300630008012	Race	Hispanic	0.0728	14	3	percent
300630008012	Race	Other or Mixed	0.0152	14	4	percent
300630008012	Race	White	0.912	14	5	percent
300630008013	Population	Population	1351	13	1	people
300630008013	Population	Median Age	33.1	13	2	people
300630008013	Age	<18	0.1717	13	1	percent
300630008013	Age	18-24	0.2309	13	2	percent
300630008013	Age	25-34	0.1369	13	3	percent
300630008013	Age	35-44	0.1295	13	4	percent
300630008013	Age	45-54	0.0622	13	5	percent
300630008013	Age	55-64	0.1392	13	6	percent
300630008013	Age	65+	0.1295	13	7	percent
300630008013	Economic	Median HH Income	38354.0	13	1	dollar
300630008013	Economic	Median Home Value	218400.0	13	2	dollar
300630008013	Education	No HS	0.0335	13	1	percent
300630008013	Education	HS	0.2181	13	2	percent
300630008013	Education	Some College/2 Year	0.4746	13	3	percent
300630008013	Education	Bachelor	0.1314	13	4	percent
300630008013	Education	Higher Degree	0.1425	13	5	percent
300630008013	Income	0-29K	0.2591	13	1	percent
300630008013	Income	30-74K	0.5509	13	2	percent
300630008013	Income	75-99K	0.0984	13	3	percent
300630008013	Income	100-149K	0.0708	13	4	percent
300630008013	Income	150K+	0.0207	13	5	percent
300630008013	Race	African American	0.0	13	1	percent
300630008013	Race	Asian	0.0	13	2	percent
300630008013	Race	Hispanic	0.0	13	3	percent
300630008013	Race	Other or Mixed	0.0725	13	4	percent
300630008013	Race	White	0.9275	13	5	percent
300630008021	Population	Population	1839	4	1	people
300630008021	Population	Median Age	30.7	4	2	people
300630008021	Age	<18	0.1022	4	1	percent
300630008021	Age	18-24	0.1425	4	2	percent
300630008021	Age	25-34	0.3252	4	3	percent
300630008021	Age	35-44	0.0582	4	4	percent
300630008021	Age	45-54	0.1343	4	5	percent
300630008021	Age	55-64	0.1517	4	6	percent
300630008021	Age	65+	0.0859	4	7	percent
300630008021	Economic	Median HH Income	66190.0	4	1	dollar
300630008021	Economic	Median Home Value	327500.0	4	2	dollar
300630008021	Education	No HS	0.0425	4	1	percent
300630008021	Education	HS	0.2815	4	2	percent
300630008021	Education	Some College/2 Year	0.3261	4	3	percent
300630008021	Education	Bachelor	0.2174	4	4	percent
300630008021	Education	Higher Degree	0.1325	4	5	percent
300630008021	Income	0-29K	0.1972	4	1	percent
300630008021	Income	30-74K	0.3425	4	2	percent
300630008021	Income	75-99K	0.0443	4	3	percent
300630008021	Income	100-149K	0.2309	4	4	percent
300630008021	Income	150K+	0.185	4	5	percent
300630008021	Race	African American	0.0	4	1	percent
300630008021	Race	Asian	0.0109	4	2	percent
300630008021	Race	Hispanic	0.0343	4	3	percent
300630008021	Race	Other or Mixed	0.0517	4	4	percent
300630008021	Race	White	0.9032	4	5	percent
300630008022	Population	Population	1753	3	1	people
300630008022	Population	Median Age	28.4	3	2	people
300630008022	Age	<18	0.1637	3	1	percent
300630008022	Age	18-24	0.2653	3	2	percent
300630008022	Age	25-34	0.2909	3	3	percent
300630008022	Age	35-44	0.1215	3	4	percent
300630008022	Age	45-54	0.0451	3	5	percent
300630008022	Age	55-64	0.0308	3	6	percent
300630008022	Age	65+	0.0827	3	7	percent
300630008022	Economic	Median HH Income	46031.0	3	1	dollar
300630008022	Economic	Median Home Value	238500.0	3	2	dollar
300630008022	Education	No HS	0.0689	3	1	percent
300630008022	Education	HS	0.2208	3	2	percent
300630008022	Education	Some College/2 Year	0.3217	3	3	percent
300630008022	Education	Bachelor	0.1958	3	4	percent
300630008022	Education	Higher Degree	0.1928	3	5	percent
300630008022	Income	0-29K	0.3844	3	1	percent
300630008022	Income	30-74K	0.5075	3	2	percent
300630008022	Income	75-99K	0.0137	3	3	percent
300630008022	Income	100-149K	0.0944	3	4	percent
300630008022	Income	150K+	0.0	3	5	percent
300630008022	Race	African American	0.0	3	1	percent
300630008022	Race	Asian	0.0297	3	2	percent
300630008022	Race	Hispanic	0.0274	3	3	percent
300630008022	Race	Other or Mixed	0.194	3	4	percent
300630008022	Race	White	0.749	3	5	percent
300630009011	Population	Population	1038	7	1	people
300630009011	Population	Median Age	37.2	7	2	people
300630009011	Age	<18	0.157	7	1	percent
300630009011	Age	18-24	0.1224	7	2	percent
300630009011	Age	25-34	0.2139	7	3	percent
300630009011	Age	35-44	0.1031	7	4	percent
300630009011	Age	45-54	0.1965	7	5	percent
300630009011	Age	55-64	0.0723	7	6	percent
300630009011	Age	65+	0.1349	7	7	percent
300630009011	Economic	Median HH Income	105791.0	7	1	dollar
300630009011	Economic	Median Home Value	327300.0	7	2	dollar
300630009011	Education	No HS	0.0013	7	1	percent
300630009011	Education	HS	0.2019	7	2	percent
300630009011	Education	Some College/2 Year	0.2914	7	3	percent
300630009011	Education	Bachelor	0.3088	7	4	percent
300630009011	Education	Higher Degree	0.1965	7	5	percent
300630009011	Income	0-29K	0.1043	7	1	percent
300630009011	Income	30-74K	0.3562	7	2	percent
300630009011	Income	75-99K	0.0	7	3	percent
300630009011	Income	100-149K	0.4707	7	4	percent
300630009011	Income	150K+	0.0687	7	5	percent
300630009011	Race	African American	0.0	7	1	percent
300630009011	Race	Asian	0.0	7	2	percent
300630009011	Race	Hispanic	0.0	7	3	percent
300630009011	Race	Other or Mixed	0.1339	7	4	percent
300630009011	Race	White	0.8661	7	5	percent
300630009012	Population	Population	1649	13	1	people
300630009012	Population	Median Age	45.3	13	2	people
300630009012	Age	<18	0.2347	13	1	percent
300630009012	Age	18-24	0.0612	13	2	percent
300630009012	Age	25-34	0.1001	13	3	percent
300630009012	Age	35-44	0.1019	13	4	percent
300630009012	Age	45-54	0.0934	13	5	percent
300630009012	Age	55-64	0.1637	13	6	percent
300630009012	Age	65+	0.245	13	7	percent
300630009012	Economic	Median HH Income	67337.0	13	1	dollar
300630009012	Economic	Median Home Value	337000.0	13	2	dollar
300630009012	Education	No HS	0.0146	13	1	percent
300630009012	Education	HS	0.2136	13	2	percent
300630009012	Education	Some College/2 Year	0.3798	13	3	percent
300630009012	Education	Bachelor	0.2369	13	4	percent
300630009012	Education	Higher Degree	0.155	13	5	percent
300630009012	Income	0-29K	0.1061	13	1	percent
300630009012	Income	30-74K	0.4116	13	2	percent
300630009012	Income	75-99K	0.1206	13	3	percent
300630009012	Income	100-149K	0.2138	13	4	percent
300630009012	Income	150K+	0.1479	13	5	percent
300630009012	Race	African American	0.0	13	1	percent
300630009012	Race	Asian	0.0	13	2	percent
300630009012	Race	Hispanic	0.0121	13	3	percent
300630009012	Race	Other or Mixed	0.0146	13	4	percent
300630009012	Race	White	0.9733	13	5	percent
300630009013	Population	Population	1296	6	1	people
300630009013	Population	Median Age	42.5	6	2	people
300630009013	Age	<18	0.0432	6	1	percent
300630009013	Age	18-24	0.1219	6	2	percent
300630009013	Age	25-34	0.1535	6	3	percent
300630009013	Age	35-44	0.2307	6	4	percent
300630009013	Age	45-54	0.0	6	5	percent
300630009013	Age	55-64	0.2407	6	6	percent
300630009013	Age	65+	0.2099	6	7	percent
300630009013	Economic	Median HH Income	76875.0	6	1	dollar
300630009013	Economic	Median Home Value	288100.0	6	2	dollar
300630009013	Education	No HS	0.0471	6	1	percent
300630009013	Education	HS	0.0906	6	2	percent
300630009013	Education	Some College/2 Year	0.3105	6	3	percent
300630009013	Education	Bachelor	0.3752	6	4	percent
300630009013	Education	Higher Degree	0.1765	6	5	percent
300630009013	Income	0-29K	0.1958	6	1	percent
300630009013	Income	30-74K	0.2873	6	2	percent
300630009013	Income	75-99K	0.1268	6	3	percent
300630009013	Income	100-149K	0.3371	6	4	percent
300630009013	Income	150K+	0.053	6	5	percent
300630009013	Race	African American	0.0	6	1	percent
300630009013	Race	Asian	0.1366	6	2	percent
300630009013	Race	Hispanic	0.0224	6	3	percent
300630009013	Race	Other or Mixed	0.0401	6	4	percent
300630009013	Race	White	0.8009	6	5	percent
300630009014	Population	Population	1721	11	1	people
300630009014	Population	Median Age	55.4	11	2	people
300630009014	Age	<18	0.1737	11	1	percent
300630009014	Age	18-24	0.0279	11	2	percent
300630009014	Age	25-34	0.1133	11	3	percent
300630009014	Age	35-44	0.1412	11	4	percent
300630009014	Age	45-54	0.0424	11	5	percent
300630009014	Age	55-64	0.0662	11	6	percent
300630009014	Age	65+	0.4352	11	7	percent
300630009014	Economic	Median HH Income	56429.0	11	1	dollar
300630009014	Economic	Median Home Value	416700.0	11	2	dollar
300630009014	Education	No HS	0.0728	11	1	percent
300630009014	Education	HS	0.3275	11	2	percent
300630009014	Education	Some College/2 Year	0.2984	11	3	percent
300630009014	Education	Bachelor	0.2176	11	4	percent
300630009014	Education	Higher Degree	0.0837	11	5	percent
300630009014	Income	0-29K	0.1727	11	1	percent
300630009014	Income	30-74K	0.4429	11	2	percent
300630009014	Income	75-99K	0.1877	11	3	percent
300630009014	Income	100-149K	0.1967	11	4	percent
300630009014	Income	150K+	0.0	11	5	percent
300630009014	Race	African American	0.0	11	1	percent
300630009014	Race	Asian	0.0546	11	2	percent
300630009014	Race	Hispanic	0.0	11	3	percent
300630009014	Race	Other or Mixed	0.05	11	4	percent
300630009014	Race	White	0.8954	11	5	percent
300630009015	Population	Population	735	4	1	people
300630009015	Population	Median Age	47.6	4	2	people
300630009015	Age	<18	0.2286	4	1	percent
300630009015	Age	18-24	0.0	4	2	percent
300630009015	Age	25-34	0.1973	4	3	percent
300630009015	Age	35-44	0.0422	4	4	percent
300630009015	Age	45-54	0.1986	4	5	percent
300630009015	Age	55-64	0.1388	4	6	percent
300630009015	Age	65+	0.1946	4	7	percent
300630009015	Economic	Median HH Income	73580.0	4	1	dollar
300630009015	Economic	Median Home Value	410200.0	4	2	dollar
300630009015	Education	No HS	0.0388	4	1	percent
300630009015	Education	HS	0.3651	4	2	percent
300630009015	Education	Some College/2 Year	0.1376	4	3	percent
300630009015	Education	Bachelor	0.328	4	4	percent
300630009015	Education	Higher Degree	0.1305	4	5	percent
300630009015	Income	0-29K	0.0439	4	1	percent
300630009015	Income	30-74K	0.4953	4	2	percent
300630009015	Income	75-99K	0.2038	4	3	percent
300630009015	Income	100-149K	0.1285	4	4	percent
300630009015	Income	150K+	0.1285	4	5	percent
300630009015	Race	African American	0.0	4	1	percent
300630009015	Race	Asian	0.0163	4	2	percent
300630009015	Race	Hispanic	0.0	4	3	percent
300630009015	Race	Other or Mixed	0.0299	4	4	percent
300630009015	Race	White	0.9537	4	5	percent
300630009021	Population	Population	843	2	1	people
300630009021	Population	Median Age	49.9	2	2	people
300630009021	Age	<18	0.1317	2	1	percent
300630009021	Age	18-24	0.1435	2	2	percent
300630009021	Age	25-34	0.0558	2	3	percent
300630009021	Age	35-44	0.1364	2	4	percent
300630009021	Age	45-54	0.1317	2	5	percent
300630009021	Age	55-64	0.1661	2	6	percent
300630009021	Age	65+	0.2349	2	7	percent
300630009021	Economic	Median HH Income	99583.0	2	1	dollar
300630009021	Economic	Median Home Value	583700.0	2	2	dollar
300630009021	Education	No HS	0.0704	2	1	percent
300630009021	Education	HS	0.1817	2	2	percent
300630009021	Education	Some College/2 Year	0.2324	2	3	percent
300630009021	Education	Bachelor	0.3011	2	4	percent
300630009021	Education	Higher Degree	0.2144	2	5	percent
300630009021	Income	0-29K	0.0955	2	1	percent
300630009021	Income	30-74K	0.1975	2	2	percent
300630009021	Income	75-99K	0.2102	2	3	percent
300630009021	Income	100-149K	0.2389	2	4	percent
300630009021	Income	150K+	0.258	2	5	percent
300630009021	Race	African American	0.0	2	1	percent
300630009021	Race	Asian	0.0	2	2	percent
300630009021	Race	Hispanic	0.0391	2	3	percent
300630009021	Race	Other or Mixed	0.0771	2	4	percent
300630009021	Race	White	0.8837	2	5	percent
300630009022	Population	Population	1650	2	1	people
300630009022	Population	Median Age	53.4	2	2	people
300630009022	Age	<18	0.2097	2	1	percent
300630009022	Age	18-24	0.0927	2	2	percent
300630009022	Age	25-34	0.0515	2	3	percent
300630009022	Age	35-44	0.0721	2	4	percent
300630009022	Age	45-54	0.1206	2	5	percent
300630009022	Age	55-64	0.2097	2	6	percent
300630009022	Age	65+	0.2436	2	7	percent
300630009022	Economic	Median HH Income	82292.0	2	1	dollar
300630009022	Economic	Median Home Value	361100.0	2	2	dollar
300630009022	Education	No HS	0.0374	2	1	percent
300630009022	Education	HS	0.2242	2	2	percent
300630009022	Education	Some College/2 Year	0.3884	2	3	percent
300630009022	Education	Bachelor	0.2441	2	4	percent
300630009022	Education	Higher Degree	0.106	2	5	percent
300630009022	Income	0-29K	0.1799	2	1	percent
300630009022	Income	30-74K	0.25	2	2	percent
300630009022	Income	75-99K	0.1799	2	3	percent
300630009022	Income	100-149K	0.199	2	4	percent
300630009022	Income	150K+	0.1911	2	5	percent
300630009022	Race	African American	0.0018	2	1	percent
300630009022	Race	Asian	0.0018	2	2	percent
300630009022	Race	Hispanic	0.0158	2	3	percent
300630009022	Race	Other or Mixed	0.0248	2	4	percent
300630009022	Race	White	0.9558	2	5	percent
300630010011	Population	Population	1125	6	1	people
300630010011	Population	Median Age	28.1	6	2	people
300630010011	Age	<18	0.3031	6	1	percent
300630010011	Age	18-24	0.0924	6	2	percent
300630010011	Age	25-34	0.2507	6	3	percent
300630010011	Age	35-44	0.1049	6	4	percent
300630010011	Age	45-54	0.0684	6	5	percent
300630010011	Age	55-64	0.0942	6	6	percent
300630010011	Age	65+	0.0862	6	7	percent
300630010011	Economic	Median HH Income	58529.0	6	1	dollar
300630010011	Economic	Median Home Value	246100.0	6	2	dollar
300630010011	Education	No HS	0.0662	6	1	percent
300630010011	Education	HS	0.3647	6	2	percent
300630010011	Education	Some College/2 Year	0.2515	6	3	percent
300630010011	Education	Bachelor	0.2838	6	4	percent
300630010011	Education	Higher Degree	0.0338	6	5	percent
300630010011	Income	0-29K	0.161	6	1	percent
300630010011	Income	30-74K	0.5537	6	2	percent
300630010011	Income	75-99K	0.2171	6	3	percent
300630010011	Income	100-149K	0.0683	6	4	percent
300630010011	Income	150K+	0.0	6	5	percent
300630010011	Race	African American	0.0	6	1	percent
300630010011	Race	Asian	0.0	6	2	percent
300630010011	Race	Hispanic	0.0	6	3	percent
300630010011	Race	Other or Mixed	0.0213	6	4	percent
300630010011	Race	White	0.9787	6	5	percent
300630010012	Population	Population	1414	15	1	people
300630010012	Population	Median Age	39.4	15	2	people
300630010012	Age	<18	0.1513	15	1	percent
300630010012	Age	18-24	0.198	15	2	percent
300630010012	Age	25-34	0.1047	15	3	percent
300630010012	Age	35-44	0.1436	15	4	percent
300630010012	Age	45-54	0.075	15	5	percent
300630010012	Age	55-64	0.0863	15	6	percent
300630010012	Age	65+	0.2412	15	7	percent
300630010012	Economic	Median HH Income	22310.0	15	1	dollar
300630010012	Economic	Median Home Value	186100.0	15	2	dollar
300630010012	Education	No HS	0.0152	15	1	percent
300630010012	Education	HS	0.2076	15	2	percent
300630010012	Education	Some College/2 Year	0.3674	15	3	percent
300630010012	Education	Bachelor	0.325	15	4	percent
300630010012	Education	Higher Degree	0.0848	15	5	percent
300630010012	Income	0-29K	0.5466	15	1	percent
300630010012	Income	30-74K	0.1839	15	2	percent
300630010012	Income	75-99K	0.1928	15	3	percent
300630010012	Income	100-149K	0.037	15	4	percent
300630010012	Income	150K+	0.0396	15	5	percent
300630010012	Race	African American	0.0	15	1	percent
300630010012	Race	Asian	0.0	15	2	percent
300630010012	Race	Hispanic	0.0085	15	3	percent
300630010012	Race	Other or Mixed	0.0792	15	4	percent
300630010012	Race	White	0.9123	15	5	percent
300630010013	Population	Population	940	10	1	people
300630010013	Population	Median Age	33.4	10	2	people
300630010013	Age	<18	0.1574	10	1	percent
300630010013	Age	18-24	0.1723	10	2	percent
300630010013	Age	25-34	0.2011	10	3	percent
300630010013	Age	35-44	0.1447	10	4	percent
300630010013	Age	45-54	0.1085	10	5	percent
300630010013	Age	55-64	0.1106	10	6	percent
300630010013	Age	65+	0.1053	10	7	percent
300630010013	Economic	Median HH Income	66161.0	10	1	dollar
300630010013	Economic	Median Home Value	220600.0	10	2	dollar
300630010013	Education	No HS	0.0619	10	1	percent
300630010013	Education	HS	0.1952	10	2	percent
300630010013	Education	Some College/2 Year	0.2556	10	3	percent
300630010013	Education	Bachelor	0.3603	10	4	percent
300630010013	Education	Higher Degree	0.127	10	5	percent
300630010013	Income	0-29K	0.2319	10	1	percent
300630010013	Income	30-74K	0.343	10	2	percent
300630010013	Income	75-99K	0.2053	10	3	percent
300630010013	Income	100-149K	0.2198	10	4	percent
300630010013	Income	150K+	0.0	10	5	percent
300630010013	Race	African American	0.0	10	1	percent
300630010013	Race	Asian	0.0	10	2	percent
300630010013	Race	Hispanic	0.0894	10	3	percent
300630010013	Race	Other or Mixed	0.0032	10	4	percent
300630010013	Race	White	0.9074	10	5	percent
300630010021	Population	Population	1999	24	1	people
300630010021	Population	Median Age	33.0	24	2	people
300630010021	Age	<18	0.2776	24	1	percent
300630010021	Age	18-24	0.0375	24	2	percent
300630010021	Age	25-34	0.2791	24	3	percent
300630010021	Age	35-44	0.1816	24	4	percent
300630010021	Age	45-54	0.083	24	5	percent
300630010021	Age	55-64	0.0655	24	6	percent
300630010021	Age	65+	0.0755	24	7	percent
300630010021	Economic	Median HH Income	37216.0	24	1	dollar
300630010021	Economic	Median Home Value	282000.0	24	2	dollar
300630010021	Education	No HS	0.0102	24	1	percent
300630010021	Education	HS	0.2681	24	2	percent
300630010021	Education	Some College/2 Year	0.2352	24	3	percent
300630010021	Education	Bachelor	0.2513	24	4	percent
300630010021	Education	Higher Degree	0.2352	24	5	percent
300630010021	Income	0-29K	0.1914	24	1	percent
300630010021	Income	30-74K	0.5175	24	2	percent
300630010021	Income	75-99K	0.0267	24	3	percent
300630010021	Income	100-149K	0.1656	24	4	percent
300630010021	Income	150K+	0.0988	24	5	percent
300630010021	Race	African American	0.1151	24	1	percent
300630010021	Race	Asian	0.0	24	2	percent
300630010021	Race	Hispanic	0.041	24	3	percent
300630010021	Race	Other or Mixed	0.0815	24	4	percent
300630010021	Race	White	0.7624	24	5	percent
300630011001	Population	Population	797	9	1	people
300630011001	Population	Median Age	35.4	9	2	people
300630011001	Age	<18	0.133	9	1	percent
300630011001	Age	18-24	0.1932	9	2	percent
300630011001	Age	25-34	0.1192	9	3	percent
300630011001	Age	35-44	0.2422	9	4	percent
300630011001	Age	45-54	0.0439	9	5	percent
300630011001	Age	55-64	0.1656	9	6	percent
300630011001	Age	65+	0.1029	9	7	percent
300630011001	Economic	Median HH Income	68438.0	9	1	dollar
300630011001	Economic	Median Home Value	418500.0	9	2	dollar
300630011001	Education	No HS	0.0	9	1	percent
300630011001	Education	HS	0.0	9	2	percent
300630011001	Education	Some College/2 Year	0.2626	9	3	percent
300630011001	Education	Bachelor	0.4395	9	4	percent
300630011001	Education	Higher Degree	0.298	9	5	percent
300630011001	Income	0-29K	0.131	9	1	percent
300630011001	Income	30-74K	0.4572	9	2	percent
300630011001	Income	75-99K	0.0909	9	3	percent
300630011001	Income	100-149K	0.1711	9	4	percent
300630011001	Income	150K+	0.1497	9	5	percent
300630011001	Race	African American	0.0	9	1	percent
300630011001	Race	Asian	0.0	9	2	percent
300630011001	Race	Hispanic	0.0	9	3	percent
300630011001	Race	Other or Mixed	0.0	9	4	percent
300630011001	Race	White	1.0	9	5	percent
300630011002	Population	Population	1417	9	1	people
300630011002	Population	Median Age	37.1	9	2	people
300630011002	Age	<18	0.1658	9	1	percent
300630011002	Age	18-24	0.0755	9	2	percent
300630011002	Age	25-34	0.2272	9	3	percent
300630011002	Age	35-44	0.2498	9	4	percent
300630011002	Age	45-54	0.0452	9	5	percent
300630011002	Age	55-64	0.108	9	6	percent
300630011002	Age	65+	0.1284	9	7	percent
300630011002	Economic	Median HH Income	54212.0	9	1	dollar
300630011002	Economic	Median Home Value	310500.0	9	2	dollar
300630011002	Education	No HS	0.0102	9	1	percent
300630011002	Education	HS	0.2707	9	2	percent
300630011002	Education	Some College/2 Year	0.2772	9	3	percent
300630011002	Education	Bachelor	0.3386	9	4	percent
300630011002	Education	Higher Degree	0.1033	9	5	percent
300630011002	Income	0-29K	0.2819	9	1	percent
300630011002	Income	30-74K	0.3283	9	2	percent
300630011002	Income	75-99K	0.1544	9	3	percent
300630011002	Income	100-149K	0.081	9	4	percent
300630011002	Income	150K+	0.1544	9	5	percent
300630011002	Race	African American	0.0	9	1	percent
300630011002	Race	Asian	0.0064	9	2	percent
300630011002	Race	Hispanic	0.0198	9	3	percent
300630011002	Race	Other or Mixed	0.2032	9	4	percent
300630011002	Race	White	0.7706	9	5	percent
300630011003	Population	Population	1197	14	1	people
300630011003	Population	Median Age	27.8	14	2	people
300630011003	Age	<18	0.2231	14	1	percent
300630011003	Age	18-24	0.1646	14	2	percent
300630011003	Age	25-34	0.2707	14	3	percent
300630011003	Age	35-44	0.1145	14	4	percent
300630011003	Age	45-54	0.0401	14	5	percent
300630011003	Age	55-64	0.0744	14	6	percent
300630011003	Age	65+	0.1128	14	7	percent
300630011003	Economic	Median HH Income	49734.0	14	1	dollar
300630011003	Economic	Median Home Value	326200.0	14	2	dollar
300630011003	Education	No HS	0.0218	14	1	percent
300630011003	Education	HS	0.045	14	2	percent
300630011003	Education	Some College/2 Year	0.2797	14	3	percent
300630011003	Education	Bachelor	0.5034	14	4	percent
300630011003	Education	Higher Degree	0.1501	14	5	percent
300630011003	Income	0-29K	0.2466	14	1	percent
300630011003	Income	30-74K	0.4701	14	2	percent
300630011003	Income	75-99K	0.1214	14	3	percent
300630011003	Income	100-149K	0.0848	14	4	percent
300630011003	Income	150K+	0.0771	14	5	percent
300630011003	Race	African American	0.0	14	1	percent
300630011003	Race	Asian	0.0	14	2	percent
300630011003	Race	Hispanic	0.0226	14	3	percent
300630011003	Race	Other or Mixed	0.2423	14	4	percent
300630011003	Race	White	0.7352	14	5	percent
300630012001	Population	Population	843	9	1	people
300630012001	Population	Median Age	33.6	9	2	people
300630012001	Age	<18	0.2942	9	1	percent
300630012001	Age	18-24	0.0795	9	2	percent
300630012001	Age	25-34	0.1886	9	3	percent
300630012001	Age	35-44	0.21	9	4	percent
300630012001	Age	45-54	0.0641	9	5	percent
300630012001	Age	55-64	0.1198	9	6	percent
300630012001	Age	65+	0.0439	9	7	percent
300630012001	Economic	Median HH Income	69859.0	9	1	dollar
300630012001	Economic	Median Home Value	269900.0	9	2	dollar
300630012001	Education	No HS	0.0511	9	1	percent
300630012001	Education	HS	0.1231	9	2	percent
300630012001	Education	Some College/2 Year	0.2178	9	3	percent
300630012001	Education	Bachelor	0.3333	9	4	percent
300630012001	Education	Higher Degree	0.2746	9	5	percent
300630012001	Income	0-29K	0.1307	9	1	percent
300630012001	Income	30-74K	0.3816	9	2	percent
300630012001	Income	75-99K	0.0919	9	3	percent
300630012001	Income	100-149K	0.2155	9	4	percent
300630012001	Income	150K+	0.1802	9	5	percent
300630012001	Race	African American	0.0	9	1	percent
300630012001	Race	Asian	0.0285	9	2	percent
300630012001	Race	Hispanic	0.0	9	3	percent
300630012001	Race	Other or Mixed	0.0107	9	4	percent
300630012001	Race	White	0.9609	9	5	percent
300630012002	Population	Population	1296	10	1	people
300630012002	Population	Median Age	29.7	10	2	people
300630012002	Age	<18	0.0386	10	1	percent
300630012002	Age	18-24	0.3526	10	2	percent
300630012002	Age	25-34	0.1474	10	3	percent
300630012002	Age	35-44	0.0864	10	4	percent
300630012002	Age	45-54	0.0571	10	5	percent
300630012002	Age	55-64	0.0579	10	6	percent
300630012002	Age	65+	0.26	10	7	percent
300630012002	Economic	Median HH Income	42895.0	10	1	dollar
300630012002	Economic	Median Home Value	301700.0	10	2	dollar
300630012002	Education	No HS	0.057	10	1	percent
300630012002	Education	HS	0.1052	10	2	percent
300630012002	Education	Some College/2 Year	0.1381	10	3	percent
300630012002	Education	Bachelor	0.5171	10	4	percent
300630012002	Education	Higher Degree	0.1825	10	5	percent
300630012002	Income	0-29K	0.3794	10	1	percent
300630012002	Income	30-74K	0.3285	10	2	percent
300630012002	Income	75-99K	0.0712	10	3	percent
300630012002	Income	100-149K	0.1483	10	4	percent
300630012002	Income	150K+	0.0727	10	5	percent
300630012002	Race	African American	0.0	10	1	percent
300630012002	Race	Asian	0.0154	10	2	percent
300630012002	Race	Hispanic	0.0285	10	3	percent
300630012002	Race	Other or Mixed	0.0532	10	4	percent
300630012002	Race	White	0.9028	10	5	percent
300630012003	Population	Population	842	5	1	people
300630012003	Population	Median Age	49.9	5	2	people
300630012003	Age	<18	0.0451	5	1	percent
300630012003	Age	18-24	0.0344	5	2	percent
300630012003	Age	25-34	0.0938	5	3	percent
300630012003	Age	35-44	0.0914	5	4	percent
300630012003	Age	45-54	0.31	5	5	percent
300630012003	Age	55-64	0.1473	5	6	percent
300630012003	Age	65+	0.2779	5	7	percent
300630012003	Economic	Median HH Income	44542.0	5	1	dollar
300630012003	Economic	Median Home Value	288800.0	5	2	dollar
300630012003	Education	No HS	0.0	5	1	percent
300630012003	Education	HS	0.3445	5	2	percent
300630012003	Education	Some College/2 Year	0.1381	5	3	percent
300630012003	Education	Bachelor	0.2065	5	4	percent
300630012003	Education	Higher Degree	0.311	5	5	percent
300630012003	Income	0-29K	0.1248	5	1	percent
300630012003	Income	30-74K	0.6037	5	2	percent
300630012003	Income	75-99K	0.1164	5	3	percent
300630012003	Income	100-149K	0.0388	5	4	percent
300630012003	Income	150K+	0.1164	5	5	percent
300630012003	Race	African American	0.0	5	1	percent
300630012003	Race	Asian	0.0	5	2	percent
300630012003	Race	Hispanic	0.0	5	3	percent
300630012003	Race	Other or Mixed	0.0143	5	4	percent
300630012003	Race	White	0.9857	5	5	percent
300630012004	Population	Population	2252	21	1	people
300630012004	Population	Median Age	28.2	21	2	people
300630012004	Age	<18	0.2988	21	1	percent
300630012004	Age	18-24	0.1252	21	2	percent
300630012004	Age	25-34	0.1718	21	3	percent
300630012004	Age	35-44	0.1639	21	4	percent
300630012004	Age	45-54	0.1456	21	5	percent
300630012004	Age	55-64	0.0608	21	6	percent
300630012004	Age	65+	0.0337	21	7	percent
300630012004	Economic	Median HH Income	43174.0	21	1	dollar
300630012004	Economic	Median Home Value	337700.0	21	2	dollar
300630012004	Education	No HS	0.0231	21	1	percent
300630012004	Education	HS	0.2822	21	2	percent
300630012004	Education	Some College/2 Year	0.2398	21	3	percent
300630012004	Education	Bachelor	0.3285	21	4	percent
300630012004	Education	Higher Degree	0.1264	21	5	percent
300630012004	Income	0-29K	0.4037	21	1	percent
300630012004	Income	30-74K	0.3445	21	2	percent
300630012004	Income	75-99K	0.0592	21	3	percent
300630012004	Income	100-149K	0.071	21	4	percent
300630012004	Income	150K+	0.1216	21	5	percent
300630012004	Race	African American	0.0	21	1	percent
300630012004	Race	Asian	0.0302	21	2	percent
300630012004	Race	Hispanic	0.0133	21	3	percent
300630012004	Race	Other or Mixed	0.2527	21	4	percent
300630012004	Race	White	0.7038	21	5	percent
300630013021	Population	Population	2022	9	1	people
300630013021	Population	Median Age	42.0	9	2	people
300630013021	Age	<18	0.1889	9	1	percent
300630013021	Age	18-24	0.1024	9	2	percent
300630013021	Age	25-34	0.1484	9	3	percent
300630013021	Age	35-44	0.1296	9	4	percent
300630013021	Age	45-54	0.1815	9	5	percent
300630013021	Age	55-64	0.0885	9	6	percent
300630013021	Age	65+	0.1607	9	7	percent
300630013021	Economic	Median HH Income	78233.0	9	1	dollar
300630013021	Economic	Median Home Value	434500.0	9	2	dollar
300630013021	Education	No HS	0.0	9	1	percent
300630013021	Education	HS	0.1124	9	2	percent
300630013021	Education	Some College/2 Year	0.2924	9	3	percent
300630013021	Education	Bachelor	0.3315	9	4	percent
300630013021	Education	Higher Degree	0.2638	9	5	percent
300630013021	Income	0-29K	0.2437	9	1	percent
300630013021	Income	30-74K	0.247	9	2	percent
300630013021	Income	75-99K	0.1047	9	3	percent
300630013021	Income	100-149K	0.2161	9	4	percent
300630013021	Income	150K+	0.1885	9	5	percent
300630013021	Race	African American	0.0104	9	1	percent
300630013021	Race	Asian	0.0	9	2	percent
300630013021	Race	Hispanic	0.0509	9	3	percent
300630013021	Race	Other or Mixed	0.0331	9	4	percent
300630013021	Race	White	0.9055	9	5	percent
300630013022	Population	Population	1011	1	1	people
300630013022	Population	Median Age	37.9	1	2	people
300630013022	Age	<18	0.3551	1	1	percent
300630013022	Age	18-24	0.0	1	2	percent
300630013022	Age	25-34	0.0712	1	3	percent
300630013022	Age	35-44	0.1672	1	4	percent
300630013022	Age	45-54	0.1741	1	5	percent
300630013022	Age	55-64	0.0831	1	6	percent
300630013022	Age	65+	0.1494	1	7	percent
300630013022	Economic	Median HH Income	116912.0	1	1	dollar
300630013022	Economic	Median Home Value	357100.0	1	2	dollar
300630013022	Education	No HS	0.0	1	1	percent
300630013022	Education	HS	0.0721	1	2	percent
300630013022	Education	Some College/2 Year	0.1933	1	3	percent
300630013022	Education	Bachelor	0.4187	1	4	percent
300630013022	Education	Higher Degree	0.316	1	5	percent
300630013022	Income	0-29K	0.0183	1	1	percent
300630013022	Income	30-74K	0.3901	1	2	percent
300630013022	Income	75-99K	0.0314	1	3	percent
300630013022	Income	100-149K	0.2932	1	4	percent
300630013022	Income	150K+	0.267	1	5	percent
300630013022	Race	African American	0.0208	1	1	percent
300630013022	Race	Asian	0.0129	1	2	percent
300630013022	Race	Hispanic	0.0	1	3	percent
300630013022	Race	Other or Mixed	0.0168	1	4	percent
300630013022	Race	White	0.9496	1	5	percent
300630013023	Population	Population	1171	3	1	people
300630013023	Population	Median Age	55.4	3	2	people
300630013023	Age	<18	0.1913	3	1	percent
300630013023	Age	18-24	0.0606	3	2	percent
300630013023	Age	25-34	0.1127	3	3	percent
300630013023	Age	35-44	0.0307	3	4	percent
300630013023	Age	45-54	0.0811	3	5	percent
300630013023	Age	55-64	0.339	3	6	percent
300630013023	Age	65+	0.1845	3	7	percent
300630013023	Economic	Median HH Income	148558.0	3	1	dollar
300630013023	Economic	Median Home Value	500000.0	3	2	dollar
300630013023	Education	No HS	0.0	3	1	percent
300630013023	Education	HS	0.1324	3	2	percent
300630013023	Education	Some College/2 Year	0.2477	3	3	percent
300630013023	Education	Bachelor	0.3653	3	4	percent
300630013023	Education	Higher Degree	0.2546	3	5	percent
300630013023	Income	0-29K	0.0533	3	1	percent
300630013023	Income	30-74K	0.1301	3	2	percent
300630013023	Income	75-99K	0.0789	3	3	percent
300630013023	Income	100-149K	0.3497	3	4	percent
300630013023	Income	150K+	0.3881	3	5	percent
300630013023	Race	African American	0.0	3	1	percent
300630013023	Race	Asian	0.0342	3	2	percent
300630013023	Race	Hispanic	0.0512	3	3	percent
300630013023	Race	Other or Mixed	0.0085	3	4	percent
300630013023	Race	White	0.9061	3	5	percent
300630013024	Population	Population	862	5	1	people
300630013024	Population	Median Age	38.5	5	2	people
300630013024	Age	<18	0.1114	5	1	percent
300630013024	Age	18-24	0.1949	5	2	percent
300630013024	Age	25-34	0.1566	5	3	percent
300630013024	Age	35-44	0.109	5	4	percent
300630013024	Age	45-54	0.1253	5	5	percent
300630013024	Age	55-64	0.1752	5	6	percent
300630013024	Age	65+	0.1276	5	7	percent
300630013024	Economic	Median HH Income	84226.0	5	1	dollar
300630013024	Economic	Median Home Value	275000.0	5	2	dollar
300630013024	Education	No HS	0.0736	5	1	percent
300630013024	Education	HS	0.1856	5	2	percent
300630013024	Education	Some College/2 Year	0.4214	5	3	percent
300630013024	Education	Bachelor	0.2793	5	4	percent
300630013024	Education	Higher Degree	0.0401	5	5	percent
300630013024	Income	0-29K	0.1634	5	1	percent
300630013024	Income	30-74K	0.2659	5	2	percent
300630013024	Income	75-99K	0.1662	5	3	percent
300630013024	Income	100-149K	0.2992	5	4	percent
300630013024	Income	150K+	0.1053	5	5	percent
300630013024	Race	African American	0.0	5	1	percent
300630013024	Race	Asian	0.0	5	2	percent
300630013024	Race	Hispanic	0.0476	5	3	percent
300630013024	Race	Other or Mixed	0.0093	5	4	percent
300630013024	Race	White	0.9432	5	5	percent
300630013025	Population	Population	945	5	1	people
300630013025	Population	Median Age	35.9	5	2	people
300630013025	Age	<18	0.3492	5	1	percent
300630013025	Age	18-24	0.0	5	2	percent
300630013025	Age	25-34	0.1143	5	3	percent
300630013025	Age	35-44	0.1598	5	4	percent
300630013025	Age	45-54	0.0677	5	5	percent
300630013025	Age	55-64	0.1005	5	6	percent
300630013025	Age	65+	0.2085	5	7	percent
300630013025	Economic	Median HH Income	97554.0	5	1	dollar
300630013025	Economic	Median Home Value	283900.0	5	2	dollar
300630013025	Education	No HS	0.0	5	1	percent
300630013025	Education	HS	0.2098	5	2	percent
300630013025	Education	Some College/2 Year	0.1854	5	3	percent
300630013025	Education	Bachelor	0.4146	5	4	percent
300630013025	Education	Higher Degree	0.1902	5	5	percent
300630013025	Income	0-29K	0.0718	5	1	percent
300630013025	Income	30-74K	0.3785	5	2	percent
300630013025	Income	75-99K	0.174	5	3	percent
300630013025	Income	100-149K	0.1243	5	4	percent
300630013025	Income	150K+	0.2514	5	5	percent
300630013025	Race	African American	0.0	5	1	percent
300630013025	Race	Asian	0.0	5	2	percent
300630013025	Race	Hispanic	0.1862	5	3	percent
300630013025	Race	Other or Mixed	0.019	5	4	percent
300630013025	Race	White	0.7947	5	5	percent
300630013031	Population	Population	1273	17	1	people
300630013031	Population	Median Age	30.1	17	2	people
300630013031	Age	<18	0.2082	17	1	percent
300630013031	Age	18-24	0.0628	17	2	percent
300630013031	Age	25-34	0.3197	17	3	percent
300630013031	Age	35-44	0.1115	17	4	percent
300630013031	Age	45-54	0.0228	17	5	percent
300630013031	Age	55-64	0.088	17	6	percent
300630013031	Age	65+	0.187	17	7	percent
300630013031	Economic	Median HH Income	63452.0	17	1	dollar
300630013031	Economic	Median Home Value	330700.0	17	2	dollar
300630013031	Education	No HS	0.0506	17	1	percent
300630013031	Education	HS	0.1045	17	2	percent
300630013031	Education	Some College/2 Year	0.5075	17	3	percent
300630013031	Education	Bachelor	0.236	17	4	percent
300630013031	Education	Higher Degree	0.1013	17	5	percent
300630013031	Income	0-29K	0.269	17	1	percent
300630013031	Income	30-74K	0.3793	17	2	percent
300630013031	Income	75-99K	0.119	17	3	percent
300630013031	Income	100-149K	0.1621	17	4	percent
300630013031	Income	150K+	0.0707	17	5	percent
300630013031	Race	African American	0.0126	17	1	percent
300630013031	Race	Asian	0.0322	17	2	percent
300630013031	Race	Hispanic	0.1123	17	3	percent
300630013031	Race	Other or Mixed	0.0157	17	4	percent
300630013031	Race	White	0.8272	17	5	percent
300630013032	Population	Population	1414	10	1	people
300630013032	Population	Median Age	33.4	10	2	people
300630013032	Age	<18	0.2341	10	1	percent
300630013032	Age	18-24	0.0424	10	2	percent
300630013032	Age	25-34	0.2624	10	3	percent
300630013032	Age	35-44	0.0382	10	4	percent
300630013032	Age	45-54	0.1733	10	5	percent
300630013032	Age	55-64	0.0905	10	6	percent
300630013032	Age	65+	0.1591	10	7	percent
300630013032	Economic	Median HH Income	66653.0	10	1	dollar
300630013032	Economic	Median Home Value	283800.0	10	2	dollar
300630013032	Education	No HS	0.0117	10	1	percent
300630013032	Education	HS	0.1437	10	2	percent
300630013032	Education	Some College/2 Year	0.4027	10	3	percent
300630013032	Education	Bachelor	0.3314	10	4	percent
300630013032	Education	Higher Degree	0.1105	10	5	percent
300630013032	Income	0-29K	0.1608	10	1	percent
300630013032	Income	30-74K	0.3808	10	2	percent
300630013032	Income	75-99K	0.1774	10	3	percent
300630013032	Income	100-149K	0.1442	10	4	percent
300630013032	Income	150K+	0.1368	10	5	percent
300630013032	Race	African American	0.0071	10	1	percent
300630013032	Race	Asian	0.0	10	2	percent
300630013032	Race	Hispanic	0.0785	10	3	percent
300630013032	Race	Other or Mixed	0.0113	10	4	percent
300630013032	Race	White	0.9031	10	5	percent
300630013033	Population	Population	989	9	1	people
300630013033	Population	Median Age	31.2	9	2	people
300630013033	Age	<18	0.2791	9	1	percent
300630013033	Age	18-24	0.1173	9	2	percent
300630013033	Age	25-34	0.1446	9	3	percent
300630013033	Age	35-44	0.1699	9	4	percent
300630013033	Age	45-54	0.0586	9	5	percent
300630013033	Age	55-64	0.1011	9	6	percent
300630013033	Age	65+	0.1294	9	7	percent
300630013033	Economic	Median HH Income	61250.0	9	1	dollar
300630013033	Economic	Median Home Value	244200.0	9	2	dollar
300630013033	Education	No HS	0.1106	9	1	percent
300630013033	Education	HS	0.2345	9	2	percent
300630013033	Education	Some College/2 Year	0.3434	9	3	percent
300630013033	Education	Bachelor	0.263	9	4	percent
300630013033	Education	Higher Degree	0.0486	9	5	percent
300630013033	Income	0-29K	0.0673	9	1	percent
300630013033	Income	30-74K	0.617	9	2	percent
300630013033	Income	75-99K	0.2047	9	3	percent
300630013033	Income	100-149K	0.0585	9	4	percent
300630013033	Income	150K+	0.0526	9	5	percent
300630013033	Race	African American	0.0	9	1	percent
300630013033	Race	Asian	0.0	9	2	percent
300630013033	Race	Hispanic	0.0051	9	3	percent
300630013033	Race	Other or Mixed	0.0445	9	4	percent
300630013033	Race	White	0.9505	9	5	percent
300630013034	Population	Population	903	13	1	people
300630013034	Population	Median Age	39.0	13	2	people
300630013034	Age	<18	0.2016	13	1	percent
300630013034	Age	18-24	0.0742	13	2	percent
300630013034	Age	25-34	0.1606	13	3	percent
300630013034	Age	35-44	0.2204	13	4	percent
300630013034	Age	45-54	0.0775	13	5	percent
300630013034	Age	55-64	0.0886	13	6	percent
300630013034	Age	65+	0.1772	13	7	percent
300630013034	Economic	Median HH Income	38529.0	13	1	dollar
300630013034	Economic	Median Home Value	301100.0	13	2	dollar
300630013034	Education	No HS	0.0	13	1	percent
300630013034	Education	HS	0.1361	13	2	percent
300630013034	Education	Some College/2 Year	0.6422	13	3	percent
300630013034	Education	Bachelor	0.1483	13	4	percent
300630013034	Education	Higher Degree	0.0734	13	5	percent
300630013034	Income	0-29K	0.2245	13	1	percent
300630013034	Income	30-74K	0.662	13	2	percent
300630013034	Income	75-99K	0.0	13	3	percent
300630013034	Income	100-149K	0.037	13	4	percent
300630013034	Income	150K+	0.0764	13	5	percent
300630013034	Race	African American	0.0	13	1	percent
300630013034	Race	Asian	0.0	13	2	percent
300630013034	Race	Hispanic	0.0	13	3	percent
300630013034	Race	Other or Mixed	0.062	13	4	percent
300630013034	Race	White	0.938	13	5	percent
300630013041	Population	Population	1037	17	1	people
300630013041	Population	Median Age	50.1	17	2	people
300630013041	Age	<18	0.2199	17	1	percent
300630013041	Age	18-24	0.026	17	2	percent
300630013041	Age	25-34	0.0617	17	3	percent
300630013041	Age	35-44	0.161	17	4	percent
300630013041	Age	45-54	0.1119	17	5	percent
300630013041	Age	55-64	0.2478	17	6	percent
300630013041	Age	65+	0.1716	17	7	percent
300630013041	Economic	Median HH Income	76174.0	17	1	dollar
300630013041	Economic	Median Home Value	368800.0	17	2	dollar
300630013041	Education	No HS	0.0882	17	1	percent
300630013041	Education	HS	0.1522	17	2	percent
300630013041	Education	Some College/2 Year	0.3939	17	3	percent
300630013041	Education	Bachelor	0.2442	17	4	percent
300630013041	Education	Higher Degree	0.1215	17	5	percent
300630013041	Income	0-29K	0.0903	17	1	percent
300630013041	Income	30-74K	0.3729	17	2	percent
300630013041	Income	75-99K	0.2114	17	3	percent
300630013041	Income	100-149K	0.228	17	4	percent
300630013041	Income	150K+	0.0974	17	5	percent
300630013041	Race	African American	0.0	17	1	percent
300630013041	Race	Asian	0.0	17	2	percent
300630013041	Race	Hispanic	0.0	17	3	percent
300630013041	Race	Other or Mixed	0.0058	17	4	percent
300630013041	Race	White	0.9942	17	5	percent
300630013042	Population	Population	2455	15	1	people
300630013042	Population	Median Age	36.6	15	2	people
300630013042	Age	<18	0.3193	15	1	percent
300630013042	Age	18-24	0.0	15	2	percent
300630013042	Age	25-34	0.0835	15	3	percent
300630013042	Age	35-44	0.2159	15	4	percent
300630013042	Age	45-54	0.0701	15	5	percent
300630013042	Age	55-64	0.1662	15	6	percent
300630013042	Age	65+	0.145	15	7	percent
300630013042	Economic	Median HH Income	111364.0	15	1	dollar
300630013042	Economic	Median Home Value	373800.0	15	2	dollar
300630013042	Education	No HS	0.0664	15	1	percent
300630013042	Education	HS	0.2412	15	2	percent
300630013042	Education	Some College/2 Year	0.1759	15	3	percent
300630013042	Education	Bachelor	0.2501	15	4	percent
300630013042	Education	Higher Degree	0.2663	15	5	percent
300630013042	Income	0-29K	0.0045	15	1	percent
300630013042	Income	30-74K	0.2342	15	2	percent
300630013042	Income	75-99K	0.1366	15	3	percent
300630013042	Income	100-149K	0.3288	15	4	percent
300630013042	Income	150K+	0.2958	15	5	percent
300630013042	Race	African American	0.0077	15	1	percent
300630013042	Race	Asian	0.0118	15	2	percent
300630013042	Race	Hispanic	0.0	15	3	percent
300630013042	Race	Other or Mixed	0.0061	15	4	percent
300630013042	Race	White	0.9743	15	5	percent
300630013043	Population	Population	814	9	1	people
300630013043	Population	Median Age	54.1	9	2	people
300630013043	Age	<18	0.1597	9	1	percent
300630013043	Age	18-24	0.0995	9	2	percent
300630013043	Age	25-34	0.1093	9	3	percent
300630013043	Age	35-44	0.1093	9	4	percent
300630013043	Age	45-54	0.059	9	5	percent
300630013043	Age	55-64	0.1769	9	6	percent
300630013043	Age	65+	0.2862	9	7	percent
300630013043	Economic	Median HH Income	96500.0	9	1	dollar
300630013043	Economic	Median Home Value	319000.0	9	2	dollar
300630013043	Education	No HS	0.0033	9	1	percent
300630013043	Education	HS	0.1774	9	2	percent
300630013043	Education	Some College/2 Year	0.2703	9	3	percent
300630013043	Education	Bachelor	0.3897	9	4	percent
300630013043	Education	Higher Degree	0.1592	9	5	percent
300630013043	Income	0-29K	0.1725	9	1	percent
300630013043	Income	30-74K	0.0789	9	2	percent
300630013043	Income	75-99K	0.4064	9	3	percent
300630013043	Income	100-149K	0.2427	9	4	percent
300630013043	Income	150K+	0.0994	9	5	percent
300630013043	Race	African American	0.0	9	1	percent
300630013043	Race	Asian	0.0	9	2	percent
300630013043	Race	Hispanic	0.0	9	3	percent
300630013043	Race	Other or Mixed	0.0	9	4	percent
300630013043	Race	White	1.0	9	5	percent
300630013044	Population	Population	1050	13	1	people
300630013044	Population	Median Age	47.4	13	2	people
300630013044	Age	<18	0.2019	13	1	percent
300630013044	Age	18-24	0.0962	13	2	percent
300630013044	Age	25-34	0.0362	13	3	percent
300630013044	Age	35-44	0.1324	13	4	percent
300630013044	Age	45-54	0.2057	13	5	percent
300630013044	Age	55-64	0.2314	13	6	percent
300630013044	Age	65+	0.0962	13	7	percent
300630013044	Economic	Median HH Income	118750.0	13	1	dollar
300630013044	Economic	Median Home Value	437900.0	13	2	dollar
300630013044	Education	No HS	0.0	13	1	percent
300630013044	Education	HS	0.0285	13	2	percent
300630013044	Education	Some College/2 Year	0.3786	13	3	percent
300630013044	Education	Bachelor	0.3229	13	4	percent
300630013044	Education	Higher Degree	0.27	13	5	percent
300630013044	Income	0-29K	0.0	13	1	percent
300630013044	Income	30-74K	0.2641	13	2	percent
300630013044	Income	75-99K	0.0	13	3	percent
300630013044	Income	100-149K	0.2738	13	4	percent
300630013044	Income	150K+	0.4621	13	5	percent
300630013044	Race	African American	0.0	13	1	percent
300630013044	Race	Asian	0.0	13	2	percent
300630013044	Race	Hispanic	0.0267	13	3	percent
300630013044	Race	Other or Mixed	0.0181	13	4	percent
300630013044	Race	White	0.9552	13	5	percent
300630013045	Population	Population	2093	15	1	people
300630013045	Population	Median Age	38.1	15	2	people
300630013045	Age	<18	0.1567	15	1	percent
300630013045	Age	18-24	0.1983	15	2	percent
300630013045	Age	25-34	0.108	15	3	percent
300630013045	Age	35-44	0.1185	15	4	percent
300630013045	Age	45-54	0.1175	15	5	percent
300630013045	Age	55-64	0.1443	15	6	percent
300630013045	Age	65+	0.1567	15	7	percent
300630013045	Economic	Median HH Income	85083.0	15	1	dollar
300630013045	Economic	Median Home Value	409800.0	15	2	dollar
300630013045	Education	No HS	0.123	15	1	percent
300630013045	Education	HS	0.1141	15	2	percent
300630013045	Education	Some College/2 Year	0.3119	15	3	percent
300630013045	Education	Bachelor	0.2852	15	4	percent
300630013045	Education	Higher Degree	0.1659	15	5	percent
300630013045	Income	0-29K	0.1413	15	1	percent
300630013045	Income	30-74K	0.316	15	2	percent
300630013045	Income	75-99K	0.172	15	3	percent
300630013045	Income	100-149K	0.2187	15	4	percent
300630013045	Income	150K+	0.152	15	5	percent
300630013045	Race	African American	0.0	15	1	percent
300630013045	Race	Asian	0.0884	15	2	percent
300630013045	Race	Hispanic	0.0	15	3	percent
300630013045	Race	Other or Mixed	0.1347	15	4	percent
300630013045	Race	White	0.7769	15	5	percent
300630014011	Population	Population	1284	11	1	people
300630014011	Population	Median Age	54.2	11	2	people
300630014011	Age	<18	0.102	11	1	percent
300630014011	Age	18-24	0.0927	11	2	percent
300630014011	Age	25-34	0.0218	11	3	percent
300630014011	Age	35-44	0.116	11	4	percent
300630014011	Age	45-54	0.2095	11	5	percent
300630014011	Age	55-64	0.1994	11	6	percent
300630014011	Age	65+	0.2586	11	7	percent
300630014011	Economic	Median HH Income	88482.0	11	1	dollar
300630014011	Economic	Median Home Value	550700.0	11	2	dollar
300630014011	Education	No HS	0.0193	11	1	percent
300630014011	Education	HS	0.1228	11	2	percent
300630014011	Education	Some College/2 Year	0.2592	11	3	percent
300630014011	Education	Bachelor	0.3133	11	4	percent
300630014011	Education	Higher Degree	0.2853	11	5	percent
300630014011	Income	0-29K	0.0253	11	1	percent
300630014011	Income	30-74K	0.348	11	2	percent
300630014011	Income	75-99K	0.1841	11	3	percent
300630014011	Income	100-149K	0.1486	11	4	percent
300630014011	Income	150K+	0.2939	11	5	percent
300630014011	Race	African American	0.0	11	1	percent
300630014011	Race	Asian	0.0055	11	2	percent
300630014011	Race	Hispanic	0.0016	11	3	percent
300630014011	Race	Other or Mixed	0.0685	11	4	percent
300630014011	Race	White	0.9245	11	5	percent
300630014012	Population	Population	621	10	1	people
300630014012	Population	Median Age	31.6	10	2	people
300630014012	Age	<18	0.2576	10	1	percent
300630014012	Age	18-24	0.1433	10	2	percent
300630014012	Age	25-34	0.1481	10	3	percent
300630014012	Age	35-44	0.132	10	4	percent
300630014012	Age	45-54	0.0354	10	5	percent
300630014012	Age	55-64	0.1192	10	6	percent
300630014012	Age	65+	0.1643	10	7	percent
300630014012	Economic	Median HH Income	25086.0	10	1	dollar
300630014012	Economic	Median Home Value	-6.66666666E8	10	2	dollar
300630014012	Education	No HS	0.0833	10	1	percent
300630014012	Education	HS	0.4462	10	2	percent
300630014012	Education	Some College/2 Year	0.2312	10	3	percent
300630014012	Education	Bachelor	0.2177	10	4	percent
300630014012	Education	Higher Degree	0.0215	10	5	percent
300630014012	Income	0-29K	0.6014	10	1	percent
300630014012	Income	30-74K	0.2826	10	2	percent
300630014012	Income	75-99K	0.0761	10	3	percent
300630014012	Income	100-149K	0.0399	10	4	percent
300630014012	Income	150K+	0.0	10	5	percent
300630014012	Race	African American	0.0097	10	1	percent
300630014012	Race	Asian	0.0	10	2	percent
300630014012	Race	Hispanic	0.0	10	3	percent
300630014012	Race	Other or Mixed	0.1401	10	4	percent
300630014012	Race	White	0.8502	10	5	percent
300630014013	Population	Population	448	8	1	people
300630014013	Population	Median Age	56.3	8	2	people
300630014013	Age	<18	0.0446	8	1	percent
300630014013	Age	18-24	0.067	8	2	percent
300630014013	Age	25-34	0.0893	8	3	percent
300630014013	Age	35-44	0.154	8	4	percent
300630014013	Age	45-54	0.1339	8	5	percent
300630014013	Age	55-64	0.2723	8	6	percent
300630014013	Age	65+	0.2388	8	7	percent
300630014013	Economic	Median HH Income	60350.0	8	1	dollar
300630014013	Economic	Median Home Value	44000.0	8	2	dollar
300630014013	Education	No HS	0.0276	8	1	percent
300630014013	Education	HS	0.3216	8	2	percent
300630014013	Education	Some College/2 Year	0.5201	8	3	percent
300630014013	Education	Bachelor	0.0402	8	4	percent
300630014013	Education	Higher Degree	0.0905	8	5	percent
300630014013	Income	0-29K	0.2009	8	1	percent
300630014013	Income	30-74K	0.6027	8	2	percent
300630014013	Income	75-99K	0.0228	8	3	percent
300630014013	Income	100-149K	0.0091	8	4	percent
300630014013	Income	150K+	0.1644	8	5	percent
300630014013	Race	African American	0.0	8	1	percent
300630014013	Race	Asian	0.0089	8	2	percent
300630014013	Race	Hispanic	0.0	8	3	percent
300630014013	Race	Other or Mixed	0.183	8	4	percent
300630014013	Race	White	0.808	8	5	percent
300630014021	Population	Population	2177	17	1	people
300630014021	Population	Median Age	40.9	17	2	people
300630014021	Age	<18	0.2816	17	1	percent
300630014021	Age	18-24	0.0271	17	2	percent
300630014021	Age	25-34	0.1135	17	3	percent
300630014021	Age	35-44	0.1387	17	4	percent
300630014021	Age	45-54	0.1373	17	5	percent
300630014021	Age	55-64	0.1364	17	6	percent
300630014021	Age	65+	0.1654	17	7	percent
300630014021	Economic	Median HH Income	78320.0	17	1	dollar
300630014021	Economic	Median Home Value	327000.0	17	2	dollar
300630014021	Education	No HS	0.01	17	1	percent
300630014021	Education	HS	0.21	17	2	percent
300630014021	Education	Some College/2 Year	0.3767	17	3	percent
300630014021	Education	Bachelor	0.3342	17	4	percent
300630014021	Education	Higher Degree	0.0691	17	5	percent
300630014021	Income	0-29K	0.0502	17	1	percent
300630014021	Income	30-74K	0.4267	17	2	percent
300630014021	Income	75-99K	0.2748	17	3	percent
300630014021	Income	100-149K	0.14	17	4	percent
300630014021	Income	150K+	0.1083	17	5	percent
300630014021	Race	African American	0.0	17	1	percent
300630014021	Race	Asian	0.0	17	2	percent
300630014021	Race	Hispanic	0.0854	17	3	percent
300630014021	Race	Other or Mixed	0.0317	17	4	percent
300630014021	Race	White	0.8829	17	5	percent
300630014022	Population	Population	2096	11	1	people
300630014022	Population	Median Age	38.5	11	2	people
300630014022	Age	<18	0.1927	11	1	percent
300630014022	Age	18-24	0.1465	11	2	percent
300630014022	Age	25-34	0.1188	11	3	percent
300630014022	Age	35-44	0.1422	11	4	percent
300630014022	Age	45-54	0.1088	11	5	percent
300630014022	Age	55-64	0.1522	11	6	percent
300630014022	Age	65+	0.1388	11	7	percent
300630014022	Economic	Median HH Income	86140.0	11	1	dollar
300630014022	Economic	Median Home Value	307000.0	11	2	dollar
300630014022	Education	No HS	0.0448	11	1	percent
300630014022	Education	HS	0.3661	11	2	percent
300630014022	Education	Some College/2 Year	0.3336	11	3	percent
300630014022	Education	Bachelor	0.1588	11	4	percent
300630014022	Education	Higher Degree	0.0968	11	5	percent
300630014022	Income	0-29K	0.1871	11	1	percent
300630014022	Income	30-74K	0.2242	11	2	percent
300630014022	Income	75-99K	0.2366	11	3	percent
300630014022	Income	100-149K	0.2476	11	4	percent
300630014022	Income	150K+	0.1045	11	5	percent
300630014022	Race	African American	0.0067	11	1	percent
300630014022	Race	Asian	0.0186	11	2	percent
300630014022	Race	Hispanic	0.032	11	3	percent
300630014022	Race	Other or Mixed	0.0744	11	4	percent
300630014022	Race	White	0.8683	11	5	percent
300630015011	Population	Population	2423	11	1	people
300630015011	Population	Median Age	34.1	11	2	people
300630015011	Age	<18	0.2976	11	1	percent
300630015011	Age	18-24	0.0083	11	2	percent
300630015011	Age	25-34	0.2212	11	3	percent
300630015011	Age	35-44	0.1052	11	4	percent
300630015011	Age	45-54	0.0949	11	5	percent
300630015011	Age	55-64	0.1362	11	6	percent
300630015011	Age	65+	0.1366	11	7	percent
300630015011	Economic	Median HH Income	62574.0	11	1	dollar
300630015011	Economic	Median Home Value	282200.0	11	2	dollar
300630015011	Education	No HS	0.047	11	1	percent
300630015011	Education	HS	0.2301	11	2	percent
300630015011	Education	Some College/2 Year	0.3829	11	3	percent
300630015011	Education	Bachelor	0.2366	11	4	percent
300630015011	Education	Higher Degree	0.1034	11	5	percent
300630015011	Income	0-29K	0.2679	11	1	percent
300630015011	Income	30-74K	0.3958	11	2	percent
300630015011	Income	75-99K	0.1611	11	3	percent
300630015011	Income	100-149K	0.1219	11	4	percent
300630015011	Income	150K+	0.0534	11	5	percent
300630015011	Race	African American	0.005	11	1	percent
300630015011	Race	Asian	0.0	11	2	percent
300630015011	Race	Hispanic	0.0227	11	3	percent
300630015011	Race	Other or Mixed	0.0	11	4	percent
300630015011	Race	White	0.9723	11	5	percent
300630015021	Population	Population	811	4	1	people
300630015021	Population	Median Age	60.7	4	2	people
300630015021	Age	<18	0.0937	4	1	percent
300630015021	Age	18-24	0.0185	4	2	percent
300630015021	Age	25-34	0.0123	4	3	percent
300630015021	Age	35-44	0.074	4	4	percent
300630015021	Age	45-54	0.1467	4	5	percent
300630015021	Age	55-64	0.2084	4	6	percent
300630015021	Age	65+	0.4464	4	7	percent
300630015021	Economic	Median HH Income	77768.0	4	1	dollar
300630015021	Economic	Median Home Value	380500.0	4	2	dollar
300630015021	Education	No HS	0.0583	4	1	percent
300630015021	Education	HS	0.2639	4	2	percent
300630015021	Education	Some College/2 Year	0.2819	4	3	percent
300630015021	Education	Bachelor	0.3569	4	4	percent
300630015021	Education	Higher Degree	0.0389	4	5	percent
300630015021	Income	0-29K	0.024	4	1	percent
300630015021	Income	30-74K	0.472	4	2	percent
300630015021	Income	75-99K	0.1893	4	3	percent
300630015021	Income	100-149K	0.2027	4	4	percent
300630015021	Income	150K+	0.112	4	5	percent
300630015021	Race	African American	0.0	4	1	percent
300630015021	Race	Asian	0.0025	4	2	percent
300630015021	Race	Hispanic	0.0345	4	3	percent
300630015021	Race	Other or Mixed	0.0666	4	4	percent
300630015021	Race	White	0.8964	4	5	percent
300630015022	Population	Population	1775	18	1	people
300630015022	Population	Median Age	35.0	18	2	people
300630015022	Age	<18	0.2124	18	1	percent
300630015022	Age	18-24	0.1093	18	2	percent
300630015022	Age	25-34	0.1775	18	3	percent
300630015022	Age	35-44	0.1538	18	4	percent
300630015022	Age	45-54	0.1538	18	5	percent
300630015022	Age	55-64	0.0749	18	6	percent
300630015022	Age	65+	0.1183	18	7	percent
300630015022	Economic	Median HH Income	63548.0	18	1	dollar
300630015022	Economic	Median Home Value	347300.0	18	2	dollar
300630015022	Education	No HS	0.0922	18	1	percent
300630015022	Education	HS	0.1877	18	2	percent
300630015022	Education	Some College/2 Year	0.2409	18	3	percent
300630015022	Education	Bachelor	0.2467	18	4	percent
300630015022	Education	Higher Degree	0.2326	18	5	percent
300630015022	Income	0-29K	0.1512	18	1	percent
300630015022	Income	30-74K	0.4456	18	2	percent
300630015022	Income	75-99K	0.1021	18	3	percent
300630015022	Income	100-149K	0.1485	18	4	percent
300630015022	Income	150K+	0.1525	18	5	percent
300630015022	Race	African American	0.0	18	1	percent
300630015022	Race	Asian	0.0372	18	2	percent
300630015022	Race	Hispanic	0.0073	18	3	percent
300630015022	Race	Other or Mixed	0.0462	18	4	percent
300630015022	Race	White	0.9093	18	5	percent
300630015023	Population	Population	1760	13	1	people
300630015023	Population	Median Age	30.3	13	2	people
300630015023	Age	<18	0.2523	13	1	percent
300630015023	Age	18-24	0.0733	13	2	percent
300630015023	Age	25-34	0.2852	13	3	percent
300630015023	Age	35-44	0.0886	13	4	percent
300630015023	Age	45-54	0.0659	13	5	percent
300630015023	Age	55-64	0.0761	13	6	percent
300630015023	Age	65+	0.1585	13	7	percent
300630015023	Economic	Median HH Income	67813.0	13	1	dollar
300630015023	Economic	Median Home Value	237800.0	13	2	dollar
300630015023	Education	No HS	0.0126	13	1	percent
300630015023	Education	HS	0.4693	13	2	percent
300630015023	Education	Some College/2 Year	0.3597	13	3	percent
300630015023	Education	Bachelor	0.1382	13	4	percent
300630015023	Education	Higher Degree	0.0202	13	5	percent
300630015023	Income	0-29K	0.2413	13	1	percent
300630015023	Income	30-74K	0.3439	13	2	percent
300630015023	Income	75-99K	0.0838	13	3	percent
300630015023	Income	100-149K	0.2948	13	4	percent
300630015023	Income	150K+	0.0361	13	5	percent
300630015023	Race	African American	0.0136	13	1	percent
300630015023	Race	Asian	0.0	13	2	percent
300630015023	Race	Hispanic	0.0119	13	3	percent
300630015023	Race	Other or Mixed	0.0688	13	4	percent
300630015023	Race	White	0.9057	13	5	percent
300630016011	Population	Population	2440	8	1	people
300630016011	Population	Median Age	36.1	8	2	people
300630016011	Age	<18	0.2582	8	1	percent
300630016011	Age	18-24	0.0119	8	2	percent
300630016011	Age	25-34	0.1746	8	3	percent
300630016011	Age	35-44	0.1135	8	4	percent
300630016011	Age	45-54	0.1086	8	5	percent
300630016011	Age	55-64	0.1549	8	6	percent
300630016011	Age	65+	0.1783	8	7	percent
300630016011	Economic	Median HH Income	76607.0	8	1	dollar
300630016011	Economic	Median Home Value	322500.0	8	2	dollar
300630016011	Education	No HS	0.0292	8	1	percent
300630016011	Education	HS	0.3066	8	2	percent
300630016011	Education	Some College/2 Year	0.3577	8	3	percent
300630016011	Education	Bachelor	0.1909	8	4	percent
300630016011	Education	Higher Degree	0.1157	8	5	percent
300630016011	Income	0-29K	0.1976	8	1	percent
300630016011	Income	30-74K	0.2934	8	2	percent
300630016011	Income	75-99K	0.2255	8	3	percent
300630016011	Income	100-149K	0.1437	8	4	percent
300630016011	Income	150K+	0.1397	8	5	percent
300630016011	Race	African American	0.059	8	1	percent
300630016011	Race	Asian	0.0529	8	2	percent
300630016011	Race	Hispanic	0.0098	8	3	percent
300630016011	Race	Other or Mixed	0.0295	8	4	percent
300630016011	Race	White	0.8488	8	5	percent
300630016012	Population	Population	2563	18	1	people
300630016012	Population	Median Age	36.2	18	2	people
300630016012	Age	<18	0.3227	18	1	percent
300630016012	Age	18-24	0.087	18	2	percent
300630016012	Age	25-34	0.0605	18	3	percent
300630016012	Age	35-44	0.2345	18	4	percent
300630016012	Age	45-54	0.1568	18	5	percent
300630016012	Age	55-64	0.0511	18	6	percent
300630016012	Age	65+	0.0874	18	7	percent
300630016012	Economic	Median HH Income	130436.0	18	1	dollar
300630016012	Economic	Median Home Value	392900.0	18	2	dollar
300630016012	Education	No HS	0.0059	18	1	percent
300630016012	Education	HS	0.2161	18	2	percent
300630016012	Education	Some College/2 Year	0.2974	18	3	percent
300630016012	Education	Bachelor	0.3245	18	4	percent
300630016012	Education	Higher Degree	0.156	18	5	percent
300630016012	Income	0-29K	0.0328	18	1	percent
300630016012	Income	30-74K	0.0366	18	2	percent
300630016012	Income	75-99K	0.256	18	3	percent
300630016012	Income	100-149K	0.3115	18	4	percent
300630016012	Income	150K+	0.3632	18	5	percent
300630016012	Race	African American	0.0	18	1	percent
300630016012	Race	Asian	0.0	18	2	percent
300630016012	Race	Hispanic	0.0039	18	3	percent
300630016012	Race	Other or Mixed	0.0558	18	4	percent
300630016012	Race	White	0.9403	18	5	percent
300630016021	Population	Population	1381	14	1	people
300630016021	Population	Median Age	47.0	14	2	people
300630016021	Age	<18	0.2245	14	1	percent
300630016021	Age	18-24	0.0311	14	2	percent
300630016021	Age	25-34	0.1318	14	3	percent
300630016021	Age	35-44	0.0963	14	4	percent
300630016021	Age	45-54	0.2882	14	5	percent
300630016021	Age	55-64	0.1159	14	6	percent
300630016021	Age	65+	0.1122	14	7	percent
300630016021	Economic	Median HH Income	74628.0	14	1	dollar
300630016021	Economic	Median Home Value	299100.0	14	2	dollar
300630016021	Education	No HS	0.0516	14	1	percent
300630016021	Education	HS	0.2986	14	2	percent
300630016021	Education	Some College/2 Year	0.392	14	3	percent
300630016021	Education	Bachelor	0.1294	14	4	percent
300630016021	Education	Higher Degree	0.1284	14	5	percent
300630016021	Income	0-29K	0.2487	14	1	percent
300630016021	Income	30-74K	0.2609	14	2	percent
300630016021	Income	75-99K	0.1016	14	3	percent
300630016021	Income	100-149K	0.2154	14	4	percent
300630016021	Income	150K+	0.1734	14	5	percent
300630016021	Race	African American	0.0	14	1	percent
300630016021	Race	Asian	0.0	14	2	percent
300630016021	Race	Hispanic	0.0	14	3	percent
300630016021	Race	Other or Mixed	0.0058	14	4	percent
300630016021	Race	White	0.9942	14	5	percent
300630016022	Population	Population	1159	6	1	people
300630016022	Population	Median Age	63.2	6	2	people
300630016022	Age	<18	0.063	6	1	percent
300630016022	Age	18-24	0.0259	6	2	percent
300630016022	Age	25-34	0.0285	6	3	percent
300630016022	Age	35-44	0.1113	6	4	percent
300630016022	Age	45-54	0.0552	6	5	percent
300630016022	Age	55-64	0.2796	6	6	percent
300630016022	Age	65+	0.4366	6	7	percent
300630016022	Economic	Median HH Income	53913.0	6	1	dollar
300630016022	Economic	Median Home Value	377300.0	6	2	dollar
300630016022	Education	No HS	0.0152	6	1	percent
300630016022	Education	HS	0.2206	6	2	percent
300630016022	Education	Some College/2 Year	0.3864	6	3	percent
300630016022	Education	Bachelor	0.1913	6	4	percent
300630016022	Education	Higher Degree	0.1866	6	5	percent
300630016022	Income	0-29K	0.1958	6	1	percent
300630016022	Income	30-74K	0.4968	6	2	percent
300630016022	Income	75-99K	0.0728	6	3	percent
300630016022	Income	100-149K	0.1084	6	4	percent
300630016022	Income	150K+	0.1262	6	5	percent
300630016022	Race	African American	0.0	6	1	percent
300630016022	Race	Asian	0.0	6	2	percent
300630016022	Race	Hispanic	0.0	6	3	percent
300630016022	Race	Other or Mixed	0.0	6	4	percent
300630016022	Race	White	1.0	6	5	percent
300630018011	Population	Population	761	1	1	people
300630018011	Population	Median Age	64.4	1	2	people
300630018011	Age	<18	0.088	1	1	percent
300630018011	Age	18-24	0.0486	1	2	percent
300630018011	Age	25-34	0.0447	1	3	percent
300630018011	Age	35-44	0.0434	1	4	percent
300630018011	Age	45-54	0.0894	1	5	percent
300630018011	Age	55-64	0.2129	1	6	percent
300630018011	Age	65+	0.4731	1	7	percent
300630018011	Economic	Median HH Income	62841.0	1	1	dollar
300630018011	Economic	Median Home Value	378600.0	1	2	dollar
300630018011	Education	No HS	0.0107	1	1	percent
300630018011	Education	HS	0.2785	1	2	percent
300630018011	Education	Some College/2 Year	0.2953	1	3	percent
300630018011	Education	Bachelor	0.2831	1	4	percent
300630018011	Education	Higher Degree	0.1324	1	5	percent
300630018011	Income	0-29K	0.2997	1	1	percent
300630018011	Income	30-74K	0.3324	1	2	percent
300630018011	Income	75-99K	0.158	1	3	percent
300630018011	Income	100-149K	0.1063	1	4	percent
300630018011	Income	150K+	0.1035	1	5	percent
300630018011	Race	African American	0.0	1	1	percent
300630018011	Race	Asian	0.0	1	2	percent
300630018011	Race	Hispanic	0.0118	1	3	percent
300630018011	Race	Other or Mixed	0.1025	1	4	percent
300630018011	Race	White	0.8857	1	5	percent
300630018012	Population	Population	1343	8	1	people
300630018012	Population	Median Age	39.5	8	2	people
300630018012	Age	<18	0.3269	8	1	percent
300630018012	Age	18-24	0.0372	8	2	percent
300630018012	Age	25-34	0.0923	8	3	percent
300630018012	Age	35-44	0.0908	8	4	percent
300630018012	Age	45-54	0.1325	8	5	percent
300630018012	Age	55-64	0.0908	8	6	percent
300630018012	Age	65+	0.2293	8	7	percent
300630018012	Economic	Median HH Income	55972.0	8	1	dollar
300630018012	Economic	Median Home Value	328700.0	8	2	dollar
300630018012	Education	No HS	0.0539	8	1	percent
300630018012	Education	HS	0.2892	8	2	percent
300630018012	Education	Some College/2 Year	0.4403	8	3	percent
300630018012	Education	Bachelor	0.1124	8	4	percent
300630018012	Education	Higher Degree	0.1042	8	5	percent
300630018012	Income	0-29K	0.2035	8	1	percent
300630018012	Income	30-74K	0.4715	8	2	percent
300630018012	Income	75-99K	0.0819	8	3	percent
300630018012	Income	100-149K	0.1489	8	4	percent
300630018012	Income	150K+	0.0943	8	5	percent
300630018012	Race	African American	0.0022	8	1	percent
300630018012	Race	Asian	0.0	8	2	percent
300630018012	Race	Hispanic	0.0127	8	3	percent
300630018012	Race	Other or Mixed	0.5257	8	4	percent
300630018012	Race	White	0.4594	8	5	percent
300630018021	Population	Population	791	3	1	people
300630018021	Population	Median Age	55.6	3	2	people
300630018021	Age	<18	0.1226	3	1	percent
300630018021	Age	18-24	0.0278	3	2	percent
300630018021	Age	25-34	0.1479	3	3	percent
300630018021	Age	35-44	0.0695	3	4	percent
300630018021	Age	45-54	0.1201	3	5	percent
300630018021	Age	55-64	0.2314	3	6	percent
300630018021	Age	65+	0.2807	3	7	percent
300630018021	Economic	Median HH Income	40380.0	3	1	dollar
300630018021	Economic	Median Home Value	167900.0	3	2	dollar
300630018021	Education	No HS	0.0625	3	1	percent
300630018021	Education	HS	0.5417	3	2	percent
300630018021	Education	Some College/2 Year	0.2262	3	3	percent
300630018021	Education	Bachelor	0.1012	3	4	percent
300630018021	Education	Higher Degree	0.0685	3	5	percent
300630018021	Income	0-29K	0.3325	3	1	percent
300630018021	Income	30-74K	0.4442	3	2	percent
300630018021	Income	75-99K	0.0523	3	3	percent
300630018021	Income	100-149K	0.0713	3	4	percent
300630018021	Income	150K+	0.0998	3	5	percent
300630018021	Race	African American	0.0	3	1	percent
300630018021	Race	Asian	0.0	3	2	percent
300630018021	Race	Hispanic	0.0759	3	3	percent
300630018021	Race	Other or Mixed	0.0379	3	4	percent
300630018021	Race	White	0.8862	3	5	percent
300630018022	Population	Population	938	4	1	people
300630018022	Population	Median Age	46.2	4	2	people
300630018022	Age	<18	0.2164	4	1	percent
300630018022	Age	18-24	0.0533	4	2	percent
300630018022	Age	25-34	0.0896	4	3	percent
300630018022	Age	35-44	0.1269	4	4	percent
300630018022	Age	45-54	0.1429	4	5	percent
300630018022	Age	55-64	0.1962	4	6	percent
300630018022	Age	65+	0.1748	4	7	percent
300630018022	Economic	Median HH Income	59018.0	4	1	dollar
300630018022	Economic	Median Home Value	375800.0	4	2	dollar
300630018022	Education	No HS	0.0	4	1	percent
300630018022	Education	HS	0.308	4	2	percent
300630018022	Education	Some College/2 Year	0.2672	4	3	percent
300630018022	Education	Bachelor	0.3051	4	4	percent
300630018022	Education	Higher Degree	0.1197	4	5	percent
300630018022	Income	0-29K	0.2621	4	1	percent
300630018022	Income	30-74K	0.3257	4	2	percent
300630018022	Income	75-99K	0.1374	4	3	percent
300630018022	Income	100-149K	0.1832	4	4	percent
300630018022	Income	150K+	0.0916	4	5	percent
300630018022	Race	African American	0.0	4	1	percent
300630018022	Race	Asian	0.0085	4	2	percent
300630018022	Race	Hispanic	0.0725	4	3	percent
300630018022	Race	Other or Mixed	0.0309	4	4	percent
300630018022	Race	White	0.8881	4	5	percent
300630018023	Population	Population	468	3	1	people
300630018023	Population	Median Age	56.4	3	2	people
300630018023	Age	<18	0.1816	3	1	percent
300630018023	Age	18-24	0.0214	3	2	percent
300630018023	Age	25-34	0.0427	3	3	percent
300630018023	Age	35-44	0.2094	3	4	percent
300630018023	Age	45-54	0.0192	3	5	percent
300630018023	Age	55-64	0.1282	3	6	percent
300630018023	Age	65+	0.3974	3	7	percent
300630018023	Economic	Median HH Income	71389.0	3	1	dollar
300630018023	Economic	Median Home Value	439300.0	3	2	dollar
300630018023	Education	No HS	0.0134	3	1	percent
300630018023	Education	HS	0.2225	3	2	percent
300630018023	Education	Some College/2 Year	0.4343	3	3	percent
300630018023	Education	Bachelor	0.2118	3	4	percent
300630018023	Education	Higher Degree	0.118	3	5	percent
300630018023	Income	0-29K	0.1818	3	1	percent
300630018023	Income	30-74K	0.3766	3	2	percent
300630018023	Income	75-99K	0.0519	3	3	percent
300630018023	Income	100-149K	0.2143	3	4	percent
300630018023	Income	150K+	0.1753	3	5	percent
300630018023	Race	African American	0.0064	3	1	percent
300630018023	Race	Asian	0.0	3	2	percent
300630018023	Race	Hispanic	0.0256	3	3	percent
300630018023	Race	Other or Mixed	0.0321	3	4	percent
300630018023	Race	White	0.9359	3	5	percent
300650002002	Population	Population	1183	1	1	people
300650002002	Population	Median Age	47.8	1	2	people
300650002002	Age	<18	0.2206	1	1	percent
300650002002	Age	18-24	0.093	1	2	percent
300650002002	Age	25-34	0.0862	1	3	percent
300650002002	Age	35-44	0.0685	1	4	percent
300650002002	Age	45-54	0.082	1	5	percent
300650002002	Age	55-64	0.2029	1	6	percent
300650002002	Age	65+	0.2468	1	7	percent
300650002002	Economic	Median HH Income	39716.0	1	1	dollar
300650002002	Economic	Median Home Value	115200.0	1	2	dollar
300650002002	Education	No HS	0.1268	1	1	percent
300650002002	Education	HS	0.5554	1	2	percent
300650002002	Education	Some College/2 Year	0.1872	1	3	percent
300650002002	Education	Bachelor	0.0837	1	4	percent
300650002002	Education	Higher Degree	0.0468	1	5	percent
300650002002	Income	0-29K	0.3958	1	1	percent
300650002002	Income	30-74K	0.4092	1	2	percent
300650002002	Income	75-99K	0.1147	1	3	percent
300650002002	Income	100-149K	0.0191	1	4	percent
300650002002	Income	150K+	0.0612	1	5	percent
300650002002	Race	African American	0.0	1	1	percent
300650002002	Race	Asian	0.0	1	2	percent
300650002002	Race	Hispanic	0.0913	1	3	percent
300650002002	Race	Other or Mixed	0.0245	1	4	percent
300650002002	Race	White	0.8842	1	5	percent
300670002003	Population	Population	2059	1	1	people
300670002003	Population	Median Age	45.3	1	2	people
300670002003	Age	<18	0.1535	1	1	percent
300670002003	Age	18-24	0.0738	1	2	percent
300670002003	Age	25-34	0.1132	1	3	percent
300670002003	Age	35-44	0.1506	1	4	percent
300670002003	Age	45-54	0.2336	1	5	percent
300670002003	Age	55-64	0.0792	1	6	percent
300670002003	Age	65+	0.1962	1	7	percent
300670002003	Economic	Median HH Income	111250.0	1	1	dollar
300670002003	Economic	Median Home Value	399000.0	1	2	dollar
300670002003	Education	No HS	0.0189	1	1	percent
300670002003	Education	HS	0.22	1	2	percent
300670002003	Education	Some College/2 Year	0.3671	1	3	percent
300670002003	Education	Bachelor	0.2539	1	4	percent
300670002003	Education	Higher Degree	0.1402	1	5	percent
300670002003	Income	0-29K	0.0987	1	1	percent
300670002003	Income	30-74K	0.2387	1	2	percent
300670002003	Income	75-99K	0.1486	1	3	percent
300670002003	Income	100-149K	0.2205	1	4	percent
300670002003	Income	150K+	0.2935	1	5	percent
300670002003	Race	African American	0.0	1	1	percent
300670002003	Race	Asian	0.0	1	2	percent
300670002003	Race	Hispanic	0.0	1	3	percent
300670002003	Race	Other or Mixed	0.017	1	4	percent
300670002003	Race	White	0.983	1	5	percent
300770001001	Population	Population	837	1	1	people
300770001001	Population	Median Age	28.8	1	2	people
300770001001	Age	<18	0.2688	1	1	percent
300770001001	Age	18-24	0.0848	1	2	percent
300770001001	Age	25-34	0.1864	1	3	percent
300770001001	Age	35-44	0.0562	1	4	percent
300770001001	Age	45-54	0.1063	1	5	percent
300770001001	Age	55-64	0.1302	1	6	percent
300770001001	Age	65+	0.1673	1	7	percent
300770001001	Economic	Median HH Income	69046.0	1	1	dollar
300770001001	Economic	Median Home Value	238500.0	1	2	dollar
300770001001	Education	No HS	0.122	1	1	percent
300770001001	Education	HS	0.2329	1	2	percent
300770001001	Education	Some College/2 Year	0.3494	1	3	percent
300770001001	Education	Bachelor	0.22	1	4	percent
300770001001	Education	Higher Degree	0.0758	1	5	percent
300770001001	Income	0-29K	0.1188	1	1	percent
300770001001	Income	30-74K	0.4554	1	2	percent
300770001001	Income	75-99K	0.297	1	3	percent
300770001001	Income	100-149K	0.0891	1	4	percent
300770001001	Income	150K+	0.0396	1	5	percent
300770001001	Race	African American	0.0	1	1	percent
300770001001	Race	Asian	0.0	1	2	percent
300770001001	Race	Hispanic	0.0239	1	3	percent
300770001001	Race	Other or Mixed	0.0287	1	4	percent
300770001001	Race	White	0.9474	1	5	percent
300770002001	Population	Population	454	2	1	people
300770002001	Population	Median Age	41.8	2	2	people
300770002001	Age	<18	0.2357	2	1	percent
300770002001	Age	18-24	0.0	2	2	percent
300770002001	Age	25-34	0.0	2	3	percent
300770002001	Age	35-44	0.2819	2	4	percent
300770002001	Age	45-54	0.0859	2	5	percent
300770002001	Age	55-64	0.1344	2	6	percent
300770002001	Age	65+	0.2621	2	7	percent
300770002001	Economic	Median HH Income	33594.0	2	1	dollar
300770002001	Economic	Median Home Value	113200.0	2	2	dollar
300770002001	Education	No HS	0.0461	2	1	percent
300770002001	Education	HS	0.268	2	2	percent
300770002001	Education	Some College/2 Year	0.4265	2	3	percent
300770002001	Education	Bachelor	0.2046	2	4	percent
300770002001	Education	Higher Degree	0.0548	2	5	percent
300770002001	Income	0-29K	0.4557	2	1	percent
300770002001	Income	30-74K	0.4008	2	2	percent
300770002001	Income	75-99K	0.0	2	3	percent
300770002001	Income	100-149K	0.1055	2	4	percent
300770002001	Income	150K+	0.038	2	5	percent
300770002001	Race	African American	0.0	2	1	percent
300770002001	Race	Asian	0.0	2	2	percent
300770002001	Race	Hispanic	0.0	2	3	percent
300770002001	Race	Other or Mixed	0.0396	2	4	percent
300770002001	Race	White	0.9604	2	5	percent
300810001001	Population	Population	1965	4	1	people
300810001001	Population	Median Age	40.3	4	2	people
300810001001	Age	<18	0.2545	4	1	percent
300810001001	Age	18-24	0.1262	4	2	percent
300810001001	Age	25-34	0.0952	4	3	percent
300810001001	Age	35-44	0.0524	4	4	percent
300810001001	Age	45-54	0.1232	4	5	percent
300810001001	Age	55-64	0.1776	4	6	percent
300810001001	Age	65+	0.171	4	7	percent
300810001001	Economic	Median HH Income	66058.0	4	1	dollar
300810001001	Economic	Median Home Value	372200.0	4	2	dollar
300810001001	Education	No HS	0.0164	4	1	percent
300810001001	Education	HS	0.2498	4	2	percent
300810001001	Education	Some College/2 Year	0.3739	4	3	percent
300810001001	Education	Bachelor	0.2728	4	4	percent
300810001001	Education	Higher Degree	0.0871	4	5	percent
300810001001	Income	0-29K	0.1803	4	1	percent
300810001001	Income	30-74K	0.372	4	2	percent
300810001001	Income	75-99K	0.1388	4	3	percent
300810001001	Income	100-149K	0.1874	4	4	percent
300810001001	Income	150K+	0.1216	4	5	percent
300810001001	Race	African American	0.0	4	1	percent
300810001001	Race	Asian	0.0	4	2	percent
300810001001	Race	Hispanic	0.0784	4	3	percent
300810001001	Race	Other or Mixed	0.1272	4	4	percent
300810001001	Race	White	0.7944	4	5	percent
300810001002	Population	Population	987	3	1	people
300810001002	Population	Median Age	56.3	3	2	people
300810001002	Age	<18	0.1601	3	1	percent
300810001002	Age	18-24	0.0821	3	2	percent
300810001002	Age	25-34	0.0456	3	3	percent
300810001002	Age	35-44	0.074	3	4	percent
300810001002	Age	45-54	0.1074	3	5	percent
300810001002	Age	55-64	0.1327	3	6	percent
300810001002	Age	65+	0.3982	3	7	percent
300810001002	Economic	Median HH Income	73750.0	3	1	dollar
300810001002	Economic	Median Home Value	425800.0	3	2	dollar
300810001002	Education	No HS	0.0856	3	1	percent
300810001002	Education	HS	0.3182	3	2	percent
300810001002	Education	Some College/2 Year	0.3075	3	3	percent
300810001002	Education	Bachelor	0.1885	3	4	percent
300810001002	Education	Higher Degree	0.1003	3	5	percent
300810001002	Income	0-29K	0.1624	3	1	percent
300810001002	Income	30-74K	0.3506	3	2	percent
300810001002	Income	75-99K	0.08	3	3	percent
300810001002	Income	100-149K	0.2965	3	4	percent
300810001002	Income	150K+	0.1106	3	5	percent
300810001002	Race	African American	0.0	3	1	percent
300810001002	Race	Asian	0.003	3	2	percent
300810001002	Race	Hispanic	0.0973	3	3	percent
300810001002	Race	Other or Mixed	0.154	3	4	percent
300810001002	Race	White	0.7457	3	5	percent
300810001003	Population	Population	1264	6	1	people
300810001003	Population	Median Age	44.8	6	2	people
300810001003	Age	<18	0.2429	6	1	percent
300810001003	Age	18-24	0.0316	6	2	percent
300810001003	Age	25-34	0.0783	6	3	percent
300810001003	Age	35-44	0.1511	6	4	percent
300810001003	Age	45-54	0.1361	6	5	percent
300810001003	Age	55-64	0.1377	6	6	percent
300810001003	Age	65+	0.2223	6	7	percent
300810001003	Economic	Median HH Income	71736.0	6	1	dollar
300810001003	Economic	Median Home Value	294200.0	6	2	dollar
300810001003	Education	No HS	0.0523	6	1	percent
300810001003	Education	HS	0.2334	6	2	percent
300810001003	Education	Some College/2 Year	0.3588	6	3	percent
300810001003	Education	Bachelor	0.2585	6	4	percent
300810001003	Education	Higher Degree	0.0971	6	5	percent
300810001003	Income	0-29K	0.0711	6	1	percent
300810001003	Income	30-74K	0.4858	6	2	percent
300810001003	Income	75-99K	0.1402	6	3	percent
300810001003	Income	100-149K	0.1972	6	4	percent
300810001003	Income	150K+	0.1057	6	5	percent
300810001003	Race	African American	0.0	6	1	percent
300810001003	Race	Asian	0.0166	6	2	percent
300810001003	Race	Hispanic	0.0625	6	3	percent
300810001003	Race	Other or Mixed	0.0214	6	4	percent
300810001003	Race	White	0.8995	6	5	percent
300810002011	Population	Population	1115	1	1	people
300810002011	Population	Median Age	52.3	1	2	people
300810002011	Age	<18	0.2	1	1	percent
300810002011	Age	18-24	0.0332	1	2	percent
300810002011	Age	25-34	0.0475	1	3	percent
300810002011	Age	35-44	0.1291	1	4	percent
300810002011	Age	45-54	0.1274	1	5	percent
300810002011	Age	55-64	0.1498	1	6	percent
300810002011	Age	65+	0.313	1	7	percent
300810002011	Economic	Median HH Income	51429.0	1	1	dollar
300810002011	Economic	Median Home Value	443000.0	1	2	dollar
300810002011	Education	No HS	0.0316	1	1	percent
300810002011	Education	HS	0.3076	1	2	percent
300810002011	Education	Some College/2 Year	0.2327	1	3	percent
300810002011	Education	Bachelor	0.2468	1	4	percent
300810002011	Education	Higher Degree	0.1813	1	5	percent
300810002011	Income	0-29K	0.1902	1	1	percent
300810002011	Income	30-74K	0.4487	1	2	percent
300810002011	Income	75-99K	0.0983	1	3	percent
300810002011	Income	100-149K	0.1239	1	4	percent
300810002011	Income	150K+	0.1389	1	5	percent
300810002011	Race	African American	0.0	1	1	percent
300810002011	Race	Asian	0.0	1	2	percent
300810002011	Race	Hispanic	0.0242	1	3	percent
300810002011	Race	Other or Mixed	0.0287	1	4	percent
300810002011	Race	White	0.9471	1	5	percent
300810002012	Population	Population	1079	2	1	people
300810002012	Population	Median Age	41.6	2	2	people
300810002012	Age	<18	0.2827	2	1	percent
300810002012	Age	18-24	0.0399	2	2	percent
300810002012	Age	25-34	0.0825	2	3	percent
300810002012	Age	35-44	0.1418	2	4	percent
300810002012	Age	45-54	0.1029	2	5	percent
300810002012	Age	55-64	0.202	2	6	percent
300810002012	Age	65+	0.1483	2	7	percent
300810002012	Economic	Median HH Income	46667.0	2	1	dollar
300810002012	Economic	Median Home Value	219900.0	2	2	dollar
300810002012	Education	No HS	0.052	2	1	percent
300810002012	Education	HS	0.4405	2	2	percent
300810002012	Education	Some College/2 Year	0.3393	2	3	percent
300810002012	Education	Bachelor	0.1313	2	4	percent
300810002012	Education	Higher Degree	0.0369	2	5	percent
300810002012	Income	0-29K	0.3811	2	1	percent
300810002012	Income	30-74K	0.3877	2	2	percent
300810002012	Income	75-99K	0.0529	2	3	percent
300810002012	Income	100-149K	0.0352	2	4	percent
300810002012	Income	150K+	0.1432	2	5	percent
300810002012	Race	African American	0.0	2	1	percent
300810002012	Race	Asian	0.0	2	2	percent
300810002012	Race	Hispanic	0.025	2	3	percent
300810002012	Race	Other or Mixed	0.0297	2	4	percent
300810002012	Race	White	0.9453	2	5	percent
300810002013	Population	Population	912	3	1	people
300810002013	Population	Median Age	45.1	3	2	people
300810002013	Age	<18	0.1634	3	1	percent
300810002013	Age	18-24	0.1414	3	2	percent
300810002013	Age	25-34	0.0658	3	3	percent
300810002013	Age	35-44	0.1283	3	4	percent
300810002013	Age	45-54	0.1524	3	5	percent
300810002013	Age	55-64	0.1184	3	6	percent
300810002013	Age	65+	0.2303	3	7	percent
300810002013	Economic	Median HH Income	37500.0	3	1	dollar
300810002013	Economic	Median Home Value	268500.0	3	2	dollar
300810002013	Education	No HS	0.0741	3	1	percent
300810002013	Education	HS	0.2603	3	2	percent
300810002013	Education	Some College/2 Year	0.3849	3	3	percent
300810002013	Education	Bachelor	0.224	3	4	percent
300810002013	Education	Higher Degree	0.0568	3	5	percent
300810002013	Income	0-29K	0.3954	3	1	percent
300810002013	Income	30-74K	0.3598	3	2	percent
300810002013	Income	75-99K	0.113	3	3	percent
300810002013	Income	100-149K	0.0858	3	4	percent
300810002013	Income	150K+	0.046	3	5	percent
300810002013	Race	African American	0.0044	3	1	percent
300810002013	Race	Asian	0.0	3	2	percent
300810002013	Race	Hispanic	0.0121	3	3	percent
300810002013	Race	Other or Mixed	0.0439	3	4	percent
300810002013	Race	White	0.9397	3	5	percent
300810002014	Population	Population	925	2	1	people
300810002014	Population	Median Age	48.8	2	2	people
300810002014	Age	<18	0.2443	2	1	percent
300810002014	Age	18-24	0.0638	2	2	percent
300810002014	Age	25-34	0.04	2	3	percent
300810002014	Age	35-44	0.0551	2	4	percent
300810002014	Age	45-54	0.1665	2	5	percent
300810002014	Age	55-64	0.2119	2	6	percent
300810002014	Age	65+	0.2184	2	7	percent
300810002014	Economic	Median HH Income	58516.0	2	1	dollar
300810002014	Economic	Median Home Value	490900.0	2	2	dollar
300810002014	Education	No HS	0.0609	2	1	percent
300810002014	Education	HS	0.1531	2	2	percent
300810002014	Education	Some College/2 Year	0.4266	2	3	percent
300810002014	Education	Bachelor	0.3297	2	4	percent
300810002014	Education	Higher Degree	0.0297	2	5	percent
300810002014	Income	0-29K	0.1676	2	1	percent
300810002014	Income	30-74K	0.5223	2	2	percent
300810002014	Income	75-99K	0.0	2	3	percent
300810002014	Income	100-149K	0.162	2	4	percent
300810002014	Income	150K+	0.148	2	5	percent
300810002014	Race	African American	0.0	2	1	percent
300810002014	Race	Asian	0.0	2	2	percent
300810002014	Race	Hispanic	0.0	2	3	percent
300810002014	Race	Other or Mixed	0.0692	2	4	percent
300810002014	Race	White	0.9308	2	5	percent
300810002031	Population	Population	2712	5	1	people
300810002031	Population	Median Age	56.1	5	2	people
300810002031	Age	<18	0.1751	5	1	percent
300810002031	Age	18-24	0.049	5	2	percent
300810002031	Age	25-34	0.0793	5	3	percent
300810002031	Age	35-44	0.1036	5	4	percent
300810002031	Age	45-54	0.083	5	5	percent
300810002031	Age	55-64	0.2161	5	6	percent
300810002031	Age	65+	0.2939	5	7	percent
300810002031	Economic	Median HH Income	73242.0	5	1	dollar
300810002031	Economic	Median Home Value	308100.0	5	2	dollar
300810002031	Education	No HS	0.0974	5	1	percent
300810002031	Education	HS	0.2405	5	2	percent
300810002031	Education	Some College/2 Year	0.2842	5	3	percent
300810002031	Education	Bachelor	0.2414	5	4	percent
300810002031	Education	Higher Degree	0.1364	5	5	percent
300810002031	Income	0-29K	0.0403	5	1	percent
300810002031	Income	30-74K	0.4953	5	2	percent
300810002031	Income	75-99K	0.0524	5	3	percent
300810002031	Income	100-149K	0.1794	5	4	percent
300810002031	Income	150K+	0.2326	5	5	percent
300810002031	Race	African American	0.028	5	1	percent
300810002031	Race	Asian	0.0	5	2	percent
300810002031	Race	Hispanic	0.0077	5	3	percent
300810002031	Race	Other or Mixed	0.038	5	4	percent
300810002031	Race	White	0.9263	5	5	percent
300810002041	Population	Population	1612	5	1	people
300810002041	Population	Median Age	37.0	5	2	people
300810002041	Age	<18	0.2314	5	1	percent
300810002041	Age	18-24	0.0434	5	2	percent
300810002041	Age	25-34	0.1873	5	3	percent
300810002041	Age	35-44	0.0788	5	4	percent
300810002041	Age	45-54	0.1514	5	5	percent
300810002041	Age	55-64	0.1129	5	6	percent
300810002041	Age	65+	0.1948	5	7	percent
300810002041	Economic	Median HH Income	66053.0	5	1	dollar
300810002041	Economic	Median Home Value	365700.0	5	2	dollar
300810002041	Education	No HS	0.0744	5	1	percent
300810002041	Education	HS	0.3849	5	2	percent
300810002041	Education	Some College/2 Year	0.3122	5	3	percent
300810002041	Education	Bachelor	0.1206	5	4	percent
300810002041	Education	Higher Degree	0.1078	5	5	percent
300810002041	Income	0-29K	0.2915	5	1	percent
300810002041	Income	30-74K	0.2638	5	2	percent
300810002041	Income	75-99K	0.0619	5	3	percent
300810002041	Income	100-149K	0.145	5	4	percent
300810002041	Income	150K+	0.2378	5	5	percent
300810002041	Race	African American	0.0	5	1	percent
300810002041	Race	Asian	0.0155	5	2	percent
300810002041	Race	Hispanic	0.0397	5	3	percent
300810002041	Race	Other or Mixed	0.0279	5	4	percent
300810002041	Race	White	0.9169	5	5	percent
300810002042	Population	Population	1578	1	1	people
300810002042	Population	Median Age	37.3	1	2	people
300810002042	Age	<18	0.315	1	1	percent
300810002042	Age	18-24	0.0488	1	2	percent
300810002042	Age	25-34	0.1337	1	3	percent
300810002042	Age	35-44	0.0526	1	4	percent
300810002042	Age	45-54	0.0602	1	5	percent
300810002042	Age	55-64	0.2541	1	6	percent
300810002042	Age	65+	0.1356	1	7	percent
300810002042	Economic	Median HH Income	85813.0	1	1	dollar
300810002042	Economic	Median Home Value	348300.0	1	2	dollar
300810002042	Education	No HS	0.005	1	1	percent
300810002042	Education	HS	0.2201	1	2	percent
300810002042	Education	Some College/2 Year	0.4203	1	3	percent
300810002042	Education	Bachelor	0.2709	1	4	percent
300810002042	Education	Higher Degree	0.0837	1	5	percent
300810002042	Income	0-29K	0.0914	1	1	percent
300810002042	Income	30-74K	0.2322	1	2	percent
300810002042	Income	75-99K	0.2249	1	3	percent
300810002042	Income	100-149K	0.3071	1	4	percent
300810002042	Income	150K+	0.1444	1	5	percent
300810002042	Race	African American	0.0	1	1	percent
300810002042	Race	Asian	0.0	1	2	percent
300810002042	Race	Hispanic	0.0	1	3	percent
300810002042	Race	Other or Mixed	0.0	1	4	percent
300810002042	Race	White	1.0	1	5	percent
300810003001	Population	Population	1393	5	1	people
300810003001	Population	Median Age	50.5	5	2	people
300810003001	Age	<18	0.2434	5	1	percent
300810003001	Age	18-24	0.051	5	2	percent
300810003001	Age	25-34	0.0732	5	3	percent
300810003001	Age	35-44	0.0905	5	4	percent
300810003001	Age	45-54	0.1529	5	5	percent
300810003001	Age	55-64	0.1278	5	6	percent
300810003001	Age	65+	0.2613	5	7	percent
300810003001	Economic	Median HH Income	46632.0	5	1	dollar
300810003001	Economic	Median Home Value	235000.0	5	2	dollar
300810003001	Education	No HS	0.12	5	1	percent
300810003001	Education	HS	0.3082	5	2	percent
300810003001	Education	Some College/2 Year	0.4415	5	3	percent
300810003001	Education	Bachelor	0.0743	5	4	percent
300810003001	Education	Higher Degree	0.056	5	5	percent
300810003001	Income	0-29K	0.2504	5	1	percent
300810003001	Income	30-74K	0.4715	5	2	percent
300810003001	Income	75-99K	0.0881	5	3	percent
300810003001	Income	100-149K	0.1693	5	4	percent
300810003001	Income	150K+	0.0207	5	5	percent
300810003001	Race	African American	0.0144	5	1	percent
300810003001	Race	Asian	0.0	5	2	percent
300810003001	Race	Hispanic	0.0438	5	3	percent
300810003001	Race	Other or Mixed	0.2182	5	4	percent
300810003001	Race	White	0.7236	5	5	percent
300810003002	Population	Population	1631	4	1	people
300810003002	Population	Median Age	54.1	4	2	people
300810003002	Age	<18	0.1459	4	1	percent
300810003002	Age	18-24	0.0656	4	2	percent
300810003002	Age	25-34	0.1521	4	3	percent
300810003002	Age	35-44	0.0448	4	4	percent
300810003002	Age	45-54	0.1104	4	5	percent
300810003002	Age	55-64	0.214	4	6	percent
300810003002	Age	65+	0.2673	4	7	percent
300810003002	Economic	Median HH Income	75600.0	4	1	dollar
300810003002	Economic	Median Home Value	329800.0	4	2	dollar
300810003002	Education	No HS	0.0319	4	1	percent
300810003002	Education	HS	0.2877	4	2	percent
300810003002	Education	Some College/2 Year	0.339	4	3	percent
300810003002	Education	Bachelor	0.2473	4	4	percent
300810003002	Education	Higher Degree	0.0941	4	5	percent
300810003002	Income	0-29K	0.184	4	1	percent
300810003002	Income	30-74K	0.2982	4	2	percent
300810003002	Income	75-99K	0.2404	4	3	percent
300810003002	Income	100-149K	0.132	4	4	percent
300810003002	Income	150K+	0.1454	4	5	percent
300810003002	Race	African American	0.0	4	1	percent
300810003002	Race	Asian	0.0	4	2	percent
300810003002	Race	Hispanic	0.0558	4	3	percent
300810003002	Race	Other or Mixed	0.0625	4	4	percent
300810003002	Race	White	0.8817	4	5	percent
300810004011	Population	Population	1919	1	1	people
300810004011	Population	Median Age	36.6	1	2	people
300810004011	Age	<18	0.2444	1	1	percent
300810004011	Age	18-24	0.0933	1	2	percent
300810004011	Age	25-34	0.1485	1	3	percent
300810004011	Age	35-44	0.1047	1	4	percent
300810004011	Age	45-54	0.1079	1	5	percent
300810004011	Age	55-64	0.0959	1	6	percent
300810004011	Age	65+	0.2053	1	7	percent
300810004011	Economic	Median HH Income	64718.0	1	1	dollar
300810004011	Economic	Median Home Value	381400.0	1	2	dollar
300810004011	Education	No HS	0.0645	1	1	percent
300810004011	Education	HS	0.4091	1	2	percent
300810004011	Education	Some College/2 Year	0.3045	1	3	percent
300810004011	Education	Bachelor	0.1377	1	4	percent
300810004011	Education	Higher Degree	0.0842	1	5	percent
300810004011	Income	0-29K	0.2573	1	1	percent
300810004011	Income	30-74K	0.3323	1	2	percent
300810004011	Income	75-99K	0.1761	1	3	percent
300810004011	Income	100-149K	0.0965	1	4	percent
300810004011	Income	150K+	0.1378	1	5	percent
300810004011	Race	African American	0.0	1	1	percent
300810004011	Race	Asian	0.0	1	2	percent
300810004011	Race	Hispanic	0.0881	1	3	percent
300810004011	Race	Other or Mixed	0.0651	1	4	percent
300810004011	Race	White	0.8468	1	5	percent
300810004012	Population	Population	1082	1	1	people
300810004012	Population	Median Age	29.3	1	2	people
300810004012	Age	<18	0.3447	1	1	percent
300810004012	Age	18-24	0.1128	1	2	percent
300810004012	Age	25-34	0.0628	1	3	percent
300810004012	Age	35-44	0.0776	1	4	percent
300810004012	Age	45-54	0.1072	1	5	percent
300810004012	Age	55-64	0.0813	1	6	percent
300810004012	Age	65+	0.2135	1	7	percent
300810004012	Economic	Median HH Income	66471.0	1	1	dollar
300810004012	Economic	Median Home Value	418100.0	1	2	dollar
300810004012	Education	No HS	0.1022	1	1	percent
300810004012	Education	HS	0.3101	1	2	percent
300810004012	Education	Some College/2 Year	0.2487	1	3	percent
300810004012	Education	Bachelor	0.1891	1	4	percent
300810004012	Education	Higher Degree	0.1499	1	5	percent
300810004012	Income	0-29K	0.2006	1	1	percent
300810004012	Income	30-74K	0.4013	1	2	percent
300810004012	Income	75-99K	0.1401	1	3	percent
300810004012	Income	100-149K	0.121	1	4	percent
300810004012	Income	150K+	0.1369	1	5	percent
300810004012	Race	African American	0.0	1	1	percent
300810004012	Race	Asian	0.0065	1	2	percent
300810004012	Race	Hispanic	0.0129	1	3	percent
300810004012	Race	Other or Mixed	0.0287	1	4	percent
300810004012	Race	White	0.9519	1	5	percent
300810004021	Population	Population	892	2	1	people
300810004021	Population	Median Age	53.6	2	2	people
300810004021	Age	<18	0.1054	2	1	percent
300810004021	Age	18-24	0.1244	2	2	percent
300810004021	Age	25-34	0.0291	2	3	percent
300810004021	Age	35-44	0.1435	2	4	percent
300810004021	Age	45-54	0.1233	2	5	percent
300810004021	Age	55-64	0.222	2	6	percent
300810004021	Age	65+	0.2522	2	7	percent
300810004021	Economic	Median HH Income	76063.0	2	1	dollar
300810004021	Economic	Median Home Value	271800.0	2	2	dollar
300810004021	Education	No HS	0.1281	2	1	percent
300810004021	Education	HS	0.4658	2	2	percent
300810004021	Education	Some College/2 Year	0.2606	2	3	percent
300810004021	Education	Bachelor	0.0902	2	4	percent
300810004021	Education	Higher Degree	0.0553	2	5	percent
300810004021	Income	0-29K	0.2591	2	1	percent
300810004021	Income	30-74K	0.1451	2	2	percent
300810004021	Income	75-99K	0.386	2	3	percent
300810004021	Income	100-149K	0.0933	2	4	percent
300810004021	Income	150K+	0.1166	2	5	percent
300810004021	Race	African American	0.0101	2	1	percent
300810004021	Race	Asian	0.0	2	2	percent
300810004021	Race	Hispanic	0.1502	2	3	percent
300810004021	Race	Other or Mixed	0.0	2	4	percent
300810004021	Race	White	0.8397	2	5	percent
300810004022	Population	Population	2298	1	1	people
300810004022	Population	Median Age	44.1	1	2	people
300810004022	Age	<18	0.1932	1	1	percent
300810004022	Age	18-24	0.037	1	2	percent
300810004022	Age	25-34	0.1514	1	3	percent
300810004022	Age	35-44	0.1305	1	4	percent
300810004022	Age	45-54	0.0483	1	5	percent
300810004022	Age	55-64	0.2071	1	6	percent
300810004022	Age	65+	0.2324	1	7	percent
300810004022	Economic	Median HH Income	56813.0	1	1	dollar
300810004022	Economic	Median Home Value	193900.0	1	2	dollar
300810004022	Education	No HS	0.0899	1	1	percent
300810004022	Education	HS	0.3708	1	2	percent
300810004022	Education	Some College/2 Year	0.3912	1	3	percent
300810004022	Education	Bachelor	0.0961	1	4	percent
300810004022	Education	Higher Degree	0.052	1	5	percent
300810004022	Income	0-29K	0.3899	1	1	percent
300810004022	Income	30-74K	0.3008	1	2	percent
300810004022	Income	75-99K	0.101	1	3	percent
300810004022	Income	100-149K	0.2084	1	4	percent
300810004022	Income	150K+	0.0	1	5	percent
300810004022	Race	African American	0.0	1	1	percent
300810004022	Race	Asian	0.0	1	2	percent
300810004022	Race	Hispanic	0.0518	1	3	percent
300810004022	Race	Other or Mixed	0.0627	1	4	percent
300810004022	Race	White	0.8856	1	5	percent
300810005011	Population	Population	1092	1	1	people
300810005011	Population	Median Age	60.2	1	2	people
300810005011	Age	<18	0.1438	1	1	percent
300810005011	Age	18-24	0.0247	1	2	percent
300810005011	Age	25-34	0.0165	1	3	percent
300810005011	Age	35-44	0.1648	1	4	percent
300810005011	Age	45-54	0.0604	1	5	percent
300810005011	Age	55-64	0.1822	1	6	percent
300810005011	Age	65+	0.4075	1	7	percent
300810005011	Economic	Median HH Income	57193.0	1	1	dollar
300810005011	Economic	Median Home Value	328100.0	1	2	dollar
300810005011	Education	No HS	0.1079	1	1	percent
300810005011	Education	HS	0.261	1	2	percent
300810005011	Education	Some College/2 Year	0.2841	1	3	percent
300810005011	Education	Bachelor	0.2137	1	4	percent
300810005011	Education	Higher Degree	0.1333	1	5	percent
300810005011	Income	0-29K	0.0255	1	1	percent
300810005011	Income	30-74K	0.5941	1	2	percent
300810005011	Income	75-99K	0.2627	1	3	percent
300810005011	Income	100-149K	0.0353	1	4	percent
300810005011	Income	150K+	0.0824	1	5	percent
300810005011	Race	African American	0.0	1	1	percent
300810005011	Race	Asian	0.0165	1	2	percent
300810005011	Race	Hispanic	0.0073	1	3	percent
300810005011	Race	Other or Mixed	0.0403	1	4	percent
300810005011	Race	White	0.9359	1	5	percent
300810005022	Population	Population	1488	2	1	people
300810005022	Population	Median Age	47.3	2	2	people
300810005022	Age	<18	0.0941	2	1	percent
300810005022	Age	18-24	0.0	2	2	percent
300810005022	Age	25-34	0.0786	2	3	percent
300810005022	Age	35-44	0.3011	2	4	percent
300810005022	Age	45-54	0.1028	2	5	percent
300810005022	Age	55-64	0.1284	2	6	percent
300810005022	Age	65+	0.295	2	7	percent
300810005022	Economic	Median HH Income	41261.0	2	1	dollar
300810005022	Economic	Median Home Value	249600.0	2	2	dollar
300810005022	Education	No HS	0.0356	2	1	percent
300810005022	Education	HS	0.1981	2	2	percent
300810005022	Education	Some College/2 Year	0.4399	2	3	percent
300810005022	Education	Bachelor	0.1172	2	4	percent
300810005022	Education	Higher Degree	0.2092	2	5	percent
300810005022	Income	0-29K	0.4106	2	1	percent
300810005022	Income	30-74K	0.4314	2	2	percent
300810005022	Income	75-99K	0.0478	2	3	percent
300810005022	Income	100-149K	0.0946	2	4	percent
300810005022	Income	150K+	0.0156	2	5	percent
300810005022	Race	African American	0.0	2	1	percent
300810005022	Race	Asian	0.0	2	2	percent
300810005022	Race	Hispanic	0.0195	2	3	percent
300810005022	Race	Other or Mixed	0.004	2	4	percent
300810005022	Race	White	0.9765	2	5	percent
300810005023	Population	Population	1963	4	1	people
300810005023	Population	Median Age	48.6	4	2	people
300810005023	Age	<18	0.1747	4	1	percent
300810005023	Age	18-24	0.1207	4	2	percent
300810005023	Age	25-34	0.0932	4	3	percent
300810005023	Age	35-44	0.0764	4	4	percent
300810005023	Age	45-54	0.1274	4	5	percent
300810005023	Age	55-64	0.1401	4	6	percent
300810005023	Age	65+	0.2674	4	7	percent
300810005023	Economic	Median HH Income	31060.0	4	1	dollar
300810005023	Economic	Median Home Value	186200.0	4	2	dollar
300810005023	Education	No HS	0.1048	4	1	percent
300810005023	Education	HS	0.2292	4	2	percent
300810005023	Education	Some College/2 Year	0.3695	4	3	percent
300810005023	Education	Bachelor	0.1894	4	4	percent
300810005023	Education	Higher Degree	0.107	4	5	percent
300810005023	Income	0-29K	0.4159	4	1	percent
300810005023	Income	30-74K	0.3913	4	2	percent
300810005023	Income	75-99K	0.1767	4	3	percent
300810005023	Income	100-149K	0.0	4	4	percent
300810005023	Income	150K+	0.0161	4	5	percent
300810005023	Race	African American	0.0	4	1	percent
300810005023	Race	Asian	0.0188	4	2	percent
300810005023	Race	Hispanic	0.0621	4	3	percent
300810005023	Race	Other or Mixed	0.0606	4	4	percent
300810005023	Race	White	0.8584	4	5	percent
300810006022	Population	Population	1225	1	1	people
300810006022	Population	Median Age	42.1	1	2	people
300810006022	Age	<18	0.3045	1	1	percent
300810006022	Age	18-24	0.0302	1	2	percent
300810006022	Age	25-34	0.0433	1	3	percent
300810006022	Age	35-44	0.3249	1	4	percent
300810006022	Age	45-54	0.1143	1	5	percent
300810006022	Age	55-64	0.111	1	6	percent
300810006022	Age	65+	0.0718	1	7	percent
300810006022	Economic	Median HH Income	58057.0	1	1	dollar
300810006022	Economic	Median Home Value	173200.0	1	2	dollar
300810006022	Education	No HS	0.1006	1	1	percent
300810006022	Education	HS	0.2748	1	2	percent
300810006022	Education	Some College/2 Year	0.5178	1	3	percent
300810006022	Education	Bachelor	0.1067	1	4	percent
300810006022	Education	Higher Degree	0.0	1	5	percent
300810006022	Income	0-29K	0.4142	1	1	percent
300810006022	Income	30-74K	0.4617	1	2	percent
300810006022	Income	75-99K	0.0844	1	3	percent
300810006022	Income	100-149K	0.0396	1	4	percent
300810006022	Income	150K+	0.0	1	5	percent
300810006022	Race	African American	0.0	1	1	percent
300810006022	Race	Asian	0.0106	1	2	percent
300810006022	Race	Hispanic	0.0	1	3	percent
300810006022	Race	Other or Mixed	0.0073	1	4	percent
300810006022	Race	White	0.982	1	5	percent
300810006023	Population	Population	1518	1	1	people
300810006023	Population	Median Age	49.2	1	2	people
300810006023	Age	<18	0.1495	1	1	percent
300810006023	Age	18-24	0.0738	1	2	percent
300810006023	Age	25-34	0.0738	1	3	percent
300810006023	Age	35-44	0.1509	1	4	percent
300810006023	Age	45-54	0.1443	1	5	percent
300810006023	Age	55-64	0.1963	1	6	percent
300810006023	Age	65+	0.2115	1	7	percent
300810006023	Economic	Median HH Income	53167.0	1	1	dollar
300810006023	Economic	Median Home Value	292800.0	1	2	dollar
300810006023	Education	No HS	0.0772	1	1	percent
300810006023	Education	HS	0.2935	1	2	percent
300810006023	Education	Some College/2 Year	0.3249	1	3	percent
300810006023	Education	Bachelor	0.0848	1	4	percent
300810006023	Education	Higher Degree	0.2197	1	5	percent
300810006023	Income	0-29K	0.3338	1	1	percent
300810006023	Income	30-74K	0.378	1	2	percent
300810006023	Income	75-99K	0.0442	1	3	percent
300810006023	Income	100-149K	0.1265	1	4	percent
300810006023	Income	150K+	0.1174	1	5	percent
300810006023	Race	African American	0.0	1	1	percent
300810006023	Race	Asian	0.0	1	2	percent
300810006023	Race	Hispanic	0.0975	1	3	percent
300810006023	Race	Other or Mixed	0.0	1	4	percent
300810006023	Race	White	0.9025	1	5	percent
300879404001	Population	Population	2297	1	1	people
300879404001	Population	Median Age	20.3	1	2	people
300879404001	Age	<18	0.4467	1	1	percent
300879404001	Age	18-24	0.145	1	2	percent
300879404001	Age	25-34	0.1114	1	3	percent
300879404001	Age	35-44	0.1175	1	4	percent
300879404001	Age	45-54	0.0657	1	5	percent
300879404001	Age	55-64	0.0535	1	6	percent
300879404001	Age	65+	0.0601	1	7	percent
300879404001	Economic	Median HH Income	43125.0	1	1	dollar
300879404001	Economic	Median Home Value	85300.0	1	2	dollar
300879404001	Education	No HS	0.1631	1	1	percent
300879404001	Education	HS	0.3017	1	2	percent
300879404001	Education	Some College/2 Year	0.3689	1	3	percent
300879404001	Education	Bachelor	0.0661	1	4	percent
300879404001	Education	Higher Degree	0.1002	1	5	percent
300879404001	Income	0-29K	0.4157	1	1	percent
300879404001	Income	30-74K	0.321	1	2	percent
300879404001	Income	75-99K	0.1709	1	3	percent
300879404001	Income	100-149K	0.0762	1	4	percent
300879404001	Income	150K+	0.0162	1	5	percent
300879404001	Race	African American	0.0035	1	1	percent
300879404001	Race	Asian	0.0	1	2	percent
300879404001	Race	Hispanic	0.0322	1	3	percent
300879404001	Race	Other or Mixed	0.9547	1	4	percent
300879404001	Race	White	0.0096	1	5	percent
300890001001	Population	Population	1658	1	1	people
300890001001	Population	Median Age	58.1	1	2	people
300890001001	Age	<18	0.1375	1	1	percent
300890001001	Age	18-24	0.0271	1	2	percent
300890001001	Age	25-34	0.0211	1	3	percent
300890001001	Age	35-44	0.1146	1	4	percent
300890001001	Age	45-54	0.1074	1	5	percent
300890001001	Age	55-64	0.193	1	6	percent
300890001001	Age	65+	0.3993	1	7	percent
300890001001	Economic	Median HH Income	57440.0	1	1	dollar
300890001001	Economic	Median Home Value	381000.0	1	2	dollar
300890001001	Education	No HS	0.135	1	1	percent
300890001001	Education	HS	0.3047	1	2	percent
300890001001	Education	Some College/2 Year	0.3798	1	3	percent
300890001001	Education	Bachelor	0.1625	1	4	percent
300890001001	Education	Higher Degree	0.0181	1	5	percent
300890001001	Income	0-29K	0.3103	1	1	percent
300890001001	Income	30-74K	0.466	1	2	percent
300890001001	Income	75-99K	0.1212	1	3	percent
300890001001	Income	100-149K	0.0559	1	4	percent
300890001001	Income	150K+	0.0466	1	5	percent
300890001001	Race	African American	0.0	1	1	percent
300890001001	Race	Asian	0.0	1	2	percent
300890001001	Race	Hispanic	0.0211	1	3	percent
300890001001	Race	Other or Mixed	0.0929	1	4	percent
300890001001	Race	White	0.886	1	5	percent
300890001002	Population	Population	1837	1	1	people
300890001002	Population	Median Age	43.8	1	2	people
300890001002	Age	<18	0.1835	1	1	percent
300890001002	Age	18-24	0.0811	1	2	percent
300890001002	Age	25-34	0.1268	1	3	percent
300890001002	Age	35-44	0.1208	1	4	percent
300890001002	Age	45-54	0.0719	1	5	percent
300890001002	Age	55-64	0.1176	1	6	percent
300890001002	Age	65+	0.2983	1	7	percent
300890001002	Economic	Median HH Income	42670.0	1	1	dollar
300890001002	Economic	Median Home Value	273000.0	1	2	dollar
300890001002	Education	No HS	0.0822	1	1	percent
300890001002	Education	HS	0.4301	1	2	percent
300890001002	Education	Some College/2 Year	0.3323	1	3	percent
300890001002	Education	Bachelor	0.1184	1	4	percent
300890001002	Education	Higher Degree	0.037	1	5	percent
300890001002	Income	0-29K	0.4459	1	1	percent
300890001002	Income	30-74K	0.3656	1	2	percent
300890001002	Income	75-99K	0.0446	1	3	percent
300890001002	Income	100-149K	0.1006	1	4	percent
300890001002	Income	150K+	0.0433	1	5	percent
300890001002	Race	African American	0.0044	1	1	percent
300890001002	Race	Asian	0.0016	1	2	percent
300890001002	Race	Hispanic	0.0261	1	3	percent
300890001002	Race	Other or Mixed	0.0354	1	4	percent
300890001002	Race	White	0.9325	1	5	percent
300930002002	Population	Population	461	1	1	people
300930002002	Population	Median Age	25.5	1	2	people
300930002002	Age	<18	0.0477	1	1	percent
300930002002	Age	18-24	0.3905	1	2	percent
300930002002	Age	25-34	0.2061	1	3	percent
300930002002	Age	35-44	0.1063	1	4	percent
300930002002	Age	45-54	0.0282	1	5	percent
300930002002	Age	55-64	0.0195	1	6	percent
300930002002	Age	65+	0.2017	1	7	percent
300930002002	Economic	Median HH Income	-6.66666666E8	1	1	dollar
300930002002	Economic	Median Home Value	149000.0	1	2	dollar
300930002002	Education	No HS	0.3243	1	1	percent
300930002002	Education	HS	0.1892	1	2	percent
300930002002	Education	Some College/2 Year	0.1969	1	3	percent
300930002002	Education	Bachelor	0.2239	1	4	percent
300930002002	Education	Higher Degree	0.0656	1	5	percent
300930002002	Income	0-29K	0.5572	1	1	percent
300930002002	Income	30-74K	0.2915	1	2	percent
300930002002	Income	75-99K	0.0886	1	3	percent
300930002002	Income	100-149K	0.0443	1	4	percent
300930002002	Income	150K+	0.0185	1	5	percent
300930002002	Race	African American	0.0	1	1	percent
300930002002	Race	Asian	0.0	1	2	percent
300930002002	Race	Hispanic	0.0	1	3	percent
300930002002	Race	Other or Mixed	0.0	1	4	percent
300930002002	Race	White	1.0	1	5	percent
300930002005	Population	Population	1407	1	1	people
300930002005	Population	Median Age	20.8	1	2	people
300930002005	Age	<18	0.0768	1	1	percent
300930002005	Age	18-24	0.5437	1	2	percent
300930002005	Age	25-34	0.0675	1	3	percent
300930002005	Age	35-44	0.0384	1	4	percent
300930002005	Age	45-54	0.022	1	5	percent
300930002005	Age	55-64	0.1393	1	6	percent
300930002005	Age	65+	0.1123	1	7	percent
300930002005	Economic	Median HH Income	50928.0	1	1	dollar
300930002005	Economic	Median Home Value	116200.0	1	2	dollar
300930002005	Education	No HS	0.0318	1	1	percent
300930002005	Education	HS	0.3071	1	2	percent
300930002005	Education	Some College/2 Year	0.2509	1	3	percent
300930002005	Education	Bachelor	0.1292	1	4	percent
300930002005	Education	Higher Degree	0.2809	1	5	percent
300930002005	Income	0-29K	0.2515	1	1	percent
300930002005	Income	30-74K	0.4519	1	2	percent
300930002005	Income	75-99K	0.0707	1	3	percent
300930002005	Income	100-149K	0.1709	1	4	percent
300930002005	Income	150K+	0.055	1	5	percent
300930002005	Race	African American	0.0	1	1	percent
300930002005	Race	Asian	0.0	1	2	percent
300930002005	Race	Hispanic	0.0469	1	3	percent
300930002005	Race	Other or Mixed	0.0526	1	4	percent
300930002005	Race	White	0.9005	1	5	percent
300930005002	Population	Population	1306	1	1	people
300930005002	Population	Median Age	42.9	1	2	people
300930005002	Age	<18	0.2979	1	1	percent
300930005002	Age	18-24	0.0406	1	2	percent
300930005002	Age	25-34	0.0995	1	3	percent
300930005002	Age	35-44	0.0873	1	4	percent
300930005002	Age	45-54	0.1562	1	5	percent
300930005002	Age	55-64	0.0276	1	6	percent
300930005002	Age	65+	0.291	1	7	percent
300930005002	Economic	Median HH Income	59293.0	1	1	dollar
300930005002	Economic	Median Home Value	187500.0	1	2	dollar
300930005002	Education	No HS	0.0799	1	1	percent
300930005002	Education	HS	0.4086	1	2	percent
300930005002	Education	Some College/2 Year	0.1933	1	3	percent
300930005002	Education	Bachelor	0.169	1	4	percent
300930005002	Education	Higher Degree	0.1493	1	5	percent
300930005002	Income	0-29K	0.2723	1	1	percent
300930005002	Income	30-74K	0.3687	1	2	percent
300930005002	Income	75-99K	0.2193	1	3	percent
300930005002	Income	100-149K	0.0819	1	4	percent
300930005002	Income	150K+	0.0578	1	5	percent
300930005002	Race	African American	0.0	1	1	percent
300930005002	Race	Asian	0.0	1	2	percent
300930005002	Race	Hispanic	0.2366	1	3	percent
300930005002	Race	Other or Mixed	0.0368	1	4	percent
300930005002	Race	White	0.7266	1	5	percent
300930006001	Population	Population	1053	1	1	people
300930006001	Population	Median Age	47.2	1	2	people
300930006001	Age	<18	0.2146	1	1	percent
300930006001	Age	18-24	0.1149	1	2	percent
300930006001	Age	25-34	0.0408	1	3	percent
300930006001	Age	35-44	0.1216	1	4	percent
300930006001	Age	45-54	0.1453	1	5	percent
300930006001	Age	55-64	0.2175	1	6	percent
300930006001	Age	65+	0.1453	1	7	percent
300930006001	Economic	Median HH Income	46489.0	1	1	dollar
300930006001	Economic	Median Home Value	152400.0	1	2	dollar
300930006001	Education	No HS	0.0014	1	1	percent
300930006001	Education	HS	0.1771	1	2	percent
300930006001	Education	Some College/2 Year	0.3966	1	3	percent
300930006001	Education	Bachelor	0.2989	1	4	percent
300930006001	Education	Higher Degree	0.1261	1	5	percent
300930006001	Income	0-29K	0.4252	1	1	percent
300930006001	Income	30-74K	0.3467	1	2	percent
300930006001	Income	75-99K	0.0	1	3	percent
300930006001	Income	100-149K	0.0748	1	4	percent
300930006001	Income	150K+	0.1533	1	5	percent
300930006001	Race	African American	0.0	1	1	percent
300930006001	Race	Asian	0.0	1	2	percent
300930006001	Race	Hispanic	0.0	1	3	percent
300930006001	Race	Other or Mixed	0.0	1	4	percent
300930006001	Race	White	1.0	1	5	percent
300930006003	Population	Population	417	1	1	people
300930006003	Population	Median Age	33.1	1	2	people
300930006003	Age	<18	0.3645	1	1	percent
300930006003	Age	18-24	0.024	1	2	percent
300930006003	Age	25-34	0.1511	1	3	percent
300930006003	Age	35-44	0.0384	1	4	percent
300930006003	Age	45-54	0.0	1	5	percent
300930006003	Age	55-64	0.1463	1	6	percent
300930006003	Age	65+	0.2758	1	7	percent
300930006003	Economic	Median HH Income	31932.0	1	1	dollar
300930006003	Economic	Median Home Value	121200.0	1	2	dollar
300930006003	Education	No HS	0.0471	1	1	percent
300930006003	Education	HS	0.5137	1	2	percent
300930006003	Education	Some College/2 Year	0.3373	1	3	percent
300930006003	Education	Bachelor	0.102	1	4	percent
300930006003	Education	Higher Degree	0.0	1	5	percent
300930006003	Income	0-29K	0.4124	1	1	percent
300930006003	Income	30-74K	0.5	1	2	percent
300930006003	Income	75-99K	0.0361	1	3	percent
300930006003	Income	100-149K	0.0515	1	4	percent
300930006003	Income	150K+	0.0	1	5	percent
300930006003	Race	African American	0.0	1	1	percent
300930006003	Race	Asian	0.0	1	2	percent
300930006003	Race	Hispanic	0.1319	1	3	percent
300930006003	Race	Other or Mixed	0.0	1	4	percent
300930006003	Race	White	0.8681	1	5	percent
300930006004	Population	Population	558	1	1	people
300930006004	Population	Median Age	56.4	1	2	people
300930006004	Age	<18	0.1093	1	1	percent
300930006004	Age	18-24	0.0735	1	2	percent
300930006004	Age	25-34	0.1416	1	3	percent
300930006004	Age	35-44	0.0	1	4	percent
300930006004	Age	45-54	0.1595	1	5	percent
300930006004	Age	55-64	0.3548	1	6	percent
300930006004	Age	65+	0.1613	1	7	percent
300930006004	Economic	Median HH Income	-6.66666666E8	1	1	dollar
300930006004	Economic	Median Home Value	165400.0	1	2	dollar
300930006004	Education	No HS	0.0395	1	1	percent
300930006004	Education	HS	0.3728	1	2	percent
300930006004	Education	Some College/2 Year	0.4057	1	3	percent
300930006004	Education	Bachelor	0.1338	1	4	percent
300930006004	Education	Higher Degree	0.0482	1	5	percent
300930006004	Income	0-29K	0.2326	1	1	percent
300930006004	Income	30-74K	0.4514	1	2	percent
300930006004	Income	75-99K	0.1458	1	3	percent
300930006004	Income	100-149K	0.0556	1	4	percent
300930006004	Income	150K+	0.1146	1	5	percent
300930006004	Race	African American	0.0	1	1	percent
300930006004	Race	Asian	0.0	1	2	percent
300930006004	Race	Hispanic	0.0	1	3	percent
300930006004	Race	Other or Mixed	0.1505	1	4	percent
300930006004	Race	White	0.8495	1	5	percent
300930008003	Population	Population	1021	2	1	people
300930008003	Population	Median Age	36.5	2	2	people
300930008003	Age	<18	0.333	2	1	percent
300930008003	Age	18-24	0.0108	2	2	percent
300930008003	Age	25-34	0.1028	2	3	percent
300930008003	Age	35-44	0.2165	2	4	percent
300930008003	Age	45-54	0.1273	2	5	percent
300930008003	Age	55-64	0.0441	2	6	percent
300930008003	Age	65+	0.1655	2	7	percent
300930008003	Economic	Median HH Income	50714.0	2	1	dollar
300930008003	Economic	Median Home Value	141000.0	2	2	dollar
300930008003	Education	No HS	0.0448	2	1	percent
300930008003	Education	HS	0.4567	2	2	percent
300930008003	Education	Some College/2 Year	0.2284	2	3	percent
300930008003	Education	Bachelor	0.2119	2	4	percent
300930008003	Education	Higher Degree	0.0582	2	5	percent
300930008003	Income	0-29K	0.181	2	1	percent
300930008003	Income	30-74K	0.4713	2	2	percent
300930008003	Income	75-99K	0.0259	2	3	percent
300930008003	Income	100-149K	0.2241	2	4	percent
300930008003	Income	150K+	0.0977	2	5	percent
300930008003	Race	African American	0.0	2	1	percent
300930008003	Race	Asian	0.0108	2	2	percent
300930008003	Race	Hispanic	0.0	2	3	percent
300930008003	Race	Other or Mixed	0.001	2	4	percent
300930008003	Race	White	0.9882	2	5	percent
301110004011	Population	Population	1275	1	1	people
301110004011	Population	Median Age	35.8	1	2	people
301110004011	Age	<18	0.2196	1	1	percent
301110004011	Age	18-24	0.1647	1	2	percent
301110004011	Age	25-34	0.0941	1	3	percent
301110004011	Age	35-44	0.1169	1	4	percent
301110004011	Age	45-54	0.1537	1	5	percent
301110004011	Age	55-64	0.1812	1	6	percent
301110004011	Age	65+	0.0698	1	7	percent
301110004011	Economic	Median HH Income	36250.0	1	1	dollar
301110004011	Economic	Median Home Value	152800.0	1	2	dollar
301110004011	Education	No HS	0.0943	1	1	percent
301110004011	Education	HS	0.4854	1	2	percent
301110004011	Education	Some College/2 Year	0.2981	1	3	percent
301110004011	Education	Bachelor	0.1223	1	4	percent
301110004011	Education	Higher Degree	0.0	1	5	percent
301110004011	Income	0-29K	0.4109	1	1	percent
301110004011	Income	30-74K	0.3636	1	2	percent
301110004011	Income	75-99K	0.1727	1	3	percent
301110004011	Income	100-149K	0.0527	1	4	percent
301110004011	Income	150K+	0.0	1	5	percent
301110004011	Race	African American	0.0	1	1	percent
301110004011	Race	Asian	0.0	1	2	percent
301110004011	Race	Hispanic	0.1161	1	3	percent
301110004011	Race	Other or Mixed	0.2573	1	4	percent
301110004011	Race	White	0.6267	1	5	percent
301110006002	Population	Population	1094	1	1	people
301110006002	Population	Median Age	26.1	1	2	people
301110006002	Age	<18	0.149	1	1	percent
301110006002	Age	18-24	0.3236	1	2	percent
301110006002	Age	25-34	0.1042	1	3	percent
301110006002	Age	35-44	0.0686	1	4	percent
301110006002	Age	45-54	0.1289	1	5	percent
301110006002	Age	55-64	0.0978	1	6	percent
301110006002	Age	65+	0.128	1	7	percent
301110006002	Economic	Median HH Income	135060.0	1	1	dollar
301110006002	Economic	Median Home Value	370000.0	1	2	dollar
301110006002	Education	No HS	0.0104	1	1	percent
301110006002	Education	HS	0.1005	1	2	percent
301110006002	Education	Some College/2 Year	0.2444	1	3	percent
301110006002	Education	Bachelor	0.4246	1	4	percent
301110006002	Education	Higher Degree	0.2201	1	5	percent
301110006002	Income	0-29K	0.1342	1	1	percent
301110006002	Income	30-74K	0.1885	1	2	percent
301110006002	Income	75-99K	0.1214	1	3	percent
301110006002	Income	100-149K	0.2524	1	4	percent
301110006002	Income	150K+	0.3035	1	5	percent
301110006002	Race	African American	0.0192	1	1	percent
301110006002	Race	Asian	0.1197	1	2	percent
301110006002	Race	Hispanic	0.0037	1	3	percent
301110006002	Race	Other or Mixed	0.1033	1	4	percent
301110006002	Race	White	0.7541	1	5	percent
301110007052	Population	Population	1426	1	1	people
301110007052	Population	Median Age	29.4	1	2	people
301110007052	Age	<18	0.4187	1	1	percent
301110007052	Age	18-24	0.0344	1	2	percent
301110007052	Age	25-34	0.1851	1	3	percent
301110007052	Age	35-44	0.1101	1	4	percent
301110007052	Age	45-54	0.0645	1	5	percent
301110007052	Age	55-64	0.1115	1	6	percent
301110007052	Age	65+	0.0757	1	7	percent
301110007052	Economic	Median HH Income	81250.0	1	1	dollar
301110007052	Economic	Median Home Value	246600.0	1	2	dollar
301110007052	Education	No HS	0.091	1	1	percent
301110007052	Education	HS	0.2974	1	2	percent
301110007052	Education	Some College/2 Year	0.3	1	3	percent
301110007052	Education	Bachelor	0.1641	1	4	percent
301110007052	Education	Higher Degree	0.1474	1	5	percent
301110007052	Income	0-29K	0.125	1	1	percent
301110007052	Income	30-74K	0.3634	1	2	percent
301110007052	Income	75-99K	0.25	1	3	percent
301110007052	Income	100-149K	0.1829	1	4	percent
301110007052	Income	150K+	0.0787	1	5	percent
301110007052	Race	African American	0.0	1	1	percent
301110007052	Race	Asian	0.0056	1	2	percent
301110007052	Race	Hispanic	0.0996	1	3	percent
301110007052	Race	Other or Mixed	0.1992	1	4	percent
301110007052	Race	White	0.6957	1	5	percent
301110008003	Population	Population	1920	1	1	people
301110008003	Population	Median Age	35.2	1	2	people
301110008003	Age	<18	0.1896	1	1	percent
301110008003	Age	18-24	0.0823	1	2	percent
301110008003	Age	25-34	0.2208	1	3	percent
301110008003	Age	35-44	0.1766	1	4	percent
301110008003	Age	45-54	0.1938	1	5	percent
301110008003	Age	55-64	0.0891	1	6	percent
301110008003	Age	65+	0.0479	1	7	percent
301110008003	Economic	Median HH Income	90761.0	1	1	dollar
301110008003	Economic	Median Home Value	257800.0	1	2	dollar
301110008003	Education	No HS	0.0751	1	1	percent
301110008003	Education	HS	0.3026	1	2	percent
301110008003	Education	Some College/2 Year	0.422	1	3	percent
301110008003	Education	Bachelor	0.1838	1	4	percent
301110008003	Education	Higher Degree	0.0165	1	5	percent
301110008003	Income	0-29K	0.1568	1	1	percent
301110008003	Income	30-74K	0.1693	1	2	percent
301110008003	Income	75-99K	0.2702	1	3	percent
301110008003	Income	100-149K	0.1786	1	4	percent
301110008003	Income	150K+	0.2252	1	5	percent
301110008003	Race	African American	0.0	1	1	percent
301110008003	Race	Asian	0.0	1	2	percent
301110008003	Race	Hispanic	0.0599	1	3	percent
301110008003	Race	Other or Mixed	0.0615	1	4	percent
301110008003	Race	White	0.8786	1	5	percent
301110009013	Population	Population	2183	1	1	people
301110009013	Population	Median Age	40.2	1	2	people
301110009013	Age	<18	0.2442	1	1	percent
301110009013	Age	18-24	0.0788	1	2	percent
301110009013	Age	25-34	0.1003	1	3	percent
301110009013	Age	35-44	0.1452	1	4	percent
301110009013	Age	45-54	0.1622	1	5	percent
301110009013	Age	55-64	0.0444	1	6	percent
301110009013	Age	65+	0.2249	1	7	percent
301110009013	Economic	Median HH Income	57583.0	1	1	dollar
301110009013	Economic	Median Home Value	244900.0	1	2	dollar
301110009013	Education	No HS	0.0487	1	1	percent
301110009013	Education	HS	0.2821	1	2	percent
301110009013	Education	Some College/2 Year	0.3106	1	3	percent
301110009013	Education	Bachelor	0.2361	1	4	percent
301110009013	Education	Higher Degree	0.1225	1	5	percent
301110009013	Income	0-29K	0.2136	1	1	percent
301110009013	Income	30-74K	0.3937	1	2	percent
301110009013	Income	75-99K	0.1235	1	3	percent
301110009013	Income	100-149K	0.17	1	4	percent
301110009013	Income	150K+	0.0992	1	5	percent
301110009013	Race	African American	0.0	1	1	percent
301110009013	Race	Asian	0.0032	1	2	percent
301110009013	Race	Hispanic	0.0344	1	3	percent
301110009013	Race	Other or Mixed	0.0284	1	4	percent
301110009013	Race	White	0.934	1	5	percent
301110014041	Population	Population	3723	1	1	people
301110014041	Population	Median Age	47.5	1	2	people
301110014041	Age	<18	0.1851	1	1	percent
301110014041	Age	18-24	0.0639	1	2	percent
301110014041	Age	25-34	0.1703	1	3	percent
301110014041	Age	35-44	0.0309	1	4	percent
301110014041	Age	45-54	0.1864	1	5	percent
301110014041	Age	55-64	0.1641	1	6	percent
301110014041	Age	65+	0.1993	1	7	percent
301110014041	Economic	Median HH Income	104650.0	1	1	dollar
301110014041	Economic	Median Home Value	429800.0	1	2	dollar
301110014041	Education	No HS	0.0225	1	1	percent
301110014041	Education	HS	0.2071	1	2	percent
301110014041	Education	Some College/2 Year	0.3237	1	3	percent
301110014041	Education	Bachelor	0.3119	1	4	percent
301110014041	Education	Higher Degree	0.1348	1	5	percent
301110014041	Income	0-29K	0.2009	1	1	percent
301110014041	Income	30-74K	0.2132	1	2	percent
301110014041	Income	75-99K	0.048	1	3	percent
301110014041	Income	100-149K	0.174	1	4	percent
301110014041	Income	150K+	0.3638	1	5	percent
301110014041	Race	African American	3.0E-4	1	1	percent
301110014041	Race	Asian	0.0	1	2	percent
301110014041	Race	Hispanic	0.1254	1	3	percent
301110014041	Race	Other or Mixed	0.0658	1	4	percent
301110014041	Race	White	0.8085	1	5	percent
310339548001	Population	Population	1183	1	1	people
310339548001	Population	Median Age	43.7	1	2	people
310339548001	Age	<18	0.246	1	1	percent
310339548001	Age	18-24	0.0389	1	2	percent
310339548001	Age	25-34	0.0735	1	3	percent
310339548001	Age	35-44	0.1522	1	4	percent
310339548001	Age	45-54	0.1107	1	5	percent
310339548001	Age	55-64	0.1606	1	6	percent
310339548001	Age	65+	0.2181	1	7	percent
310339548001	Economic	Median HH Income	61979.0	1	1	dollar
310339548001	Economic	Median Home Value	102400.0	1	2	dollar
310339548001	Education	No HS	0.0284	1	1	percent
310339548001	Education	HS	0.2908	1	2	percent
310339548001	Education	Some College/2 Year	0.4338	1	3	percent
310339548001	Education	Bachelor	0.2187	1	4	percent
310339548001	Education	Higher Degree	0.0284	1	5	percent
310339548001	Income	0-29K	0.2019	1	1	percent
310339548001	Income	30-74K	0.4233	1	2	percent
310339548001	Income	75-99K	0.167	1	3	percent
310339548001	Income	100-149K	0.1379	1	4	percent
310339548001	Income	150K+	0.0699	1	5	percent
310339548001	Race	African American	0.0	1	1	percent
310339548001	Race	Asian	0.0034	1	2	percent
310339548001	Race	Hispanic	0.0237	1	3	percent
310339548001	Race	Other or Mixed	0.0127	1	4	percent
310339548001	Race	White	0.9603	1	5	percent
310759563001	Population	Population	718	1	1	people
310759563001	Population	Median Age	37.3	1	2	people
310759563001	Age	<18	0.2632	1	1	percent
310759563001	Age	18-24	0.0864	1	2	percent
310759563001	Age	25-34	0.1184	1	3	percent
310759563001	Age	35-44	0.1128	1	4	percent
310759563001	Age	45-54	0.0682	1	5	percent
310759563001	Age	55-64	0.156	1	6	percent
310759563001	Age	65+	0.195	1	7	percent
310759563001	Economic	Median HH Income	56806.0	1	1	dollar
310759563001	Economic	Median Home Value	94300.0	1	2	dollar
310759563001	Education	No HS	0.0707	1	1	percent
310759563001	Education	HS	0.2934	1	2	percent
310759563001	Education	Some College/2 Year	0.3533	1	3	percent
310759563001	Education	Bachelor	0.2248	1	4	percent
310759563001	Education	Higher Degree	0.0578	1	5	percent
310759563001	Income	0-29K	0.3705	1	1	percent
310759563001	Income	30-74K	0.2787	1	2	percent
310759563001	Income	75-99K	0.1311	1	3	percent
310759563001	Income	100-149K	0.1377	1	4	percent
310759563001	Income	150K+	0.082	1	5	percent
310759563001	Race	African American	0.0042	1	1	percent
310759563001	Race	Asian	0.0014	1	2	percent
310759563001	Race	Hispanic	0.0	1	3	percent
310759563001	Race	Other or Mixed	0.0139	1	4	percent
310759563001	Race	White	0.9805	1	5	percent
311619517003	Population	Population	1211	1	1	people
311619517003	Population	Median Age	46.1	1	2	people
311619517003	Age	<18	0.2089	1	1	percent
311619517003	Age	18-24	0.1453	1	2	percent
311619517003	Age	25-34	0.0273	1	3	percent
311619517003	Age	35-44	0.1098	1	4	percent
311619517003	Age	45-54	0.1379	1	5	percent
311619517003	Age	55-64	0.1082	1	6	percent
311619517003	Age	65+	0.2626	1	7	percent
311619517003	Economic	Median HH Income	62208.0	1	1	dollar
311619517003	Economic	Median Home Value	108000.0	1	2	dollar
311619517003	Education	No HS	0.0691	1	1	percent
311619517003	Education	HS	0.2685	1	2	percent
311619517003	Education	Some College/2 Year	0.4565	1	3	percent
311619517003	Education	Bachelor	0.1905	1	4	percent
311619517003	Education	Higher Degree	0.0153	1	5	percent
311619517003	Income	0-29K	0.1866	1	1	percent
311619517003	Income	30-74K	0.3996	1	2	percent
311619517003	Income	75-99K	0.1318	1	3	percent
311619517003	Income	100-149K	0.2454	1	4	percent
311619517003	Income	150K+	0.0365	1	5	percent
311619517003	Race	African American	0.0	1	1	percent
311619517003	Race	Asian	0.0206	1	2	percent
311619517003	Race	Hispanic	0.076	1	3	percent
311619517003	Race	Other or Mixed	0.0116	1	4	percent
311619517003	Race	White	0.8918	1	5	percent
320030005184	Population	Population	1914	1	1	people
320030005184	Population	Median Age	34.3	1	2	people
320030005184	Age	<18	0.2712	1	1	percent
320030005184	Age	18-24	0.0846	1	2	percent
320030005184	Age	25-34	0.1473	1	3	percent
320030005184	Age	35-44	0.1353	1	4	percent
320030005184	Age	45-54	0.14	1	5	percent
320030005184	Age	55-64	0.1144	1	6	percent
320030005184	Age	65+	0.1071	1	7	percent
320030005184	Economic	Median HH Income	45997.0	1	1	dollar
320030005184	Economic	Median Home Value	145200.0	1	2	dollar
320030005184	Education	No HS	0.4023	1	1	percent
320030005184	Education	HS	0.3423	1	2	percent
320030005184	Education	Some College/2 Year	0.2352	1	3	percent
320030005184	Education	Bachelor	0.0187	1	4	percent
320030005184	Education	Higher Degree	0.0016	1	5	percent
320030005184	Income	0-29K	0.3097	1	1	percent
320030005184	Income	30-74K	0.6163	1	2	percent
320030005184	Income	75-99K	0.0308	1	3	percent
320030005184	Income	100-149K	0.0	1	4	percent
320030005184	Income	150K+	0.0431	1	5	percent
320030005184	Race	African American	0.035	1	1	percent
320030005184	Race	Asian	0.0199	1	2	percent
320030005184	Race	Hispanic	0.826	1	3	percent
320030005184	Race	Other or Mixed	0.0361	1	4	percent
320030005184	Race	White	0.0831	1	5	percent
320030032232	Population	Population	1886	1	1	people
320030032232	Population	Median Age	56.9	1	2	people
320030032232	Age	<18	0.1856	1	1	percent
320030032232	Age	18-24	0.0159	1	2	percent
320030032232	Age	25-34	0.0504	1	3	percent
320030032232	Age	35-44	0.0838	1	4	percent
320030032232	Age	45-54	0.0944	1	5	percent
320030032232	Age	55-64	0.3271	1	6	percent
320030032232	Age	65+	0.2428	1	7	percent
320030032232	Economic	Median HH Income	188542.0	1	1	dollar
320030032232	Economic	Median Home Value	859300.0	1	2	dollar
320030032232	Education	No HS	0.0345	1	1	percent
320030032232	Education	HS	0.079	1	2	percent
320030032232	Education	Some College/2 Year	0.1912	1	3	percent
320030032232	Education	Bachelor	0.4004	1	4	percent
320030032232	Education	Higher Degree	0.2948	1	5	percent
320030032232	Income	0-29K	0.1661	1	1	percent
320030032232	Income	30-74K	0.0677	1	2	percent
320030032232	Income	75-99K	0.0418	1	3	percent
320030032232	Income	100-149K	0.1747	1	4	percent
320030032232	Income	150K+	0.5498	1	5	percent
320030032232	Race	African American	0.0	1	1	percent
320030032232	Race	Asian	0.149	1	2	percent
320030032232	Race	Hispanic	0.0392	1	3	percent
320030032232	Race	Other or Mixed	0.0175	1	4	percent
320030032232	Race	White	0.7943	1	5	percent
320030067001	Population	Population	436	1	1	people
320030067001	Population	Median Age	55.7	1	2	people
320030067001	Age	<18	0.0115	1	1	percent
320030067001	Age	18-24	0.0206	1	2	percent
320030067001	Age	25-34	0.1628	1	3	percent
320030067001	Age	35-44	0.1216	1	4	percent
320030067001	Age	45-54	0.1651	1	5	percent
320030067001	Age	55-64	0.3005	1	6	percent
320030067001	Age	65+	0.2179	1	7	percent
320030067001	Economic	Median HH Income	107083.0	1	1	dollar
320030067001	Economic	Median Home Value	1348200.0	1	2	dollar
320030067001	Education	No HS	0.0261	1	1	percent
320030067001	Education	HS	0.0782	1	2	percent
320030067001	Education	Some College/2 Year	0.2275	1	3	percent
320030067001	Education	Bachelor	0.2488	1	4	percent
320030067001	Education	Higher Degree	0.4194	1	5	percent
320030067001	Income	0-29K	0.0912	1	1	percent
320030067001	Income	30-74K	0.1006	1	2	percent
320030067001	Income	75-99K	0.2925	1	3	percent
320030067001	Income	100-149K	0.1101	1	4	percent
320030067001	Income	150K+	0.4057	1	5	percent
320030067001	Race	African American	0.0229	1	1	percent
320030067001	Race	Asian	0.1697	1	2	percent
320030067001	Race	Hispanic	0.0436	1	3	percent
320030067001	Race	Other or Mixed	0.0872	1	4	percent
320030067001	Race	White	0.6766	1	5	percent
330110111021	Population	Population	2004	1	1	people
330110111021	Population	Median Age	31.9	1	2	people
330110111021	Age	<18	0.1582	1	1	percent
330110111021	Age	18-24	0.1297	1	2	percent
330110111021	Age	25-34	0.3064	1	3	percent
330110111021	Age	35-44	0.0943	1	4	percent
330110111021	Age	45-54	0.0968	1	5	percent
330110111021	Age	55-64	0.0808	1	6	percent
330110111021	Age	65+	0.1337	1	7	percent
330110111021	Economic	Median HH Income	83063.0	1	1	dollar
330110111021	Economic	Median Home Value	175500.0	1	2	dollar
330110111021	Education	No HS	0.0448	1	1	percent
330110111021	Education	HS	0.1486	1	2	percent
330110111021	Education	Some College/2 Year	0.3623	1	3	percent
330110111021	Education	Bachelor	0.1955	1	4	percent
330110111021	Education	Higher Degree	0.2488	1	5	percent
330110111021	Income	0-29K	0.0711	1	1	percent
330110111021	Income	30-74K	0.3692	1	2	percent
330110111021	Income	75-99K	0.2468	1	3	percent
330110111021	Income	100-149K	0.2142	1	4	percent
330110111021	Income	150K+	0.0987	1	5	percent
330110111021	Race	African American	0.009	1	1	percent
330110111021	Race	Asian	0.1856	1	2	percent
330110111021	Race	Hispanic	0.0629	1	3	percent
330110111021	Race	Other or Mixed	0.0289	1	4	percent
330110111021	Race	White	0.7136	1	5	percent
370670009003	Population	Population	372	1	1	people
370670009003	Population	Median Age	46.1	1	2	people
370670009003	Age	<18	0.1505	1	1	percent
370670009003	Age	18-24	0.0349	1	2	percent
370670009003	Age	25-34	0.1828	1	3	percent
370670009003	Age	35-44	0.1183	1	4	percent
370670009003	Age	45-54	0.3065	1	5	percent
370670009003	Age	55-64	0.0887	1	6	percent
370670009003	Age	65+	0.1183	1	7	percent
370670009003	Economic	Median HH Income	68472.0	1	1	dollar
370670009003	Economic	Median Home Value	300000.0	1	2	dollar
370670009003	Education	No HS	0.1749	1	1	percent
370670009003	Education	HS	0.1254	1	2	percent
370670009003	Education	Some College/2 Year	0.1914	1	3	percent
370670009003	Education	Bachelor	0.4158	1	4	percent
370670009003	Education	Higher Degree	0.0924	1	5	percent
370670009003	Income	0-29K	0.2606	1	1	percent
370670009003	Income	30-74K	0.4628	1	2	percent
370670009003	Income	75-99K	0.1436	1	3	percent
370670009003	Income	100-149K	0.0745	1	4	percent
370670009003	Income	150K+	0.0585	1	5	percent
370670009003	Race	African American	0.0645	1	1	percent
370670009003	Race	Asian	0.0	1	2	percent
370670009003	Race	Hispanic	0.379	1	3	percent
370670009003	Race	Other or Mixed	0.0108	1	4	percent
370670009003	Race	White	0.5457	1	5	percent
380170101062	Population	Population	1523	1	1	people
380170101062	Population	Median Age	28.3	1	2	people
380170101062	Age	<18	0.1661	1	1	percent
380170101062	Age	18-24	0.1747	1	2	percent
380170101062	Age	25-34	0.3283	1	3	percent
380170101062	Age	35-44	0.1005	1	4	percent
380170101062	Age	45-54	0.0814	1	5	percent
380170101062	Age	55-64	0.1129	1	6	percent
380170101062	Age	65+	0.0361	1	7	percent
380170101062	Economic	Median HH Income	55733.0	1	1	dollar
380170101062	Economic	Median Home Value	-6.66666666E8	1	2	dollar
380170101062	Education	No HS	0.1773	1	1	percent
380170101062	Education	HS	0.259	1	2	percent
380170101062	Education	Some College/2 Year	0.3695	1	3	percent
380170101062	Education	Bachelor	0.1863	1	4	percent
380170101062	Education	Higher Degree	0.008	1	5	percent
380170101062	Income	0-29K	0.3117	1	1	percent
380170101062	Income	30-74K	0.404	1	2	percent
380170101062	Income	75-99K	0.2219	1	3	percent
380170101062	Income	100-149K	0.0623	1	4	percent
380170101062	Income	150K+	0.0	1	5	percent
380170101062	Race	African American	0.0322	1	1	percent
380170101062	Race	Asian	0.2403	1	2	percent
380170101062	Race	Hispanic	0.0309	1	3	percent
380170101062	Race	Other or Mixed	0.1254	1	4	percent
380170101062	Race	White	0.5712	1	5	percent
401370002001	Population	Population	1186	1	1	people
401370002001	Population	Median Age	34.9	1	2	people
401370002001	Age	<18	0.2774	1	1	percent
401370002001	Age	18-24	0.0514	1	2	percent
401370002001	Age	25-34	0.1745	1	3	percent
401370002001	Age	35-44	0.1374	1	4	percent
401370002001	Age	45-54	0.1577	1	5	percent
401370002001	Age	55-64	0.07	1	6	percent
401370002001	Age	65+	0.1315	1	7	percent
401370002001	Economic	Median HH Income	59125.0	1	1	dollar
401370002001	Economic	Median Home Value	136400.0	1	2	dollar
401370002001	Education	No HS	0.152	1	1	percent
401370002001	Education	HS	0.3128	1	2	percent
401370002001	Education	Some College/2 Year	0.3731	1	3	percent
401370002001	Education	Bachelor	0.152	1	4	percent
401370002001	Education	Higher Degree	0.0101	1	5	percent
401370002001	Income	0-29K	0.1176	1	1	percent
401370002001	Income	30-74K	0.5141	1	2	percent
401370002001	Income	75-99K	0.0767	1	3	percent
401370002001	Income	100-149K	0.1688	1	4	percent
401370002001	Income	150K+	0.1228	1	5	percent
401370002001	Race	African American	0.0287	1	1	percent
401370002001	Race	Asian	0.0017	1	2	percent
401370002001	Race	Hispanic	0.1518	1	3	percent
401370002001	Race	Other or Mixed	0.032	1	4	percent
401370002001	Race	White	0.7858	1	5	percent
410030002022	Population	Population	2323	1	1	people
410030002022	Population	Median Age	28.5	1	2	people
410030002022	Age	<18	0.1274	1	1	percent
410030002022	Age	18-24	0.2385	1	2	percent
410030002022	Age	25-34	0.3186	1	3	percent
410030002022	Age	35-44	0.0895	1	4	percent
410030002022	Age	45-54	0.1063	1	5	percent
410030002022	Age	55-64	0.0293	1	6	percent
410030002022	Age	65+	0.0904	1	7	percent
410030002022	Economic	Median HH Income	54396.0	1	1	dollar
410030002022	Economic	Median Home Value	449400.0	1	2	dollar
410030002022	Education	No HS	0.0102	1	1	percent
410030002022	Education	HS	0.0536	1	2	percent
410030002022	Education	Some College/2 Year	0.277	1	3	percent
410030002022	Education	Bachelor	0.3374	1	4	percent
410030002022	Education	Higher Degree	0.3218	1	5	percent
410030002022	Income	0-29K	0.3155	1	1	percent
410030002022	Income	30-74K	0.3182	1	2	percent
410030002022	Income	75-99K	0.0455	1	3	percent
410030002022	Income	100-149K	0.1676	1	4	percent
410030002022	Income	150K+	0.1533	1	5	percent
410030002022	Race	African American	0.0331	1	1	percent
410030002022	Race	Asian	0.1098	1	2	percent
410030002022	Race	Hispanic	0.0224	1	3	percent
410030002022	Race	Other or Mixed	0.0418	1	4	percent
410030002022	Race	White	0.7929	1	5	percent
410359713005	Population	Population	1769	1	1	people
410359713005	Population	Median Age	46.0	1	2	people
410359713005	Age	<18	0.1673	1	1	percent
410359713005	Age	18-24	0.1249	1	2	percent
410359713005	Age	25-34	0.1673	1	3	percent
410359713005	Age	35-44	0.03	1	4	percent
410359713005	Age	45-54	0.1255	1	5	percent
410359713005	Age	55-64	0.1458	1	6	percent
410359713005	Age	65+	0.2391	1	7	percent
410359713005	Economic	Median HH Income	69135.0	1	1	dollar
410359713005	Economic	Median Home Value	191400.0	1	2	dollar
410359713005	Education	No HS	0.0895	1	1	percent
410359713005	Education	HS	0.2181	1	2	percent
410359713005	Education	Some College/2 Year	0.3994	1	3	percent
410359713005	Education	Bachelor	0.1925	1	4	percent
410359713005	Education	Higher Degree	0.1006	1	5	percent
410359713005	Income	0-29K	0.1771	1	1	percent
410359713005	Income	30-74K	0.4033	1	2	percent
410359713005	Income	75-99K	0.1635	1	3	percent
410359713005	Income	100-149K	0.1172	1	4	percent
410359713005	Income	150K+	0.139	1	5	percent
410359713005	Race	African American	6.0E-4	1	1	percent
410359713005	Race	Asian	0.0	1	2	percent
410359713005	Race	Hispanic	0.2097	1	3	percent
410359713005	Race	Other or Mixed	0.0328	1	4	percent
410359713005	Race	White	0.7569	1	5	percent
410390007061	Population	Population	1571	1	1	people
410390007061	Population	Median Age	62.8	1	2	people
410390007061	Age	<18	0.0484	1	1	percent
410390007061	Age	18-24	0.0045	1	2	percent
410390007061	Age	25-34	0.0	1	3	percent
410390007061	Age	35-44	0.0331	1	4	percent
410390007061	Age	45-54	0.2864	1	5	percent
410390007061	Age	55-64	0.1814	1	6	percent
410390007061	Age	65+	0.4462	1	7	percent
410390007061	Economic	Median HH Income	90825.0	1	1	dollar
410390007061	Economic	Median Home Value	426700.0	1	2	dollar
410390007061	Education	No HS	0.0128	1	1	percent
410390007061	Education	HS	0.1862	1	2	percent
410390007061	Education	Some College/2 Year	0.4341	1	3	percent
410390007061	Education	Bachelor	0.1935	1	4	percent
410390007061	Education	Higher Degree	0.1734	1	5	percent
410390007061	Income	0-29K	0.1602	1	1	percent
410390007061	Income	30-74K	0.2832	1	2	percent
410390007061	Income	75-99K	0.1267	1	3	percent
410390007061	Income	100-149K	0.1714	1	4	percent
410390007061	Income	150K+	0.2584	1	5	percent
410390007061	Race	African American	0.0	1	1	percent
410390007061	Race	Asian	0.0134	1	2	percent
410390007061	Race	Hispanic	0.0127	1	3	percent
410390007061	Race	Other or Mixed	0.0	1	4	percent
410390007061	Race	White	0.9739	1	5	percent
410670328001	Population	Population	1093	1	1	people
410670328001	Population	Median Age	47.0	1	2	people
410670328001	Age	<18	0.1839	1	1	percent
410670328001	Age	18-24	0.0576	1	2	percent
410670328001	Age	25-34	0.0878	1	3	percent
410670328001	Age	35-44	0.129	1	4	percent
410670328001	Age	45-54	0.2049	1	5	percent
410670328001	Age	55-64	0.1016	1	6	percent
410670328001	Age	65+	0.2351	1	7	percent
410670328001	Economic	Median HH Income	90156.0	1	1	dollar
410670328001	Economic	Median Home Value	590300.0	1	2	dollar
410670328001	Education	No HS	0.0639	1	1	percent
410670328001	Education	HS	0.2835	1	2	percent
410670328001	Education	Some College/2 Year	0.3679	1	3	percent
410670328001	Education	Bachelor	0.1906	1	4	percent
410670328001	Education	Higher Degree	0.0941	1	5	percent
410670328001	Income	0-29K	0.0919	1	1	percent
410670328001	Income	30-74K	0.3767	1	2	percent
410670328001	Income	75-99K	0.0874	1	3	percent
410670328001	Income	100-149K	0.2354	1	4	percent
410670328001	Income	150K+	0.2085	1	5	percent
410670328001	Race	African American	0.0	1	1	percent
410670328001	Race	Asian	9.0E-4	1	2	percent
410670328001	Race	Hispanic	0.0366	1	3	percent
410670328001	Race	Other or Mixed	0.0137	1	4	percent
410670328001	Race	White	0.9488	1	5	percent
450830234052	Population	Population	3661	1	1	people
450830234052	Population	Median Age	38.2	1	2	people
450830234052	Age	<18	0.2906	1	1	percent
450830234052	Age	18-24	0.1054	1	2	percent
450830234052	Age	25-34	0.0582	1	3	percent
450830234052	Age	35-44	0.1658	1	4	percent
450830234052	Age	45-54	0.1893	1	5	percent
450830234052	Age	55-64	0.0781	1	6	percent
450830234052	Age	65+	0.1125	1	7	percent
450830234052	Economic	Median HH Income	114537.0	1	1	dollar
450830234052	Economic	Median Home Value	281200.0	1	2	dollar
450830234052	Education	No HS	0.1606	1	1	percent
450830234052	Education	HS	0.1375	1	2	percent
450830234052	Education	Some College/2 Year	0.2483	1	3	percent
450830234052	Education	Bachelor	0.2442	1	4	percent
450830234052	Education	Higher Degree	0.2094	1	5	percent
450830234052	Income	0-29K	0.0424	1	1	percent
450830234052	Income	30-74K	0.1515	1	2	percent
450830234052	Income	75-99K	0.2091	1	3	percent
450830234052	Income	100-149K	0.1848	1	4	percent
450830234052	Income	150K+	0.4121	1	5	percent
450830234052	Race	African American	0.0462	1	1	percent
450830234052	Race	Asian	0.0729	1	2	percent
450830234052	Race	Hispanic	0.1519	1	3	percent
450830234052	Race	Other or Mixed	0.0707	1	4	percent
450830234052	Race	White	0.6583	1	5	percent
480270213051	Population	Population	4058	1	1	people
480270213051	Population	Median Age	28.2	1	2	people
480270213051	Age	<18	0.3992	1	1	percent
480270213051	Age	18-24	0.0303	1	2	percent
480270213051	Age	25-34	0.2792	1	3	percent
480270213051	Age	35-44	0.1345	1	4	percent
480270213051	Age	45-54	0.0498	1	5	percent
480270213051	Age	55-64	0.0655	1	6	percent
480270213051	Age	65+	0.0414	1	7	percent
480270213051	Economic	Median HH Income	77253.0	1	1	dollar
480270213051	Economic	Median Home Value	191400.0	1	2	dollar
480270213051	Education	No HS	0.0423	1	1	percent
480270213051	Education	HS	0.1797	1	2	percent
480270213051	Education	Some College/2 Year	0.3443	1	3	percent
480270213051	Education	Bachelor	0.2017	1	4	percent
480270213051	Education	Higher Degree	0.232	1	5	percent
480270213051	Income	0-29K	0.1048	1	1	percent
480270213051	Income	30-74K	0.3385	1	2	percent
480270213051	Income	75-99K	0.2609	1	3	percent
480270213051	Income	100-149K	0.1561	1	4	percent
480270213051	Income	150K+	0.1398	1	5	percent
480270213051	Race	African American	0.0648	1	1	percent
480270213051	Race	Asian	0.0766	1	2	percent
480270213051	Race	Hispanic	0.2178	1	3	percent
480270213051	Race	Other or Mixed	0.0577	1	4	percent
480270213051	Race	White	0.583	1	5	percent
480396616021	Population	Population	830	1	1	people
480396616021	Population	Median Age	33.4	1	2	people
480396616021	Age	<18	0.1108	1	1	percent
480396616021	Age	18-24	0.0723	1	2	percent
480396616021	Age	25-34	0.3458	1	3	percent
480396616021	Age	35-44	0.059	1	4	percent
480396616021	Age	45-54	0.1313	1	5	percent
480396616021	Age	55-64	0.1554	1	6	percent
480396616021	Age	65+	0.1253	1	7	percent
480396616021	Economic	Median HH Income	121178.0	1	1	dollar
480396616021	Economic	Median Home Value	394600.0	1	2	dollar
480396616021	Education	No HS	0.0531	1	1	percent
480396616021	Education	HS	0.4012	1	2	percent
480396616021	Education	Some College/2 Year	0.4012	1	3	percent
480396616021	Education	Bachelor	0.0973	1	4	percent
480396616021	Education	Higher Degree	0.0472	1	5	percent
480396616021	Income	0-29K	0.0371	1	1	percent
480396616021	Income	30-74K	0.1971	1	2	percent
480396616021	Income	75-99K	0.1143	1	3	percent
480396616021	Income	100-149K	0.3971	1	4	percent
480396616021	Income	150K+	0.2543	1	5	percent
480396616021	Race	African American	0.0	1	1	percent
480396616021	Race	Asian	0.0048	1	2	percent
480396616021	Race	Hispanic	0.2494	1	3	percent
480396616021	Race	Other or Mixed	0.0	1	4	percent
480396616021	Race	White	0.7458	1	5	percent
490111257021	Population	Population	890	1	1	people
490111257021	Population	Median Age	25.5	1	2	people
490111257021	Age	<18	0.264	1	1	percent
490111257021	Age	18-24	0.2112	1	2	percent
490111257021	Age	25-34	0.2292	1	3	percent
490111257021	Age	35-44	0.0539	1	4	percent
490111257021	Age	45-54	0.0989	1	5	percent
490111257021	Age	55-64	0.118	1	6	percent
490111257021	Age	65+	0.0247	1	7	percent
490111257021	Economic	Median HH Income	49651.0	1	1	dollar
490111257021	Economic	Median Home Value	205800.0	1	2	dollar
490111257021	Education	No HS	0.1392	1	1	percent
490111257021	Education	HS	0.2805	1	2	percent
490111257021	Education	Some College/2 Year	0.3619	1	3	percent
490111257021	Education	Bachelor	0.1692	1	4	percent
490111257021	Education	Higher Degree	0.0493	1	5	percent
490111257021	Income	0-29K	0.2333	1	1	percent
490111257021	Income	30-74K	0.3667	1	2	percent
490111257021	Income	75-99K	0.1852	1	3	percent
490111257021	Income	100-149K	0.1259	1	4	percent
490111257021	Income	150K+	0.0889	1	5	percent
490111257021	Race	African American	0.0258	1	1	percent
490111257021	Race	Asian	0.0247	1	2	percent
490111257021	Race	Hispanic	0.1899	1	3	percent
490111257021	Race	Other or Mixed	0.0191	1	4	percent
490111257021	Race	White	0.7404	1	5	percent
490351007002	Population	Population	733	1	1	people
490351007002	Population	Median Age	37.1	1	2	people
490351007002	Age	<18	0.0955	1	1	percent
490351007002	Age	18-24	0.06	1	2	percent
490351007002	Age	25-34	0.3124	1	3	percent
490351007002	Age	35-44	0.0832	1	4	percent
490351007002	Age	45-54	0.1255	1	5	percent
490351007002	Age	55-64	0.1664	1	6	percent
490351007002	Age	65+	0.1569	1	7	percent
490351007002	Economic	Median HH Income	63792.0	1	1	dollar
490351007002	Economic	Median Home Value	379200.0	1	2	dollar
490351007002	Education	No HS	0.0145	1	1	percent
490351007002	Education	HS	0.2391	1	2	percent
490351007002	Education	Some College/2 Year	0.2278	1	3	percent
490351007002	Education	Bachelor	0.3893	1	4	percent
490351007002	Education	Higher Degree	0.1292	1	5	percent
490351007002	Income	0-29K	0.2012	1	1	percent
490351007002	Income	30-74K	0.4869	1	2	percent
490351007002	Income	75-99K	0.163	1	3	percent
490351007002	Income	100-149K	0.0765	1	4	percent
490351007002	Income	150K+	0.0724	1	5	percent
490351007002	Race	African American	0.0	1	1	percent
490351007002	Race	Asian	0.0	1	2	percent
490351007002	Race	Hispanic	0.0587	1	3	percent
490351007002	Race	Other or Mixed	0.0409	1	4	percent
490351007002	Race	White	0.9004	1	5	percent
490351020003	Population	Population	791	1	1	people
490351020003	Population	Median Age	34.4	1	2	people
490351020003	Age	<18	0.0847	1	1	percent
490351020003	Age	18-24	0.1656	1	2	percent
490351020003	Age	25-34	0.2857	1	3	percent
490351020003	Age	35-44	0.1631	1	4	percent
490351020003	Age	45-54	0.129	1	5	percent
490351020003	Age	55-64	0.0796	1	6	percent
490351020003	Age	65+	0.0923	1	7	percent
490351020003	Economic	Median HH Income	45309.0	1	1	dollar
490351020003	Economic	Median Home Value	350000.0	1	2	dollar
490351020003	Education	No HS	0.14	1	1	percent
490351020003	Education	HS	0.1619	1	2	percent
490351020003	Education	Some College/2 Year	0.2108	1	3	percent
490351020003	Education	Bachelor	0.3727	1	4	percent
490351020003	Education	Higher Degree	0.1147	1	5	percent
490351020003	Income	0-29K	0.3118	1	1	percent
490351020003	Income	30-74K	0.4788	1	2	percent
490351020003	Income	75-99K	0.1091	1	3	percent
490351020003	Income	100-149K	0.0713	1	4	percent
490351020003	Income	150K+	0.029	1	5	percent
490351020003	Race	African American	0.0	1	1	percent
490351020003	Race	Asian	0.0	1	2	percent
490351020003	Race	Hispanic	0.2326	1	3	percent
490351020003	Race	Other or Mixed	0.0999	1	4	percent
490351020003	Race	White	0.6675	1	5	percent
490351023003	Population	Population	894	1	1	people
490351023003	Population	Median Age	47.5	1	2	people
490351023003	Age	<18	0.1096	1	1	percent
490351023003	Age	18-24	0.0302	1	2	percent
490351023003	Age	25-34	0.1029	1	3	percent
490351023003	Age	35-44	0.2438	1	4	percent
490351023003	Age	45-54	0.1577	1	5	percent
490351023003	Age	55-64	0.1723	1	6	percent
490351023003	Age	65+	0.1834	1	7	percent
490351023003	Economic	Median HH Income	40556.0	1	1	dollar
490351023003	Economic	Median Home Value	433000.0	1	2	dollar
490351023003	Education	No HS	0.0676	1	1	percent
490351023003	Education	HS	0.2172	1	2	percent
490351023003	Education	Some College/2 Year	0.4356	1	3	percent
490351023003	Education	Bachelor	0.212	1	4	percent
490351023003	Education	Higher Degree	0.0676	1	5	percent
490351023003	Income	0-29K	0.4634	1	1	percent
490351023003	Income	30-74K	0.2974	1	2	percent
490351023003	Income	75-99K	0.0431	1	3	percent
490351023003	Income	100-149K	0.1681	1	4	percent
490351023003	Income	150K+	0.028	1	5	percent
490351023003	Race	African American	0.0168	1	1	percent
490351023003	Race	Asian	0.0	1	2	percent
490351023003	Race	Hispanic	0.1152	1	3	percent
490351023003	Race	Other or Mixed	0.0336	1	4	percent
490351023003	Race	White	0.8345	1	5	percent
490351110012	Population	Population	1953	1	1	people
490351110012	Population	Median Age	39.9	1	2	people
490351110012	Age	<18	0.2386	1	1	percent
490351110012	Age	18-24	0.0645	1	2	percent
490351110012	Age	25-34	0.129	1	3	percent
490351110012	Age	35-44	0.1367	1	4	percent
490351110012	Age	45-54	0.0717	1	5	percent
490351110012	Age	55-64	0.1618	1	6	percent
490351110012	Age	65+	0.1976	1	7	percent
490351110012	Economic	Median HH Income	98611.0	1	1	dollar
490351110012	Economic	Median Home Value	894000.0	1	2	dollar
490351110012	Education	No HS	0.0228	1	1	percent
490351110012	Education	HS	0.1675	1	2	percent
490351110012	Education	Some College/2 Year	0.2924	1	3	percent
490351110012	Education	Bachelor	0.3578	1	4	percent
490351110012	Education	Higher Degree	0.1594	1	5	percent
490351110012	Income	0-29K	0.2484	1	1	percent
490351110012	Income	30-74K	0.2075	1	2	percent
490351110012	Income	75-99K	0.0519	1	3	percent
490351110012	Income	100-149K	0.1399	1	4	percent
490351110012	Income	150K+	0.3522	1	5	percent
490351110012	Race	African American	0.0553	1	1	percent
490351110012	Race	Asian	0.0046	1	2	percent
490351110012	Race	Hispanic	0.0445	1	3	percent
490351110012	Race	Other or Mixed	0.0548	1	4	percent
490351110012	Race	White	0.8408	1	5	percent
490351131022	Population	Population	1213	1	1	people
490351131022	Population	Median Age	43.8	1	2	people
490351131022	Age	<18	0.1558	1	1	percent
490351131022	Age	18-24	0.0783	1	2	percent
490351131022	Age	25-34	0.1113	1	3	percent
490351131022	Age	35-44	0.1649	1	4	percent
490351131022	Age	45-54	0.15	1	5	percent
490351131022	Age	55-64	0.127	1	6	percent
490351131022	Age	65+	0.2127	1	7	percent
490351131022	Economic	Median HH Income	117440.0	1	1	dollar
490351131022	Economic	Median Home Value	336100.0	1	2	dollar
490351131022	Education	No HS	0.0571	1	1	percent
490351131022	Education	HS	0.2325	1	2	percent
490351131022	Education	Some College/2 Year	0.4327	1	3	percent
490351131022	Education	Bachelor	0.2594	1	4	percent
490351131022	Education	Higher Degree	0.0183	1	5	percent
490351131022	Income	0-29K	0.0098	1	1	percent
490351131022	Income	30-74K	0.22	1	2	percent
490351131022	Income	75-99K	0.1858	1	3	percent
490351131022	Income	100-149K	0.4499	1	4	percent
490351131022	Income	150K+	0.1345	1	5	percent
490351131022	Race	African American	0.0066	1	1	percent
490351131022	Race	Asian	0.0099	1	2	percent
490351131022	Race	Hispanic	0.061	1	3	percent
490351131022	Race	Other or Mixed	0.0	1	4	percent
490351131022	Race	White	0.9225	1	5	percent
490351135263	Population	Population	1259	1	1	people
490351135263	Population	Median Age	32.2	1	2	people
490351135263	Age	<18	0.2716	1	1	percent
490351135263	Age	18-24	0.1128	1	2	percent
490351135263	Age	25-34	0.2145	1	3	percent
490351135263	Age	35-44	0.0921	1	4	percent
490351135263	Age	45-54	0.1414	1	5	percent
490351135263	Age	55-64	0.077	1	6	percent
490351135263	Age	65+	0.0905	1	7	percent
490351135263	Economic	Median HH Income	84750.0	1	1	dollar
490351135263	Economic	Median Home Value	229800.0	1	2	dollar
490351135263	Education	No HS	0.2284	1	1	percent
490351135263	Education	HS	0.4452	1	2	percent
490351135263	Education	Some College/2 Year	0.2606	1	3	percent
490351135263	Education	Bachelor	0.0658	1	4	percent
490351135263	Education	Higher Degree	0.0	1	5	percent
490351135263	Income	0-29K	0.0	1	1	percent
490351135263	Income	30-74K	0.4075	1	2	percent
490351135263	Income	75-99K	0.3208	1	3	percent
490351135263	Income	100-149K	0.2	1	4	percent
490351135263	Income	150K+	0.0717	1	5	percent
490351135263	Race	African American	0.0	1	1	percent
490351135263	Race	Asian	0.1311	1	2	percent
490351135263	Race	Hispanic	0.4416	1	3	percent
490351135263	Race	Other or Mixed	0.1255	1	4	percent
490351135263	Race	White	0.3018	1	5	percent
490351140002	Population	Population	704	2	1	people
490351140002	Population	Median Age	49.2	2	2	people
490351140002	Age	<18	0.0341	2	1	percent
490351140002	Age	18-24	0.0455	2	2	percent
490351140002	Age	25-34	0.2429	2	3	percent
490351140002	Age	35-44	0.1349	2	4	percent
490351140002	Age	45-54	0.1648	2	5	percent
490351140002	Age	55-64	0.1619	2	6	percent
490351140002	Age	65+	0.2159	2	7	percent
490351140002	Economic	Median HH Income	79886.0	2	1	dollar
490351140002	Economic	Median Home Value	442400.0	2	2	dollar
490351140002	Education	No HS	0.0123	2	1	percent
490351140002	Education	HS	0.0833	2	2	percent
490351140002	Education	Some College/2 Year	0.2531	2	3	percent
490351140002	Education	Bachelor	0.2886	2	4	percent
490351140002	Education	Higher Degree	0.3627	2	5	percent
490351140002	Income	0-29K	0.303	2	1	percent
490351140002	Income	30-74K	0.1595	2	2	percent
490351140002	Income	75-99K	0.1298	2	3	percent
490351140002	Income	100-149K	0.1367	2	4	percent
490351140002	Income	150K+	0.2711	2	5	percent
490351140002	Race	African American	0.0	2	1	percent
490351140002	Race	Asian	0.0568	2	2	percent
490351140002	Race	Hispanic	0.0156	2	3	percent
490351140002	Race	Other or Mixed	0.1151	2	4	percent
490351140002	Race	White	0.8125	2	5	percent
490490101323	Population	Population	1339	1	1	people
490490101323	Population	Median Age	23.6	1	2	people
490490101323	Age	<18	0.3988	1	1	percent
490490101323	Age	18-24	0.1255	1	2	percent
490490101323	Age	25-34	0.0545	1	3	percent
490490101323	Age	35-44	0.1143	1	4	percent
490490101323	Age	45-54	0.1807	1	5	percent
490490101323	Age	55-64	0.0403	1	6	percent
490490101323	Age	65+	0.0859	1	7	percent
490490101323	Economic	Median HH Income	132664.0	1	1	dollar
490490101323	Economic	Median Home Value	528500.0	1	2	dollar
490490101323	Education	No HS	0.0675	1	1	percent
490490101323	Education	HS	0.0612	1	2	percent
490490101323	Education	Some College/2 Year	0.5495	1	3	percent
490490101323	Education	Bachelor	0.2009	1	4	percent
490490101323	Education	Higher Degree	0.1209	1	5	percent
490490101323	Income	0-29K	0.0	1	1	percent
490490101323	Income	30-74K	0.105	1	2	percent
490490101323	Income	75-99K	0.0991	1	3	percent
490490101323	Income	100-149K	0.3994	1	4	percent
490490101323	Income	150K+	0.3965	1	5	percent
490490101323	Race	African American	0.0	1	1	percent
490490101323	Race	Asian	0.0	1	2	percent
490490101323	Race	Hispanic	0.1359	1	3	percent
490490101323	Race	Other or Mixed	7.0E-4	1	4	percent
490490101323	Race	White	0.8633	1	5	percent
490572105182	Population	Population	5743	1	1	people
490572105182	Population	Median Age	24.7	1	2	people
490572105182	Age	<18	0.3531	1	1	percent
490572105182	Age	18-24	0.1551	1	2	percent
490572105182	Age	25-34	0.1191	1	3	percent
490572105182	Age	35-44	0.1935	1	4	percent
490572105182	Age	45-54	0.106	1	5	percent
490572105182	Age	55-64	0.0317	1	6	percent
490572105182	Age	65+	0.0414	1	7	percent
490572105182	Economic	Median HH Income	69737.0	1	1	dollar
490572105182	Economic	Median Home Value	403400.0	1	2	dollar
490572105182	Education	No HS	0.0241	1	1	percent
490572105182	Education	HS	0.4132	1	2	percent
490572105182	Education	Some College/2 Year	0.2893	1	3	percent
490572105182	Education	Bachelor	0.2326	1	4	percent
490572105182	Education	Higher Degree	0.0407	1	5	percent
490572105182	Income	0-29K	0.0989	1	1	percent
490572105182	Income	30-74K	0.4022	1	2	percent
490572105182	Income	75-99K	0.153	1	3	percent
490572105182	Income	100-149K	0.1481	1	4	percent
490572105182	Income	150K+	0.1978	1	5	percent
490572105182	Race	African American	0.0195	1	1	percent
490572105182	Race	Asian	0.0259	1	2	percent
490572105182	Race	Hispanic	0.2359	1	3	percent
490572105182	Race	Other or Mixed	0.0677	1	4	percent
490572105182	Race	White	0.6509	1	5	percent
510594323003	Population	Population	1889	1	1	people
510594323003	Population	Median Age	52.5	1	2	people
510594323003	Age	<18	0.1599	1	1	percent
510594323003	Age	18-24	0.0492	1	2	percent
510594323003	Age	25-34	0.0408	1	3	percent
510594323003	Age	35-44	0.1583	1	4	percent
510594323003	Age	45-54	0.1149	1	5	percent
510594323003	Age	55-64	0.1488	1	6	percent
510594323003	Age	65+	0.3282	1	7	percent
510594323003	Economic	Median HH Income	188889.0	1	1	dollar
510594323003	Economic	Median Home Value	800600.0	1	2	dollar
510594323003	Education	No HS	0.0154	1	1	percent
510594323003	Education	HS	0.1372	1	2	percent
510594323003	Education	Some College/2 Year	0.0636	1	3	percent
510594323003	Education	Bachelor	0.2798	1	4	percent
510594323003	Education	Higher Degree	0.504	1	5	percent
510594323003	Income	0-29K	0.0621	1	1	percent
510594323003	Income	30-74K	0.0444	1	2	percent
510594323003	Income	75-99K	0.034	1	3	percent
510594323003	Income	100-149K	0.176	1	4	percent
510594323003	Income	150K+	0.6834	1	5	percent
510594323003	Race	African American	0.0826	1	1	percent
510594323003	Race	Asian	0.3049	1	2	percent
510594323003	Race	Hispanic	0.0191	1	3	percent
510594323003	Race	Other or Mixed	0.0778	1	4	percent
510594323003	Race	White	0.5156	1	5	percent
530079605022	Population	Population	1505	1	1	people
530079605022	Population	Median Age	31.4	1	2	people
530079605022	Age	<18	0.4199	1	1	percent
530079605022	Age	18-24	0.0332	1	2	percent
530079605022	Age	25-34	0.0764	1	3	percent
530079605022	Age	35-44	0.2365	1	4	percent
530079605022	Age	45-54	0.0392	1	5	percent
530079605022	Age	55-64	0.0126	1	6	percent
530079605022	Age	65+	0.1821	1	7	percent
530079605022	Economic	Median HH Income	54583.0	1	1	dollar
530079605022	Economic	Median Home Value	414700.0	1	2	dollar
530079605022	Education	No HS	0.1094	1	1	percent
530079605022	Education	HS	0.2783	1	2	percent
530079605022	Education	Some College/2 Year	0.2904	1	3	percent
530079605022	Education	Bachelor	0.2211	1	4	percent
530079605022	Education	Higher Degree	0.1009	1	5	percent
530079605022	Income	0-29K	0.2543	1	1	percent
530079605022	Income	30-74K	0.3753	1	2	percent
530079605022	Income	75-99K	0.0494	1	3	percent
530079605022	Income	100-149K	0.1926	1	4	percent
530079605022	Income	150K+	0.1284	1	5	percent
530079605022	Race	African American	0.0	1	1	percent
530079605022	Race	Asian	0.0458	1	2	percent
530079605022	Race	Hispanic	0.1262	1	3	percent
530079605022	Race	Other or Mixed	0.0	1	4	percent
530079605022	Race	White	0.8279	1	5	percent
530079608032	Population	Population	2343	1	1	people
530079608032	Population	Median Age	33.7	1	2	people
530079608032	Age	<18	0.2475	1	1	percent
530079608032	Age	18-24	0.0781	1	2	percent
530079608032	Age	25-34	0.2172	1	3	percent
530079608032	Age	35-44	0.1583	1	4	percent
530079608032	Age	45-54	0.0913	1	5	percent
530079608032	Age	55-64	0.0871	1	6	percent
530079608032	Age	65+	0.1204	1	7	percent
530079608032	Economic	Median HH Income	37905.0	1	1	dollar
530079608032	Economic	Median Home Value	261000.0	1	2	dollar
530079608032	Education	No HS	0.0892	1	1	percent
530079608032	Education	HS	0.2709	1	2	percent
530079608032	Education	Some College/2 Year	0.3443	1	3	percent
530079608032	Education	Bachelor	0.112	1	4	percent
530079608032	Education	Higher Degree	0.1835	1	5	percent
530079608032	Income	0-29K	0.4302	1	1	percent
530079608032	Income	30-74K	0.3298	1	2	percent
530079608032	Income	75-99K	0.1218	1	3	percent
530079608032	Income	100-149K	0.1076	1	4	percent
530079608032	Income	150K+	0.0107	1	5	percent
530079608032	Race	African American	0.0	1	1	percent
530079608032	Race	Asian	0.0312	1	2	percent
530079608032	Race	Hispanic	0.3739	1	3	percent
530079608032	Race	Other or Mixed	0.0713	1	4	percent
530079608032	Race	White	0.5237	1	5	percent
530330031005	Population	Population	1829	1	1	people
530330031005	Population	Median Age	37.8	1	2	people
530330031005	Age	<18	0.2493	1	1	percent
530330031005	Age	18-24	0.1279	1	2	percent
530330031005	Age	25-34	0.0831	1	3	percent
530330031005	Age	35-44	0.1569	1	4	percent
530330031005	Age	45-54	0.1176	1	5	percent
530330031005	Age	55-64	0.1372	1	6	percent
530330031005	Age	65+	0.1279	1	7	percent
530330031005	Economic	Median HH Income	124804.0	1	1	dollar
530330031005	Economic	Median Home Value	862300.0	1	2	dollar
530330031005	Education	No HS	0.0	1	1	percent
530330031005	Education	HS	0.0702	1	2	percent
530330031005	Education	Some College/2 Year	0.2011	1	3	percent
530330031005	Education	Bachelor	0.4513	1	4	percent
530330031005	Education	Higher Degree	0.2774	1	5	percent
530330031005	Income	0-29K	0.0631	1	1	percent
530330031005	Income	30-74K	0.1215	1	2	percent
530330031005	Income	75-99K	0.1215	1	3	percent
530330031005	Income	100-149K	0.2585	1	4	percent
530330031005	Income	150K+	0.4354	1	5	percent
530330031005	Race	African American	0.0126	1	1	percent
530330031005	Race	Asian	0.0334	1	2	percent
530330031005	Race	Hispanic	0.0098	1	3	percent
530330031005	Race	Other or Mixed	0.1022	1	4	percent
530330031005	Race	White	0.842	1	5	percent
530330081022	Population	Population	1295	1	1	people
530330081022	Population	Median Age	46.3	1	2	people
530330081022	Age	<18	0.0533	1	1	percent
530330081022	Age	18-24	0.0795	1	2	percent
530330081022	Age	25-34	0.1382	1	3	percent
530330081022	Age	35-44	0.1884	1	4	percent
530330081022	Age	45-54	0.166	1	5	percent
530330081022	Age	55-64	0.2903	1	6	percent
530330081022	Age	65+	0.0842	1	7	percent
530330081022	Economic	Median HH Income	-6.66666666E8	1	1	dollar
530330081022	Economic	Median Home Value	1089300.0	1	2	dollar
530330081022	Education	No HS	0.1523	1	1	percent
530330081022	Education	HS	0.2128	1	2	percent
530330081022	Education	Some College/2 Year	0.3402	1	3	percent
530330081022	Education	Bachelor	0.2066	1	4	percent
530330081022	Education	Higher Degree	0.0882	1	5	percent
530330081022	Income	0-29K	0.2883	1	1	percent
530330081022	Income	30-74K	0.1849	1	2	percent
530330081022	Income	75-99K	0.0	1	3	percent
530330081022	Income	100-149K	0.2266	1	4	percent
530330081022	Income	150K+	0.3002	1	5	percent
530330081022	Race	African American	0.1251	1	1	percent
530330081022	Race	Asian	0.0649	1	2	percent
530330081022	Race	Hispanic	0.0772	1	3	percent
530330081022	Race	Other or Mixed	0.1097	1	4	percent
530330081022	Race	White	0.6232	1	5	percent
530330116023	Population	Population	972	1	1	people
530330116023	Population	Median Age	51.0	1	2	people
530330116023	Age	<18	0.144	1	1	percent
530330116023	Age	18-24	0.071	1	2	percent
530330116023	Age	25-34	0.0782	1	3	percent
530330116023	Age	35-44	0.1399	1	4	percent
530330116023	Age	45-54	0.0844	1	5	percent
530330116023	Age	55-64	0.2119	1	6	percent
530330116023	Age	65+	0.2706	1	7	percent
530330116023	Economic	Median HH Income	125083.0	1	1	dollar
530330116023	Economic	Median Home Value	752300.0	1	2	dollar
530330116023	Education	No HS	0.0066	1	1	percent
530330116023	Education	HS	0.2071	1	2	percent
530330116023	Education	Some College/2 Year	0.1822	1	3	percent
530330116023	Education	Bachelor	0.5426	1	4	percent
530330116023	Education	Higher Degree	0.0616	1	5	percent
530330116023	Income	0-29K	0.0799	1	1	percent
530330116023	Income	30-74K	0.3218	1	2	percent
530330116023	Income	75-99K	0.0799	1	3	percent
530330116023	Income	100-149K	0.2462	1	4	percent
530330116023	Income	150K+	0.2721	1	5	percent
530330116023	Race	African American	0.0	1	1	percent
530330116023	Race	Asian	0.0	1	2	percent
530330116023	Race	Hispanic	0.0864	1	3	percent
530330116023	Race	Other or Mixed	0.0206	1	4	percent
530330116023	Race	White	0.893	1	5	percent
530330289025	Population	Population	1834	1	1	people
530330289025	Population	Median Age	38.7	1	2	people
530330289025	Age	<18	0.2541	1	1	percent
530330289025	Age	18-24	0.1276	1	2	percent
530330289025	Age	25-34	0.0632	1	3	percent
530330289025	Age	35-44	0.1483	1	4	percent
530330289025	Age	45-54	0.2246	1	5	percent
530330289025	Age	55-64	0.1161	1	6	percent
530330289025	Age	65+	0.066	1	7	percent
530330289025	Economic	Median HH Income	44688.0	1	1	dollar
530330289025	Economic	Median Home Value	393800.0	1	2	dollar
530330289025	Education	No HS	0.1243	1	1	percent
530330289025	Education	HS	0.575	1	2	percent
530330289025	Education	Some College/2 Year	0.2249	1	3	percent
530330289025	Education	Bachelor	0.0758	1	4	percent
530330289025	Education	Higher Degree	0.0	1	5	percent
530330289025	Income	0-29K	0.0755	1	1	percent
530330289025	Income	30-74K	0.7534	1	2	percent
530330289025	Income	75-99K	0.0	1	3	percent
530330289025	Income	100-149K	0.0336	1	4	percent
530330289025	Income	150K+	0.1376	1	5	percent
530330289025	Race	African American	0.1156	1	1	percent
530330289025	Race	Asian	0.0109	1	2	percent
530330289025	Race	Hispanic	0.3571	1	3	percent
530330289025	Race	Other or Mixed	0.2088	1	4	percent
530330289025	Race	White	0.3075	1	5	percent
530330299023	Population	Population	2200	1	1	people
530330299023	Population	Median Age	41.5	1	2	people
530330299023	Age	<18	0.2859	1	1	percent
530330299023	Age	18-24	0.0682	1	2	percent
530330299023	Age	25-34	0.0582	1	3	percent
530330299023	Age	35-44	0.1536	1	4	percent
530330299023	Age	45-54	0.1745	1	5	percent
530330299023	Age	55-64	0.1341	1	6	percent
530330299023	Age	65+	0.1255	1	7	percent
530330299023	Economic	Median HH Income	138674.0	1	1	dollar
530330299023	Economic	Median Home Value	528300.0	1	2	dollar
530330299023	Education	No HS	0.0443	1	1	percent
530330299023	Education	HS	0.2421	1	2	percent
530330299023	Education	Some College/2 Year	0.2716	1	3	percent
530330299023	Education	Bachelor	0.3617	1	4	percent
530330299023	Education	Higher Degree	0.0802	1	5	percent
530330299023	Income	0-29K	0.0147	1	1	percent
530330299023	Income	30-74K	0.2032	1	2	percent
530330299023	Income	75-99K	0.1473	1	3	percent
530330299023	Income	100-149K	0.1708	1	4	percent
530330299023	Income	150K+	0.4639	1	5	percent
530330299023	Race	African American	0.0141	1	1	percent
530330299023	Race	Asian	0.255	1	2	percent
530330299023	Race	Hispanic	0.0477	1	3	percent
530330299023	Race	Other or Mixed	0.1559	1	4	percent
530330299023	Race	White	0.5273	1	5	percent
530330323164	Population	Population	1219	1	1	people
530330323164	Population	Median Age	40.1	1	2	people
530330323164	Age	<18	0.3503	1	1	percent
530330323164	Age	18-24	0.0287	1	2	percent
530330323164	Age	25-34	0.0517	1	3	percent
530330323164	Age	35-44	0.1452	1	4	percent
530330323164	Age	45-54	0.242	1	5	percent
530330323164	Age	55-64	0.1231	1	6	percent
530330323164	Age	65+	0.0591	1	7	percent
530330323164	Economic	Median HH Income	224659.0	1	1	dollar
530330323164	Economic	Median Home Value	985300.0	1	2	dollar
530330323164	Education	No HS	0.0132	1	1	percent
530330323164	Education	HS	0.0159	1	2	percent
530330323164	Education	Some College/2 Year	0.0938	1	3	percent
530330323164	Education	Bachelor	0.4703	1	4	percent
530330323164	Education	Higher Degree	0.4069	1	5	percent
530330323164	Income	0-29K	0.0267	1	1	percent
530330323164	Income	30-74K	0.068	1	2	percent
530330323164	Income	75-99K	0.0364	1	3	percent
530330323164	Income	100-149K	0.0825	1	4	percent
530330323164	Income	150K+	0.7864	1	5	percent
530330323164	Race	African American	0.0	1	1	percent
530330323164	Race	Asian	0.2781	1	2	percent
530330323164	Race	Hispanic	0.082	1	3	percent
530330323164	Race	Other or Mixed	0.0623	1	4	percent
530330323164	Race	White	0.5775	1	5	percent
530330326053	Population	Population	885	1	1	people
530330326053	Population	Median Age	43.5	1	2	people
530330326053	Age	<18	0.3153	1	1	percent
530330326053	Age	18-24	0.096	1	2	percent
530330326053	Age	25-34	0.0305	1	3	percent
530330326053	Age	35-44	0.0633	1	4	percent
530330326053	Age	45-54	0.2983	1	5	percent
530330326053	Age	55-64	0.0339	1	6	percent
530330326053	Age	65+	0.1627	1	7	percent
530330326053	Economic	Median HH Income	138750.0	1	1	dollar
530330326053	Economic	Median Home Value	642200.0	1	2	dollar
530330326053	Education	No HS	0.0	1	1	percent
530330326053	Education	HS	0.1631	1	2	percent
530330326053	Education	Some College/2 Year	0.2898	1	3	percent
530330326053	Education	Bachelor	0.1209	1	4	percent
530330326053	Education	Higher Degree	0.4261	1	5	percent
530330326053	Income	0-29K	0.0606	1	1	percent
530330326053	Income	30-74K	0.1136	1	2	percent
530330326053	Income	75-99K	0.0985	1	3	percent
530330326053	Income	100-149K	0.3561	1	4	percent
530330326053	Income	150K+	0.3712	1	5	percent
530330326053	Race	African American	0.096	1	1	percent
530330326053	Race	Asian	0.0994	1	2	percent
530330326053	Race	Hispanic	0.0791	1	3	percent
530330326053	Race	Other or Mixed	0.0814	1	4	percent
530330326053	Race	White	0.6441	1	5	percent
530350902022	Population	Population	1151	1	1	people
530350902022	Population	Median Age	50.9	1	2	people
530350902022	Age	<18	0.1964	1	1	percent
530350902022	Age	18-24	0.066	1	2	percent
530350902022	Age	25-34	0.0678	1	3	percent
530350902022	Age	35-44	0.106	1	4	percent
530350902022	Age	45-54	0.1321	1	5	percent
530350902022	Age	55-64	0.2172	1	6	percent
530350902022	Age	65+	0.2146	1	7	percent
530350902022	Economic	Median HH Income	73148.0	1	1	dollar
530350902022	Economic	Median Home Value	427100.0	1	2	dollar
530350902022	Education	No HS	0.0153	1	1	percent
530350902022	Education	HS	0.364	1	2	percent
530350902022	Education	Some College/2 Year	0.371	1	3	percent
530350902022	Education	Bachelor	0.1343	1	4	percent
530350902022	Education	Higher Degree	0.1154	1	5	percent
530350902022	Income	0-29K	0.1763	1	1	percent
530350902022	Income	30-74K	0.372	1	2	percent
530350902022	Income	75-99K	0.0556	1	3	percent
530350902022	Income	100-149K	0.1353	1	4	percent
530350902022	Income	150K+	0.2609	1	5	percent
530350902022	Race	African American	0.0	1	1	percent
530350902022	Race	Asian	0.0	1	2	percent
530350902022	Race	Hispanic	0.046	1	3	percent
530350902022	Race	Other or Mixed	0.199	1	4	percent
530350902022	Race	White	0.755	1	5	percent
530350920003	Population	Population	1418	1	1	people
530350920003	Population	Median Age	30.9	1	2	people
530350920003	Age	<18	0.2927	1	1	percent
530350920003	Age	18-24	0.0205	1	2	percent
530350920003	Age	25-34	0.3068	1	3	percent
530350920003	Age	35-44	0.0846	1	4	percent
530350920003	Age	45-54	0.0903	1	5	percent
530350920003	Age	55-64	0.1368	1	6	percent
530350920003	Age	65+	0.0684	1	7	percent
530350920003	Economic	Median HH Income	117054.0	1	1	dollar
530350920003	Economic	Median Home Value	373300.0	1	2	dollar
530350920003	Education	No HS	0.1088	1	1	percent
530350920003	Education	HS	0.2988	1	2	percent
530350920003	Education	Some College/2 Year	0.2187	1	3	percent
530350920003	Education	Bachelor	0.2023	1	4	percent
530350920003	Education	Higher Degree	0.1715	1	5	percent
530350920003	Income	0-29K	0.0343	1	1	percent
530350920003	Income	30-74K	0.103	1	2	percent
530350920003	Income	75-99K	0.2828	1	3	percent
530350920003	Income	100-149K	0.4	1	4	percent
530350920003	Income	150K+	0.1798	1	5	percent
530350920003	Race	African American	0.0	1	1	percent
530350920003	Race	Asian	0.0	1	2	percent
530350920003	Race	Hispanic	0.0	1	3	percent
530350920003	Race	Other or Mixed	0.0684	1	4	percent
530350920003	Race	White	0.9316	1	5	percent
530479710003	Population	Population	1062	1	1	people
530479710003	Population	Median Age	53.7	1	2	people
530479710003	Age	<18	0.178	1	1	percent
530479710003	Age	18-24	0.0593	1	2	percent
530479710003	Age	25-34	0.0895	1	3	percent
530479710003	Age	35-44	0.1083	1	4	percent
530479710003	Age	45-54	0.0904	1	5	percent
530479710003	Age	55-64	0.1648	1	6	percent
530479710003	Age	65+	0.3098	1	7	percent
530479710003	Economic	Median HH Income	51193.0	1	1	dollar
530479710003	Economic	Median Home Value	221300.0	1	2	dollar
530479710003	Education	No HS	0.0247	1	1	percent
530479710003	Education	HS	0.3296	1	2	percent
530479710003	Education	Some College/2 Year	0.3358	1	3	percent
530479710003	Education	Bachelor	0.2358	1	4	percent
530479710003	Education	Higher Degree	0.0741	1	5	percent
530479710003	Income	0-29K	0.2515	1	1	percent
530479710003	Income	30-74K	0.4178	1	2	percent
530479710003	Income	75-99K	0.1188	1	3	percent
530479710003	Income	100-149K	0.1644	1	4	percent
530479710003	Income	150K+	0.0475	1	5	percent
530479710003	Race	African American	0.0	1	1	percent
530479710003	Race	Asian	0.0264	1	2	percent
530479710003	Race	Hispanic	0.21	1	3	percent
530479710003	Race	Other or Mixed	0.0028	1	4	percent
530479710003	Race	White	0.7608	1	5	percent
530530606001	Population	Population	2014	1	1	people
530530606001	Population	Median Age	34.7	1	2	people
530530606001	Age	<18	0.2875	1	1	percent
530530606001	Age	18-24	0.0338	1	2	percent
530530606001	Age	25-34	0.1832	1	3	percent
530530606001	Age	35-44	0.1137	1	4	percent
530530606001	Age	45-54	0.1668	1	5	percent
530530606001	Age	55-64	0.0755	1	6	percent
530530606001	Age	65+	0.1395	1	7	percent
530530606001	Economic	Median HH Income	138936.0	1	1	dollar
530530606001	Economic	Median Home Value	806000.0	1	2	dollar
530530606001	Education	No HS	0.0	1	1	percent
530530606001	Education	HS	0.1222	1	2	percent
530530606001	Education	Some College/2 Year	0.2546	1	3	percent
530530606001	Education	Bachelor	0.3409	1	4	percent
530530606001	Education	Higher Degree	0.2824	1	5	percent
530530606001	Income	0-29K	0.0984	1	1	percent
530530606001	Income	30-74K	0.0771	1	2	percent
530530606001	Income	75-99K	0.1582	1	3	percent
530530606001	Income	100-149K	0.3364	1	4	percent
530530606001	Income	150K+	0.3298	1	5	percent
530530606001	Race	African American	0.0	1	1	percent
530530606001	Race	Asian	0.0402	1	2	percent
530530606001	Race	Hispanic	0.0015	1	3	percent
530530606001	Race	Other or Mixed	0.1619	1	4	percent
530530606001	Race	White	0.7964	1	5	percent
530630025022	Population	Population	787	1	1	people
530630025022	Population	Median Age	22.9	1	2	people
530630025022	Age	<18	0.0343	1	1	percent
530630025022	Age	18-24	0.4981	1	2	percent
530630025022	Age	25-34	0.1207	1	3	percent
530630025022	Age	35-44	0.0254	1	4	percent
530630025022	Age	45-54	0.0178	1	5	percent
530630025022	Age	55-64	0.1169	1	6	percent
530630025022	Age	65+	0.1868	1	7	percent
530630025022	Economic	Median HH Income	-6.66666666E8	1	1	dollar
530630025022	Economic	Median Home Value	-6.66666666E8	1	2	dollar
530630025022	Education	No HS	0.0272	1	1	percent
530630025022	Education	HS	0.4266	1	2	percent
530630025022	Education	Some College/2 Year	0.2609	1	3	percent
530630025022	Education	Bachelor	0.2853	1	4	percent
530630025022	Education	Higher Degree	0.0	1	5	percent
530630025022	Income	0-29K	0.5707	1	1	percent
530630025022	Income	30-74K	0.4293	1	2	percent
530630025022	Income	75-99K	0.0	1	3	percent
530630025022	Income	100-149K	0.0	1	4	percent
530630025022	Income	150K+	0.0	1	5	percent
530630025022	Race	African American	0.0025	1	1	percent
530630025022	Race	Asian	0.0318	1	2	percent
530630025022	Race	Hispanic	0.0394	1	3	percent
530630025022	Race	Other or Mixed	0.0	1	4	percent
530630025022	Race	White	0.9263	1	5	percent
530630025031	Population	Population	3259	1	1	people
530630025031	Population	Median Age	19.8	1	2	people
530630025031	Age	<18	0.0061	1	1	percent
530630025031	Age	18-24	0.9273	1	2	percent
530630025031	Age	25-34	0.0132	1	3	percent
530630025031	Age	35-44	0.0055	1	4	percent
530630025031	Age	45-54	0.0175	1	5	percent
530630025031	Age	55-64	0.0304	1	6	percent
530630025031	Age	65+	0.0	1	7	percent
530630025031	Economic	Median HH Income	-6.66666666E8	1	1	dollar
530630025031	Economic	Median Home Value	-6.66666666E8	1	2	dollar
530630025031	Education	No HS	0.447	1	1	percent
530630025031	Education	HS	0.129	1	2	percent
530630025031	Education	Some College/2 Year	0.1889	1	3	percent
530630025031	Education	Bachelor	0.0	1	4	percent
530630025031	Education	Higher Degree	0.235	1	5	percent
530630025031	Income	0-29K	0.4636	1	1	percent
530630025031	Income	30-74K	0.1773	1	2	percent
530630025031	Income	75-99K	0.0	1	3	percent
530630025031	Income	100-149K	0.0	1	4	percent
530630025031	Income	150K+	0.3591	1	5	percent
530630025031	Race	African American	0.0071	1	1	percent
530630025031	Race	Asian	0.0801	1	2	percent
530630025031	Race	Hispanic	0.0942	1	3	percent
530630025031	Race	Other or Mixed	0.0755	1	4	percent
530630025031	Race	White	0.7432	1	5	percent
530630048003	Population	Population	684	1	1	people
530630048003	Population	Median Age	36.5	1	2	people
530630048003	Age	<18	0.212	1	1	percent
530630048003	Age	18-24	0.0658	1	2	percent
530630048003	Age	25-34	0.2135	1	3	percent
530630048003	Age	35-44	0.155	1	4	percent
530630048003	Age	45-54	0.0161	1	5	percent
530630048003	Age	55-64	0.1594	1	6	percent
530630048003	Age	65+	0.1784	1	7	percent
530630048003	Economic	Median HH Income	60156.0	1	1	dollar
530630048003	Economic	Median Home Value	316400.0	1	2	dollar
530630048003	Education	No HS	0.0	1	1	percent
530630048003	Education	HS	0.1437	1	2	percent
530630048003	Education	Some College/2 Year	0.3158	1	3	percent
530630048003	Education	Bachelor	0.2004	1	4	percent
530630048003	Education	Higher Degree	0.3401	1	5	percent
530630048003	Income	0-29K	0.1438	1	1	percent
530630048003	Income	30-74K	0.5281	1	2	percent
530630048003	Income	75-99K	0.0188	1	3	percent
530630048003	Income	100-149K	0.1281	1	4	percent
530630048003	Income	150K+	0.1813	1	5	percent
530630048003	Race	African American	0.0	1	1	percent
530630048003	Race	Asian	0.0512	1	2	percent
530630048003	Race	Hispanic	0.0409	1	3	percent
530630048003	Race	Other or Mixed	0.0439	1	4	percent
530630048003	Race	White	0.864	1	5	percent
530630117024	Population	Population	1477	1	1	people
530630117024	Population	Median Age	26.5	1	2	people
530630117024	Age	<18	0.262	1	1	percent
530630117024	Age	18-24	0.1571	1	2	percent
530630117024	Age	25-34	0.346	1	3	percent
530630117024	Age	35-44	0.0305	1	4	percent
530630117024	Age	45-54	0.0995	1	5	percent
530630117024	Age	55-64	0.0596	1	6	percent
530630117024	Age	65+	0.0454	1	7	percent
530630117024	Economic	Median HH Income	67188.0	1	1	dollar
530630117024	Economic	Median Home Value	-6.66666666E8	1	2	dollar
530630117024	Education	No HS	0.0921	1	1	percent
530630117024	Education	HS	0.2611	1	2	percent
530630117024	Education	Some College/2 Year	0.31	1	3	percent
530630117024	Education	Bachelor	0.2751	1	4	percent
530630117024	Education	Higher Degree	0.0618	1	5	percent
530630117024	Income	0-29K	0.1243	1	1	percent
530630117024	Income	30-74K	0.3846	1	2	percent
530630117024	Income	75-99K	0.1558	1	3	percent
530630117024	Income	100-149K	0.3037	1	4	percent
530630117024	Income	150K+	0.0316	1	5	percent
530630117024	Race	African American	0.0257	1	1	percent
530630117024	Race	Asian	0.0	1	2	percent
530630117024	Race	Hispanic	0.3473	1	3	percent
530630117024	Race	Other or Mixed	0.0366	1	4	percent
530630117024	Race	White	0.5904	1	5	percent
530630132051	Population	Population	1215	1	1	people
530630132051	Population	Median Age	45.8	1	2	people
530630132051	Age	<18	0.2947	1	1	percent
530630132051	Age	18-24	0.0609	1	2	percent
530630132051	Age	25-34	0.0444	1	3	percent
530630132051	Age	35-44	0.0428	1	4	percent
530630132051	Age	45-54	0.2683	1	5	percent
530630132051	Age	55-64	0.1473	1	6	percent
530630132051	Age	65+	0.1416	1	7	percent
530630132051	Economic	Median HH Income	89050.0	1	1	dollar
530630132051	Economic	Median Home Value	366300.0	1	2	dollar
530630132051	Education	No HS	0.0	1	1	percent
530630132051	Education	HS	0.2963	1	2	percent
530630132051	Education	Some College/2 Year	0.3321	1	3	percent
530630132051	Education	Bachelor	0.1941	1	4	percent
530630132051	Education	Higher Degree	0.1775	1	5	percent
530630132051	Income	0-29K	0.1979	1	1	percent
530630132051	Income	30-74K	0.1729	1	2	percent
530630132051	Income	75-99K	0.2083	1	3	percent
530630132051	Income	100-149K	0.0396	1	4	percent
530630132051	Income	150K+	0.3813	1	5	percent
530630132051	Race	African American	0.0	1	1	percent
530630132051	Race	Asian	0.0	1	2	percent
530630132051	Race	Hispanic	0.0255	1	3	percent
530630132051	Race	Other or Mixed	0.0453	1	4	percent
530630132051	Race	White	0.9292	1	5	percent
530630137001	Population	Population	1232	1	1	people
530630137001	Population	Median Age	30.9	1	2	people
530630137001	Age	<18	0.0804	1	1	percent
530630137001	Age	18-24	0.2143	1	2	percent
530630137001	Age	25-34	0.3369	1	3	percent
530630137001	Age	35-44	0.1031	1	4	percent
530630137001	Age	45-54	0.0698	1	5	percent
530630137001	Age	55-64	0.1218	1	6	percent
530630137001	Age	65+	0.0739	1	7	percent
530630137001	Economic	Median HH Income	59750.0	1	1	dollar
530630137001	Economic	Median Home Value	-6.66666666E8	1	2	dollar
530630137001	Education	No HS	0.099	1	1	percent
530630137001	Education	HS	0.2301	1	2	percent
530630137001	Education	Some College/2 Year	0.4097	1	3	percent
530630137001	Education	Bachelor	0.1369	1	4	percent
530630137001	Education	Higher Degree	0.1243	1	5	percent
530630137001	Income	0-29K	0.1327	1	1	percent
530630137001	Income	30-74K	0.5796	1	2	percent
530630137001	Income	75-99K	0.2204	1	3	percent
530630137001	Income	100-149K	0.0224	1	4	percent
530630137001	Income	150K+	0.0449	1	5	percent
530630137001	Race	African American	0.0763	1	1	percent
530630137001	Race	Asian	0.0341	1	2	percent
530630137001	Race	Hispanic	0.0852	1	3	percent
530630137001	Race	Other or Mixed	0.151	1	4	percent
530630137001	Race	White	0.6534	1	5	percent
530659508002	Population	Population	1766	1	1	people
530659508002	Population	Median Age	61.7	1	2	people
530659508002	Age	<18	0.0991	1	1	percent
530659508002	Age	18-24	0.0323	1	2	percent
530659508002	Age	25-34	0.0374	1	3	percent
530659508002	Age	35-44	0.0249	1	4	percent
530659508002	Age	45-54	0.0889	1	5	percent
530659508002	Age	55-64	0.3488	1	6	percent
530659508002	Age	65+	0.3686	1	7	percent
530659508002	Economic	Median HH Income	76563.0	1	1	dollar
530659508002	Economic	Median Home Value	300200.0	1	2	dollar
530659508002	Education	No HS	0.0189	1	1	percent
530659508002	Education	HS	0.2516	1	2	percent
530659508002	Education	Some College/2 Year	0.4681	1	3	percent
530659508002	Education	Bachelor	0.1219	1	4	percent
530659508002	Education	Higher Degree	0.1395	1	5	percent
530659508002	Income	0-29K	0.2034	1	1	percent
530659508002	Income	30-74K	0.2782	1	2	percent
530659508002	Income	75-99K	0.1299	1	3	percent
530659508002	Income	100-149K	0.1703	1	4	percent
530659508002	Income	150K+	0.2181	1	5	percent
530659508002	Race	African American	0.0	1	1	percent
530659508002	Race	Asian	0.0	1	2	percent
530659508002	Race	Hispanic	0.0	1	3	percent
530659508002	Race	Other or Mixed	0.0328	1	4	percent
530659508002	Race	White	0.9672	1	5	percent
550090207041	Population	Population	2257	1	1	people
550090207041	Population	Median Age	34.8	1	2	people
550090207041	Age	<18	0.2769	1	1	percent
550090207041	Age	18-24	0.0935	1	2	percent
550090207041	Age	25-34	0.1365	1	3	percent
550090207041	Age	35-44	0.086	1	4	percent
550090207041	Age	45-54	0.1661	1	5	percent
550090207041	Age	55-64	0.0913	1	6	percent
550090207041	Age	65+	0.1498	1	7	percent
550090207041	Economic	Median HH Income	90370.0	1	1	dollar
550090207041	Economic	Median Home Value	202400.0	1	2	dollar
550090207041	Education	No HS	0.0647	1	1	percent
550090207041	Education	HS	0.3702	1	2	percent
550090207041	Education	Some College/2 Year	0.3631	1	3	percent
550090207041	Education	Bachelor	0.19	1	4	percent
550090207041	Education	Higher Degree	0.012	1	5	percent
550090207041	Income	0-29K	0.0345	1	1	percent
550090207041	Income	30-74K	0.2771	1	2	percent
550090207041	Income	75-99K	0.4384	1	3	percent
550090207041	Income	100-149K	0.202	1	4	percent
550090207041	Income	150K+	0.048	1	5	percent
550090207041	Race	African American	0.0018	1	1	percent
550090207041	Race	Asian	0.0	1	2	percent
550090207041	Race	Hispanic	0.4058	1	3	percent
550090207041	Race	Other or Mixed	0.0115	1	4	percent
550090207041	Race	White	0.5809	1	5	percent
550699605002	Population	Population	801	1	1	people
550699605002	Population	Median Age	53.4	1	2	people
550699605002	Age	<18	0.1461	1	1	percent
550699605002	Age	18-24	0.0424	1	2	percent
550699605002	Age	25-34	0.0961	1	3	percent
550699605002	Age	35-44	0.0836	1	4	percent
550699605002	Age	45-54	0.1685	1	5	percent
550699605002	Age	55-64	0.1898	1	6	percent
550699605002	Age	65+	0.2734	1	7	percent
550699605002	Economic	Median HH Income	61400.0	1	1	dollar
550699605002	Economic	Median Home Value	165900.0	1	2	dollar
550699605002	Education	No HS	0.0523	1	1	percent
550699605002	Education	HS	0.4046	1	2	percent
550699605002	Education	Some College/2 Year	0.3692	1	3	percent
550699605002	Education	Bachelor	0.1092	1	4	percent
550699605002	Education	Higher Degree	0.0646	1	5	percent
550699605002	Income	0-29K	0.2583	1	1	percent
550699605002	Income	30-74K	0.4028	1	2	percent
550699605002	Income	75-99K	0.1167	1	3	percent
550699605002	Income	100-149K	0.1556	1	4	percent
550699605002	Income	150K+	0.0667	1	5	percent
550699605002	Race	African American	0.0	1	1	percent
550699605002	Race	Asian	0.0025	1	2	percent
550699605002	Race	Hispanic	0.01	1	3	percent
550699605002	Race	Other or Mixed	0.005	1	4	percent
550699605002	Race	White	0.9825	1	5	percent
550939602003	Population	Population	1736	1	1	people
550939602003	Population	Median Age	44.5	1	2	people
550939602003	Age	<18	0.2546	1	1	percent
550939602003	Age	18-24	0.0484	1	2	percent
550939602003	Age	25-34	0.0893	1	3	percent
550939602003	Age	35-44	0.1146	1	4	percent
550939602003	Age	45-54	0.1146	1	5	percent
550939602003	Age	55-64	0.2022	1	6	percent
550939602003	Age	65+	0.1763	1	7	percent
550939602003	Economic	Median HH Income	82452.0	1	1	dollar
550939602003	Economic	Median Home Value	260000.0	1	2	dollar
550939602003	Education	No HS	0.0397	1	1	percent
550939602003	Education	HS	0.3479	1	2	percent
550939602003	Education	Some College/2 Year	0.3479	1	3	percent
550939602003	Education	Bachelor	0.1702	1	4	percent
550939602003	Education	Higher Degree	0.0942	1	5	percent
550939602003	Income	0-29K	0.1616	1	1	percent
550939602003	Income	30-74K	0.2838	1	2	percent
550939602003	Income	75-99K	0.179	1	3	percent
550939602003	Income	100-149K	0.2329	1	4	percent
550939602003	Income	150K+	0.1426	1	5	percent
550939602003	Race	African American	0.0	1	1	percent
550939602003	Race	Asian	6.0E-4	1	2	percent
550939602003	Race	Hispanic	0.0092	1	3	percent
550939602003	Race	Other or Mixed	0.0248	1	4	percent
550939602003	Race	White	0.9654	1	5	percent
560210019012	Population	Population	2701	1	1	people
560210019012	Population	Median Age	41.1	1	2	people
560210019012	Age	<18	0.2603	1	1	percent
560210019012	Age	18-24	0.0596	1	2	percent
560210019012	Age	25-34	0.0926	1	3	percent
560210019012	Age	35-44	0.1355	1	4	percent
560210019012	Age	45-54	0.1451	1	5	percent
560210019012	Age	55-64	0.1307	1	6	percent
560210019012	Age	65+	0.1762	1	7	percent
560210019012	Economic	Median HH Income	102510.0	1	1	dollar
560210019012	Economic	Median Home Value	405100.0	1	2	dollar
560210019012	Education	No HS	0.0746	1	1	percent
560210019012	Education	HS	0.2373	1	2	percent
560210019012	Education	Some College/2 Year	0.4105	1	3	percent
560210019012	Education	Bachelor	0.1884	1	4	percent
560210019012	Education	Higher Degree	0.0893	1	5	percent
560210019012	Income	0-29K	0.1295	1	1	percent
560210019012	Income	30-74K	0.2093	1	2	percent
560210019012	Income	75-99K	0.1451	1	3	percent
560210019012	Income	100-149K	0.3699	1	4	percent
560210019012	Income	150K+	0.1461	1	5	percent
560210019012	Race	African American	0.0441	1	1	percent
560210019012	Race	Asian	0.0104	1	2	percent
560210019012	Race	Hispanic	0.1392	1	3	percent
560210019012	Race	Other or Mixed	0.0085	1	4	percent
560210019012	Race	White	0.7979	1	5	percent
