Hashed Ubermedia Id	Polygon Name	Visit Timestamp	Common Evening Lat	Common Evening Long	Common Evening Country	Common Evening State	Common Evening Postal	Common Evening Census	Common Evening Metro	Date	Time	Day of Week
b4bcb8357ef078331d857c41835b685086579c5d	McCormick Park	1748723430	34.019665	-118.323924	USA	CA	90018	060372190203	Los Angeles, CA	2025-05-31	20:30:30	Sat
b66d55032c11789dd62cb7d9995da0c03ba0259a	McCormick Park	1742923621	46.827587	-114.066289	USA	MT	59804	300630009022	Missoula, MT	2025-03-25	17:27:01	Tue
a72938fcdab83167b3e8673a7083491c7597bec0	McCormick Park	1743280539	48.211183	-114.071519	USA	MT	59901	300290006021	Missoula, MT	2025-03-29	20:35:39	Sat
67f3a688dc821d13f2d1d7eeaf5cd31967c33794	McCormick Park	1749491738	47.033750	-114.335747	USA	MT	59846	300630016022	Missoula, MT	2025-06-09	17:55:38	Mon
00cf30fd7e5ba2a7096ea8f1c0cb42b9a69ce914	McCormick Park	1742870615	47.672205	-114.071772	USA	MT	59860	300479403051	Missoula, MT	2025-03-25	02:43:35	Tue
b3a707ffe8a339a102846f7a145b296a4bc305ff	McCormick Park	1748127414	46.869738	-114.003528	USA	MT	59801	300630007001	Missoula, MT	2025-05-24	22:56:54	Sat
e10d45a2f2a6e000a9885f3e47e5a1bc2dc417ac	McCormick Park	1744898937	46.872373	-114.013676	USA	MT	59801	300630007001	Missoula, MT	2025-04-17	14:08:57	Thu
65fecc6352dde4f803ee42eca4032bdd5355db67	McCormick Park	1749507590	47.152272	-114.061223	USA	MT	59821	300479407002	Missoula, MT	2025-06-09	22:19:50	Mon
071551b96c0452f37f778640fd3fd066591a1879	McCormick Park	1748271314	46.856572	-113.994425	USA	MT	59801	300630005011	Missoula, MT	2025-05-26	14:55:14	Mon
e2d2fda50fce66b345a04cd34879d66073debf4e	McCormick Park	1745784758	46.833312	-114.034444	USA	MT	59803	300630013032	Missoula, MT	2025-04-27	20:12:38	Sun
fe6822b1f1dfe71f79a7a27d06184c42307467a0	McCormick Park	1748291908	46.874669	-114.023518	USA	MT	59801	300630008013	Missoula, MT	2025-05-26	20:38:28	Mon
1cb95bbeb49d80090563e3267eb044146123ba5f	McCormick Park	1746772071								2025-05-09	06:27:51	Fri
05ebbbf5f79fd77b394a9cc1f2658938d6d45f4f	McCormick Park	1749072735	47.002965	-114.180030	USA	MT	59808	300630016012	Missoula, MT	2025-06-04	21:32:15	Wed
2f62becbc4d21d2f10074ca34952ea02b64408ac	McCormick Park	1744277272	41.109064	-102.950627	USA	NE	69162	310339548001	Denver, CO	2025-04-10	09:27:52	Thu
a3bc730f3ad38444ed588e079013d6e843cc0ba2	McCormick Park	1749519219	46.664050	-114.063137	USA	MT	59833	300630015023	Missoula, MT	2025-06-10	01:33:39	Tue
b62c50cab96a3abcc3767d08669c74c69ac1c892	McCormick Park	1747857575	46.765058	-114.073657	USA	MT	59847	300630015011	Missoula, MT	2025-05-21	19:59:35	Wed
7f65b2b69bdf7297a62187dfba792fc2ea6fdff7	McCormick Park	1748479322	46.886500	-114.000891	USA	MT	59802	300630002041	Missoula, MT	2025-05-29	00:42:02	Thu
c76735461e5b73baaeb6e4a7e23e85e683cfaf4a	McCormick Park	1748916229	47.474057	-111.328156	USA	MT	59404	300130023011	Great Falls, MT	2025-06-03	02:03:49	Tue
8ac296227d191871fc98c100a25c809f4a633d3c	McCormick Park	1748980543	48.197210	-114.332873	USA	MT	59901	300290009011	Missoula, MT	2025-06-03	19:55:43	Tue
488b9d54f65679a1aa0a6ca29b402f3c4cd9e3e7	McCormick Park	1749735982	45.982039	-112.577595	USA	MT	59701	300930008003	Butte-Bozeman, MT	2025-06-12	13:46:22	Thu
35935ac433d7375e81d5b0e7aa6517c25caeab27	McCormick Park	1744071531	46.854736	-113.504260	USA	MT	59823	300630018022	Missoula, MT	2025-04-08	00:18:51	Tue
e49dba7285fc222b81ffc8df4d6e65b08a53d7bb	McCormick Park	1745862817	33.602586	-111.759412	USA	AZ	85268	040132168191	Phoenix, AZ	2025-04-28	17:53:37	Mon
e7157ea51bc307078d0866b2bc5a75c7bd503a3b	McCormick Park	1746225254	46.906629	-114.040207	USA	MT	59808	300630002061	Missoula, MT	2025-05-02	22:34:14	Fri
62790c2079e2516754b3f257df04026c9061e2b3	McCormick Park	1748840036	46.823021	-114.041125	USA	MT	59803	300630013043	Missoula, MT	2025-06-02	04:53:56	Mon
170c74eb5bae75ced462b06bdc1b397ebe749d61	McCormick Park	1746586180	46.812379	-114.033208	USA	MT	59803	300630013025	Missoula, MT	2025-05-07	02:49:40	Wed
7ebaf35bd271dcee3775573d2c83ab3e7c883c69	McCormick Park	1744132268	46.875987	-113.995486	USA	MT	59802	300630003002	Missoula, MT	2025-04-08	17:11:08	Tue
4b55cdbc7c3b456662f6ff315813ce704ee73f8d	McCormick Park	1742216124	46.835698	-114.004865	USA	MT	59803	300630013021	Missoula, MT	2025-03-17	12:55:24	Mon
d6d65e3c536ddb57e5a79573bbb124c222a98d20	McCormick Park	1748467226	46.861518	-113.982924	USA	MT	59801	300630005022	Missoula, MT	2025-05-28	21:20:26	Wed
a0e1ad414c7beeb7675bd429c89d26348effaacf	McCormick Park	1746141184	46.630871	-114.007057	USA	MT	59833	300810002031	Missoula, MT	2025-05-01	23:13:04	Thu
0110d05cb392b394e98915d9acd33534120dcbc8	McCormick Park	1748400413	46.870670	-113.991738	USA	MT	59802	300630003001	Missoula, MT	2025-05-28	02:46:53	Wed
6d7e27af68eaf45c8661d716de729e58e4d9ba35	McCormick Park	1749756670	48.503512	-110.964294	USA	MT	59522	300510501002	Great Falls, MT	2025-06-12	19:31:10	Thu
7f09447bb2023053e8d7d7bb6067b6010c66088c	McCormick Park	1746930929	46.854546	-113.997966	USA	MT	59801	300630012001	Missoula, MT	2025-05-11	02:35:29	Sun
56866973cbd9909529b120d1abbdf85dd693e308	McCormick Park	1749844888	46.943487	-114.012785	USA	MT	59808	300630014011	Missoula, MT	2025-06-13	20:01:28	Fri
596ecb519712b491cd61b9de4baf6a3d8991cd65	McCormick Park	1743018951	46.895360	-113.958830	USA	MT	59802	300630001005	Missoula, MT	2025-03-26	19:55:51	Wed
7ac4324322ddad2a9c4b08af9af03327322feccd	McCormick Park	1744664070	46.864133	-114.006195	USA	MT	59801	300630007002	Missoula, MT	2025-04-14	20:54:30	Mon
a73d4b3fefba4faeb3e47de3c6311155f06c4c65	McCormick Park	1745886231	46.878362	-114.121860	USA	MT	59808	300630002062	Missoula, MT	2025-04-29	00:23:51	Tue
64769a4c01f8feecb86a4ac9e6e84b45107bd017	McCormick Park	1749226128	44.470081	-87.970030	USA	WI	54311	550090207041	Green Bay-Appleton, WI	2025-06-06	16:08:48	Fri
ef60c80087765627d94b04db5ce677e7fbe54fb5	McCormick Park	1745938941	47.042418	-114.090850	USA	MT	59808	300630018012	Missoula, MT	2025-04-29	15:02:21	Tue
75e73c25a3a544d807c336dd642dadc011808109	McCormick Park	1748916842	46.862091	-114.072000	USA	MT	59804	300630009013	Missoula, MT	2025-06-03	02:14:02	Tue
b8be0d24d9dc8a7abee09fadd8bfc044c55db79a	McCormick Park	1748741217	39.923305	-105.049973	USA	CO	80020	080140308003		2025-06-01	01:26:57	Sun
1d2addf928cd43e37f12e00b1ff34e9a430d4619	McCormick Park	1746388133	46.590235	-112.001627	USA	MT	59601	300490011021	Helena, MT	2025-05-04	19:48:53	Sun
387518d01993b60ab76a2d6b05114ed80c315cbd	McCormick Park	1749761313	45.233873	-112.640641	USA	MT	59725	300010002004	Butte-Bozeman, MT	2025-06-12	20:48:33	Thu
65b7e05fb8061699b1f92c29580b816e65209db0	McCormick Park	1742187191	46.889041	-114.001742	USA	MT	59802	300630002041	Missoula, MT	2025-03-17	04:53:11	Mon
3a6f0805621ba00f0fbb25ecbbb23925c8d99507	McCormick Park	1747835624	46.840263	-114.010025	USA	MT	59801	300630012004	Missoula, MT	2025-05-21	13:53:44	Wed
733f97933fb49134c237f81d1903de9d9d00e43a	McCormick Park	1748675597	46.896428	-114.001823	USA	MT	59802	300630001002	Missoula, MT	2025-05-31	07:13:17	Sat
7c534a291f8bf86932bbdba8529e851938cb86e0	McCormick Park	1749613031	46.817819	-114.043704	USA	MT	59803	300630013041	Missoula, MT	2025-06-11	03:37:11	Wed
ce288457d43ca0b39febc39ecd5ec7483ec9473e	McCormick Park	1748374042	46.885251	-114.021117	USA	MT	59808	300630002043	Missoula, MT	2025-05-27	19:27:22	Tue
35ea758f302c6e15c2f2bb2c1294cbe7132ec242	McCormick Park	1746659764	46.856589	-114.007952	USA	MT	59801	300630011003	Missoula, MT	2025-05-07	23:16:04	Wed
e48a177c912a4601e2ed531219b43ce24ca5eaf9	McCormick Park	1745444894	46.979392	-114.060071	USA	MT	59808	300630002064	Missoula, MT	2025-04-23	21:48:14	Wed
e6c6f92601d9900422e28abfd118b431f565d3e5	McCormick Park	1742668128	46.916271	-114.057392	USA	MT	59808	300630002063	Missoula, MT	2025-03-22	18:28:48	Sat
bfc66da9858e6cae89c4a9e15fde0ce7a1aa0986	McCormick Park	1749268863	47.539679	-121.888994	USA	WA	98065	530330326053	Seattle-Tacoma, WA	2025-06-07	04:01:03	Sat
023b2c753c76cfd8ffc7cb8d74dd3b4d19bc0b56	McCormick Park	1744747070	46.896169	-114.002523	USA	MT	59802	300630001002	Missoula, MT	2025-04-15	19:57:50	Tue
1efef4d33fccac510267bb76ecb17af185f51ddb	McCormick Park	1748044853	46.878414	-113.936169	USA	MT	59802	300630004002	Missoula, MT	2025-05-24	00:00:53	Sat
31ac28ecef5be585b493cba19fab5160cbced7fd	McCormick Park	1748557481	46.814879	-114.030813	USA	MT	59803	300630013024	Missoula, MT	2025-05-29	22:24:41	Thu
09f8b1b9a50a3e8ee14108cd8afb048293247c9f	McCormick Park	1744483188	47.047188	-114.751484	USA	MT	59872	300619645002	Missoula, MT	2025-04-12	18:39:48	Sat
f1cfa0281dbcbbf7c7572dbf1c96f44e14a8ed81	McCormick Park	1742220923	46.878892	-114.021495	USA	MT	59808	300630002042	Missoula, MT	2025-03-17	14:15:23	Mon
ad013128eae87755080bea2b09dc20a6e6f7e969	McCormick Park	1745946109	46.869808	-114.018904	USA	MT	59801	300630008011	Missoula, MT	2025-04-29	17:01:49	Tue
a41a1d7efac04b2af46a4da45e400aa7387042da	McCormick Park	1748409529	46.838684	-114.026816	USA	MT	59801	300630013031	Missoula, MT	2025-05-28	05:18:49	Wed
fb944c861f976e2a239824b2010f6dca54c51160	McCormick Park	1742184984	43.610406	-116.539756	USA	ID	83687	160270211032	Boise, ID	2025-03-17	04:16:24	Mon
57e48f25167c7778e21484741d186e1acd9ce372	McCormick Park	1749654864	46.419852	-114.155396	USA	MT	59875	300810003001	Missoula, MT	2025-06-11	15:14:24	Wed
488ca62394ed788b7932c5f2b9582676a67e0e4d	McCormick Park	1746839326	46.846328	-114.027697	USA	MT	59801	300630010021	Missoula, MT	2025-05-10	01:08:46	Sat
0ebbb3e662b30d6518a790d45106c7a24b681463	McCormick Park	1749705329	48.585014	-109.251503	USA	MT	59523	300050002001	Great Falls, MT	2025-06-12	05:15:29	Thu
e959750b2dc5082ab047c90fd1dd46c8072d6197	McCormick Park	1746148872	46.872593	-114.046610	USA	MT	59804	300630009012	Missoula, MT	2025-05-02	01:21:12	Fri
7ff3e505a2d88802cf12db2b892220fa44b7c1d2	McCormick Park	1748916527	46.888500	-114.034447	USA	MT	59808	300630002042	Missoula, MT	2025-06-03	02:08:47	Tue
974cf19d130cb06046df04ce310edc471746b5d8	McCormick Park	1749777962	46.915625	-114.053918	USA	MT	59808	300630002063	Missoula, MT	2025-06-13	01:26:02	Fri
b943357cd4d9699de0531440ad32dd43759d273a	McCormick Park	1748553847	46.909436	-114.046154	USA	MT	59808	300630002061	Missoula, MT	2025-05-29	21:24:07	Thu
b461248346def8e89f88b5670ce0a277e545b63b	McCormick Park	1747017322	47.667715	-117.392381	USA	WA	99202	530630025022	Spokane, WA	2025-05-12	02:35:22	Mon
8f2f12bae83b17d5b46bb7d8ecdb0cb2b549f295	McCormick Park	1745533416	46.881580	-113.901570	USA	MT	59802	300630014013	Missoula, MT	2025-04-24	22:23:36	Thu
cfb2f3521f8f0c0307663639b10d9ba48974842c	McCormick Park	1749599260								2025-06-10	23:47:40	Tue
3e89bb5086fa067703f04a313ddbbbc6b00ed686	McCormick Park	1745280101	46.886450	-114.001037	USA	MT	59802	300630002041	Missoula, MT	2025-04-22	00:01:41	Tue
e7eb802b4a8a8b826c9c95d4a8fe8255b1fcf763	McCormick Park	1749093925	46.759549	-114.089185	USA	MT	59847	300630015022	Missoula, MT	2025-06-05	03:25:25	Thu
ef355b7daa282fc9737c27886b07d95c60a190c1	McCormick Park	1746319738	46.811079	-114.032913	USA	MT	59803	300630013025	Missoula, MT	2025-05-04	00:48:58	Sun
7f8b37f091753bcbecdd3de53471d32994cb3c52	McCormick Park	1746381245	46.850968	-114.036867	USA	MT	59801	300630010011	Missoula, MT	2025-05-04	17:54:05	Sun
183c96047f2eaa79454718da8ff29461a542e4ee	McCormick Park	1749065944	37.681070	-122.124094	USA	CA	94580	060014357003	San Francisco-Oakland-San Jose, CA	2025-06-04	19:39:04	Wed
79e027dc9d0a8a6cb564e56e75b1fa3c80aae478	McCormick Park	1742322421	46.742647	-114.085667	USA	MT	59847	300630015023	Missoula, MT	2025-03-18	18:27:01	Tue
ed65d19c2bbf170c47c0407eebe11e5adb88d164	McCormick Park	1748207568	47.023004	-114.239033	USA	MT	59834	300630016021	Missoula, MT	2025-05-25	21:12:48	Sun
804ecbedda0a29dc25ea3879f3124b0fe2f7fff6	McCormick Park	1748993710	46.871171	-113.987508	USA	MT	59802	300630003001	Missoula, MT	2025-06-03	23:35:10	Tue
883a876685846be04dc28878bf8015921ee3f1da	McCormick Park	1746915251	46.438580	-114.172954	USA	MT	59875	300810003001	Missoula, MT	2025-05-10	22:14:11	Sat
29d9bc4f0e4ebd96d9797f0d2a75cea907f73061	McCormick Park	1749565175	46.839853	-114.027128	USA	MT	59801	300630013031	Missoula, MT	2025-06-10	14:19:35	Tue
98164433a458a7777e4e3e37714c42b443daffa3	McCormick Park	1748183869								2025-05-25	14:37:49	Sun
5f1e5bc7746ba2848aa3766c1036a031d9423d98	McCormick Park	1746417311	46.883048	-114.014574	USA	MT	59802	300630002032	Missoula, MT	2025-05-05	03:55:11	Mon
941f8854bb89bd1fa80bc8f09b06f4739ee6e512	McCormick Park	1745373234	46.389296	-114.151503	USA	MT	59875	300810003002	Missoula, MT	2025-04-23	01:53:54	Wed
47e7c38a0487977547ee2fe55317f24a20191e12	McCormick Park	1748395390	46.878255	-113.936670	USA	MT	59802	300630004002	Missoula, MT	2025-05-28	01:23:10	Wed
bf785fbf3e5f8d36e3197576a0cce5a84423bae9	McCormick Park	1749239571	46.907552	-114.150512	USA	MT	59808	300630016011	Missoula, MT	2025-06-06	19:52:51	Fri
3ccc343aef6d25e08e49b6869eb81956853b1ee8	McCormick Park	1749750697	46.899893	-113.969695	USA	MT	59802	300630001001	Missoula, MT	2025-06-12	17:51:37	Thu
ee8877570125d175fea559aba607ccf7dce55402	McCormick Park	1745885483	47.789178	-122.647215	USA	WA	98370	530350902022	Seattle-Tacoma, WA	2025-04-29	00:11:23	Tue
03bcf90aef4bc9708d7e513b67b895cd55667a9d	McCormick Park	1747992161	46.848972	-113.991164	USA	MT	59801	300630005012	Missoula, MT	2025-05-23	09:22:41	Fri
109f5de74928a470b2398807c8425b99d01e8679	McCormick Park	1749231297	48.327739	-114.167906	USA	MT	59912	300290002021	Missoula, MT	2025-06-06	17:34:57	Fri
322256a44232e2983c3ff1e18464f32aa8dc5e10	McCormick Park	1749526871	46.877073	-113.971430	USA	MT	59802	300630001005	Missoula, MT	2025-06-10	03:41:11	Tue
6880cb68da36ed7d593c7517794af675cacea633	McCormick Park	1746318926	46.887424	-114.020985	USA	MT	59808	300630002043	Missoula, MT	2025-05-04	00:35:26	Sun
2d00ef6354bcb824bc67bf7fcf719c404ab07204	McCormick Park	1749583118	46.864246	-114.000251	USA	MT	59801	300630007002	Missoula, MT	2025-06-10	19:18:38	Tue
88afc03efbcea2c0309361c324ec446da89b588d	McCormick Park	1745353544	46.871379	-114.007953	USA	MT	59801	300630007001	Missoula, MT	2025-04-22	20:25:44	Tue
4e76a4f730612f4e71c3bbc33d774a722552fb06	McCormick Park	1748904764	46.877570	-114.010741	USA	MT	59802	300630002033	Missoula, MT	2025-06-02	22:52:44	Mon
129f9122f5c2a9762754ad7b8eb9eefea382c5ee	McCormick Park	1747096216	46.607840	-114.019662	USA	MT	59870	300810002031	Missoula, MT	2025-05-13	00:30:16	Tue
0ecb2bdf59890ad38d7972d4ae018561aeaba971	McCormick Park	1745519140	37.229560	-121.983735	USA	CA	95030	060855070041	San Francisco-Oakland-San Jose, CA	2025-04-24	18:25:40	Thu
8bb529e9db8522e1bf8e9631bd68f68d68cbff44	McCormick Park	1748813664	46.845777	-114.031917	USA	MT	59801	300630010013	Missoula, MT	2025-06-01	21:34:24	Sun
016af276ce41a57f6f9ad2a1fb9dfab13390cab5	McCormick Park	1745005820	46.862329	-114.016196	USA	MT	59801	300630011002	Missoula, MT	2025-04-18	19:50:20	Fri
fcd162c83a0ec160d576c369c9ea83d1d45ab090	McCormick Park	1750025733	46.599851	-112.049623	USA	MT	59601	300490007022	Helena, MT	2025-06-15	22:15:33	Sun
77de5130f2a3fedcd4eae12832e7252397dc5174	McCormick Park	1748282854	47.031710	-114.068844	USA	MT	59808	300630018012	Missoula, MT	2025-05-26	18:07:34	Mon
a311be2c9b05b0be7cd90c9b6061a058a2f195af	McCormick Park	1748295747	46.878555	-114.020463	USA	MT	59808	300630002042	Missoula, MT	2025-05-26	21:42:27	Mon
e3ad539866c53e43a07f5478e0e0e2e866bf1855	McCormick Park	1748412629	46.835241	-114.012840	USA	MT	59803	300630012004	Missoula, MT	2025-05-28	06:10:29	Wed
eb05c1ab7bb31c14e92898eb2f39230141eb614a	McCormick Park	1749233159	46.868211	-114.016087	USA	MT	59801	300630007003	Missoula, MT	2025-06-06	18:05:59	Fri
84ccd67681d6243ecfdc33d6c57587406561688e	McCormick Park	1746076829	46.882633	-113.995612	USA	MT	59802	300630002031	Missoula, MT	2025-05-01	05:20:29	Thu
6d59d61a50ff11b14a49359f1824d527dd0585fd	McCormick Park	1745108803	47.498898	-111.254420	USA	MT	59405	300130010003	Great Falls, MT	2025-04-20	00:26:43	Sun
77aa318fae1b5bc85e85bb4a6e745f8bb6f0415c	McCormick Park	1748021208	46.875734	-113.988099	USA	MT	59802	300630002031	Missoula, MT	2025-05-23	17:26:48	Fri
2614cda4ed8e47cea295803381ad4a9792c8be7e	McCormick Park	1742610541	46.806251	-114.065137	USA	MT	59803	300630013045	Missoula, MT	2025-03-22	02:29:01	Sat
d0674a936ab9bf45e019d0eb8516803240dd7992	McCormick Park	1742170912	46.402595	-112.730673	USA	MT	59722	300770002001	Butte-Bozeman, MT	2025-03-17	00:21:52	Mon
d46b5145b2293d7f79b7924b508452ca73e0bc94	McCormick Park	1746799317	46.415516	-114.068742	USA	MT	59870	300810002042	Missoula, MT	2025-05-09	14:01:57	Fri
2810f7bc4a99dbb544ee79bdf5deb17846fcbe39	McCormick Park	1746744845	46.822335	-114.027055	USA	MT	59803	300630013024	Missoula, MT	2025-05-08	22:54:05	Thu
dfe771bdbe59f79112e62eb521d6c2f8d162b88f	McCormick Park	1742670240	42.649279	-114.443200	USA	ID	83338	160539705021	Twin Falls, ID	2025-03-22	19:04:00	Sat
9e846c4bd70124e578dd05fddbb3f699092ffe41	McCormick Park	1746129978	46.862736	-113.967132	USA	MT	59802	300630001004	Missoula, MT	2025-05-01	20:06:18	Thu
2b346b70317f573eb1366e9478f24d95795613e9	McCormick Park	1744137588	46.870322	-114.021593	USA	MT	59801	300630008011	Missoula, MT	2025-04-08	18:39:48	Tue
b630fe363cd62fe65703696faf3ddf1d60babd98	McCormick Park	1743876203	46.893961	-114.068855	USA	MT	59808	300630002052	Missoula, MT	2025-04-05	18:03:23	Sat
5a182a87beab42fb8cd22d94a5b440f3d23b9b62	McCormick Park	1744331873	47.018981	-114.214276	USA	MT	59834	300630016021	Missoula, MT	2025-04-11	00:37:53	Fri
2405d4b885217f9e8ee8cb4c55d956b4994e34ac	McCormick Park	1748284241	46.847257	-114.008107	USA	MT	59801	300630012004	Missoula, MT	2025-05-26	18:30:41	Mon
eeef18b637382ff8f34e18c73bdc811ddc78120e	McCormick Park	1748445383	46.896505	-114.170146	USA	MT	59804	300630009021	Missoula, MT	2025-05-28	15:16:23	Wed
30420db5c62637a5be27be0a0c19440cd7b118ab	McCormick Park	1748751017	48.426771	-114.346790	USA	MT	59937	300290003011	Missoula, MT	2025-06-01	04:10:17	Sun
d61ab7445ba7e496c8a7db32cda6ea6376c88751	McCormick Park	1748226098	46.240230	-114.170242	USA	MT	59840	300810005023	Missoula, MT	2025-05-26	02:21:38	Mon
1c27236db1d82fd84ed699e807c0ca13154b4fe2	McCormick Park	1745184930	46.918253	-114.083334	USA	MT	59808	300630002063	Missoula, MT	2025-04-20	21:35:30	Sun
29b828fd8e8a7f528f443e4b94ee428a71036a67	McCormick Park	1743893414	48.366317	-120.128735	USA	WA	98856	530479710003	Spokane, WA	2025-04-05	22:50:14	Sat
b07a2fd2da1e9fa99adf477f2ac766821370c389	McCormick Park	1748480132	46.871494	-114.007728	USA	MT	59801	300630007001	Missoula, MT	2025-05-29	00:55:32	Thu
534895e09d06cf2e8f11cb0972e9237f43052188	McCormick Park	1749150023	46.714564	-113.671775	USA	MT	59825	300630014021	Missoula, MT	2025-06-05	19:00:23	Thu
e13a4ba246f6aa8f64d37467eed0347ca158ac96	McCormick Park	1744742831	46.866814	-114.000335	USA	MT	59801	300630007002	Missoula, MT	2025-04-15	18:47:11	Tue
819e66360bbdf986e411e65a1a039c13437197a7	McCormick Park	1749089188	46.812075	-113.797223	USA	MT	59825	300630014021	Missoula, MT	2025-06-05	02:06:28	Thu
464d95e8be07de745e94653c2faa719e830e3c6f	McCormick Park	1743607534	46.829454	-113.919583	USA	MT	59803	300630004003	Missoula, MT	2025-04-02	15:25:34	Wed
a74f586ace8a7b26ac5ab76f0a305be31dc7cb66	McCormick Park	1748885837	46.853685	-114.001717	USA	MT	59801	300630012001	Missoula, MT	2025-06-02	17:37:17	Mon
e625b8b143aabf92d87e8c162aca2902afd36bb6	McCormick Park	1744006911	46.840108	-114.029247	USA	MT	59801	300630013034	Missoula, MT	2025-04-07	06:21:51	Mon
a421bd0b33a3116b3d96889e5bdcf8fef37e1637	McCormick Park	1744739561	46.889406	-114.113352	USA	MT	59808	300630002062	Missoula, MT	2025-04-15	17:52:41	Tue
5489b0486f2546a62bf9ee5392d08d753bd92b65	McCormick Park	1747927836	47.503692	-111.310645	USA	MT	59405	300130007002	Great Falls, MT	2025-05-22	15:30:36	Thu
0ee42688e47f1c795964c3b13484acc8f1e9b1c0	McCormick Park	1747346860	46.865773	-114.011988	USA	MT	59801	300630007003	Missoula, MT	2025-05-15	22:07:40	Thu
0c40aaaa5616d02d3a78291252e16041f4e483ed	McCormick Park	1745093755	47.053202	-114.284776	USA	MT	59834	300630016021	Missoula, MT	2025-04-19	20:15:55	Sat
3c70657d93818c7474b47fe20b6726252e1d6145	McCormick Park	1746403034	46.881210	-113.993414	USA	MT	59802	300630002031	Missoula, MT	2025-05-04	23:57:14	Sun
9e6d0fe0232bb48f258f7eca1f96a10b21d49a95	McCormick Park	1749412359	46.507784	-114.098214	USA	MT	59870	300810002013	Missoula, MT	2025-06-08	19:52:39	Sun
fe0a40872b0d4f88977ddb4ac52cc7dca555cfac	McCormick Park	1745277687	46.849084	-114.003230	USA	MT	59801	300630012002	Missoula, MT	2025-04-21	23:21:27	Mon
ceea0f3ae99f5bda680d76a31c99abc3afc1c4fc	McCormick Park	1749608394	46.682979	-114.080606	USA	MT	59833	300630015023	Missoula, MT	2025-06-11	02:19:54	Wed
468ee86523d4d6f1c059b692667b761f02cc40bb	McCormick Park	1742311070	46.829538	-113.919548	USA	MT	59803	300630004003	Missoula, MT	2025-03-18	15:17:50	Tue
217771a5fa6b07fb6b0d239b4b6f97d07cc076be	McCormick Park	1749653269	33.789913	-118.178872	USA	CA	90813	060375752012	Los Angeles, CA	2025-06-11	14:47:49	Wed
24948ca2d1959038a68e3d3d261fb65715e58cc2	McCormick Park	1749774324	46.886648	-113.964317	USA	MT	59802	300630001005	Missoula, MT	2025-06-13	00:25:24	Fri
70d916289ca33efb950313d1d6b578a791962894	McCormick Park	1748985950	46.701862	-112.038093	USA	MT	59602	300490005011	Helena, MT	2025-06-03	21:25:50	Tue
46b1059857040711fa31ff3ccc0c421c2abd57cb	McCormick Park	1743483367	46.866511	-114.009912	USA	MT	59801	300630007002	Missoula, MT	2025-04-01	04:56:07	Tue
de432829ec611ea08e20fcfa38a9367ae49abdaa	McCormick Park	1746715787	46.920925	-114.069248	USA	MT	59808	300630002063	Missoula, MT	2025-05-08	14:49:47	Thu
53cf5f12f8c8373503fec3d7b03452abd5dd9c27	McCormick Park	1749832149	46.844927	-113.993221	USA	MT	59801	300630005012	Missoula, MT	2025-06-13	16:29:09	Fri
3b095cb05bca9578536d0e7ec6c19ee803c1f490	McCormick Park	1742321131	33.699832	-117.967262	USA	CA	92708	060590992322	Los Angeles, CA	2025-03-18	18:05:31	Tue
e09ec3e21400f7757af2465dab75b4548ad891b9	McCormick Park	1742602391	46.890163	-114.010060	USA	MT	59802	300630002041	Missoula, MT	2025-03-22	00:13:11	Sat
39da96e8bdc1fc2c4af86f2b265ac4c893740088	McCormick Park	1749660671	47.052914	-114.315492	USA	MT	59846	300630016021	Missoula, MT	2025-06-11	16:51:11	Wed
54b18b77cc50270fa1d9dbd6c3092841d35f5129	McCormick Park	1742887413	40.588609	-111.984233	USA	UT	84088	490351131022	Salt Lake City, UT	2025-03-25	07:23:33	Tue
d31c3584c68afbba741d9a0b9659356599d7197a	McCormick Park	1749068675	37.733016	-121.462538	USA	CA	95377	060770052121	Sacramento-Stockton-Modesto, CA	2025-06-04	20:24:35	Wed
c7a6cedd5cab89c05bcd688f4ad97355301dfdc6	McCormick Park	1748354565	46.863252	-114.090291	USA	MT	59804	300630009012	Missoula, MT	2025-05-27	14:02:45	Tue
564642b800f5a26d8425e547ed25c01ef3fb5f7a	McCormick Park	1748371718	46.876306	-113.994819	USA	MT	59802	300630003002	Missoula, MT	2025-05-27	18:48:38	Tue
d6c8d70c5599bae9cb6e9be5cc20a4ed74beebd0	McCormick Park	1748039680	46.874456	-114.031399	USA	MT	59801	300630008013	Missoula, MT	2025-05-23	22:34:40	Fri
f127d0568b12d22729f4e9931a1448a278b3c988	McCormick Park	1749261757	47.693575	-114.163178	USA	MT	59860	300479403072	Missoula, MT	2025-06-07	02:02:37	Sat
ba6ed8c3a362ada39a13ad44e97070409655c7b8	McCormick Park	1746377164	42.716549	-71.446717	USA	NH	03060	330110111021	Boston, MA (Manchester, NH)	2025-05-04	16:46:04	Sun
06154059c657fef3c703a548e5463e69fb6dce13	McCormick Park	1742485721	46.868978	-113.942662	USA	MT	59802	300630004001	Missoula, MT	2025-03-20	15:48:41	Thu
b9077a0e477df4f448380770e4ef5121ea78aa8f	McCormick Park	1746076862	46.858259	-114.006453	USA	MT	59801	300630011003	Missoula, MT	2025-05-01	05:21:02	Thu
d127af0cf1ba7e8bdd95128319c8ac3138263cf1	McCormick Park	1746326826	46.897912	-114.028939	USA	MT	59808	300630002043	Missoula, MT	2025-05-04	02:47:06	Sun
efcb4c2c5c42c8a6c863426b71bbb682892cf14f	McCormick Park	1749187235	46.885905	-113.975543	USA	MT	59802	300630001002	Missoula, MT	2025-06-06	05:20:35	Fri
fa9e25e6f3a2c06147de52aa715682bfae29cb1d	McCormick Park	1748539787	46.880021	-113.994611	USA	MT	59802	300630002031	Missoula, MT	2025-05-29	17:29:47	Thu
3563ff2a1f1016922d22d5a7d8e6ae481a66dd6f	McCormick Park	1747356348	46.801085	-114.050571	USA	MT	59803	300630013045	Missoula, MT	2025-05-16	00:45:48	Fri
d9d89ec410bf35baaa9b078d5a726292d9ed3d5f	McCormick Park	1748531970	46.858397	-114.001716	USA	MT	59801	300630011003	Missoula, MT	2025-05-29	15:19:30	Thu
3eac5c3c4e8ee0b590c38d3f683740bcef510c49	McCormick Park	1746310562	46.869574	-113.948470	USA	MT	59802	300630004001	Missoula, MT	2025-05-03	22:16:02	Sat
3caddf42e9ec076d1aae135def614575b0591cf3	McCormick Park	1743124877	46.852626	-114.021571	USA	MT	59801	300630010021	Missoula, MT	2025-03-28	01:21:17	Fri
ff8eb9f775f635bec171aaea40d94519cd5b9f19	McCormick Park	1742654640	48.559028	-109.668758	USA	MT	59501	300410403003	Great Falls, MT	2025-03-22	14:44:00	Sat
9be95c66b11b1452b3156e1ae0d8add1fd3e952c	McCormick Park	1749319983	46.872993	-114.022994	USA	MT	59801	300630008013	Missoula, MT	2025-06-07	18:13:03	Sat
ebb04fc4ee3dd21a9711bf6711a3f33a4e584d8a	McCormick Park	1748824492	46.824763	-114.045408	USA	MT	59803	300630013041	Missoula, MT	2025-06-02	00:34:52	Mon
02d28736287c4227da5bb1e7d1ae7d8fce2c5d97	McCormick Park	1743617352	46.873202	-114.033580	USA	MT	59801	300630008012	Missoula, MT	2025-04-02	18:09:12	Wed
f3e55dc6a723ede0d7172946165a5b93925acc4e	McCormick Park	1742692090	46.865609	-113.985838	USA	MT	59801	300630005022	Missoula, MT	2025-03-23	01:08:10	Sun
f0e6e6fd8118a361fe0e3fa8985db0432ceb53bd	McCormick Park	1748901975	46.811856	-114.048476	USA	MT	59803	300630013042	Missoula, MT	2025-06-02	22:06:15	Mon
c2981e6474b65cccba8e7281c2eccf663ebd3bed	McCormick Park	1749252076	46.878250	-114.037418	USA	MT	59804	300630008013	Missoula, MT	2025-06-06	23:21:16	Fri
6f267036b5b3ec32ec51c803b2526235d0274e77	McCormick Park	1748476260	47.156170	-114.068312	USA	MT	59821	300479407002	Missoula, MT	2025-05-28	23:51:00	Wed
ca4ec5e781cdb9b6c6cfc497423be069a659a6e0	McCormick Park	1748123596	46.917239	-114.057725	USA	MT	59808	300630002063	Missoula, MT	2025-05-24	21:53:16	Sat
e5e1588ce77e3cad64df1780098df680fe4b4a7e	McCormick Park	1748731106	45.678284	-111.103234	USA	MT	59718	300310005052	Butte-Bozeman, MT	2025-05-31	22:38:26	Sat
094dc5ecf01a965c97436afb72ab0d5a6b870b29	McCormick Park	1744237893	46.872525	-114.013067	USA	MT	59801	300630007001	Missoula, MT	2025-04-09	22:31:33	Wed
8a1c44cccb28a32261e4e268553b4f0f5b678cd6	McCormick Park	1744125440	46.859805	-113.511491	USA	MT	59823	300630018022	Missoula, MT	2025-04-08	15:17:20	Tue
25164ba1675f6dc65d3c845a1e2df9002c49b699	McCormick Park	1748563461	47.162610	-114.082873	USA	MT	59821	300479407002	Missoula, MT	2025-05-30	00:04:21	Fri
7ca1354aa86e7745ec97fbd27597587827645cce	McCormick Park	1749666747	46.809522	-114.053772	USA	MT	59803	300630013042	Missoula, MT	2025-06-11	18:32:27	Wed
bc4931d08e720c1afbc000b519dd7f91a934b3c3	McCormick Park	1748577646	46.896217	-114.046489	USA	MT	59808	300630002052	Missoula, MT	2025-05-30	04:00:46	Fri
bdb7b269e2794068e052c02df8416357fde8e60a	McCormick Park	1748893001								2025-06-02	19:36:41	Mon
356b4ec0e49a2e8b147424ebbc7f72adc114eed9	McCormick Park	1749489692	46.867422	-114.007714	USA	MT	59801	300630007002	Missoula, MT	2025-06-09	17:21:32	Mon
8b43eb6c116f9fe2c9fd3ed71ea7174eb051c2fc	McCormick Park	1742355041	46.766096	-114.085304	USA	MT	59847	300630015022	Missoula, MT	2025-03-19	03:30:41	Wed
bc55ce9ad6a64fbecc45db9ac5744f13ecbb7711	McCormick Park	1743878676	46.887181	-114.004587	USA	MT	59802	300630002041	Missoula, MT	2025-04-05	18:44:36	Sat
84f44b21b1f2a92346f8d929a05972458ea18bdb	McCormick Park	1749323579	46.852338	-114.016359	USA	MT	59801	300630012002	Missoula, MT	2025-06-07	19:12:59	Sat
53ea80044bcd9845bccf26c5610bf11cc89f4585	McCormick Park	1744762659	46.839999	-114.027394	USA	MT	59801	300630013034	Missoula, MT	2025-04-16	00:17:39	Wed
d7ff869c5dfa21b5986d3afc9188dbe211cd35fb	McCormick Park	1743383006	46.869687	-114.006934	USA	MT	59801	300630007002	Missoula, MT	2025-03-31	01:03:26	Mon
ce6a8de8d89ed69f433018c47bf32bc026ec5696	McCormick Park	1746225610	47.141196	-114.092973	USA	MT	59821	300479407002	Missoula, MT	2025-05-02	22:40:10	Fri
ab31f6a1dcef2b63449cffd63589781b80a6d63b	McCormick Park	1748474253	48.074264	-114.082484	USA	MT	59911	300290013041	Missoula, MT	2025-05-28	23:17:33	Wed
ee00732751dce7df1f42ed1a945a74410751c8d6	McCormick Park	1749508384	47.457298	-114.882602	USA	MT	59859	300890001002	Missoula, MT	2025-06-09	22:33:04	Mon
2a45273bb0dbfd00f11bdf0518553bf82f7a6831	McCormick Park	1749517766								2025-06-10	01:09:26	Tue
81ff2e44acf78ebf7bc5baca15ff370fa0852faa	McCormick Park	1744271153	35.179525	-111.654326	USA	AZ	86011	040050010002	Phoenix, AZ	2025-04-10	07:45:53	Thu
b1840b85c2ef45227c3534927da726e2e3a92fdb	McCormick Park	1742343973	45.306869	-111.792175	USA	MT	59729	300570001021	Butte-Bozeman, MT	2025-03-19	00:26:13	Wed
af40ce7509502c8e5b952cfed9b449fe9bfef6d6	McCormick Park	1744038942	40.524947	-104.717927	USA	CO	80615	081230015002	Denver, CO	2025-04-07	15:15:42	Mon
a70376047a6685c330de9bcd49eae17dc2e30220	McCormick Park	1744833326	47.684063	-122.399407	USA	WA	98117	530330031005	Seattle-Tacoma, WA	2025-04-16	19:55:26	Wed
8864df3a6dcf892661ed4797b4ac6c50b763bcc9	McCormick Park	1748568718	46.815005	-114.027405	USA	MT	59803	300630013024	Missoula, MT	2025-05-30	01:31:58	Fri
db23399824d6afd6ceec5999ed00f468168a217a	McCormick Park	1745126904	46.872500	-114.043095	USA	MT	59804	300630009012	Missoula, MT	2025-04-20	05:28:24	Sun
095816c67fbdf7fc04c1b21daa49d695ec801d70	McCormick Park	1746147508	46.970168	-114.160098	USA	MT	59808	300630016012	Missoula, MT	2025-05-02	00:58:28	Fri
39713b2ed79170ecd5828f8c0b3510c707ce1011	McCormick Park	1748852163	46.874662	-114.005627	USA	MT	59801	300630007001	Missoula, MT	2025-06-02	08:16:03	Mon
487e142510aa6920c93e1cfae5d4397273e0f40d	McCormick Park	1748793555	47.603511	-122.341119	USA	WA		530330081022	Seattle-Tacoma, WA	2025-06-01	15:59:15	Sun
76ac6197a977fd9583ee4c78154696c3a7131727	McCormick Park	1745874894	46.853993	-114.029974	USA	MT	59801	300630010011	Missoula, MT	2025-04-28	21:14:54	Mon
47eca10a7888f36988317185f88b602ee742237f	McCormick Park	1748880868	46.877606	-114.028853	USA	MT	59801	300630008013	Missoula, MT	2025-06-02	16:14:28	Mon
f2bc833522df5dcbbfc7cd0a1ff7857fd4540403	McCormick Park	1748222166	46.891851	-114.009662	USA	MT	59802	300630002043	Missoula, MT	2025-05-26	01:16:06	Mon
a08f4c013cc2b2d3920b2108067a1f9456c3fb35	McCormick Park	1743525604	48.342278	-117.648135	USA	WA	99109	530659508002	Spokane, WA	2025-04-01	16:40:04	Tue
80ec991e129fd9a206c7b34d1949474145ec4bdd	McCormick Park	1748728393	46.853295	-113.998566	USA	MT	59801	300630012001	Missoula, MT	2025-05-31	21:53:13	Sat
787dfc754cf9851353019a914be10ccc00ecfacc	McCormick Park	1746668629	46.871545	-114.007156	USA	MT	59801	300630007001	Missoula, MT	2025-05-08	01:43:49	Thu
2b860f97fa2e053623765c26616c2b24f5802703	McCormick Park	1744079938	46.841345	-114.029404	USA	MT	59801	300630010021	Missoula, MT	2025-04-08	02:38:58	Tue
eb70c17b91f702f1279712565eece5176d60563c	McCormick Park	1745710465	48.299309	-115.519964	USA	MT	59923	300530001003	Spokane, WA	2025-04-26	23:34:25	Sat
84b96d1fe6a503a2c6b7880b72e317f88773cb9c	McCormick Park	1747191980	46.868214	-113.978186	USA	MT	59802	300630001004	Missoula, MT	2025-05-14	03:06:20	Wed
3701167942dc3e366414e1d7459e0a23fa3eddbc	McCormick Park	1744431552	46.871523	-114.003236	USA	MT	59801	300630007001	Missoula, MT	2025-04-12	04:19:12	Sat
e3f5cb6fa400ece31d3fb6174dc85795906292e1	McCormick Park	1748447611	46.778780	-113.692072	USA	MT	59825	300630014022	Missoula, MT	2025-05-28	15:53:31	Wed
3bd4e8c51e7300fc40e63b0639dbf70a2ec7d484	McCormick Park	1748283355	46.855577	-114.033360	USA	MT	59801	300630010012	Missoula, MT	2025-05-26	18:15:55	Mon
351dfd6659e195be050399e340be33399853eab1	McCormick Park	1745783830	46.914394	-114.059919	USA	MT	59808	300630002063	Missoula, MT	2025-04-27	19:57:10	Sun
500f9a32a893386ede74483d8a6a34d581c083ee	McCormick Park	1749100731	46.846647	-114.053459	USA	MT	59804	300630009014	Missoula, MT	2025-06-05	05:18:51	Thu
a8d7c3e6eba7511cd357897ed550a154e605ade9	McCormick Park	1749483005	46.822113	-114.046663	USA	MT	59803	300630013041	Missoula, MT	2025-06-09	15:30:05	Mon
7d503ff14a256d6e26c9a77bd5cf5d41722aaead	McCormick Park	1748213592	45.590893	-123.002095	USA	OR	97124	410670328001	Portland, OR	2025-05-25	22:53:12	Sun
1fb913e61998cd2a02033f922ceaec34ae7a3373	McCormick Park	1744764625	45.753807	-108.550751	USA	MT	59101	301110009013	Billings, MT	2025-04-16	00:50:25	Wed
13a9e9b47ce8f6d879d4ad5d4063de656fa4813c	McCormick Park	1749833421	46.763487	-114.090446	USA	MT	59847	300630015022	Missoula, MT	2025-06-13	16:50:21	Fri
e38673319e18c1bfe48c3642da05e840cdccbe0d	McCormick Park	1749244071	46.576785	-112.042470	USA	MT	59601	300490008001	Helena, MT	2025-06-06	21:07:51	Fri
aa8d73f47af4bf3c2bc52fb295c6f0472abd0b79	McCormick Park	1748550645	46.866506	-114.024502	USA	MT	59801	300630008022	Missoula, MT	2025-05-29	20:30:45	Thu
e519f834a392ab0d02055c99d0377bb990c561c0	McCormick Park	1744095370	46.874860	-114.012783	USA	MT	59801	300630007001	Missoula, MT	2025-04-08	06:56:10	Tue
ef1381fc229a7fc847b5d97a0fa8a8c7a445de4e	McCormick Park	1749829107	46.998357	-114.182874	USA	MT	59808	300630016012	Missoula, MT	2025-06-13	15:38:27	Fri
370473d1ef95bd7feaf56c54e044a75ad725cc9f	McCormick Park	1748648217	46.838348	-114.020119	USA	MT	59801	300630013031	Missoula, MT	2025-05-30	23:36:57	Fri
9edd0ccf6b698f6e7b18865055882036b7e22ad1	McCormick Park	1746342331	46.865191	-114.007116	USA	MT	59801	300630007002	Missoula, MT	2025-05-04	07:05:31	Sun
687323dba3a5028ee5c9c792ae52d59b29bee504	McCormick Park	1748308313	46.848727	-114.006650	USA	MT	59801	300630012004	Missoula, MT	2025-05-27	01:11:53	Tue
b140f9a4fefa3f1a3f8e684423043dd2eef2801c	McCormick Park	1742480955	38.896052	-77.012556	USA	DC	20001	110010059002	Washington, DC (Hagerstown, MD)	2025-03-20	14:29:15	Thu
3220e71a5d9d3ab2b3888e28698197acdb376211	McCormick Park	1748367754	47.576517	-120.614542	USA	WA	98826	530079605022	Seattle-Tacoma, WA	2025-05-27	17:42:34	Tue
cd3ef0c860ff14bbf7bf6b99519e1f70ad74c8e4	McCormick Park	1748553882	46.909491	-114.052702	USA	MT	59808	300630002061	Missoula, MT	2025-05-29	21:24:42	Thu
f81285e466b36e444c6535868363472d264e3d2a	McCormick Park	1748732258	46.838293	-114.023050	USA	MT	59801	300630013031	Missoula, MT	2025-05-31	22:57:38	Sat
f4a9c1dd05564993e230ea5b6aed906b5c66cd1a	McCormick Park	1748999500	46.828241	-114.039208	USA	MT	59803	300630013043	Missoula, MT	2025-06-04	01:11:40	Wed
bae65f7e4172a355f5b4c4ded12f0983eb3f2080	McCormick Park	1748572508	46.882113	-113.998041	USA	MT	59802	300630002031	Missoula, MT	2025-05-30	02:35:08	Fri
1bb122956bb98f56816d284e9815e9abf00677ed	McCormick Park	1748811363	47.533118	-114.105486	USA	MT	59864	300479405004	Missoula, MT	2025-06-01	20:56:03	Sun
c3accc113c5010f346d2aa6565eabfb817ba9aa4	McCormick Park	1749692443	45.984594	-112.515155	USA	MT	59701	300930006001	Butte-Bozeman, MT	2025-06-12	01:40:43	Thu
e88077c20b7363720b350b73601d6f9e035e9a8e	McCormick Park	1749781313	46.939471	-114.018926	USA	MT	59808	300630014011	Missoula, MT	2025-06-13	02:21:53	Fri
5c9f43a6131d889ae8bdc6e4d58cec2a78b03467	McCormick Park	1745852614	46.663675	-113.999273	USA	MT	59833	300630014021	Missoula, MT	2025-04-28	15:03:34	Mon
7c0c845804cf93564873a5f329788ee5e88fde86	McCormick Park	1742423747	47.269013	-122.466725	USA	WA	98403	530530606001	Seattle-Tacoma, WA	2025-03-19	22:35:47	Wed
4e0fe4578f501201d88fc766bd17e76e25d87da7	McCormick Park	1748128364	46.850613	-113.988316	USA	MT	59801	300630005011	Missoula, MT	2025-05-24	23:12:44	Sat
3dd9f649906c4b830e65e09a8a42b538195d46cc	McCormick Park	1748661110	46.636602	-114.039495	USA	MT	59833	300810001003	Missoula, MT	2025-05-31	03:11:50	Sat
0411924f7ad1bae7842a43da180070ff56830d07	McCormick Park	1749431271	46.813931	-114.078230	USA	MT	59803	300630013044	Missoula, MT	2025-06-09	01:07:51	Mon
4f28b3de36cca7eeff4126ce6fc0482ed44a4151	McCormick Park	1742443691	46.882365	-113.886356	USA	MT	59802	300630014012	Missoula, MT	2025-03-20	04:08:11	Thu
d63c23ca967b683552b837bc7bca989e2b0e412e	McCormick Park	1743840651	46.878858	-114.020871	USA	MT	59808	300630002042	Missoula, MT	2025-04-05	08:10:51	Sat
cac4ea4d60d9d2bd0bd5f9904d72584173af41ec	McCormick Park	1744152074	46.840473	-113.993622	USA	MT	59803	300630013021	Missoula, MT	2025-04-08	22:41:14	Tue
a401e7a1c80f4b9f51ecd333deedbb3210bd8025	McCormick Park	1749069604	47.033704	-114.335291	USA	MT	59846	300630016022	Missoula, MT	2025-06-04	20:40:04	Wed
301183ee0211d1bcc0c9fbf04ac6256a6ce3f764	McCormick Park	1748377387	47.037388	-114.323403	USA	MT	59846	300630016022	Missoula, MT	2025-05-27	20:23:07	Tue
e4acef1581337cdd912c681c2e5f239b88186a20	McCormick Park	1746308974	46.872700	-114.047144	USA	MT	59804	300630009012	Missoula, MT	2025-05-03	21:49:34	Sat
c4b48c4bbd4a94a2fa24a3bfdbc349cae295c6b0	McCormick Park	1747294198	46.878943	-114.021031	USA	MT	59808	300630002042	Missoula, MT	2025-05-15	07:29:58	Thu
74132ad097c87ae16060804aa569576f45705f1e	McCormick Park	1746760308	47.504144	-114.133202	USA	MT	59864	300479405001	Missoula, MT	2025-05-09	03:11:48	Fri
df45cd75b4a4347149470d32565855b99541b501	McCormick Park	1749776911	46.894433	-114.009619	USA	MT	59802	300630002041	Missoula, MT	2025-06-13	01:08:31	Fri
25dee829a0dcd1505b231157feb8cd04c1c35081	McCormick Park	1743015422	46.021468	-112.557604	USA	MT	59701	300930002005	Butte-Bozeman, MT	2025-03-26	18:57:02	Wed
81cf973facacc7f37be259cab6268f9536d602b3	McCormick Park	1742244905	46.879752	-114.017768	USA	MT	59802	300630002033	Missoula, MT	2025-03-17	20:55:05	Mon
69d80dde527ae91db055b393b50da5e0145f37d9	McCormick Park	1743389964	46.871329	-114.009627	USA	MT	59801	300630007001	Missoula, MT	2025-03-31	02:59:24	Mon
b20fb2d2547d8f28a6caa97705cec315434592bf	McCormick Park	1744731502	46.885751	-114.079854	USA	MT	59808	300630002052	Missoula, MT	2025-04-15	15:38:22	Tue
d4adbadd89a344d12a49b2bed34a7b9cce431219	McCormick Park	1745453407	46.797207	-114.068718	USA	MT	59803	300630013044	Missoula, MT	2025-04-24	00:10:07	Thu
85fce4971c16ed671aab9fffdc5909d16b8a7853	McCormick Park	1742872300	46.915220	-114.057542	USA	MT	59808	300630002063	Missoula, MT	2025-03-25	03:11:40	Tue
c64d749e0cd3682c2de90e63542b788b5ff96085	McCormick Park	1742418301	46.852122	-114.021480	USA	MT	59801	300630010021	Missoula, MT	2025-03-19	21:05:01	Wed
83aff6d0900753402c227cde4bc5eef659998cce	McCormick Park	1742925021	46.874009	-114.015931	USA	MT	59801	300630007001	Missoula, MT	2025-03-25	17:50:21	Tue
73c1b46f4c6940b1b1f5b123f21166052c4cf991	McCormick Park	1744581861	46.802444	-114.062649	USA	MT	59803	300630013045	Missoula, MT	2025-04-13	22:04:21	Sun
2712a626bb70182b48c716835ffe0704dcfd5698	McCormick Park	1748377118	46.852509	-114.058173	USA	MT	59804	300630009013	Missoula, MT	2025-05-27	20:18:38	Tue
6ddbfc5bd328546719fe8917ab0fe02b6d0f674c	McCormick Park	1746296063	46.699524	-113.362869	USA	MT	59825	300399617011	Missoula, MT	2025-05-03	18:14:23	Sat
fc270fbc44291eb357ade0957d23a156fa8054ef	McCormick Park	1743794316	46.593956	-114.042016	USA	MT	59870	300810002031	Missoula, MT	2025-04-04	19:18:36	Fri
fb0c1ee6b2e7c87a4b0bf881660d3ef1241d2f3a	McCormick Park	1748828968	42.110147	-91.290753	USA	IA	52205	191050703023	Cedar Rapids-Waterloo-Iowa City & Dubuque, IA	2025-06-02	01:49:28	Mon
aaa2d597d2a495e178042488f0bfefa0a5899b4e	McCormick Park	1742763732	46.852924	-114.084090	USA	MT	59804	300630009014	Missoula, MT	2025-03-23	21:02:12	Sun
8a4bce0a8696e4cc5a0a1a23c764dd9f2a224349	McCormick Park	1749674513	43.516137	-116.553151	USA	ID	83686	160270224001	Boise, ID	2025-06-11	20:41:53	Wed
a9c736af7205d2204c4bd235b70474fdbd8f9055	McCormick Park	1749517939	46.859315	-113.987627	USA	MT	59801	300630005022	Missoula, MT	2025-06-10	01:12:19	Tue
454e7916c1703d0790b30b2a6be2242b1ea330d4	McCormick Park	1749646306	46.871749	-114.009740	USA	MT	59801	300630007001	Missoula, MT	2025-06-11	12:51:46	Wed
9d34ee1c6ee86210594dc5ea22386e52ab5efc8e	McCormick Park	1749097453	46.863417	-114.083747	USA	MT	59804	300630009012	Missoula, MT	2025-06-05	04:24:13	Thu
3b0e57b4181cd78bb4484090a14492578a8b7cca	McCormick Park	1748138961	48.364879	-114.147787	USA	MT	59912	300290002022	Missoula, MT	2025-05-25	02:09:21	Sun
8e6a1368a3cfc6f4f11dcc61ddb8d67ef292ea8a	McCormick Park	1748544861	46.893266	-114.053444	USA	MT	59808	300630002051	Missoula, MT	2025-05-29	18:54:21	Thu
28043d4ca198ee54cb537678986132f3270043cc	McCormick Park	1743886830	46.882976	-113.997698	USA	MT	59802	300630002031	Missoula, MT	2025-04-05	21:00:30	Sat
f998ccdc16f10bb0d42b91a48246a82c8662118a	McCormick Park	1745944761	46.837883	-114.039028	USA	MT	59804	300630013041	Missoula, MT	2025-04-29	16:39:21	Tue
525cf5b5cb790b02e607023daf4483eff5c85521	McCormick Park	1742739614	46.866667	-113.979185	USA	MT	59802	300630001004	Missoula, MT	2025-03-23	14:20:14	Sun
2a929850d623c10f2a630f2832d00c2668ae743a	McCormick Park	1742434741	46.895373	-114.070296	USA	MT	59808	300630002052	Missoula, MT	2025-03-20	01:39:01	Thu
0d341b9f87a8cf79079d1599ddc89118b33a2e4d	McCormick Park	1746722063	46.872921	-114.013468	USA	MT	59801	300630007001	Missoula, MT	2025-05-08	16:34:23	Thu
3b7c931a4b2b45ded69935151bd533d258432218	McCormick Park	1746288243	46.870995	-113.987236	USA	MT	59802	300630003001	Missoula, MT	2025-05-03	16:04:03	Sat
13850fc4f687c022646ed191a87b4c286ca39e78	McCormick Park	1748015628	46.817751	-114.063436	USA	MT	59803	300630013045	Missoula, MT	2025-05-23	15:53:48	Fri
c784b3eeaa72cabcd5a932c86337a53eda55c45d	McCormick Park	1744473492	46.928162	-114.184949	USA	MT	59808	300630016011	Missoula, MT	2025-04-12	15:58:12	Sat
a69df245f7956bfa3d0587a75af78e6419acc799	McCormick Park	1748281881	46.869056	-113.946715	USA	MT	59802	300630004001	Missoula, MT	2025-05-26	17:51:21	Mon
6c7a22d7c3f318bae2dab7c02892282942229171	McCormick Park	1745130231	46.828756	-114.039114	USA	MT	59803	300630013043	Missoula, MT	2025-04-20	06:23:51	Sun
17084ebfd325f0099f6d85dd11434b288f6dabf8	McCormick Park	1743889283	46.857845	-114.005683	USA	MT	59801	300630011003	Missoula, MT	2025-04-05	21:41:23	Sat
47ec778a481f2d76a25e38be84d6fad4340acca2	McCormick Park	1749689951	46.814024	-114.078361	USA	MT	59803	300630013044	Missoula, MT	2025-06-12	00:59:11	Thu
c02d96a51b97de0ca71fc12d2c5331a7e6542115	McCormick Park	1749772038	45.685498	-111.101321	USA	MT	59718	300310005051	Butte-Bozeman, MT	2025-06-12	23:47:18	Thu
63ba2d11af48ac9103a25b00938fa040ef575f18	McCormick Park	1748730128	46.814160	-113.803804	USA	MT	59825	300630014021	Missoula, MT	2025-05-31	22:22:08	Sat
4d81df552f1cb027b557cc345d65353eb81dc94c	McCormick Park	1744077405	46.767228	-114.090152	USA	MT	59847	300630015022	Missoula, MT	2025-04-08	01:56:45	Tue
783baad88cc096324f8b9983f7c7d5f60840f693	McCormick Park	1743827891	46.867209	-113.978457	USA	MT	59802	300630001004	Missoula, MT	2025-04-05	04:38:11	Sat
bb356050682f8c5ace4583e2e01c039b85054ddf	McCormick Park	1748879305	46.861090	-113.999102	USA	MT	59801	300630011001	Missoula, MT	2025-06-02	15:48:25	Mon
c65a0823c03080425568caec1a7bc11ab1e38914	McCormick Park	1746131050	46.838810	-114.016762	USA	MT	59801	300630012004	Missoula, MT	2025-05-01	20:24:10	Thu
65770230e8b3255a04269401c711330b3d1b9947	McCormick Park	1749425872	46.855013	-114.034058	USA	MT	59801	300630010012	Missoula, MT	2025-06-08	23:37:52	Sun
31bda18c4bc23df843ed2b9acb8b40a827883ff0	McCormick Park	1744486906	46.863166	-114.047844	USA	MT	59804	300630009011	Missoula, MT	2025-04-12	19:41:46	Sat
824af94ee4681d0951d66c729877656678831895	McCormick Park	1749427454	46.854192	-114.015318	USA	MT	59801	300630012001	Missoula, MT	2025-06-09	00:04:14	Mon
752599410929cd9047e3740244afd6a776f5ab98	McCormick Park	1746764311	46.871296	-114.013867	USA	MT	59801	300630007001	Missoula, MT	2025-05-09	04:18:31	Fri
6640f8e1e6f05eb10149c49775ca83d04b720697	McCormick Park	1749097775	46.852998	-114.015905	USA	MT	59801	300630012002	Missoula, MT	2025-06-05	04:29:35	Thu
6caa71651b713a670a7d6504a7d824014ba1d3fe	McCormick Park	1742450492	46.856909	-114.004066	USA	MT	59801	300630011003	Missoula, MT	2025-03-20	06:01:32	Thu
24313203dfcec05a5d5290ce1aaad9adbbed223e	McCormick Park	1744347369	46.872636	-114.013234	USA	MT	59801	300630007001	Missoula, MT	2025-04-11	04:56:09	Fri
f10da0fa2bc601efc4c4a7e03b9dcc8c067baa92	McCormick Park	1743130760	46.831687	-114.037014	USA	MT	59803	300630013032	Missoula, MT	2025-03-28	02:59:20	Fri
373d2d22259d8138cf2dc3d71332389470a374c4	McCormick Park	1748923547	47.630109	-122.063582	USA	WA	98074	530330323164	Seattle-Tacoma, WA	2025-06-03	04:05:47	Tue
4cd5c126fd3a7c231e152c0988f3a41ce6f823ea	McCormick Park	1744586113	46.878619	-113.877268	USA	MT	59802	300630014012	Missoula, MT	2025-04-13	23:15:13	Sun
4e135fb1f8368a3160489e6f7731b1e26a1905de	McCormick Park	1747283189	46.764510	-113.711502	USA	MT	59825	300630014021	Missoula, MT	2025-05-15	04:26:29	Thu
a780c659bf7f138f5f5669b8b4894c327dbcc239	McCormick Park	1742361230	46.753328	-114.101117	USA	MT	59847	300630015023	Missoula, MT	2025-03-19	05:13:50	Wed
54368a7b464aa12d66faabb723872a23acc9f512	McCormick Park	1748146649	47.508652	-111.228395	USA	MT	59405	300130001001	Great Falls, MT	2025-05-25	04:17:29	Sun
11bced96469aa6714cd880a1cd9f2fc71045f34b	McCormick Park	1748477407	46.869125	-114.020032	USA	MT	59801	300630008011	Missoula, MT	2025-05-29	00:10:07	Thu
b3288a2999381a6d54f39a6112e187f65c47e6c8	McCormick Park	1744036655	46.863468	-114.000737	USA	MT	59801	300630011001	Missoula, MT	2025-04-07	14:37:35	Mon
046201192d3a1e865098606b490dbbe7f088db5f	McCormick Park	1743099720	46.840007	-114.028113	USA	MT	59801	300630013034	Missoula, MT	2025-03-27	18:22:00	Thu
ef615e305e9ace92792d3a207e38f614167f1214	McCormick Park	1748201175	46.885735	-114.075936	USA	MT	59808	300630002054	Missoula, MT	2025-05-25	19:26:15	Sun
4d5f29d5e3ac2225dedc2e7809c909c1a4354775	McCormick Park	1749681829	46.853949	-114.034236	USA	MT	59801	300630010012	Missoula, MT	2025-06-11	22:43:49	Wed
c42823c3f391bb6483852b3a0c0e0f388a0eb24b	McCormick Park	1749060360	46.843984	-114.001495	USA	MT	59801	300630012003	Missoula, MT	2025-06-04	18:06:00	Wed
5f02f60278ed39e765c1267b26664eed6a2c0ace	McCormick Park	1744948003	46.872729	-114.004717	USA	MT	59801	300630007001	Missoula, MT	2025-04-18	03:46:43	Fri
9977ad624ea92f9b51d19262b938d7aa59c3c15d	McCormick Park	1745011641	46.916884	-114.057776	USA	MT	59808	300630002063	Missoula, MT	2025-04-18	21:27:21	Fri
5d1a708f49084bbc917f0e4e5d4eb0b7cead06fa	McCormick Park	1748227229	46.894310	-114.047717	USA	MT	59808	300630002051	Missoula, MT	2025-05-26	02:40:29	Mon
a0c0df94e9b26fc7cd5a74f00088b89afa3e19d9	McCormick Park	1742356760	45.655752	-110.587577	USA	MT	59047	300670002003	Billings, MT	2025-03-19	03:59:20	Wed
6bdd9528cde628c25417e604b19abfeb64f2da4c	McCormick Park	1748827971	46.837091	-114.026718	USA	MT	59801	300630013031	Missoula, MT	2025-06-02	01:32:51	Mon
276d25efc199d46045df8b9fa5ba7ed5fc702fcb	McCormick Park	1746677557	46.893499	-114.072112	USA	MT	59808	300630002052	Missoula, MT	2025-05-08	04:12:37	Thu
d116f53049b07130234bbb46297dd6a9cde71e27	McCormick Park	1749006538	46.872668	-114.044226	USA	MT	59804	300630009012	Missoula, MT	2025-06-04	03:08:58	Wed
f3449a5b8c8af8fdcfac8d31f675245afdf92f04	McCormick Park	1742517330	46.861100	-114.025469	USA	MT	59801	300630008022	Missoula, MT	2025-03-21	00:35:30	Fri
417e1a172cef98c736e6e6785ae7f605de47bc77	McCormick Park	1745349601	46.884640	-113.943925	USA	MT	59802	300630004002	Missoula, MT	2025-04-22	19:20:01	Tue
43664285e3925acbb98ae3b16255bb6e8d1642be	McCormick Park	1742342997	47.664589	-117.408464	USA	WA	99202	530630025031	Spokane, WA	2025-03-19	00:09:57	Wed
4ed4032e0034e6ff7617dac28af1fa995ad41240	McCormick Park	1749510417	46.890355	-114.102805	USA	MT	59808	300630002054	Missoula, MT	2025-06-09	23:06:57	Mon
b383d5b05137316f1a46ee5c2cf029abf12e625c	McCormick Park	1748381051	46.857000	-114.083799	USA	MT	59804	300630009012	Missoula, MT	2025-05-27	21:24:11	Tue
1d20689c1e0e011f9a4df53989b041d336882086	McCormick Park	1742425885	46.861815	-114.089242	USA	MT	59804	300630009012	Missoula, MT	2025-03-19	23:11:25	Wed
aa6ad42fbfbd9cb433e65b2924e5fc6982cc03f5	McCormick Park	1749435051	46.865444	-114.006702	USA	MT	59801	300630007002	Missoula, MT	2025-06-09	02:10:51	Mon
7012f476858cf9fb7a6cd4de64b88081e197ad2d	McCormick Park	1749755250	40.759589	-111.887782	USA	UT	84111	490351140002	Salt Lake City, UT	2025-06-12	19:07:30	Thu
d72c0dd2d659c18c4499b604b8f70ab1fd1261f5	McCormick Park	1742185540	46.871271	-114.007415	USA	MT	59801	300630007001	Missoula, MT	2025-03-17	04:25:40	Mon
c31aa8bd6a1274e6a7ac75c1466450abef71ab98	McCormick Park	1748911594	46.855769	-114.038519	USA	MT	59801	300630010012	Missoula, MT	2025-06-03	00:46:34	Tue
e369d0d7d17497bfd46ac1cb3ffa0429bd1117a8	McCormick Park	1748742194	46.780265	-113.974724	USA	MT	59803	300630013023	Missoula, MT	2025-06-01	01:43:14	Sun
985970c7716679822152213a104bd1555da66db5	McCormick Park	1743083784	47.042246	-114.090507	USA	MT	59808	300630018012	Missoula, MT	2025-03-27	13:56:24	Thu
bc3645eb5523b9d6f6a23408ce7a842699eab601	McCormick Park	1747805228	46.865376	-114.004378	USA	MT	59801	300630007002	Missoula, MT	2025-05-21	05:27:08	Wed
098ad319a7beceac4d9ad6439c98733fca1c2f0d	McCormick Park	1749155542	46.886274	-114.003699	USA	MT	59802	300630002041	Missoula, MT	2025-06-05	20:32:22	Thu
8ff1d975e8f24b1316a71b7a5b85780e01f5a31b	McCormick Park	1748320868	46.850511	-114.036912	USA	MT	59801	300630010011	Missoula, MT	2025-05-27	04:41:08	Tue
03226f7fd860eb9e4d3b09d92c2fcd1c204551a7	McCormick Park	1748124112	46.661125	-114.073754	USA	MT	59833	300630015023	Missoula, MT	2025-05-24	22:01:52	Sat
e90d297520143d82ac0f84c5a89e61e744cfcc0f	McCormick Park	1748460409	46.904274	-114.049548	USA	MT	59808	300630002052	Missoula, MT	2025-05-28	19:26:49	Wed
ab531bb9663623ee2fb2666b4f9a1bdf8721654c	McCormick Park	1742434952	46.834635	-114.046073	USA	MT	59804	300630013041	Missoula, MT	2025-03-20	01:42:32	Thu
05e065f64a18f595fe4a6c3f649d13f040bdea06	McCormick Park	1749840231	46.878973	-114.001776	USA	MT	59802	300630003002	Missoula, MT	2025-06-13	18:43:51	Fri
1ccaca1e2a1670f70d8375cfecc68063094bf320	McCormick Park	1749511251	46.867143	-114.002604	USA	MT	59801	300630007001	Missoula, MT	2025-06-09	23:20:51	Mon
ea51a63cefa68a2a0386d4ac39bd915f0babb4f9	McCormick Park	1742305781	46.869409	-113.946704	USA	MT	59802	300630004001	Missoula, MT	2025-03-18	13:49:41	Tue
f0751620761aa8c521f04ddc5e6f48fde21c624e	McCormick Park	1748412003	46.938264	-114.089521	USA	MT	59808	300630002064	Missoula, MT	2025-05-28	06:00:03	Wed
495f4d6e1d0722e335eddfb7690d5348330be1f6	McCormick Park	1748401464	46.871824	-114.008353	USA	MT	59801	300630007001	Missoula, MT	2025-05-28	03:04:24	Wed
1a5ebe3ba242d6174825e2ebf6eb272eb317fcba	McCormick Park	1749774213								2025-06-13	00:23:33	Fri
0796a21d912508730eccc950cb0117298dbb5513	McCormick Park	1742406348	46.917383	-114.055725	USA	MT	59808	300630002063	Missoula, MT	2025-03-19	17:45:48	Wed
d3bfdcb4e25744c9c4ef0e13162532b065154c10	McCormick Park	1742542987	35.228038	-111.630098	USA	AZ	86001	040050002002	Phoenix, AZ	2025-03-21	07:43:07	Fri
bd757f9eed2aa77082104bbb473bb3239f19e7ab	McCormick Park	1746297464	46.901016	-113.960265	USA	MT	59802	300630001005	Missoula, MT	2025-05-03	18:37:44	Sat
dbe7378db4f808420104e1fd7444468d303383a2	McCormick Park	1749593273	46.191125	-114.108452	USA	MT	59840	300810006023	Missoula, MT	2025-06-10	22:07:53	Tue
a43c3df650b8ad2aada88483fffa5e06eb287250	McCormick Park	1748220034	46.871349	-114.001898	USA	MT	59801	300630007001	Missoula, MT	2025-05-26	00:40:34	Mon
5168cd2c1e75bf7a44546a666df72c024c4eaf1f	McCormick Park	1746110402	46.841136	-114.027516	USA	MT	59801	300630013034	Missoula, MT	2025-05-01	14:40:02	Thu
98f3a6509fe35d8bd7a09ac450602189401daea5	McCormick Park	1749614613	46.870651	-113.987622	USA	MT	59802	300630003001	Missoula, MT	2025-06-11	04:03:33	Wed
b96c8111b2cc05ff9514e24b8c0beb46c052e22a	McCormick Park	1742610911	46.870981	-114.002836	USA	MT	59801	300630007001	Missoula, MT	2025-03-22	02:35:11	Sat
160a45d5127d51e358f817bd3d31a93efadf4f81	McCormick Park	1748810233	46.873113	-114.024702	USA	MT	59801	300630008013	Missoula, MT	2025-06-01	20:37:13	Sun
dab5f0e9d85e729568ec39871e3283288d5a56c2	McCormick Park	1747260159	46.869226	-113.948950	USA	MT	59802	300630004002	Missoula, MT	2025-05-14	22:02:39	Wed
6582d45de4f20cdfa9ad32911efff8761dc80c68	McCormick Park	1749671464	46.877722	-113.938168	USA	MT	59802	300630004002	Missoula, MT	2025-06-11	19:51:04	Wed
37438b72105f71d09234e03de68acc331b866f2d	McCormick Park	1749413115	46.857675	-114.010212	USA	MT	59801	300630011003	Missoula, MT	2025-06-08	20:05:15	Sun
e23ef68375c6e830c489e09ab8141b95a00be153	McCormick Park	1745951785	45.601311	-107.460790	USA	MT	59022	300039406002	Billings, MT	2025-04-29	18:36:25	Tue
85fe803e4f61dfc8a69dc0ce997ef2e660ce0e5b	McCormick Park	1746733121	46.856813	-114.083797	USA	MT	59804	300630009012	Missoula, MT	2025-05-08	19:38:41	Thu
a4761a5a89020e001b7f25774f6fb3beb19b879e	McCormick Park	1746233147	46.832587	-114.049927	USA	MT	59804	300630009014	Missoula, MT	2025-05-03	00:45:47	Sat
6988f7accfc587e11e20f8fdf98cad583ab7cd66	McCormick Park	1748359111	46.892680	-113.960841	USA	MT	59802	300630001005	Missoula, MT	2025-05-27	15:18:31	Tue
6f4dcf15b958fba226e5c24102491a92545c1c95	McCormick Park	1746384575	46.879369	-113.972341	USA	MT	59802	300630001001	Missoula, MT	2025-05-04	18:49:35	Sun
3fa58240346808455eb4472bedaf0f86dbc8bb97	McCormick Park	1749284331	46.870242	-114.031055	USA	MT	59801	300630008011	Missoula, MT	2025-06-07	08:18:51	Sat
84469089a88df73ae0bea0cf06f7010f36c703e4	McCormick Park	1745940460	46.782432	-113.712167	USA	MT	59825	300630014022	Missoula, MT	2025-04-29	15:27:40	Tue
1dcac7103b324048a44f183f609e41fd815eead7	McCormick Park	1747413044	45.768212	-108.623372	USA	MT	59106	301110014041	Billings, MT	2025-05-16	16:30:44	Fri
f9cddd3f19f5ba492148854ac67a76d48c9d784d	McCormick Park	1749341180	46.829401	-114.051821	USA	MT	59803	300630013042	Missoula, MT	2025-06-08	00:06:20	Sun
268c99a6b1c0dd24d01b9dfd4c13a5f372900bed	McCormick Park	1745724683	46.832740	-114.043072	USA	MT	59803	300630013041	Missoula, MT	2025-04-27	03:31:23	Sun
a1f514a51e04c6b210df72fdb89c071e3cf94279	McCormick Park	1749245115	46.881116	-113.999253	USA	MT	59802	300630002031	Missoula, MT	2025-06-06	21:25:15	Fri
c86f63481d97cab94422f29ca9cdef620b570490	McCormick Park	1744133903	46.867312	-114.033983	USA	MT	59801	300630008012	Missoula, MT	2025-04-08	17:38:23	Tue
b4d0c3a7f20626d2a4f66eb51bad74bf84e189ed	McCormick Park	1743864575	43.956364	-112.222577	USA	ID	83425	160519601002	Idaho Falls-Pocatello, ID	2025-04-05	14:49:35	Sat
947ecfa729e9cf1fe73158efb45ce4e3bf6e247b	McCormick Park	1745543291	46.890898	-114.004054	USA	MT	59802	300630002041	Missoula, MT	2025-04-25	01:08:11	Fri
b6d6071b27c60e0825bc75e92dd5e566f366408b	McCormick Park	1744679573	46.874598	-114.015636	USA	MT	59801	300630007001	Missoula, MT	2025-04-15	01:12:53	Tue
c320e622439bb0e31b945743a18ca4f118bfc4dd	McCormick Park	1743204805	35.479713	-120.681868	USA	CA	93422	060790126012	Santa Barbara-Santa Maria-San Luis Obispo, CA	2025-03-28	23:33:25	Fri
c557d2fe5c08312b8485031a7bee2ebde9b4398c	McCormick Park	1746321115	46.841343	-114.022627	USA	MT	59801	300630013034	Missoula, MT	2025-05-04	01:11:55	Sun
3c10bac97e45328fdddeeea341da87a1bb223e5f	McCormick Park	1745821438	46.830204	-114.037604	USA	MT	59803	300630013032	Missoula, MT	2025-04-28	06:23:58	Mon
d7d78dbe1db0e4372468ecfa83b7a94411043ced	McCormick Park	1748904087	46.833811	-114.043794	USA	MT	59803	300630013041	Missoula, MT	2025-06-02	22:41:27	Mon
cf313f02442f586395d9925cb25aa7221b329254	McCormick Park	1746319132	46.400243	-114.186248	USA	MT	59875	300810003002	Missoula, MT	2025-05-04	00:38:52	Sun
b03051ed711633eec313777a91b0a614c195057a	McCormick Park	1749256123	43.706133	-116.320049	USA	ID	83616	160010102352	Boise, ID	2025-06-07	00:28:43	Sat
ca7b835481315d27558bafe08ebb4837f9401b7a	McCormick Park	1748526560	46.844850	-114.005312	USA	MT	59801	300630012003	Missoula, MT	2025-05-29	13:49:20	Thu
78a40da0c1a512832be9fac3d95ab7bb9a90e3e4	McCormick Park	1748478344	46.877988	-113.990255	USA	MT	59802	300630002031	Missoula, MT	2025-05-29	00:25:44	Thu
b5e5764f595a4ea8a3bca85046625055411289b5	McCormick Park	1742252411	46.895826	-113.967844	USA	MT	59802	300630001001	Missoula, MT	2025-03-17	23:00:11	Mon
8d5761c071bb225ef7a1f02779cb88c89addbbc2	McCormick Park	1749353034	46.864974	-114.011254	USA	MT	59801	300630007002	Missoula, MT	2025-06-08	03:23:54	Sun
7127fd4a8ab4701a18c42414064d7e50b42edcf0	McCormick Park	1749794916	46.874579	-114.015268	USA	MT	59801	300630007001	Missoula, MT	2025-06-13	06:08:36	Fri
1bfad0fcddc776e7801b127c4ebc0a8cba0aa365	McCormick Park	1746126726	46.863334	-114.029618	USA	MT	59801	300630008021	Missoula, MT	2025-05-01	19:12:06	Thu
9103baefbb9e07d7a74438559abc758f76a74b21	McCormick Park	1746213488	44.840247	-92.337946	USA	WI	54767	550939602003	Minneapolis-St. Paul, MN	2025-05-02	19:18:08	Fri
1e100016ee0674bc16e2a32cb2fcdc6670507df9	McCormick Park	1747253236	46.834319	-114.017779	USA	MT	59803	300630012004	Missoula, MT	2025-05-14	20:07:16	Wed
2fd3efa9b16254e30ab0d663496e180389d2c82a	McCormick Park	1749496918	46.586222	-114.044837	USA	MT	59870	300810002031	Missoula, MT	2025-06-09	19:21:58	Mon
f74fff5805c5824ace648eeb19c6a1823aefb399	McCormick Park	1749588790	46.841286	-114.011525	USA	MT	59801	300630012004	Missoula, MT	2025-06-10	20:53:10	Tue
1739134cb2a0e66ab3a3b98790739fb63524241b	McCormick Park	1742504571	46.835867	-114.044628	USA	MT	59804	300630013041	Missoula, MT	2025-03-20	21:02:51	Thu
1d94ec3106762c514521234e2cdbc2c00f40764d	McCormick Park	1749441385	27.931179	-82.284164	USA	FL	33511	120570133112	Tampa-St. Petersburg (Sarasota), FL	2025-06-09	03:56:25	Mon
bd179643167ce6fe2bdab64cca97001e492d9379	McCormick Park	1749406238	46.819691	-114.030348	USA	MT	59803	300630013024	Missoula, MT	2025-06-08	18:10:38	Sun
b7b62a353aec1f8e8ae681455b3c515eaa02c270	McCormick Park	1746662884	46.832991	-114.031436	USA	MT	59803	300630013032	Missoula, MT	2025-05-08	00:08:04	Thu
91247c67db11c9359e214202ee675978cc3484b2	McCormick Park	1746481284	46.988452	-114.108974	USA	MT	59808	300630016012	Missoula, MT	2025-05-05	21:41:24	Mon
be940be8ea3abc3f8c78bd7fc1cb75fd7f66ef20	McCormick Park	1748046586	46.764935	-114.078299	USA	MT	59847	300630015011	Missoula, MT	2025-05-24	00:29:46	Sat
29ce77f7e80a5f0bc40667ce21c158b9c6682b2d	McCormick Park	1749581463	46.850051	-114.080545	USA	MT	59804	300630009013	Missoula, MT	2025-06-10	18:51:03	Tue
7d7930793e4f4da7f55e0cc71508d64a27271f6a	McCormick Park	1748814194								2025-06-01	21:43:14	Sun
a24734f8734198b4c82756b7eaa77a0f454232e5	McCormick Park	1746640296	46.828973	-114.031351	USA	MT	59803	300630013033	Missoula, MT	2025-05-07	17:51:36	Wed
2e2530b3404443ab28e6a2699484bfe610cafee4	McCormick Park	1742841540	46.877809	-114.019335	USA	MT	59808	300630002042	Missoula, MT	2025-03-24	18:39:00	Mon
dd43e02e4d4cbd9383e4fcce5c007bc66f217439	McCormick Park	1746362777	46.858273	-114.022916	USA	MT	59801	300630010021	Missoula, MT	2025-05-04	12:46:17	Sun
2fe711aea13bbb7a0fe0d1894c9ca43299a3781a	McCormick Park	1743564577	46.908334	-113.957682	USA	MT	59802	300630014011	Missoula, MT	2025-04-02	03:29:37	Wed
6423e89668d8e41b637558eae9d5e5e877ac7daa	McCormick Park	1748791935	46.871661	-113.976601	USA	MT	59802	300630001003	Missoula, MT	2025-06-01	15:32:15	Sun
995d836589ab10fa03a4c3316a9dbd76932f7ab2	McCormick Park	1742393471	46.894073	-113.969824	USA	MT	59802	300630001001	Missoula, MT	2025-03-19	14:11:11	Wed
bc52cda9f9694504eeea80df914b969502593c1e	McCormick Park	1748726914	46.509909	-114.093350	USA	MT	59870	300810002013	Missoula, MT	2025-05-31	21:28:34	Sat
5c7887c7dd84f4c543141418497fefaa7de4a57d	McCormick Park	1749357562	48.067745	-114.273767	USA	MT	59932	300290014021	Missoula, MT	2025-06-08	04:39:22	Sun
7f44aa2539e381337c4574b1db8d100583a61068	McCormick Park	1748792790	46.915227	-114.059840	USA	MT	59808	300630002063	Missoula, MT	2025-06-01	15:46:30	Sun
90d5a382eb683cb2d80e365b36bff0fe67caa179	McCormick Park	1743622249	46.893554	-114.070797	USA	MT	59808	300630002052	Missoula, MT	2025-04-02	19:30:49	Wed
16c024c0ca07cc219c01a81cb881d7dda9bc3ef2	McCormick Park	1746294793	46.878986	-113.880486	USA	MT	59802	300630014012	Missoula, MT	2025-05-03	17:53:13	Sat
6b4e28b07715d9dcbdb259b2d25d7ac32f4f686e	McCormick Park	1749699732	40.780309	-111.893332	USA	UT	84103	490351007002	Salt Lake City, UT	2025-06-12	03:42:12	Thu
7e3ad5008476da78f12ab2b1bc40c0022a1541dd	McCormick Park	1743861159	46.375645	-114.055080	USA	MT	59828	300810004021	Missoula, MT	2025-04-05	13:52:39	Sat
986b867706635658bbfedb66f8f2a4519d1bfc8d	McCormick Park	1742174254	46.856139	-114.018473	USA	MT	59801	300630010021	Missoula, MT	2025-03-17	01:17:34	Mon
98b7897c903043d0b102febba20b37a2fcad98dd	McCormick Park	1746741625	40.646098	-112.029556	USA	UT	84118	490351135263	Salt Lake City, UT	2025-05-08	22:00:25	Thu
39b31d3e01f2aea082861aac22a3b417fa0b4d40	McCormick Park	1746112754	46.871701	-114.035911	USA	MT	59801	300630008012	Missoula, MT	2025-05-01	15:19:14	Thu
a2cd5d22dce8d930428d3b6ad4869b88e5b9e936	McCormick Park	1745950338	46.884683	-113.993525	USA	MT	59802	300630001002	Missoula, MT	2025-04-29	18:12:18	Tue
9b56d47d34176b0aec0913f50d263a032cfb8472	McCormick Park	1743466053	46.960914	-114.125177	USA	MT	59808	300630016012	Missoula, MT	2025-04-01	00:07:33	Tue
e37ab7817c47ece8852cfb8aa2dba547edaff3b0	McCormick Park	1743038404	46.887260	-114.017202	USA	MT	59808	300630002032	Missoula, MT	2025-03-27	01:20:04	Thu
2b57c8bb789ad5bd4f87fa19b6900980fb549867	McCormick Park	1744510686	46.763595	-114.089385	USA	MT	59847	300630015022	Missoula, MT	2025-04-13	02:18:06	Sun
854908b565f698f0862b82faaa19f6025e1f211b	McCormick Park	1742914157	46.832460	-114.019264	USA	MT	59803	300630013032	Missoula, MT	2025-03-25	14:49:17	Tue
504b68c461cdec8fc46c6ad12e7f6163b9ae87bb	McCormick Park	1743905683	46.866288	-113.993965	USA	MT	59801	300630005021	Missoula, MT	2025-04-06	02:14:43	Sun
460c6cc009968a6ca04d1dc7085baa2a52947c9e	McCormick Park	1748834368	46.854194	-114.045823	USA	MT	59804	300630009015	Missoula, MT	2025-06-02	03:19:28	Mon
0f061b16e31f9bedb9f039e2cde73c684193e3b9	McCormick Park	1745540881	46.994796	-114.184603	USA	MT	59808	300630016012	Missoula, MT	2025-04-25	00:28:01	Fri
7bb052c38164b1ac174a10454727e4d2fa4bee95	McCormick Park	1749066553	47.033057	-114.308213	USA	MT	59834	300630016021	Missoula, MT	2025-06-04	19:49:13	Wed
dd59588a64f83de6122366b97de439662d67bb56	McCormick Park	1749362525	46.763085	-114.076697	USA	MT	59847	300630015011	Missoula, MT	2025-06-08	06:02:05	Sun
c7bd4a30ca615eea2ad47256e3d9af8d90834731	McCormick Park	1746309916	46.850357	-113.989355	USA	MT	59801	300630005011	Missoula, MT	2025-05-03	22:05:16	Sat
44efc465772c9d89e2a9ba6ac43a5cdd650fd1e1	McCormick Park	1748067034	46.883185	-114.015603	USA	MT	59802	300630002032	Missoula, MT	2025-05-24	06:10:34	Sat
ef73fae46c8f48bdbe8ff70893d341e99678bf5e	McCormick Park	1745545758	46.888016	-114.020502	USA	MT	59808	300630002043	Missoula, MT	2025-04-25	01:49:18	Fri
71c897615c61be702dee86df75947225e3b01669	McCormick Park	1746115012	46.965985	-114.156444	USA	MT	59808	300630016012	Missoula, MT	2025-05-01	15:56:52	Thu
d173785e9c65c803e607611a853619ed5baa3747	McCormick Park	1748187810	46.858700	-114.001536	USA	MT	59801	300630011003	Missoula, MT	2025-05-25	15:43:30	Sun
10da01e6ace234655d9014d05568cbeb1d37f0f2	McCormick Park	1742441268	46.900408	-114.118645	USA	MT	59808	300630002063	Missoula, MT	2025-03-20	03:27:48	Thu
9367bf275bb9bd2b309acc0e2390104c4c110867	McCormick Park	1743876175	46.872889	-114.004537	USA	MT	59801	300630007001	Missoula, MT	2025-04-05	18:02:55	Sat
10e340b6418f8c6f744f1d0f5af32b33153fc86b	McCormick Park	1748493069	46.837617	-114.014779	USA	MT	59801	300630012004	Missoula, MT	2025-05-29	04:31:09	Thu
5e8d47b47d88bb524a7bfa94e761844f4e685089	McCormick Park	1748443261	46.871832	-113.976730	USA	MT	59802	300630001003	Missoula, MT	2025-05-28	14:41:01	Wed
d870500e8b866bec88b1c07aa58eb637ecd5d44c	McCormick Park	1748822083	46.894978	-113.967909	USA	MT	59802	300630001001	Missoula, MT	2025-06-01	23:54:43	Sun
0c95d6541506e4c783b1bf9beece072939287048	McCormick Park	1744386420	41.254546	-104.779298	USA	WY	82009	560210019012	Cheyenne, WY-Scottsbluff, NE	2025-04-11	15:47:00	Fri
7d26bd181a343c61c680b95f8935d74f8d62326c	McCormick Park	1748975877	46.891020	-114.041603	USA	MT	59808	300630002053	Missoula, MT	2025-06-03	18:37:57	Tue
3fdab5e78a9a3e9cbb4135a3f83f206ee5c12096	McCormick Park	1742915054	46.817335	-114.056363	USA	MT	59803	300630013042	Missoula, MT	2025-03-25	15:04:14	Tue
5f3fd8ec2e4fac2f244f410cfc0b189d4221e6ef	McCormick Park	1745540492	47.011285	-114.223691	USA	MT	59808	300630016011	Missoula, MT	2025-04-25	00:21:32	Fri
e1eba88507ebb44a521f0f1fc09928ccd330d44d	McCormick Park	1748206862	46.641214	-114.029571	USA	MT	59833	300810001003	Missoula, MT	2025-05-25	21:01:02	Sun
c1a3ed6fd4c62498722f10b8de4a86ca5125ff14	McCormick Park	1749148634	46.955564	-114.131444	USA	MT	59808	300630016012	Missoula, MT	2025-06-05	18:37:14	Thu
da671d134cae6c06b01512557081f03e44e83cef	McCormick Park	1745683449	46.881943	-113.910212	USA	MT	59802	300630014013	Missoula, MT	2025-04-26	16:04:09	Sat
9a8ce6412cf1b96d76ff66eac1a19df281b3f12f	McCormick Park	1746123964	46.870771	-114.009067	USA	MT	59801	300630007001	Missoula, MT	2025-05-01	18:26:04	Thu
4e19caa9974574591991d559a8cb339cd0b10c0f	McCormick Park	1742712007	46.862492	-113.992080	USA	MT	59801	300630005021	Missoula, MT	2025-03-23	06:40:07	Sun
0ad39374ad4db691611ab67d72b9231ca70d56cc	McCormick Park	1743469580								2025-04-01	01:06:20	Tue
d767314e7330fe6b67394208c60b28a2723bece6	McCormick Park	1746488955	47.077695	-113.250772	USA	MT	59854	300770001001	Butte-Bozeman, MT	2025-05-05	23:49:15	Mon
a291ce37decdc1bde09d7c65d0eb5d1f0351c0b0	McCormick Park	1744386271	46.854810	-114.049303	USA	MT	59804	300630009013	Missoula, MT	2025-04-11	15:44:31	Fri
88b98b090bbf704c5914b79b79a2c3234bdac9a2	McCormick Park	1746232404	46.242195	-114.159049	USA	MT	59840	300810005022	Missoula, MT	2025-05-03	00:33:24	Sat
a27a66dfbb7d85e2901647ce8f92b0dd33d30aae	McCormick Park	1742321930	46.886427	-113.974896	USA	MT	59802	300630001002	Missoula, MT	2025-03-18	18:18:50	Tue
475dfca98af0b5229c2b06b7f9a592e5e8f59232	McCormick Park	1743009022	45.664374	-111.123443	USA	MT	59718	300310005052	Butte-Bozeman, MT	2025-03-26	17:10:22	Wed
09222c4d55dbc3052e1470efb8f726791fb6c763	McCormick Park	1746331184	45.699271	-111.072720	USA	MT	59718	300310005062	Butte-Bozeman, MT	2025-05-04	03:59:44	Sun
fcc8fb1e37ca2edb34ee0f7ae3f15c884de2f0cb	McCormick Park	1749801668	46.890128	-114.010067	USA	MT	59802	300630002041	Missoula, MT	2025-06-13	08:01:08	Fri
c3478d40d407f049768aa1b884a6d25d7f93f105	McCormick Park	1749502563	46.408610	-112.729787	USA	MT	59722	300770002001	Butte-Bozeman, MT	2025-06-09	20:56:03	Mon
a193ba7d679c417f7038508687c09b4d88c11824	McCormick Park	1749098093	46.884541	-114.088622	USA	MT	59808	300630002054	Missoula, MT	2025-06-05	04:34:53	Thu
35c5221ae81f43fefeaf72bfbbf4c41187f9a519	McCormick Park	1742429905	46.884823	-114.018045	USA	MT	59802	300630002032	Missoula, MT	2025-03-20	00:18:25	Thu
be4d5b217382670c8440f30eda787f99604eef9b	McCormick Park	1749664809	20.990837	-156.666908	USA	HI	96761	150090315012	Honolulu, HI	2025-06-11	18:00:09	Wed
3cfd0bf2ec578511dd3fe7fb4b51b3e40770a62b	McCormick Park	1748802308	46.923618	-114.032249	USA	MT	59808	300630002064	Missoula, MT	2025-06-01	18:25:08	Sun
a6699f6046567c0b652d02e3066a52e51b2b2455	McCormick Park	1748416782	46.870802	-114.002265	USA	MT	59801	300630007001	Missoula, MT	2025-05-28	07:19:42	Wed
a90c8cd9bbbe53db688b9bc35d71aaf2c8fee8fb	McCormick Park	1749077415	46.865802	-114.002762	USA	MT	59801	300630007002	Missoula, MT	2025-06-04	22:50:15	Wed
04a5976e7b18dbcdfd746983ad0fb4ace5fdf307	McCormick Park	1746291925	46.748030	-114.100137	USA	MT	59847	300630015023	Missoula, MT	2025-05-03	17:05:25	Sat
6140405c6e9943e753d86583691e0a6baab4efbb	McCormick Park	1744580080	46.870018	-114.006982	USA	MT	59801	300630007002	Missoula, MT	2025-04-13	21:34:40	Sun
d6420d80ba1db69cd01f37bbd343ca8ac5619bee	McCormick Park	1744525027	46.862236	-114.044172	USA	MT	59804	300630009011	Missoula, MT	2025-04-13	06:17:07	Sun
b8c5d1cd3e20b2bea1e924208fa47611e0e6a7c9	McCormick Park	1744303900	46.625760	-111.764477	USA	MT	59602	300490012021	Helena, MT	2025-04-10	16:51:40	Thu
ea320051ac7db685d1f79eeb5f6c5ddf58353cd0	McCormick Park	1747008007	46.848163	-114.002477	USA	MT	59801	300630012003	Missoula, MT	2025-05-12	00:00:07	Mon
986f6ebc426c150bb31fbe68f70e1f158abb0cfb	McCormick Park	1745564617	46.883207	-113.889609	USA	MT	59802	300630014012	Missoula, MT	2025-04-25	07:03:37	Fri
d6df6ded3e4f289e0d88100d50d82b88d66f9849	McCormick Park	1743983581	46.879396	-113.997223	USA	MT	59802	300630002031	Missoula, MT	2025-04-06	23:53:01	Sun
4a41de03eba2766ecf7be93d08651ce77aec2986	McCormick Park	1744131871	46.642943	-114.083818	USA	MT	59833	300810001001	Missoula, MT	2025-04-08	17:04:31	Tue
b07219d2951fdc2ce35b5f61c381dcf3db3a42eb	McCormick Park	1749839332	46.851722	-114.021667	USA	MT	59801	300630010021	Missoula, MT	2025-06-13	18:28:52	Fri
63d0ddff64e8d67f367fac215bd9b0ed5fb61162	McCormick Park	1743008971	46.849462	-114.097868	USA	MT	59804	300630009014	Missoula, MT	2025-03-26	17:09:31	Wed
0f8ec967394d53e5b905733d9cf61b303e7b2e13	McCormick Park	1744292523	46.876332	-113.898456	USA	MT	59802	300630014013	Missoula, MT	2025-04-10	13:42:03	Thu
4329dc32c972da7eb45037c499793e50117d0e0e	McCormick Park	1746306157	46.837855	-114.014313	USA	MT	59801	300630012004	Missoula, MT	2025-05-03	21:02:37	Sat
7748e7c825a38bcb8246c0292f6c35beaf034361	McCormick Park	1744252734	46.838456	-114.018495	USA	MT	59801	300630013031	Missoula, MT	2025-04-10	02:38:54	Thu
00eed21e6d29f13d251236c9a0401498ad3d6e6a	McCormick Park	1748389864	46.890515	-114.102879	USA	MT	59808	300630002054	Missoula, MT	2025-05-27	23:51:04	Tue
4a33d862b2ee7caf944a23d6c9664f4fb5e1d102	McCormick Park	1746454252	46.594036	-114.041912	USA	MT	59870	300810002031	Missoula, MT	2025-05-05	14:10:52	Mon
2e4f7cd0dd1d298830960821232c12831c9c4af0	McCormick Park	1747230971	40.754330	-111.878570	USA	UT	84111	490351020003	Salt Lake City, UT	2025-05-14	13:56:11	Wed
f1e158d3221726ec0f848d53137d2b09fa7fe0c2	McCormick Park	1749048346	46.877928	-114.019436	USA	MT	59808	300630002042	Missoula, MT	2025-06-04	14:45:46	Wed
c52d41bd4ce4ed2bb810ef1c90b02d30b15b5410	McCormick Park	1745231302	46.871989	-113.995460	USA	MT	59802	300630003002	Missoula, MT	2025-04-21	10:28:22	Mon
da31b2c1d343c1b13ade136d954f6e8164560266	McCormick Park	1748982721	46.850499	-114.001906	USA	MT	59801	300630012002	Missoula, MT	2025-06-03	20:32:01	Tue
a1e2f02251cdf9506dfbcc42b7c7c236cca84a3f	McCormick Park	1745598068	46.960012	-114.010099	USA	MT	59808	300630014011	Missoula, MT	2025-04-25	16:21:08	Fri
201c7d3c87cf129a1c81d8e5c4ef60ff32efb467	McCormick Park	1746934791	46.836302	-114.010433	USA	MT	59803	300630013021	Missoula, MT	2025-05-11	03:39:51	Sun
e964dec70bef5ac212fb5c2318f173bd776cf6ad	McCormick Park	1742402032	46.893654	-114.095515	USA	MT	59808	300630002063	Missoula, MT	2025-03-19	16:33:52	Wed
84b6763a4a1dfe62753908c8949d6e936f5a73db	McCormick Park	1744999102	46.885782	-114.080667	USA	MT	59808	300630002052	Missoula, MT	2025-04-18	17:58:22	Fri
698ca67b61028fe8928582b731f7e1a3a1ae8ff9	McCormick Park	1748652519	46.849743	-113.988508	USA	MT	59801	300630005011	Missoula, MT	2025-05-31	00:48:39	Sat
ba8fc1d570a950bf00636837a603ca7e73d214e1	McCormick Park	1743625932	46.872824	-114.033876	USA	MT	59801	300630008012	Missoula, MT	2025-04-02	20:32:12	Wed
837795c9681442ae1c684ddf4544fea6e5bc8a6b	McCormick Park	1748562450	47.515788	-111.368632	USA	MT	59404	300130017001	Great Falls, MT	2025-05-29	23:47:30	Thu
793fd7c4369b5ba6d48872124cb56b330ff2c599	McCormick Park	1742345943	46.891662	-114.112675	USA	MT	59808	300630002062	Missoula, MT	2025-03-19	00:59:03	Wed
c9153ac9742ef55fe9178c76c6bb5dc6e25b8cbd	McCormick Park	1749254663								2025-06-07	00:04:23	Sat
8f0c6458080c62b29e38e1873dede895ef8383ce	McCormick Park	1744397020	46.872927	-114.016388	USA	MT	59801	300630007001	Missoula, MT	2025-04-11	18:43:40	Fri
5dcee517d454f3d5b8379acaae7c0ab494200ca9	McCormick Park	1748046860	47.015333	-114.208591	USA	MT	59834	300630016012	Missoula, MT	2025-05-24	00:34:20	Sat
1f5fb55b5f972839a83c7ce395e8ced39a6a5255	McCormick Park	1749065564								2025-06-04	19:32:44	Wed
d0e54b34054b8e9f56c8aaa42ac7365239e755ed	McCormick Park	1745888907	46.880792	-114.014065	USA	MT	59802	300630002032	Missoula, MT	2025-04-29	01:08:27	Tue
a08428e3258c5535ecf37a5e6a7107931e838c64	McCormick Park	1746242647	47.452454	-111.315981	USA	MT	59404	300130023011	Great Falls, MT	2025-05-03	03:24:07	Sat
a394df515f407ae83790355e3ad70826a755ffca	McCormick Park	1748801244	46.880928	-114.097310	USA	MT	59808	300630002054	Missoula, MT	2025-06-01	18:07:24	Sun
42142141c284e53aebc8df57cadd64ec40d9ab35	McCormick Park	1748876461	46.813964	-114.068902	USA	MT	59803	300630013044	Missoula, MT	2025-06-02	15:01:01	Mon
a22e2f0565e5f5c9790e288889afbb3bd891c8c1	McCormick Park	1748479498	46.847025	-114.035350	USA	MT	59801	300630010013	Missoula, MT	2025-05-29	00:44:58	Thu
b85efc28be92a3928e7322485ea464275c47a7d3	McCormick Park	1742970733	46.876605	-114.020780	USA	MT	59808	300630002042	Missoula, MT	2025-03-26	06:32:13	Wed
76ca6e33cfcbb767fbf6f502bd4ff0e50dd1e960	McCormick Park	1746314770	46.867726	-114.016617	USA	MT	59801	300630007003	Missoula, MT	2025-05-03	23:26:10	Sat
60b845291b012c4dba4a9100003c1a69ce6acf48	McCormick Park	1749400667	46.883973	-113.894235	USA	MT	59802	300630014013	Missoula, MT	2025-06-08	16:37:47	Sun
954ee6526ddde58b5590ba23fd3f864028d50749	McCormick Park	1749073978	46.896753	-114.137290	USA	MT	59808	300630002062	Missoula, MT	2025-06-04	21:52:58	Wed
221ce9dc669eff6e64f8a89b817d21ccf5f852d1	McCormick Park	1748753508	47.033533	-114.306960	USA	MT	59834	300630016021	Missoula, MT	2025-06-01	04:51:48	Sun
271d1b86ab612c1115dad20706a3585f0c106736	McCormick Park	1746474723	46.841736	-113.994445	USA	MT	59801	300630005012	Missoula, MT	2025-05-05	19:52:03	Mon
20dc7011e22e0dd045282f09e96e6705babe1b44	McCormick Park	1749161118	46.803129	-114.060494	USA	MT	59803	300630013045	Missoula, MT	2025-06-05	22:05:18	Thu
33f896fcda25c806dc7d5b23ebf71736d81eed64	McCormick Park	1747775268	46.871039	-114.013740	USA	MT	59801	300630007001	Missoula, MT	2025-05-20	21:07:48	Tue
53fbbcd15224aa251385ff96295c9da9a34e260a	McCormick Park	1747098639	46.871637	-114.006965	USA	MT	59801	300630007001	Missoula, MT	2025-05-13	01:10:39	Tue
79ce256eaec21c177e140f317f7b085c6803c887	McCormick Park	1745014458	46.869291	-114.019260	USA	MT	59801	300630008011	Missoula, MT	2025-04-18	22:14:18	Fri
12c879e11244f56c7f896b135f7d7dbc40d26413	McCormick Park	1748010895	46.870932	-114.003872	USA	MT	59801	300630007001	Missoula, MT	2025-05-23	14:34:55	Fri
f5683c59307738daf73ff7dfbbd9f5b124c09d93	McCormick Park	1749778526	48.244853	-114.340054	USA	MT	59901	300290006011	Missoula, MT	2025-06-13	01:35:26	Fri
9871a322b94b27e2de686181490c657ab12d212b	McCormick Park	1745632514	46.874356	-114.013371	USA	MT	59801	300630007001	Missoula, MT	2025-04-26	01:55:14	Sat
4cb21347c1811427f36c0f304975f5d85ece7ab9	McCormick Park	1742533186	46.878889	-114.009615	USA	MT	59802	300630002033	Missoula, MT	2025-03-21	04:59:46	Fri
b663fa5402ed2dd6811c2b68d6a14d4ca59d0060	McCormick Park	1745635923	46.871569	-114.010745	USA	MT	59801	300630007001	Missoula, MT	2025-04-26	02:52:03	Sat
2de5f53960f488e97cdabee198a7116bbe8c9901	McCormick Park	1742498261	46.818228	-113.838977	USA	MT	59825	300630014021	Missoula, MT	2025-03-20	19:17:41	Thu
605980bc6782401ecc1c4dfd45a34bc89a247266	McCormick Park	1745773651	46.858980	-114.002550	USA	MT	59801	300630011003	Missoula, MT	2025-04-27	17:07:31	Sun
d1a94cf34c50ae6783ec2eee2a59ceb8d4c6c82b	McCormick Park	1749138974	46.890468	-113.967161	USA	MT	59802	300630001001	Missoula, MT	2025-06-05	15:56:14	Thu
fc1512d09bdfbc5991fcbdafe6099a63ec1d1dcd	McCormick Park	1746224272	46.825439	-114.001674	USA	MT	59803	300630013023	Missoula, MT	2025-05-02	22:17:52	Fri
ca741479656df830cd96bb1b63833ff9734c4331	McCormick Park	1748046435	46.763383	-114.081364	USA	MT	59847	300630015022	Missoula, MT	2025-05-24	00:27:15	Sat
7cb55604c1f3733775813523ad6afb1b0343732a	McCormick Park	1748368002	46.847251	-114.002208	USA	MT	59801	300630012003	Missoula, MT	2025-05-27	17:46:42	Tue
020ff961c25847e63dc58a8dbcedc784b33d0323	McCormick Park	1744739538	47.434185	-120.314757	USA	WA	98801	530079608032	Seattle-Tacoma, WA	2025-04-15	17:52:18	Tue
675ac4419d6833e4c9505be2915abcad744e1cd3	McCormick Park	1742302485	41.231006	-112.010216	USA	UT	84401	490572105182	Salt Lake City, UT	2025-03-18	12:54:45	Tue
893a0fb9e97eb13b6e1b57a4d20bce39c8b313df	McCormick Park	1749687026	46.821303	-114.052732	USA	MT	59803	300630013042	Missoula, MT	2025-06-12	00:10:26	Thu
182374cc324140dba7cd6caf993a3c45746f2d69	McCormick Park	1744445300	46.872826	-114.026588	USA	MT	59801	300630008013	Missoula, MT	2025-04-12	08:08:20	Sat
03f0ce07abe99ed1394d407878187dc49621048f	McCormick Park	1749243400	36.121370	-115.166314	USA	NV	89109	320030067001	Las Vegas, NV	2025-06-06	20:56:40	Fri
d120801ff62838d984b478e9b65d7e4b5f863cd9	McCormick Park	1742749955	46.768203	-113.712074	USA	MT	59825	300630014021	Missoula, MT	2025-03-23	17:12:35	Sun
f2379374f1647992efa9aabb96518bd8adb03741	McCormick Park	1742249043	46.875551	-114.018241	USA	MT	59801	300630007001	Missoula, MT	2025-03-17	22:04:03	Mon
ac31c62071d4f06cddc8af0421a19616da4249c1	McCormick Park	1749690405	46.485690	-87.329081	USA	MI	49855	261030012003	Marquette, MI (part 2 of 3)	2025-06-12	01:06:45	Thu
d6e8ee1bb236beffc0f422f858fd912e332084f6	McCormick Park	1749238776	46.857193	-113.993656	USA	MT	59801	300630005011	Missoula, MT	2025-06-06	19:39:36	Fri
4808bea3cb92bd44fad7c314efb2b25987c18ae0	McCormick Park	1743751222	46.869422	-114.021588	USA	MT	59801	300630008011	Missoula, MT	2025-04-04	07:20:22	Fri
c70bffa4fe44ba52555d590c35bfac9df7d2cdf3	McCormick Park	1744856061	46.878659	-113.934652	USA	MT	59802	300630004002	Missoula, MT	2025-04-17	02:14:21	Thu
842c0a0392804656a7fdc50f25fe8b1de1f0c4c9	McCormick Park	1748409796	46.870606	-113.987562	USA	MT	59802	300630003001	Missoula, MT	2025-05-28	05:23:16	Wed
20064f2ad230237d1522906eb5ede76e377729d6	McCormick Park	1744243162	47.053052	-114.283984	USA	MT	59834	300630016021	Missoula, MT	2025-04-09	23:59:22	Wed
cf54afefbe13fde55db1ca1a9b64090d2c4ff025	McCormick Park	1745712799	46.747546	-113.709296	USA	MT	59825	300630014021	Missoula, MT	2025-04-27	00:13:19	Sun
6005c4514c404a5e99c3d2c507142c7185983584	McCormick Park	1746397355	46.867444	-113.504759	USA	MT	59823	300630018023	Missoula, MT	2025-05-04	22:22:35	Sun
bd2d056e16f7d2a3441c5f75dacbcf4a6fe656cf	McCormick Park	1743563710	47.533926	-122.389827	USA	WA	98136	530330116023	Seattle-Tacoma, WA	2025-04-02	03:15:10	Wed
f958e32b091164e9ab5d69d60c9c602e2648e083	McCormick Park	1745628920	47.051745	-114.081110	USA	MT	59808	300630018012	Missoula, MT	2025-04-26	00:55:20	Sat
5c310a65dbe2f1b8a6f41faf253b5794fecabb2e	McCormick Park	1749735265	46.749054	-114.091481	USA	MT	59847	300630015023	Missoula, MT	2025-06-12	13:34:25	Thu
74b04bcd5fcb2a4e3652f70f9772b81d4b400bbb	McCormick Park	1748735693	46.875897	-114.004056	USA	MT	59802	300630003002	Missoula, MT	2025-05-31	23:54:53	Sat
aa758dcff8fefcba501ba487747af2a19776c80f	McCormick Park	1745223782	46.843716	-114.037542	USA	MT	59801	300630010013	Missoula, MT	2025-04-21	08:23:02	Mon
abdd39e7017bd1184aa1011cffb5f9c956db2c07	McCormick Park	1748383911	46.832232	-114.020621	USA	MT	59803	300630013032	Missoula, MT	2025-05-27	22:11:51	Tue
88987a78346be9296a4f5b6bbbe2b307f1dc161c	McCormick Park	1749095195	46.503211	-114.090420	USA	MT	59870	300810002012	Missoula, MT	2025-06-05	03:46:35	Thu
023286658f642f2b9f9cb53d12986988371cab4a	McCormick Park	1748490508	46.869062	-114.005893	USA	MT	59801	300630007001	Missoula, MT	2025-05-29	03:48:28	Thu
4b552cdfee1ec99f83f15ab8079ad48d5e2e6d73	McCormick Park	1745785885	46.888513	-114.062944	USA	MT	59808	300630002052	Missoula, MT	2025-04-27	20:31:25	Sun
97d10659278f7a68483a5e51fa9307487039cc48	McCormick Park	1742784622	46.750869	-114.069258	USA	MT	59847	300630015011	Missoula, MT	2025-03-24	02:50:22	Mon
563efd7c680e340495d292c33b31929f3cd01046	McCormick Park	1748045828	46.839945	-114.026812	USA	MT	59801	300630013034	Missoula, MT	2025-05-24	00:17:08	Sat
6a837adb659390231feb4dd1dd8708a59aff575c	McCormick Park	1745796376	46.893693	-114.068863	USA	MT	59808	300630002052	Missoula, MT	2025-04-27	23:26:16	Sun
4447bc1d0fdb993085e9deccf8928cb452982630	McCormick Park	1743520338	46.830356	-114.027688	USA	MT	59803	300630013032	Missoula, MT	2025-04-01	15:12:18	Tue
67a59d236731dc389fab89a7cbd3263eaa34e49d	McCormick Park	1742950680	46.820521	-114.036538	USA	MT	59803	300630013033	Missoula, MT	2025-03-26	00:58:00	Wed
0581c687b9791062739d28efb25bba94d45bbc65	McCormick Park	1748783558	46.846752	-114.006871	USA	MT	59801	300630012004	Missoula, MT	2025-06-01	13:12:38	Sun
48ededf46cc9040bed4f11e5564e2894f7e95b34	McCormick Park	1748310792	46.868028	-113.504239	USA	MT	59823	300630018023	Missoula, MT	2025-05-27	01:53:12	Tue
50a7e027756a22bfb071e132f7332a53f58b7e67	McCormick Park	1744070875	46.938130	-114.021299	USA	MT	59808	300630014011	Missoula, MT	2025-04-08	00:07:55	Tue
aa1ab3f5d5a2bd7d34495d0b59b5d7ab937a8038	McCormick Park	1745716110	47.498518	-111.254824	USA	MT	59405	300130010003	Great Falls, MT	2025-04-27	01:08:30	Sun
755060f0e81d8955cc40984a5fdb73af1873df4e	McCormick Park	1742319142	46.849584	-114.019763	USA	MT	59801	300630010021	Missoula, MT	2025-03-18	17:32:22	Tue
dc8f4af14c5600bd66b350f7fb0800495d6bd168	McCormick Park	1745591682	46.893594	-114.118521	USA	MT	59808	300630002062	Missoula, MT	2025-04-25	14:34:42	Fri
7d11200886dd670d61e54fba6008ae776e09aee0	McCormick Park	1745704211	46.868058	-114.004359	USA	MT	59801	300630007001	Missoula, MT	2025-04-26	21:50:11	Sat
c865348329c07633103448caebed09a6221b8424	McCormick Park	1748127332	46.751929	-113.715217	USA	MT	59825	300630014021	Missoula, MT	2025-05-24	22:55:32	Sat
7f38c49a8f1a75be0faea8e8187cb61e99f9a5eb	McCormick Park	1748385114	46.925502	-114.032787	USA	MT	59808	300630002064	Missoula, MT	2025-05-27	22:31:54	Tue
b3bb379e709176ff61a8916af1be4cd0a3cb0f5e	McCormick Park	1746587203	47.080354	-114.040861	USA	MT	59821	300630018012	Missoula, MT	2025-05-07	03:06:43	Wed
25570ce63f0c33a42bbd3a8a8bec8b6128198de4	McCormick Park	1749422366								2025-06-08	22:39:26	Sun
c925af8fe2d046421cc30bc8c389f12b1880e457	McCormick Park	1742269982	46.894838	-114.042124	USA	MT	59808	300630002052	Missoula, MT	2025-03-18	03:53:02	Tue
749e5e5f0c869cfbb4cb8f4e4d9a82320927cb3f	McCormick Park	1748057860	46.890976	-114.118822	USA	MT	59808	300630002062	Missoula, MT	2025-05-24	03:37:40	Sat
ead9615f35b1b16ed65e6d7473b847fceeeac590	McCormick Park	1746302891	46.892154	-114.051148	USA	MT	59808	300630002051	Missoula, MT	2025-05-03	20:08:11	Sat
97c4ab1425af6084e85e5641031f1dc333792b4e	McCormick Park	1748492349	46.453501	-114.139539	USA	MT	59875	300810003001	Missoula, MT	2025-05-29	04:19:09	Thu
3fc2d0b668394d21675f9385101dc634d7b33dd4	McCormick Park	1747273347	46.883777	-114.011820	USA	MT	59802	300630002032	Missoula, MT	2025-05-15	01:42:27	Thu
b0f8cb15f86c63dd4db063786c51b47690f941e7	McCormick Park	1742351317	46.810649	-114.069695	USA	MT	59803	300630013044	Missoula, MT	2025-03-19	02:28:37	Wed
4f3fdf6ad946c2e412bfbaaccd1e4fa2894399f1	McCormick Park	1748917152								2025-06-03	02:19:12	Tue
7d8f00009cbffc8453e87506b08092e70ed32f56	McCormick Park	1746665304	46.648441	-114.035536	USA	MT	59833	300810001002	Missoula, MT	2025-05-08	00:48:24	Thu
118e79cb3a86f2c4061255c3e69efac662e09be1	McCormick Park	1749677491	46.849764	-113.979970	USA	MT	59803	300630004003	Missoula, MT	2025-06-11	21:31:31	Wed
136adb399453c4218d53a7254e5cee48c8d87cc4	McCormick Park	1748297232	46.861331	-113.999289	USA	MT	59801	300630011001	Missoula, MT	2025-05-26	22:07:12	Mon
95732fb6bf32190cc131f26f8cf772e3c6218f12	McCormick Park	1743559653	48.150439	-114.294080	USA	MT	59901	300290008022	Missoula, MT	2025-04-02	02:07:33	Wed
91d3866d755720167474e529d60b051aa89ffb15	McCormick Park	1749849289	46.879849	-113.890040	USA	MT	59802	300630014012	Missoula, MT	2025-06-13	21:14:49	Fri
1ed7edd96622e45d6a66deb0eea8db6212d70eb7	McCormick Park	1744403152	43.404607	-83.915531	USA	MI	48601	261450009001	Flint-Saginaw-Bay City, MI	2025-04-11	20:25:52	Fri
4c1928051c9d73de87be95edbbab26f14240a93c	McCormick Park	1745779510	46.759031	-114.066120	USA	MT	59847	300630015011	Missoula, MT	2025-04-27	18:45:10	Sun
e9c2d2619aaeb8f8797e6249bc8fbbda42b21bea	McCormick Park	1749504392	46.886460	-113.975450	USA	MT	59802	300630001002	Missoula, MT	2025-06-09	21:26:32	Mon
ec943d558227ebfb323e080e1a6b24896ed41e44	McCormick Park	1745221667	46.889715	-114.034450	USA	MT	59808	300630002042	Missoula, MT	2025-04-21	07:47:47	Mon
eeedf9cb55e688fd08d1a5ec143819338a8cf2e4	McCormick Park	1747611311	39.009845	-94.590081	USA	MO	64113	290950086005	Kansas City, MO	2025-05-18	23:35:11	Sun
4e4674b536747ce84815cbe8c5dae81c095ab0ea	McCormick Park	1744147955	33.545538	-117.776047	USA	CA	92651	060590626323	Los Angeles, CA	2025-04-08	21:32:35	Tue
a24591a479462868f10388e4c631d7d672958818	McCormick Park	1746620808	46.801594	-114.057784	USA	MT	59803	300630013045	Missoula, MT	2025-05-07	12:26:48	Wed
0ba75e529452cd99cd56446d0f52db2b80688827	McCormick Park	1746794509	46.963936	-114.050323	USA	MT	59808	300630002064	Missoula, MT	2025-05-09	12:41:49	Fri
f3737e964ed22a43e92879c40343e5a85be674ea	McCormick Park	1748012057	46.849984	-114.035035	USA	MT	59801	300630010011	Missoula, MT	2025-05-23	14:54:17	Fri
2e9767117529e193073a77baf143c09bdf699cd7	McCormick Park	1746606181	46.844120	-114.038460	USA	MT	59801	300630010013	Missoula, MT	2025-05-07	08:23:01	Wed
b89bc0ae6a1470dbb8fe2801a94ff9e4087b3310	McCormick Park	1747095740	46.822154	-114.036405	USA	MT	59803	300630013033	Missoula, MT	2025-05-13	00:22:20	Tue
b6b4069545bce5e67fcd9597da696f14d6fd53da	McCormick Park	1747960249	46.909580	-114.047345	USA	MT	59808	300630002061	Missoula, MT	2025-05-23	00:30:49	Fri
113754d2efddd1e1bee32ea1d6cafc26cee4c911	McCormick Park	1748982837	46.832221	-113.996645	USA	MT	59803	300630013021	Missoula, MT	2025-06-03	20:33:57	Tue
42e51885f6ed6a6b9bf7ae4a4a0d6cd2e6cfca8b	McCormick Park	1744352891	46.602666	-114.089845	USA	MT	59833	300810001002	Missoula, MT	2025-04-11	06:28:11	Fri
b422335b054b34965614ee16eb3c1632635b62e0	McCormick Park	1747994117	46.874358	-114.005376	USA	MT	59801	300630007001	Missoula, MT	2025-05-23	09:55:17	Fri
1e21856948a02c8dc8cb4df1ba12f8b53af91cfe	McCormick Park	1749615174	42.031524	-92.959747	USA	IA	50158	191279508022	Des Moines-Ames, IA	2025-06-11	04:12:54	Wed
91de84d3c2a74ba730f9fb8aa43946d0d1c25a8e	McCormick Park	1749064508	46.818283	-114.042507	USA	MT	59803	300630013041	Missoula, MT	2025-06-04	19:15:08	Wed
1a12c950b92ea16c1a85e7b4d08f32368735308e	McCormick Park	1749601910	46.564870	-113.076316	USA	MT	59832	300399617011	Missoula, MT	2025-06-11	00:31:50	Wed
d597897b5a980fd0a4e40780840c10085960b59a	McCormick Park	1744273067	46.863575	-114.045795	USA	MT	59804	300630009011	Missoula, MT	2025-04-10	08:17:47	Thu
36985b86a6b96c6e4380dac84ab1ca642380dc44	McCormick Park	1744395348	46.887308	-114.000900	USA	MT	59802	300630002041	Missoula, MT	2025-04-11	18:15:48	Fri
42ab8aba04fa8bd7ec287e477c386c04613cd8c4	McCormick Park	1742829452	46.860344	-113.987732	USA	MT	59801	300630005022	Missoula, MT	2025-03-24	15:17:32	Mon
424887915991a18b74e80bf21d1f31c67deca7ae	McCormick Park	1742419231	39.739104	-104.986200	USA	CO	80203	080310027041	Denver, CO	2025-03-19	21:20:31	Wed
027e9f0b99049bc887e098f9704f2d0fcbded2ce	McCormick Park	1743265201	47.800142	-116.896197	USA	ID	83858	160550003011	Spokane, WA	2025-03-29	16:20:01	Sat
885c84c38a678170fe92ae91331da4d5fde8e6d0	McCormick Park	1749740550	46.909413	-114.033731	USA	MT	59808	300630002043	Missoula, MT	2025-06-12	15:02:30	Thu
cd9180d66f917682deaa39aa757aa7445be6775c	McCormick Park	1745493120	46.872115	-113.994594	USA	MT	59802	300630003002	Missoula, MT	2025-04-24	11:12:00	Thu
cb475ec54d5444229cd746d60ef56237f921671c	McCormick Park	1748294229	46.761269	-114.071304	USA	MT	59847	300630015011	Missoula, MT	2025-05-26	21:17:09	Mon
f31d5ae0f45f9832d6ebbfd7ca318a3fa392b73c	McCormick Park	1743560084	46.837681	-114.015494	USA	MT	59801	300630012004	Missoula, MT	2025-04-02	02:14:44	Wed
fabfac608ec64f416e264059fbcb6c3748cc119c	McCormick Park	1747000304	46.859040	-113.514197	USA	MT	59823	300630018022	Missoula, MT	2025-05-11	21:51:44	Sun
5a0626ecbfc10ba0baa1fe8e66bfb56f6de213a8	McCormick Park	1748664887	38.780872	-77.279682	USA	VA	22015	510594323003	Washington, DC (Hagerstown, MD)	2025-05-31	04:14:47	Sat
609870906f55dc17c3238710eaa9ab4ff19a0ae7	McCormick Park	1749519205	46.873326	-113.951478	USA	MT	59802	300630004002	Missoula, MT	2025-06-10	01:33:25	Tue
0a657f71fddb343256726db6fa89649c496f4d47	McCormick Park	1743914585	33.360026	-112.114193	USA	AZ	85041	040131166171	Phoenix, AZ	2025-04-06	04:43:05	Sun
f37ca12865f1e6f59b45bf1179914c630dada8b1	McCormick Park	1748988653	46.877469	-113.996754	USA	MT	59802	300630003002	Missoula, MT	2025-06-03	22:10:53	Tue
72a2fdcd3daba1e7b9c9cf1972fc9aaca34b0eaa	McCormick Park	1749774509	41.377468	-86.549022	USA	IN	46532	181499537004	South Bend-Elkhart, IN	2025-06-13	00:28:29	Fri
fb2c9c410ee671cf5cd7622750de8ef422f0c5b6	McCormick Park	1748897120	46.866356	-114.048056	USA	MT	59804	300630009011	Missoula, MT	2025-06-02	20:45:20	Mon
304034145ad83ab9b57f7ea7329920a722ae518e	McCormick Park	1746300405	46.872522	-114.013556	USA	MT	59801	300630007001	Missoula, MT	2025-05-03	19:26:45	Sat
5fbd322ecf5b506861ec14098c3702cad1c43ca8	McCormick Park	1748896862	38.599984	-121.699900	USA	CA	95776	061130105052	Sacramento-Stockton-Modesto, CA	2025-06-02	20:41:02	Mon
70b27dd377a2fe287b64bd5205fb52d1a0312363	McCormick Park	1747233296	46.849881	-114.020006	USA	MT	59801	300630010021	Missoula, MT	2025-05-14	14:34:56	Wed
7b8957a43652a6bafadd607aaad5534fefcde860	McCormick Park	1747320734	46.859065	-114.036913	USA	MT	59801	300630010012	Missoula, MT	2025-05-15	14:52:14	Thu
0a9a271113b19c75f7d876a4c74546bc39f79a27	McCormick Park	1748096204	46.866757	-114.000619	USA	MT	59801	300630007002	Missoula, MT	2025-05-24	14:16:44	Sat
f539df490e5ed447beb88e81426ac06a9d3cf253	McCormick Park	1747788090	46.346798	-114.150634	USA	MT	59875	300810004011	Missoula, MT	2025-05-21	00:41:30	Wed
0f4136700e5e578a0922a21cbd724c86533b8f1f	McCormick Park	1749607650	46.807620	-114.052172	USA	MT	59803	300630013042	Missoula, MT	2025-06-11	02:07:30	Wed
ed15cc9a2e8d6995648e8f3eb364040b16918cb9	McCormick Park	1749571633	45.186137	-93.859542	USA	MN	55313	271711007041	Minneapolis-St. Paul, MN	2025-06-10	16:07:13	Tue
987f8ae788c05a106861dd5f647e238ab368d76f	McCormick Park	1748115014	46.853398	-114.000926	USA	MT	59801	300630012001	Missoula, MT	2025-05-24	19:30:14	Sat
5b6f1eb0e98dd4a600ff88080dae05de590f619b	McCormick Park	1748824106	46.900553	-114.034248	USA	MT	59808	300630002043	Missoula, MT	2025-06-02	00:28:26	Mon
e173ac83f8f4e3c9e6b935e9332f7b3fad6bea59	McCormick Park	1749501086	47.023186	-114.403526	USA	MT	59846	300630016022	Missoula, MT	2025-06-09	20:31:26	Mon
335cc6d37e387f82f24a22b4db4867303262d126	McCormick Park	1748562423	46.885576	-114.018895	USA	MT	59808	300630002043	Missoula, MT	2025-05-29	23:47:03	Thu
38c9b1484bce032798edd7a2ddbc1d2b5c9d08f2	McCormick Park	1748096657	47.171326	-114.882605	USA	MT	59872	300619645001	Missoula, MT	2025-05-24	14:24:17	Sat
085b85ac1965414731dc5c8131ec74c66c97d0ae	McCormick Park	1748560723	46.852101	-114.021316	USA	MT	59801	300630010021	Missoula, MT	2025-05-29	23:18:43	Thu
f2d453525df906e65738139db372be4d74d591d2	McCormick Park	1744299860	46.848675	-114.058242	USA	MT	59804	300630009013	Missoula, MT	2025-04-10	15:44:20	Thu
3ebfee4f3cab2690591c1d8af8b34e30af8b81fb	McCormick Park	1743731298	40.529937	-104.727454	USA	CO	80615	081230015002	Denver, CO	2025-04-04	01:48:18	Fri
c692bd20c60e6ca2ca5f5b2f971f5ae3a4a57e3f	McCormick Park	1749419040	46.896699	-113.963614	USA	MT	59802	300630001005	Missoula, MT	2025-06-08	21:44:00	Sun
28f16555a8bab6abe7065583115e0ca788fe7b92	McCormick Park	1744983591	46.871626	-114.007177	USA	MT	59801	300630007001	Missoula, MT	2025-04-18	13:39:51	Fri
ef77ce6c1ff0e5c6e67b550e346cf524c68914b4	McCormick Park	1748876601	46.814078	-114.068210	USA	MT	59803	300630013044	Missoula, MT	2025-06-02	15:03:21	Mon
32759ce9c8ae9d75ced5445cec768b336153ca1d	McCormick Park	1742646883	46.878258	-114.016464	USA	MT	59802	300630002033	Missoula, MT	2025-03-22	12:34:43	Sat
5e761dc06cb7acaf185a484d354e8bb83b6928f8	McCormick Park	1745871689	46.882001	-113.998246	USA	MT	59802	300630002031	Missoula, MT	2025-04-28	20:21:29	Mon
dba3b3b9ec938f822c67e424e53406be009ab3fb	McCormick Park	1749103717	46.901045	-114.002963	USA	MT	59802	300630001002	Missoula, MT	2025-06-05	06:08:37	Thu
d330fbdd88743dfb24bd4a91295851b4e9908b24	McCormick Park	1745077253	46.850137	-114.080089	USA	MT	59804	300630009013	Missoula, MT	2025-04-19	15:40:53	Sat
fba277e5cbec2e157d24441db5fedf1bd0bcf92d	McCormick Park	1745073893	46.872349	-114.003043	USA	MT	59801	300630007001	Missoula, MT	2025-04-19	14:44:53	Sat
51dd6deb0f86005a7df7deec51036bbc024d966f	McCormick Park	1742861565	45.221514	-112.627700	USA	MT	59725	300010003001	Butte-Bozeman, MT	2025-03-25	00:12:45	Tue
4d9631f2aa86981fc7cdbfaa9343159a793d4ef3	McCormick Park	1746867885	46.877574	-114.008428	USA	MT	59802	300630002033	Missoula, MT	2025-05-10	09:04:45	Sat
8b5c43f96688ec6b45ed1058c21fc1a1753ff6ec	McCormick Park	1749621854	46.749167	-114.088634	USA	MT	59847	300630015023	Missoula, MT	2025-06-11	06:04:14	Wed
c19c41b417cf99b1124b99ad75f81632ddd160fc	McCormick Park	1749588350	46.801899	-114.062597	USA	MT	59803	300630013045	Missoula, MT	2025-06-10	20:45:50	Tue
68e65f529a51a833c77911fea7e2dafe5d8eaf9f	McCormick Park	1742690378	46.801453	-114.063032	USA	MT	59803	300630013045	Missoula, MT	2025-03-23	00:39:38	Sun
72e84b37f40c4517d0edb57e76efd30d1d8ddb52	McCormick Park	1744486651	46.887472	-114.047548	USA	MT	59808	300630002053	Missoula, MT	2025-04-12	19:37:31	Sat
f62a9bc4ec8194b121da8d59b01fa48e5b4c995e	McCormick Park	1749518410	46.855776	-114.012697	USA	MT	59801	300630012001	Missoula, MT	2025-06-10	01:20:10	Tue
e623d444d7f4d1c6b277de7a8e48f3fb9abcfbbf	McCormick Park	1745881909	46.884493	-113.993589	USA	MT	59802	300630001002	Missoula, MT	2025-04-28	23:11:49	Mon
1d90d197e0feb15668cdb271f8670f0d3b04a8ae	McCormick Park	1743510975	46.863663	-96.848885	USA	ND	58103	380170101062	Fargo-Valley City, ND	2025-04-01	12:36:15	Tue
b2c6cb3f8ed3d4c058fe70c431df0c158d4c0d6c	McCormick Park	1748551292	46.813569	-114.032686	USA	MT	59803	300630013025	Missoula, MT	2025-05-29	20:41:32	Thu
43dd4c842c1a8f8732b7307f208fae749af08c0d	McCormick Park	1745801161	46.797983	-114.070960	USA	MT	59803	300630013044	Missoula, MT	2025-04-28	00:46:01	Mon
9ef87d3a0e0e8fa1b13c3f184e3898a2f208688a	McCormick Park	1746630039	46.890050	-114.030538	USA	MT	59808	300630002042	Missoula, MT	2025-05-07	15:00:39	Wed
aa8ef584faee5758b389d182da2f55c4b2333e80	McCormick Park	1745547833	46.986590	-114.107803	USA	MT	59808	300630016012	Missoula, MT	2025-04-25	02:23:53	Fri
cf7804c4d998af590962ed24ed2dd65d2371c6ba	McCormick Park	1748146678	46.135111	-114.177498	USA	MT	59840	300810005011	Missoula, MT	2025-05-25	04:17:58	Sun
77fb4a73ac29e38099f55b58163f1f7e68baf1d9	McCormick Park	1745569119	35.228103	-111.630391	USA	AZ	86001	040050002002	Phoenix, AZ	2025-04-25	08:18:39	Fri
3bb45e85b35673c68647d15a49092ced836ae3c8	McCormick Park	1749572263	46.829873	-113.919152	USA	MT	59803	300630004003	Missoula, MT	2025-06-10	16:17:43	Tue
eed1ade677a863e01747a108540805edef3d9499	McCormick Park	1748976580	46.534815	-114.129662	USA	MT	59870	300810002011	Missoula, MT	2025-06-03	18:49:40	Tue
03f761a2b578e6cc68e3c8bd443ff784c8b42450	McCormick Park	1749386121	33.435394	-112.009038	USA	AZ	85034	040131138006	Phoenix, AZ	2025-06-08	12:35:21	Sun
128f09421af72cac4030edb1ddc125ba06d61609	McCormick Park	1742358660	47.074247	-109.417403	USA	MT	59457	300270302011	Great Falls, MT	2025-03-19	04:31:00	Wed
02647a5f0891f25ce1bb2254ec162287f5792d7e	McCormick Park	1743637513	46.865047	-114.024327	USA	MT	59801	300630008022	Missoula, MT	2025-04-02	23:45:13	Wed
ed184612cbdfce0c359e05313397e1a413e41c4a	McCormick Park	1745721011	46.835764	-114.044419	USA	MT	59804	300630013041	Missoula, MT	2025-04-27	02:30:11	Sun
c5d8a3f9078792ab7db303cd0543072937a5cd61	McCormick Park	1748150156	46.869805	-114.037615	USA	MT	59801	300630008012	Missoula, MT	2025-05-25	05:15:56	Sun
6a65c1b52f96bfcf2171ac9c55f17a18e2677804	McCormick Park	1743990203	46.848301	-113.993413	USA	MT	59801	300630005012	Missoula, MT	2025-04-07	01:43:23	Mon
a6e9e286b7c509c1436073af9ed649c7af6efe8e	McCormick Park	1749011044	46.823791	-114.048731	USA	MT	59803	300630013041	Missoula, MT	2025-06-04	04:24:04	Wed
073f1cba3685dbeafff3b1e1701d0214328e1f53	McCormick Park	1748363280	46.836754	-114.038196	USA	MT	59801	300630013031	Missoula, MT	2025-05-27	16:28:00	Tue
c02a57b2bca7c343146dcd05cb0a2ee800f309c9	McCormick Park	1747518846	46.840732	-113.834032	USA	MT	59802	300630014022	Missoula, MT	2025-05-17	21:54:06	Sat
58534d85676efbafc61f5d7f453923aca05b81f5	McCormick Park	1748071506	46.872475	-114.026859	USA	MT	59801	300630008013	Missoula, MT	2025-05-24	07:25:06	Sat
d93b8585fbeba6d2f4d7b991faa712473d8ae605	McCormick Park	1743621371	33.686411	-112.451933	USA	AZ	85387	040130405402	Phoenix, AZ	2025-04-02	19:16:11	Wed
9de08f5f5e3b1763f90f4aa735b2fc7d4f499686	McCormick Park	1746835848	47.547904	-116.270275	USA	ID	83839	160799602001	Spokane, WA	2025-05-10	00:10:48	Sat
10be7a11ec76702211523fae9731659779748ab5	McCormick Park	1747688341	46.557646	-113.966929	USA	MT	59870	300810002041	Missoula, MT	2025-05-19	20:59:01	Mon
40421b63ac08b2370916f73a12538118ed554f33	McCormick Park	1742347977	46.871453	-114.003194	USA	MT	59801	300630007001	Missoula, MT	2025-03-19	01:32:57	Wed
c6e7b2cedd04501cfcb79ccb9f5fdcaf5d896b21	McCormick Park	1749283299								2025-06-07	08:01:39	Sat
76a31036ceb75a82d2aa28f3986d1fff9d043e19	McCormick Park	1744803422	46.898139	-114.044304	USA	MT	59808	300630002052	Missoula, MT	2025-04-16	11:37:02	Wed
656ee912787e552ed8218f8898aa29fc27316d4e	McCormick Park	1749055000	46.864379	-114.004394	USA	MT	59801	300630007002	Missoula, MT	2025-06-04	16:36:40	Wed
824fbd37695be3817f074121bcf8a0f0f0f27c56	McCormick Park	1745608233	46.884477	-113.943780	USA	MT	59802	300630004002	Missoula, MT	2025-04-25	19:10:33	Fri
08806d0c4e73a44e618b17fc484276bb82c38a60	McCormick Park	1742313901	46.867162	-114.034026	USA	MT	59801	300630008012	Missoula, MT	2025-03-18	16:05:01	Tue
42bc4047c1d6cf3355433b408f48652f0b2e5c68	McCormick Park	1745529570	46.785416	-114.100912	USA	MT	59847	300630015022	Missoula, MT	2025-04-24	21:19:30	Thu
e3f320df2a8ded8719cd60f3647876011de764f0	McCormick Park	1749250621	46.837121	-113.824852	USA	MT	59825	300630014022	Missoula, MT	2025-06-06	22:57:01	Fri
ab1daf65bda07b96e264a0e489ca83403ace7b5a	McCormick Park	1742837482	46.836752	-113.836769	USA	MT	59802	300630014021	Missoula, MT	2025-03-24	17:31:22	Mon
6b74c47bec7e87f9a65d72b9e5b319a4035c15f1	McCormick Park	1749335066	46.865881	-114.004775	USA	MT	59801	300630007002	Missoula, MT	2025-06-07	22:24:26	Sat
2e144d01b82ae19513404ede5c4ba30546252487	McCormick Park	1749092754	46.877882	-114.019459	USA	MT	59808	300630002042	Missoula, MT	2025-06-05	03:05:54	Thu
58d1043f429bfc5384e41818aaf14c6f203b172f	McCormick Park	1749487674								2025-06-09	16:47:54	Mon
ea778c60791617c85ad1cd37fb01475c20aeed1e	McCormick Park	1749394269	46.874348	-114.034736	USA	MT	59801	300630008012	Missoula, MT	2025-06-08	14:51:09	Sun
44e1c072ba28858060392bb376de0ff203b13775	McCormick Park	1742341290	46.889477	-114.058020	USA	MT	59808	300630002052	Missoula, MT	2025-03-18	23:41:30	Tue
6b76fb558f427722ef8ff12f2264f294aff586aa	McCormick Park	1746406443	46.888742	-114.004273	USA	MT	59802	300630002041	Missoula, MT	2025-05-05	00:54:03	Mon
fdeda71d20b95bdefcb5da3052a7760ce617e766	McCormick Park	1747731202	42.187240	-121.704372	USA	OR	97603	410359713005	Medford-Klamath Falls, OR	2025-05-20	08:53:22	Tue
ec2a7a6e1b841aec52f4ffc669cb062ab9450866	McCormick Park	1748249639	46.877588	-113.994258	USA	MT	59802	300630002031	Missoula, MT	2025-05-26	08:53:59	Mon
d8445ea95eef4ab0c8af1e68b2b27f4b3876f607	McCormick Park	1748405849	46.888705	-114.046663	USA	MT	59808	300630002053	Missoula, MT	2025-05-28	04:17:29	Wed
5de4baec29d2eeec50e9406e9b7b1088bbbb1541	McCormick Park	1745001044	47.877852	-114.219947	USA	MT	59931	300479403062	Missoula, MT	2025-04-18	18:30:44	Fri
070dff84b9edd5f174530ffd11365be1153cc09f	McCormick Park	1748838399	46.994496	-114.218237	USA	MT	59808	300630016011	Missoula, MT	2025-06-02	04:26:39	Mon
1bffc271b60eee9fdac2133d82bd9a42b5a3262d	McCormick Park	1743036410	46.835037	-114.038503	USA	MT	59801	300630013031	Missoula, MT	2025-03-27	00:46:50	Thu
009bb047c8083095ed146c947e1af066d0e8b85f	McCormick Park	1748819039								2025-06-01	23:03:59	Sun
1cf4e8de6ad4d26f47ab17b3c2c47703a6700a8d	McCormick Park	1742867497	46.852173	-114.021481	USA	MT	59801	300630010021	Missoula, MT	2025-03-25	01:51:37	Tue
dfc4bb56396749799f59b8471d2d15a7b90b33b2	McCormick Park	1746031817	46.720343	-111.994705	USA	MT	59602	300490003002	Helena, MT	2025-04-30	16:50:17	Wed
5e3d9f8b17afacc4aa80c1db79df1956d2bd5fcf	McCormick Park	1748968820	39.823917	-104.770281	USA	CO	80249	080310158001	Denver, CO	2025-06-03	16:40:20	Tue
567ddd7627ab95a35b9c9476f348ad040cdec1da	McCormick Park	1748212504	46.625502	-113.071693	USA	MT	59832	300399617011	Missoula, MT	2025-05-25	22:35:04	Sun
7e2c83bd6e3f891d9fbbc6f4f0575f84fa416abf	McCormick Park	1742895556	46.878251	-114.016012	USA	MT	59802	300630002033	Missoula, MT	2025-03-25	09:39:16	Tue
5d4adc154be32618398059e58695356b73d5a09b	McCormick Park	1749796643	46.821257	-114.042749	USA	MT	59803	300630013043	Missoula, MT	2025-06-13	06:37:23	Fri
fea72d8b5ef9ab41c07403b4ed10eb58bb2fc512	McCormick Park	1749514484	45.696841	-111.073685	USA	MT	59718	300310005062	Butte-Bozeman, MT	2025-06-10	00:14:44	Tue
96e86726f14c72bd7e64bfb600ad6d7f17b64fd7	McCormick Park	1746576846	46.864779	-114.028504	USA	MT	59801	300630008021	Missoula, MT	2025-05-07	00:14:06	Wed
db015d97adf011835dd0406f88da502231145697	McCormick Park	1744816544	46.850605	-114.021145	USA	MT	59801	300630010021	Missoula, MT	2025-04-16	15:15:44	Wed
5c240a408bf28ff2fc2d135ac77a34cb6cf52918	McCormick Park	1744471185	46.862907	-113.969055	USA	MT	59802	300630001004	Missoula, MT	2025-04-12	15:19:45	Sat
d1d9f62d77bbd84fa519c0b255aea23901d23d92	McCormick Park	1744581373	46.871398	-114.036923	USA	MT	59801	300630008012	Missoula, MT	2025-04-13	21:56:13	Sun
951b631d27652c78ae95cfe872cc0fd43bf18531	McCormick Park	1748498826	46.847078	-114.006852	USA	MT	59801	300630012004	Missoula, MT	2025-05-29	06:07:06	Thu
ef52730dc4435b5d9059719262e0ab54aa74e610	McCormick Park	1744943456	46.897975	-114.121866	USA	MT	59808	300630002063	Missoula, MT	2025-04-18	02:30:56	Fri
5bf202c4f8bf1df64e2c366a8a92d4618cfc4804	McCormick Park	1744492362	46.834853	-114.036648	USA	MT	59801	300630013031	Missoula, MT	2025-04-12	21:12:42	Sat
cdf94f4c6b14cb1e7720fb94210789050a4079a1	McCormick Park	1745502854	47.042038	-114.090493	USA	MT	59808	300630018012	Missoula, MT	2025-04-24	13:54:14	Thu
93fcf24612be21c993049f5a3b5c46fa95d55172	McCormick Park	1743082453	47.042070	-114.090976	USA	MT	59808	300630018012	Missoula, MT	2025-03-27	13:34:13	Thu
1464535c3f32a6d371caf1826eef664e0000c9e7	McCormick Park	1742608742	46.807709	-114.052351	USA	MT	59803	300630013042	Missoula, MT	2025-03-22	01:59:02	Sat
cd3326f5fec78656c3538d56a77bd24bc954a749	McCormick Park	1745967742	46.871384	-114.008006	USA	MT	59801	300630007001	Missoula, MT	2025-04-29	23:02:22	Tue
93fe0462606898dbf77c7feb84274196ac5cd863	McCormick Park	1748559254	46.837366	-113.824787	USA	MT	59825	300630014022	Missoula, MT	2025-05-29	22:54:14	Thu
b3fb76d40b153e4edfa74f387b5e97f16ad6d78e	McCormick Park	1742592502	39.577113	-105.096887	USA	CO	80128	080590120593	Denver, CO	2025-03-21	21:28:22	Fri
7a0b846ece0546d32a0aa961b5be55235fb518c5	McCormick Park	1743619564	46.872313	-113.995386	USA	MT	59802	300630003002	Missoula, MT	2025-04-02	18:46:04	Wed
97e4470bc0d603284ce37731625f95532dfa4fcc	McCormick Park	1748313935	46.869153	-114.017918	USA	MT	59801	300630007003	Missoula, MT	2025-05-27	02:45:35	Tue
e175f1f4121795e71858ce2ead10e80577a85954	McCormick Park	1749667681	46.850651	-114.002220	USA	MT	59801	300630012002	Missoula, MT	2025-06-11	18:48:01	Wed
3f3976b6fd7644372452f6578dbaac8e910d50c6	McCormick Park	1742481703	46.866689	-114.000964	USA	MT	59801	300630007002	Missoula, MT	2025-03-20	14:41:43	Thu
655bf06b2a1f20f16ac077f2193b3836576c8271	McCormick Park	1749708752	46.600705	-114.111987	USA	MT	59833	300810001001	Missoula, MT	2025-06-12	06:12:32	Thu
032afdf01258474e6bb1f1808fe4ea70f3f98bae	McCormick Park	1749583444	45.979897	-112.528690	USA	MT	59701	300930006003	Butte-Bozeman, MT	2025-06-10	19:24:04	Tue
02a86a6b2927316f8484c85952f416812a16aed1	McCormick Park	1748199901	46.842291	-113.834727	USA	MT	59802	300630014022	Missoula, MT	2025-05-25	19:05:01	Sun
ab11f3c5c8cf121c0375e667266390f766fa2e4d	McCormick Park	1743349346	46.756959	-114.082140	USA	MT	59847	300630015011	Missoula, MT	2025-03-30	15:42:26	Sun
1e29d9eb4b47417d00a9756af0b083b51028ff36	McCormick Park	1742486706	47.032577	-113.992215	USA	MT	59808	300630014011	Missoula, MT	2025-03-20	16:05:06	Thu
0df84a260511d8020c8bb678ba3ef2af5dcaee21	McCormick Park	1745891110	46.895386	-114.070262	USA	MT	59808	300630002052	Missoula, MT	2025-04-29	01:45:10	Tue
7fc0e2549e12e467f98361a24f95e2bf16f86d10	McCormick Park	1749504350	46.841736	-114.095335	USA	MT	59804	300630009014	Missoula, MT	2025-06-09	21:25:50	Mon
12f471090254f08c4cb9aae7348caf9e31b6059d	McCormick Park	1744079222	46.966347	-114.123865	USA	MT	59808	300630016012	Missoula, MT	2025-04-08	02:27:02	Tue
0cad55b7733996d6cbb834277386378637bd1b70	McCormick Park	1748298478	46.821533	-114.052465	USA	MT	59803	300630013042	Missoula, MT	2025-05-26	22:27:58	Mon
f6b5e73527546fc36129e2960d3f4380a600e2ec	McCormick Park	1742514840	47.018807	-114.213872	USA	MT	59834	300630016021	Missoula, MT	2025-03-20	23:54:00	Thu
8a35f7e53d7299051db98ccc7332508267eb4cc1	McCormick Park	1747283715	46.242548	-112.118040	USA	MT	59632	300439622023	Butte-Bozeman, MT	2025-05-15	04:35:15	Thu
d03d65e60d85e985a12e1944c24dca44451ce9a7	McCormick Park	1745185145	46.531111	-113.981414	USA	MT	59870	300810002041	Missoula, MT	2025-04-20	21:39:05	Sun
30ffa84434f412b1662d5cdf8b76c51a8baf6a55	McCormick Park	1744216800	46.872370	-113.983659	USA	MT	59802	300630002031	Missoula, MT	2025-04-09	16:40:00	Wed
a3562cf7bc312090e09065af3133f641f91f02b4	McCormick Park	1743087831	46.907140	-114.048046	USA	MT	59808	300630002061	Missoula, MT	2025-03-27	15:03:51	Thu
2b89691a1b78c5bd155544145e380615bc89d0f3	McCormick Park	1743800502	40.756063	-111.886740	USA	UT	84111	490351023003	Salt Lake City, UT	2025-04-04	21:01:42	Fri
fe2ee77c36be2ea75af65539c7f1fa8b13c2bfa6	McCormick Park	1748407825	46.867753	-114.037194	USA	MT	59801	300630008012	Missoula, MT	2025-05-28	04:50:25	Wed
7c096294a8b6a159472ad690c8e4ead68a40683b	McCormick Park	1748526776	46.871597	-114.029947	USA	MT	59801	300630008011	Missoula, MT	2025-05-29	13:52:56	Thu
d7330ec8d88791b7f16c95f7f7012eb32abccfba	McCormick Park	1744984475	46.903017	-113.969366	USA	MT	59802	300630001001	Missoula, MT	2025-04-18	13:54:35	Fri
53b35ec3d73f72383ebb53a34f67463c977ceb92	McCormick Park	1746324313	46.247863	-114.165783	USA	MT	59840	300810005023	Missoula, MT	2025-05-04	02:05:13	Sun
4adeda891d271e82068369fb7464268f0d2718bb	McCormick Park	1749839380	47.382262	-110.907647	USA	MT	59412	300130106002	Great Falls, MT	2025-06-13	18:29:40	Fri
98d0f87dd1495a7b00cce6508d9ebd0ef6b9f5f5	McCormick Park	1748396935	46.869577	-113.992397	USA	MT	59802	300630003001	Missoula, MT	2025-05-28	01:48:55	Wed
20e2f9b3638d093a492d73a04388b7aae3047bd1	McCormick Park	1747433858	46.859539	-114.036650	USA	MT	59801	300630010012	Missoula, MT	2025-05-16	22:17:38	Fri
7a145cc5cc65270d079835e949b380c852154a2d	McCormick Park	1743056643	47.168062	-113.482962	USA	MT	59868	300630018021	Missoula, MT	2025-03-27	06:24:03	Thu
5c0d302ed669fad0b0fc8402c0483280d9e5c125	McCormick Park	1743110615	48.586027	-109.235763	USA	MT	59523	300050002002	Great Falls, MT	2025-03-27	21:23:35	Thu
ba8fab76ccbaf640bd0876ee80c3d0f453d2d1f3	McCormick Park	1748919061	46.927770	-114.187516	USA	MT	59808	300630016011	Missoula, MT	2025-06-03	02:51:01	Tue
f20f8c576d1fc7ba4a1eb21789b0c47475849ee5	McCormick Park	1746489093	46.172161	-113.289058	USA	MT	59711	300399617022	Missoula, MT	2025-05-05	23:51:33	Mon
a9075d3685cfb92d8760a30bf2c7e6ef16452eb8	McCormick Park	1749484526								2025-06-09	15:55:26	Mon
d32aadda3c39867f2795049c5063ffb1bbf83f19	McCormick Park	1749668231	46.850465	-114.021084	USA	MT	59801	300630010021	Missoula, MT	2025-06-11	18:57:11	Wed
276abefc7a047874a01fbdd8ac00ae94bca8cc93	McCormick Park	1748389138	46.969452	-114.166472	USA	MT	59808	300630016011	Missoula, MT	2025-05-27	23:38:58	Tue
b3d433aa030bab47995646bc102c73cb3f99da57	McCormick Park	1743362384	44.548596	-123.292551	USA	OR	97333	410030002022	Eugene, OR	2025-03-30	19:19:44	Sun
0f8a75e10dff59c77dfaef1b88072007e889337f	McCormick Park	1742950800	46.898150	-114.117033	USA	MT	59808	300630002063	Missoula, MT	2025-03-26	01:00:00	Wed
1a015d1faa6abc34b66fa2a90c2764ba2f640424	McCormick Park	1745948015	46.868253	-113.948364	USA	MT	59802	300630004001	Missoula, MT	2025-04-29	17:33:35	Tue
9a693394ed10f18df68f260ece6d2cdc5dc48abb	McCormick Park	1744067957	46.861508	-113.988886	USA	MT	59801	300630005022	Missoula, MT	2025-04-07	23:19:17	Mon
0e5ad20a7d3d504af11c0b93e43f01f83bcdc2b9	McCormick Park	1742273396	46.838247	-114.014453	USA	MT	59801	300630012004	Missoula, MT	2025-03-18	04:49:56	Tue
1338dbb2a9ec19b53eb076b478897458829329dd	McCormick Park	1745892933	46.127664	-112.965538	USA	MT	59711	300230004001	Butte-Bozeman, MT	2025-04-29	02:15:33	Tue
a9fb3a207c6f58ba20301823ffcfe7a10cb7fd13	McCormick Park	1746335093	46.803677	-114.060509	USA	MT	59803	300630013045	Missoula, MT	2025-05-04	05:04:53	Sun
9be992ae917413cdb98404c90a949ebc532d9921	McCormick Park	1749090654								2025-06-05	02:30:54	Thu
0fd7a833aabb26438d001694138e29a4a81a59fa	McCormick Park	1749850816								2025-06-13	21:40:16	Fri
8815175fc02435c505329a6e7f22dd2b547af7c5	McCormick Park	1748557791	46.974218	-114.025257	USA	MT	59808	300630014011	Missoula, MT	2025-05-29	22:29:51	Thu
d63889672d0a83351b50f4ca3375e03ae7cca731	McCormick Park	1748553973	37.821800	-122.249789	USA	CA	94611	060014040003	San Francisco-Oakland-San Jose, CA	2025-05-29	21:26:13	Thu
2d82fcde973c8b4e9eb5de3a9ef53893a8509f6a	McCormick Park	1749138902	47.542176	-116.129757	USA	ID	83837	160799603005	Spokane, WA	2025-06-05	15:55:02	Thu
bb4a86c13cc852c052280a4bddbbc3cb6dd21b31	McCormick Park	1749080624	47.019399	-114.214529	USA	MT	59834	300630016021	Missoula, MT	2025-06-04	23:43:44	Wed
54de453e148a4440bfc102bd2f12ad50135152fb	McCormick Park	1748499064	46.866907	-114.036792	USA	MT	59801	300630008012	Missoula, MT	2025-05-29	06:11:04	Thu
0ccce2bf5b2b077af67344e27a84aa8d91ea9e32	McCormick Park	1748218708	46.881695	-114.013107	USA	MT	59802	300630002032	Missoula, MT	2025-05-26	00:18:28	Mon
671c8f2d3caaa15d34d9f1bada1cc350a6e73dc7	McCormick Park	1744643165	46.839566	-114.027337	USA	MT	59801	300630013031	Missoula, MT	2025-04-14	15:06:05	Mon
b9cb8014cf892ff8610762ddd8b648b28374ebce	McCormick Park	1749656378								2025-06-11	15:39:38	Wed
7ea4c11c6f9ea55c07e2bda2a31ace39af40d7f7	McCormick Park	1744487717	46.833269	-114.046923	USA	MT	59803	300630013041	Missoula, MT	2025-04-12	19:55:17	Sat
1a9ed02b9246b12fb5e2c2dff7e3da8340cadee9	McCormick Park	1749520055								2025-06-10	01:47:35	Tue
7382efd9a9c7aa40420c5c427d955dd3c83cf925	McCormick Park	1746306472	47.537937	-114.146339	USA	MT	59864	300479405001	Missoula, MT	2025-05-03	21:07:52	Sat
271f69677d7453f5509aee7b9b02273c5df79dd2	McCormick Park	1744240672	46.862867	-113.971717	USA	MT	59802	300630001004	Missoula, MT	2025-04-09	23:17:52	Wed
74599de2aa425ac1526744562b5b4bbad4a77cc4	McCormick Park	1743279530	46.872471	-114.002875	USA	MT	59801	300630007001	Missoula, MT	2025-03-29	20:18:50	Sat
ea5bed41505a07980f78c31feefce831f1c1ef1e	McCormick Park	1748551722	46.848471	-114.033360	USA	MT	59801	300630010013	Missoula, MT	2025-05-29	20:48:42	Thu
dc8ba530fe0308e37be5d0d3c5f33c0070d4478e	McCormick Park	1748050911	46.893839	-114.123629	USA	MT	59808	300630002062	Missoula, MT	2025-05-24	01:41:51	Sat
1df7f6c8006fa323a287b827bad3f636f67ceae8	McCormick Park	1746869198	46.882765	-113.996850	USA	MT	59802	300630002031	Missoula, MT	2025-05-10	09:26:38	Sat
437be147ca17bf891e89266aa2280d9e0596754e	McCormick Park	1744831826	46.856467	-114.004813	USA	MT	59801	300630011003	Missoula, MT	2025-04-16	19:30:26	Wed
fffae7578bc1701abc64bda790941ec732583a36	McCormick Park	1745150657	46.802454	-114.071396	USA	MT	59803	300630013044	Missoula, MT	2025-04-20	12:04:17	Sun
3f4247bfb9f9b92499cab4e08d85407c24859f76	McCormick Park	1749077462	46.806484	-114.067645	USA	MT	59803	300630013044	Missoula, MT	2025-06-04	22:51:02	Wed
9be4e8cd73937e8a4a77f06717811567b4d03344	McCormick Park	1743176605	46.868703	-113.942829	USA	MT	59802	300630004001	Missoula, MT	2025-03-28	15:43:25	Fri
6faf571fb1779c8b8ef8fc6aa082811b963b4fdb	McCormick Park	1748482826	46.888538	-114.009693	USA	MT	59802	300630002041	Missoula, MT	2025-05-29	01:40:26	Thu
51e67c111a1a7346087d1147811af27688ffb38c	McCormick Park	1747701605								2025-05-20	00:40:05	Tue
76247b8829096b1c550f23d0d9c59f5bc0b6f37c	McCormick Park	1749748039	46.850081	-114.020344	USA	MT	59801	300630010021	Missoula, MT	2025-06-12	17:07:19	Thu
162d090e9cdba3d7f336d158fc1a18f662733a23	McCormick Park	1743631913	46.487835	-114.086458	USA	MT	59870	300810002014	Missoula, MT	2025-04-02	22:11:53	Wed
64cb3e01da56df6b77a3fcc52c198df295cafe89	McCormick Park	1749185643	46.864308	-114.033474	USA	MT	59801	300630008021	Missoula, MT	2025-06-06	04:54:03	Fri
8a6dc85a97f5ea3d5fa409dc0c1c67247780b9a0	McCormick Park	1743828478	46.871177	-114.002763	USA	MT	59801	300630007001	Missoula, MT	2025-04-05	04:47:58	Sat
b70ab7714b784962a3a78d165d9439b37444d0ae	McCormick Park	1743569355	46.789679	-114.040021	USA	MT	59803	300630013023	Missoula, MT	2025-04-02	04:49:15	Wed
54b0bdc6643b377a80352c095c2a133e91ece0aa	McCormick Park	1742349016	46.880922	-113.897861	USA	MT	59802	300630014013	Missoula, MT	2025-03-19	01:50:16	Wed
cf48c740e9837410cb9e2b838e27e3faa75dd2fb	McCormick Park	1748454689	47.389949	-114.106702	USA	MT	59865	300479406001	Missoula, MT	2025-05-28	17:51:29	Wed
574fd804e467a42750cd6e39cd907aa3720c1b9a	McCormick Park	1743108406	46.893215	-113.957772	USA	MT	59802	300630001005	Missoula, MT	2025-03-27	20:46:46	Thu
02f924e1aba4c268dc53947d8285c21e41320c4f	McCormick Park	1742710918	46.871343	-114.003316	USA	MT	59801	300630007001	Missoula, MT	2025-03-23	06:21:58	Sun
09d2f74f5bf4df744a629bebb794fcb2f3b2fb69	McCormick Park	1747990609	37.402898	-121.910871	USA	CA	95035	060855050061	San Francisco-Oakland-San Jose, CA	2025-05-23	08:56:49	Fri
0bd06d99e798dea11735eeaa9341e0737523ca0d	McCormick Park	1749607657	48.522491	-108.762276	USA	MT	59526	300050001001	Great Falls, MT	2025-06-11	02:07:37	Wed
1b0d43d62b2d62ab606397a3a3758dcff9b43b59	McCormick Park	1746989984	46.856398	-113.984028	USA	MT	59801	300630005011	Missoula, MT	2025-05-11	18:59:44	Sun
6505c53c0b956d703bdd13dc27e81089de6c38aa	McCormick Park	1748192933	46.854793	-114.007553	USA	MT	59801	300630012001	Missoula, MT	2025-05-25	17:08:53	Sun
764e3d3e336ebad6f553d1e866fd22559f618c0c	McCormick Park	1742767014	46.764572	-114.088831	USA	MT	59847	300630015022	Missoula, MT	2025-03-23	21:56:54	Sun
71021a5fd649adcc5ecf1dee173a64a8861c485d	McCormick Park	1749168990	46.878808	-113.888157	USA	MT	59802	300630014012	Missoula, MT	2025-06-06	00:16:30	Fri
c489bbf9e33dc5552e0a6fe3d9db288366f2fe00	McCormick Park	1748537069	46.871774	-114.007672	USA	MT	59801	300630007001	Missoula, MT	2025-05-29	16:44:29	Thu
709410fc5f5aceb1bcde2dffa57567d723265e23	McCormick Park	1749245087	46.880714	-113.886150	USA	MT	59802	300630014012	Missoula, MT	2025-06-06	21:24:47	Fri
3464c1879e8e201dbdff442b17898b121f890527	McCormick Park	1749514553	46.854519	-114.026994	USA	MT	59801	300630010021	Missoula, MT	2025-06-10	00:15:53	Tue
530bf4eb7ef9d34e102d9ca64122ce1922d00051	McCormick Park	1746627163	46.869979	-114.021587	USA	MT	59801	300630008011	Missoula, MT	2025-05-07	14:12:43	Wed
f59433c033ca42c3c3dd6ea5658d6f5bae94cc72	McCormick Park	1749085734	46.862401	-113.994476	USA	MT	59801	300630005021	Missoula, MT	2025-06-05	01:08:54	Thu
c5d458f3b0cec6d0e5322ebcb3951e2081564d9e	McCormick Park	1748192565	46.838492	-114.018549	USA	MT	59801	300630013031	Missoula, MT	2025-05-25	17:02:45	Sun
c1e42769acd5cdaf6651075d3fcfcda7d7b9393e	McCormick Park	1744511012	46.763360	-114.089561	USA	MT	59847	300630015022	Missoula, MT	2025-04-13	02:23:32	Sun
b364de28d7b72c244f31f8cd91796d5121f3f170	McCormick Park	1743282960	45.768811	-111.177537	USA	MT	59714	300310001051	Butte-Bozeman, MT	2025-03-29	21:16:00	Sat
b2942da459248c3eaff362fa3b040f1ff03084dd	McCormick Park	1746312336	46.873171	-114.031268	USA	MT	59801	300630008013	Missoula, MT	2025-05-03	22:45:36	Sat
5e0138d7895823f67cbff698a2450e2ce1f07da0	McCormick Park	1748665108	46.868546	-114.018631	USA	MT	59801	300630008011	Missoula, MT	2025-05-31	04:18:28	Sat
b68e4a47637162d44476c5b1b66992e9f35a8b27	McCormick Park	1749151248	34.855872	-82.213179	USA	SC	29651	450830234052	Greenville-Spartanburg, SC-Asheville, NC-Anderson,SC	2025-06-05	19:20:48	Thu
89ece3ba1da6e4993d62f09017f1894a14516366	McCormick Park	1748393379	46.243865	-114.163690	USA	MT	59840	300810005023	Missoula, MT	2025-05-28	00:49:39	Wed
05f2193cde06b2059ad0749d431cb804b4fde92d	McCormick Park	1745535343	46.881352	-113.999521	USA	MT	59802	300630002031	Missoula, MT	2025-04-24	22:55:43	Thu
8a3188f0c9af5ca5eeeedbb0818faebdd0a6e661	McCormick Park	1748203810	46.859491	-114.013502	USA	MT	59801	300630011002	Missoula, MT	2025-05-25	20:10:10	Sun
4008c3f237adece8c2005a66ec90fd781d1c6f54	McCormick Park	1747234021	46.899536	-114.109684	USA	MT	59808	300630002063	Missoula, MT	2025-05-14	14:47:01	Wed
c33c2d4c8ca69e067f1725a243c426bc1e9fa8a3	McCormick Park	1748270099	46.870645	-114.003557	USA	MT	59801	300630007001	Missoula, MT	2025-05-26	14:34:59	Mon
522a69cb26162a2965f3cbf606703d13fa7e4af3	McCormick Park	1742861416	46.858995	-113.988254	USA	MT	59801	300630005022	Missoula, MT	2025-03-25	00:10:16	Tue
8fc9661fa8636e6a04b7eee93e26b654b0ad3ec1	McCormick Park	1748446943	46.886252	-113.975340	USA	MT	59802	300630001002	Missoula, MT	2025-05-28	15:42:23	Wed
1dd92670be4806579886b8b870f991bbf553fc73	McCormick Park	1746449613	46.821132	-114.039689	USA	MT	59803	300630013043	Missoula, MT	2025-05-05	12:53:33	Mon
eacc429328b82ad0d18a8e2a9852353115dbe69e	McCormick Park	1748577328	46.889911	-114.111165	USA	MT	59808	300630002062	Missoula, MT	2025-05-30	03:55:28	Fri
1c2c4e31619e1a7104741527d9d8cf628faea1bd	McCormick Park	1748999974	46.872328	-114.027715	USA	MT	59801	300630008013	Missoula, MT	2025-06-04	01:19:34	Wed
039f80d8b71bf213fc6867f2ac9e5ef44bdf0efa	McCormick Park	1748396192	46.835082	-114.044896	USA	MT	59804	300630013041	Missoula, MT	2025-05-28	01:36:32	Wed
cf356941d3f06ee70de3122569d167f5b151915d	McCormick Park	1749588819	46.840765	-114.025072	USA	MT	59801	300630013034	Missoula, MT	2025-06-10	20:53:39	Tue
23f4157e94f8137ef90f07e2c250517aea3dc505	McCormick Park	1743833081	46.835032	-114.006378	USA	MT	59803	300630013021	Missoula, MT	2025-04-05	06:04:41	Sat
866f9313221976217f4116bf1bf6dd90cfe79540	McCormick Park	1743125541	46.896662	-114.001450	USA	MT	59802	300630001002	Missoula, MT	2025-03-28	01:32:21	Fri
b6ee7ae4ac4060d3559c344b508c2fb9b0f43617	McCormick Park	1742766982	46.764391	-114.088203	USA	MT	59847	300630015022	Missoula, MT	2025-03-23	21:56:22	Sun
b7f8d3a6da51b8ecdea9b8903da9cfb880f01e9c	McCormick Park	1746391753	46.873954	-113.977379	USA	MT	59802	300630001003	Missoula, MT	2025-05-04	20:49:13	Sun
24a82ce096c7aa21ace784eb89316e8a1dd3ce1f	McCormick Park	1748826485	47.159693	-114.850702	USA	MT	59872	300619645001	Missoula, MT	2025-06-02	01:08:05	Mon
1be439dba11280e34e5775d45f4f64230275506e	McCormick Park	1749262523	46.243924	-114.164204	USA	MT	59840	300810005023	Missoula, MT	2025-06-07	02:15:23	Sat
e25b11b97ab61a870e2a313592ffc55d7f74153e	McCormick Park	1744770027	46.887303	-114.003715	USA	MT	59802	300630002041	Missoula, MT	2025-04-16	02:20:27	Wed
1f48c1956de49efb57243671502c870f4e115ef0	McCormick Park	1742322924	46.760126	-114.088095	USA	MT	59847	300630015022	Missoula, MT	2025-03-18	18:35:24	Tue
fcbfe848a360a7bf4dcc8304cfd19c5ebab6f687	McCormick Park	1749766583	37.674231	-122.084271	USA	CA	94541	060014354002	San Francisco-Oakland-San Jose, CA	2025-06-12	22:16:23	Thu
460135a0c51b6da8c3956c7f1a20ea9b2f29f67a	McCormick Park	1749482752	46.916448	-114.061602	USA	MT	59808	300630002063	Missoula, MT	2025-06-09	15:25:52	Mon
8bcbdb0e85b71327c3050f48cb893c43c222fa7d	McCormick Park	1749243038	46.576702	-112.042945	USA	MT	59601	300490008001	Helena, MT	2025-06-06	20:50:38	Fri
86d031c67ddafd572ae81fff9b5bd9ab0ee24135	McCormick Park	1749684792	46.876942	-113.999633	USA	MT	59802	300630003002	Missoula, MT	2025-06-11	23:33:12	Wed
366ec62522ffcd3cc295b39ac88e9491c1b633cc	McCormick Park	1745451157	46.849721	-114.019508	USA	MT	59801	300630010021	Missoula, MT	2025-04-23	23:32:37	Wed
096d5b15cd825f5191054d8b78ac2b68f517d6a6	McCormick Park	1748331020	46.878870	-114.021323	USA	MT	59808	300630002042	Missoula, MT	2025-05-27	07:30:20	Tue
301983d53490eeb7f69c67755dc3094084620f81	McCormick Park	1742406455	46.916591	-114.034011	USA	MT	59808	300630002064	Missoula, MT	2025-03-19	17:47:35	Wed
2bdf49d47574a94995d4e75015e35874215dcf19	McCormick Park	1748557553	47.197634	-114.108069	USA	MT	59821	300479407001	Missoula, MT	2025-05-29	22:25:53	Thu
2ecf0fe72d4f02763b9e0b87d1247e6339a72436	McCormick Park	1747858511	46.711957	-114.077578	USA	MT	59847	300630015021	Missoula, MT	2025-05-21	20:15:11	Wed
7306ded7b9ef7853daff3e9ec21fd068d416f5f4	McCormick Park	1749838944	46.834237	-114.003768	USA	MT	59803	300630013021	Missoula, MT	2025-06-13	18:22:24	Fri
d0c9e5a19c5fe4e9f6cd1eecce85e3bbcd16bbdc	McCormick Park	1749531301	46.876318	-114.003859	USA	MT	59802	300630003002	Missoula, MT	2025-06-10	04:55:01	Tue
eb65107c491f62fd04fa7113b96bba1edb662390	McCormick Park	1749426601	47.193952	-114.890943	USA	MT	59872	300619646001	Missoula, MT	2025-06-08	23:50:01	Sun
d2fdd2a065b2cb0c87413df1db10711761aff928	McCormick Park	1742668603	46.850205	-114.010116	USA	MT	59801	300630012002	Missoula, MT	2025-03-22	18:36:43	Sat
34e33f7a8aadd129c05b198f3d9dde6e619eb933	McCormick Park	1749686992								2025-06-12	00:09:52	Thu
6426b10624fc19de977a9260622ede028046f6c1	McCormick Park	1744913391	46.876855	-113.999537	USA	MT	59802	300630003002	Missoula, MT	2025-04-17	18:09:51	Thu
7159545bf7ba2a6f6e7e3e69937f7456274adae6	McCormick Park	1748214902	46.841712	-114.010375	USA	MT	59801	300630012004	Missoula, MT	2025-05-25	23:15:02	Sun
7793e682f5f963b6b555a25c70b2fc976870f9af	McCormick Park	1749109247	46.748859	-114.132420	USA	MT	59847	300630015021	Missoula, MT	2025-06-05	07:40:47	Thu
3ecfcb611bf5b792a7aef94ba68870c24754e0b9	McCormick Park	1748131182	46.820383	-114.035775	USA	MT	59803	300630013033	Missoula, MT	2025-05-24	23:59:42	Sat
b294ed9e5c1f63dfc2440becd16d19ea085a7923	McCormick Park	1747245592	46.846958	-114.007539	USA	MT	59801	300630012004	Missoula, MT	2025-05-14	17:59:52	Wed
b3c570375c308247f79acb1dfe974754c9ce2a1b	McCormick Park	1746142426	46.865791	-114.010556	USA	MT	59801	300630007002	Missoula, MT	2025-05-01	23:33:46	Thu
246e2c1d4593061e055f623c4e9b0f25b20dcda4	McCormick Park	1749270136	46.893118	-114.052028	USA	MT	59808	300630002051	Missoula, MT	2025-06-07	04:22:16	Sat
0d94fa1dce5a38d1c142bc1781821ca0b3b3a020	McCormick Park	1747424041	46.871464	-114.007625	USA	MT	59801	300630007001	Missoula, MT	2025-05-16	19:34:01	Fri
3d6364121a7f74a3b2f107a0fd07c7a4fa979856	McCormick Park	1749490354								2025-06-09	17:32:34	Mon
f9bd331c99a1d9dab49a86b6f950efdc76c87e85	McCormick Park	1746395342	46.870743	-114.007666	USA	MT	59801	300630007001	Missoula, MT	2025-05-04	21:49:02	Sun
5451f665f271493bac79ef89ffd628f41d893cbd	McCormick Park	1746581460	46.986367	-114.108077	USA	MT	59808	300630016012	Missoula, MT	2025-05-07	01:31:00	Wed
7535ea874e9d620e6f8aeca1b3563b6ec5c2a262	McCormick Park	1749086283	46.879861	-113.851461	USA	MT	59825	300630014022	Missoula, MT	2025-06-05	01:18:03	Thu
1f1c1a152ef1e513644f671bb51122db49436634	McCormick Park	1747969350	46.986435	-114.108130	USA	MT	59808	300630016012	Missoula, MT	2025-05-23	03:02:30	Fri
4591c4ba7935bc04e12622a8d78510ca5b9fe75e	McCormick Park	1749773805	45.776349	-108.516320	USA	MT	59101	301110004011	Billings, MT	2025-06-13	00:16:45	Fri
afa5647219f2f2518d317342d8a034db004f234d	McCormick Park	1749523299	46.856283	-114.012119	USA	MT	59801	300630011003	Missoula, MT	2025-06-10	02:41:39	Tue
6b884515759912f458e179a3b7c909b3f68647f4	McCormick Park	1745171141	46.865896	-114.009933	USA	MT	59801	300630007002	Missoula, MT	2025-04-20	17:45:41	Sun
9371bdc8679d6754b4e112cf562a8b0fa0da142d	McCormick Park	1748908517	46.760541	-114.074340	USA	MT	59847	300630015011	Missoula, MT	2025-06-02	23:55:17	Mon
682f547de0de5d5092ced6b43c0225e901b58876	McCormick Park	1748133156	46.871810	-114.008632	USA	MT	59801	300630007001	Missoula, MT	2025-05-25	00:32:36	Sun
5a71a839daf64e815ebbfb0fc9f5b27d9bf82306	McCormick Park	1749067438	46.915710	-114.071487	USA	MT	59808	300630002063	Missoula, MT	2025-06-04	20:03:58	Wed
e46227a67defe16e8b94606ebf7d9685225e168f	McCormick Park	1744773920	46.877066	-113.998862	USA	MT	59802	300630003002	Missoula, MT	2025-04-16	03:25:20	Wed
9a5e1aab4111639266c9b44e7a301c41596db87b	McCormick Park	1747945676	46.810133	-114.068623	USA	MT	59803	300630013044	Missoula, MT	2025-05-22	20:27:56	Thu
fdb562353cc74278064a2ce413c584c23bf322c4	McCormick Park	1748510892								2025-05-29	09:28:12	Thu
78681468762d49a69d7bfbb15ce61f102212db8f	McCormick Park	1748117633	46.839998	-114.027787	USA	MT	59801	300630013031	Missoula, MT	2025-05-24	20:13:53	Sat
20b26be735c7cb3bd45f3a446a5050aa063547d6	McCormick Park	1744957226	46.871359	-114.007875	USA	MT	59801	300630007001	Missoula, MT	2025-04-18	06:20:26	Fri
65022cfcca781e87a0bfa65d66ef079d1db19acb	McCormick Park	1748819742	41.106004	-112.008845	USA	UT	84015	490111257021	Salt Lake City, UT	2025-06-01	23:15:42	Sun
0442b25e15e225c824b4d301bf69fdd29edf47f7	McCormick Park	1747868041	46.890766	-114.046173	USA	MT	59808	300630002053	Missoula, MT	2025-05-21	22:54:01	Wed
122912cf906bb15b1e728a0741323d90d5e4ce23	McCormick Park	1749087467	46.290948	-114.141303	USA	MT	59828	300810004022	Missoula, MT	2025-06-05	01:37:47	Thu
43fbc61fd03e0363cc1e400785ff2120975f28a9	McCormick Park	1744157158	46.744656	-114.092841	USA	MT	59847	300630015023	Missoula, MT	2025-04-09	00:05:58	Wed
f7f2f98820ec76cead6f2236579d7f70d8a2ba0e	McCormick Park	1749598234	29.325124	-95.272735	USA	TX	77511	480396616021	Houston, TX	2025-06-10	23:30:34	Tue
f1809049cbda794424abe7ecd7c9ee885c8a4248	McCormick Park	1744826977	46.848536	-114.040876	USA	MT	59804	300630009014	Missoula, MT	2025-04-16	18:09:37	Wed
51de66369b755f19301ab75c6d64944bcf60564e	McCormick Park	1748575450	46.883697	-113.907387	USA	MT	59802	300630014013	Missoula, MT	2025-05-30	03:24:10	Fri
de1911cebef49eb27efbd13e33723dfb8d5f5532	McCormick Park	1749251671	47.138942	-114.824458	USA	MT	59872	300619645001	Missoula, MT	2025-06-06	23:14:31	Fri
2776d07a98ae8753b347010ded0e31bf5c2203a2	McCormick Park	1744306412	46.843234	-114.044084	USA	MT	59804	300630009014	Missoula, MT	2025-04-10	17:33:32	Thu
5f73834c3e41761e78c4c5772fc618caf6038994	McCormick Park	1748922797	45.831499	-112.386430	USA	MT	59759	300439623002	Butte-Bozeman, MT	2025-06-03	03:53:17	Tue
883764786b545aa920fe171bef12a79c3b461158	McCormick Park	1749150474	46.866868	-114.000789	USA	MT	59801	300630007002	Missoula, MT	2025-06-05	19:07:54	Thu
b259cf1a56dfa9c62deeeba53d0086afab2a959e	McCormick Park	1748740597	47.027545	-114.301766	USA	MT	59834	300630016021	Missoula, MT	2025-06-01	01:16:37	Sun
bf4f2b731b6285970270c5e7cbae01a65cae454e	McCormick Park	1743794251	46.846879	-114.083186	USA	MT	59804	300630009014	Missoula, MT	2025-04-04	19:17:31	Fri
3ef1586e7bee8e1a8711ba4e94975ceff5c30947	McCormick Park	1749579325	46.839592	-114.000357	USA	MT	59803	300630013021	Missoula, MT	2025-06-10	18:15:25	Tue
0ac3a552994131e60ab73abdb400e254cc2d3bb3	McCormick Park	1749634199	46.831671	-114.041549	USA	MT	59803	300630013043	Missoula, MT	2025-06-11	09:29:59	Wed
2908596bb493b760d7ffed019d92f24d5a8cdcac	McCormick Park	1743492791	46.870671	-114.002712	USA	MT	59801	300630007001	Missoula, MT	2025-04-01	07:33:11	Tue
32cf56fcf2e7f18b59f3974678080b74528cfea9	McCormick Park	1746292665	46.871695	-114.008862	USA	MT	59801	300630007001	Missoula, MT	2025-05-03	17:17:45	Sat
2daa0f51b2b9f81b0b269bfdff454f08fd205876	McCormick Park	1749137583	46.858909	-114.042825	USA	MT	59804	300630009015	Missoula, MT	2025-06-05	15:33:03	Thu
1da0e141689dc1bead83e94eeaa8235435507888	McCormick Park	1748285455	46.810385	-114.050265	USA	MT	59803	300630013042	Missoula, MT	2025-05-26	18:50:55	Mon
ab1ac92f9d36428c317a73e3fc35f99c9bcd77cf	McCormick Park	1749333181	46.842320	-114.019244	USA	MT	59801	300630013034	Missoula, MT	2025-06-07	21:53:01	Sat
b6f53b9af0407fab9c8841da6137262eb5cb6ff9	McCormick Park	1744914340	45.614577	-106.665398	USA	MT	59043	300879404001	Billings, MT	2025-04-17	18:25:40	Thu
fecbf0d001be7cfb6ea03b0c6983e5b8776369b5	McCormick Park	1748068314	46.844093	-114.037658	USA	MT	59801	300630010013	Missoula, MT	2025-05-24	06:31:54	Sat
5574b32428eb6f42f4b9b272d5740d19ba1ce483	McCormick Park	1746344518	45.312695	-111.789480	USA	MT	59729	300570001021	Butte-Bozeman, MT	2025-05-04	07:41:58	Sun
1e18c7e42e7416779d44a0edd81e377c840c5b1c	McCormick Park	1749605268	46.895545	-113.962661	USA	MT	59802	300630001005	Missoula, MT	2025-06-11	01:27:48	Wed
6b4f05ff772923a8eaad4fa70a22b3836da2ad1a	McCormick Park	1748645684	46.883814	-114.083756	USA	MT	59808	300630002054	Missoula, MT	2025-05-30	22:54:44	Fri
8853b21d63d1cc5d51ee85c2e0abe98106cf36e4	McCormick Park	1748565184	46.815451	-114.076802	USA	MT	59803	300630013044	Missoula, MT	2025-05-30	00:33:04	Fri
c7fc61d19d474ce0e3b896fb96378cef229650a5	McCormick Park	1748737843	46.885198	-114.022512	USA	MT	59808	300630002043	Missoula, MT	2025-06-01	00:30:43	Sun
464f367d73fcb76921228c5d0e619beba8741b18	McCormick Park	1743468541	46.840907	-114.009502	USA	MT	59801	300630012004	Missoula, MT	2025-04-01	00:49:01	Tue
eb5521a0aac630b32b3c3a0cdfb9bbcde9b2023d	McCormick Park	1748472625	46.807286	-114.058079	USA	MT	59803	300630013045	Missoula, MT	2025-05-28	22:50:25	Wed
fa76be2c4b219d7cfd53f681bdb5d178022e5953	McCormick Park	1742600423	46.875781	-113.998163	USA	MT	59802	300630003002	Missoula, MT	2025-03-21	23:40:23	Fri
709306e5529ce1ff2bad3a26e49cfb5e5e943ec3	McCormick Park	1747184552	37.816011	-122.276304	USA	CA	94607	060014016002	San Francisco-Oakland-San Jose, CA	2025-05-14	01:02:32	Wed
17f8e28ba09ee674033482907498626074f578a2	McCormick Park	1743469133	46.938054	-114.020903	USA	MT	59808	300630014011	Missoula, MT	2025-04-01	00:58:53	Tue
4aade742ff7cf94c0e1fd7952138cf6100fccba5	McCormick Park	1748034996	46.874756	-114.023496	USA	MT	59801	300630008013	Missoula, MT	2025-05-23	21:16:36	Fri
fdd636f842a51fa7860a87ec0cb049442a5cfeef	McCormick Park	1748174959	46.861642	-114.009773	USA	MT	59801	300630011002	Missoula, MT	2025-05-25	12:09:19	Sun
c4e055227a7f9525d4171699b29e4491354b36e4	McCormick Park	1745107240	47.498873	-111.254817	USA	MT	59405	300130010003	Great Falls, MT	2025-04-20	00:00:40	Sun
20524e698a75cde3b66240420d4d04e8da62244b	McCormick Park	1748578517	46.890389	-114.036196	USA	MT	59808	300630002042	Missoula, MT	2025-05-30	04:15:17	Fri
fbb8240b120ea4346853805fd0c1a5422fbf2e91	McCormick Park	1747648291								2025-05-19	09:51:31	Mon
f5e773a8e7ad5d36373c43f102bddc8c9a3c0be9	McCormick Park	1745932925	46.937973	-114.090776	USA	MT	59808	300630002064	Missoula, MT	2025-04-29	13:22:05	Tue
d0bb07ce78086e0b5022e5153fadf334c608d07d	McCormick Park	1749766112								2025-06-12	22:08:32	Thu
dde717f05379455e0b13d203c0f7e9b888f86513	McCormick Park	1749777967	42.000743	-101.763005	USA	NE	69350	310759563001	Rapid City, SD	2025-06-13	01:26:07	Fri
c662bda65c7bb9f8204431520c48ea6c32f60fab	McCormick Park	1749094796	46.775591	-114.046197	USA	MT	59803	300630014021	Missoula, MT	2025-06-05	03:39:56	Thu
cf4ce7a3542375d4a0152cee92557a6557fb5602	McCormick Park	1749319776	46.856177	-114.030907	USA	MT	59801	300630010012	Missoula, MT	2025-06-07	18:09:36	Sat
6727e6bfe9a44a8828e77c27673d6cee88ee49a4	McCormick Park	1747328860	46.885391	-114.087572	USA	MT	59808	300630002054	Missoula, MT	2025-05-15	17:07:40	Thu
7e0a9f076a9e4c8e95fb9d35f87af67131ee79dc	McCormick Park	1748664525	46.862002	-113.995311	USA	MT	59801	300630005021	Missoula, MT	2025-05-31	04:08:45	Sat
54508c86c47294c11815cc078433f739798f3a6a	McCormick Park	1749409777	46.620692	-114.084691	USA	MT	59833	300810001002	Missoula, MT	2025-06-08	19:09:37	Sun
c7fdacfa236767761c719e101281196c345e6cd5	McCormick Park	1745400934	36.160969	-115.082928	USA	NV	89110	320030005184	Las Vegas, NV	2025-04-23	09:35:34	Wed
7fbe69ba74c1990bc4860f33f309811a0dfa3089	McCormick Park	1749563123	46.851772	-114.014207	USA	MT	59801	300630012002	Missoula, MT	2025-06-10	13:45:23	Tue
b58e99f93ef0d38fdd882c4221ea665005c2ebe5	McCormick Park	1749773704	46.870296	-114.018905	USA	MT	59801	300630008011	Missoula, MT	2025-06-13	00:15:04	Fri
aecf351870224827ec5cb666df369d2e266f3ce6	McCormick Park	1748802998	46.818690	-114.061599	USA	MT	59803	300630013042	Missoula, MT	2025-06-01	18:36:38	Sun
09779ff8e054796c2d5cced0ee8106ec93c636be	McCormick Park	1748261114	46.868124	-113.980776	USA	MT	59802	300630001004	Missoula, MT	2025-05-26	12:05:14	Mon
86f64ed480da4d1f796e89112797f3e96d280b40	McCormick Park	1749688198	46.886358	-114.000987	USA	MT	59802	300630002041	Missoula, MT	2025-06-12	00:29:58	Thu
f47c151d1776c669db5e30cd3a666ca7aef4d24b	McCormick Park	1743644820	46.871487	-114.003417	USA	MT	59801	300630007001	Missoula, MT	2025-04-03	01:47:00	Thu
9aeebed58d2fb46ef1ae72aa2d2ba6c5dfa7e7c0	McCormick Park	1749756564								2025-06-12	19:29:24	Thu
677ce768e142073b3f898abb50cfb65809cb5d98	McCormick Park	1742306241	38.781272	-107.779959	USA	CO	81419	080299650022	Denver, CO	2025-03-18	13:57:21	Tue
c198bab0aa2bc758ed75bbb59471404cc2a463d7	McCormick Park	1745377434	46.864775	-114.012644	USA	MT	59801	300630007003	Missoula, MT	2025-04-23	03:03:54	Wed
937f101bd0f21069a9c4c9b90777cd82d48d16e7	McCormick Park	1745910618	46.875467	-114.004426	USA	MT	59802	300630003002	Missoula, MT	2025-04-29	07:10:18	Tue
74a2e3b528e423ae037c494c5ee78c198a7ca1b6	McCormick Park	1748044326	47.019225	-114.214428	USA	MT	59834	300630016021	Missoula, MT	2025-05-23	23:52:06	Fri
53d89327ab94e1f67397592e2953259f94b466d3	McCormick Park	1749321921	46.882886	-113.995742	USA	MT	59802	300630002031	Missoula, MT	2025-06-07	18:45:21	Sat
c1535160e2f4885c048ed01486963fa932efcb9c	McCormick Park	1743795542	40.198061	-111.888890	USA	UT	84013	490490101323	Salt Lake City, UT	2025-04-04	19:39:02	Fri
bde9aa18655fee8461e2da39b36abc584021e12f	McCormick Park	1749075504	47.033574	-114.335436	USA	MT	59846	300630016022	Missoula, MT	2025-06-04	22:18:24	Wed
e423c9b003d9f0e0f212ab0447b28faf4431d1c8	McCormick Park	1748456007	46.890634	-114.004733	USA	MT	59802	300630002041	Missoula, MT	2025-05-28	18:13:27	Wed
b4955fe8a7d6789ed3f450563267f48c0e59ab1e	McCormick Park	1748910110	46.862120	-114.012027	USA	MT	59801	300630011002	Missoula, MT	2025-06-03	00:21:50	Tue
a8c6e4c78cfe2bdcaec3d882aa8efe1b290fbb59	McCormick Park	1749322859	46.611180	-114.038646	USA	MT	59870	300810001003	Missoula, MT	2025-06-07	19:00:59	Sat
5ee44319a3a3e65df1722ef191df35ff30c108cd	McCormick Park	1749256685	46.894137	-114.069004	USA	MT	59808	300630002052	Missoula, MT	2025-06-07	00:38:05	Sat
1f43aa92daadb621c20e5822a57b0cd05afeed19	McCormick Park	1748144930	46.872326	-113.997379	USA	MT	59802	300630003002	Missoula, MT	2025-05-25	03:48:50	Sun
516302a60d7ece11a77c19cc75c24b7ff9e0f542	McCormick Park	1746752546	46.862141	-114.012098	USA	MT	59801	300630011002	Missoula, MT	2025-05-09	01:02:26	Fri
b0bfb09d466449c57a7bf017ec05d7b15c4cdf70	McCormick Park	1749587935	43.623537	-116.276654	USA	ID	83704	160010023184	Boise, ID	2025-06-10	20:38:55	Tue
4ca6f092cea32daf6976ddcdbcbca65da108377b	McCormick Park	1743661644	47.015232	-114.213638	USA	MT	59834	300630016012	Missoula, MT	2025-04-03	06:27:24	Thu
616c6d7e7351ac219576808ba62073fb9816330e	McCormick Park	1748655243	34.519928	-97.958710	USA	OK	73533	401370002001	Wichita Falls, TX-Lawton, OK	2025-05-31	01:34:03	Sat
4f166c919d6c07ccd418f1638dcdce72dbb12ba7	McCormick Park	1745795414	46.908254	-113.958527	USA	MT	59802	300630014011	Missoula, MT	2025-04-27	23:10:14	Sun
83c0201912d434566678d991588652f8f512ec15	McCormick Park	1746282096	46.871892	-114.007789	USA	MT	59801	300630007001	Missoula, MT	2025-05-03	14:21:36	Sat
566a3855c7edc715d8f44b32e3fab842e5317e2f	McCormick Park	1749851631	46.871468	-113.977176	USA	MT	59802	300630001003	Missoula, MT	2025-06-13	21:53:51	Fri
fd29668d9884560ec35db1af36dd000abaa02076	McCormick Park	1749607402	46.420192	-114.150048	USA	MT	59875	300810003001	Missoula, MT	2025-06-11	02:03:22	Wed
404c68cd15da67cafb23a40351a6289831573094	McCormick Park	1748132582	46.593735	-111.915681	USA	MT	59635	300490012012	Helena, MT	2025-05-25	00:23:02	Sun
42103914b4468cdd6861171046dce4f3428273c9	McCormick Park	1749251551	46.839605	-114.016591	USA	MT	59801	300630012004	Missoula, MT	2025-06-06	23:12:31	Fri
8d3f1fb5a41d7f8055ae494082bb6d26c13d298c	McCormick Park	1744139240	26.331991	-81.828575	USA	FL	34134	120710506011	Ft. Myers-Naples, FL	2025-04-08	19:07:20	Tue
3536d16ba5b41a103722dfa06e0d758636f6d824	McCormick Park	1747959736	47.484400	-111.304015	USA	MT	59405	300130022012	Great Falls, MT	2025-05-23	00:22:16	Fri
f59a72e988ce77ccdb725ae36b0bb9e2b7d6fa60	McCormick Park	1742607934	46.867864	-113.978979	USA	MT	59802	300630001004	Missoula, MT	2025-03-22	01:45:34	Sat
e0d8a3f6a6c76f04fc7e2239e4843b644b5049f1	McCormick Park	1746318000	46.867978	-114.039407	USA	MT	59801	300630008012	Missoula, MT	2025-05-04	00:20:00	Sun
8241c02d873455f0fe635b5e8c26a78bd565c785	McCormick Park	1742897881	46.863722	-114.045866	USA	MT	59804	300630009011	Missoula, MT	2025-03-25	10:18:01	Tue
05279c4c18fa23e07894d3efadf3657b053f65b3	McCormick Park	1742580208	48.241563	-116.288619	USA	ID	83836	160179501003	Spokane, WA	2025-03-21	18:03:28	Fri
73dcf9b1ca339cdc40171c8606eabe2b6f2db6db	McCormick Park	1743779682	46.889691	-114.113347	USA	MT	59808	300630002062	Missoula, MT	2025-04-04	15:14:42	Fri
0bc6ca8534b1447548f7f911b2c846b6cf4e1140	McCormick Park	1744643490	46.846572	-114.017567	USA	MT	59801	300630012004	Missoula, MT	2025-04-14	15:11:30	Mon
490dd2bd742bc6eb9ea636bc2f6b31e2af64c702	McCormick Park	1749346331	46.716162	-113.591795	USA	MT	59825	300399617011	Missoula, MT	2025-06-08	01:32:11	Sun
00f3b84bea316933d64326b2a2300cd3d9faa540	McCormick Park	1748219537	46.871412	-114.007814	USA	MT	59801	300630007001	Missoula, MT	2025-05-26	00:32:17	Mon
7afd5cd9c8ae5b76f3b55be0d069268ef58e6b9e	McCormick Park	1748806937	47.024990	-114.403557	USA	MT	59846	300630016022	Missoula, MT	2025-06-01	19:42:17	Sun
7fcc0d5b3953305d15f47fdec43b3b2d58e8954a	McCormick Park	1748226069	46.851726	-114.005889	USA	MT	59801	300630012002	Missoula, MT	2025-05-26	02:21:09	Mon
8b9aad1b099961348c09c2abd3dc31adf32369ae	McCormick Park	1743731030	36.173216	-115.291046	USA	NV	89145	320030032232	Las Vegas, NV	2025-04-04	01:43:50	Fri
1ff77d2e8d4d74500f36e97d46b98c2e141ae727	McCormick Park	1742775803	46.820254	-114.036026	USA	MT	59803	300630013033	Missoula, MT	2025-03-24	00:23:23	Mon
afa566ab1042c4e223e49f500363ad21c855c2c7	McCormick Park	1748749310	46.867645	-113.979342	USA	MT	59802	300630001004	Missoula, MT	2025-06-01	03:41:50	Sun
d5eb1dd109d4ca1ff79fbc74a86f74ce5add2f4f	McCormick Park	1747770724	46.889994	-114.080657	USA	MT	59808	300630002052	Missoula, MT	2025-05-20	19:52:04	Tue
45a86b96dc8a0b33602c302393875c6f65976c76	McCormick Park	1742424418	46.874499	-114.015867	USA	MT	59801	300630007001	Missoula, MT	2025-03-19	22:46:58	Wed
d8f46c5f4e07bda3d71eeb0cfafc89a863d17399	McCormick Park	1749344720	46.852027	-114.021781	USA	MT	59801	300630010021	Missoula, MT	2025-06-08	01:05:20	Sun
b7c83277e62a793a3d232eef01c5887b9ab792a2	McCormick Park	1746293982	46.862546	-113.999038	USA	MT	59801	300630011001	Missoula, MT	2025-05-03	17:39:42	Sat
9297a7d89501a41e07a34ac8a3198e80192a549a	McCormick Park	1749052274	45.990041	-112.599848	USA	MT	59701	300930008003	Butte-Bozeman, MT	2025-06-04	15:51:14	Wed
6f9a8c000fc4b1839f14bd16ee58d1be045f3d45	McCormick Park	1745621750	46.543872	-114.014023	USA	MT	59870	300810002041	Missoula, MT	2025-04-25	22:55:50	Fri
d5edfc8d8bd25cd795985e7981b6f7add49e7da6	McCormick Park	1748992373	46.865364	-114.040570	USA	MT	59804	300630009011	Missoula, MT	2025-06-03	23:12:53	Tue
71bfb4ca58f53cb12fdf8cc0a6485d4e84132c08	McCormick Park	1744468313	46.852713	-113.986484	USA	MT	59801	300630005011	Missoula, MT	2025-04-12	14:31:53	Sat
820b6a9099d10b7ca8034b5584a856120fab7532	McCormick Park	1743266570	45.987898	-112.533927	USA	MT	59701	300930006004	Butte-Bozeman, MT	2025-03-29	16:42:50	Sat
23ba357a6b113b771fa8e1ad7210826a7624d830	McCormick Park	1748125889	32.670727	-117.037882	USA	CA	91902	060730032071	San Diego, CA	2025-05-24	22:31:29	Sat
f0829916deab16842c214ef1414c5b925c82669b	McCormick Park	1749173802	46.857247	-114.012661	USA	MT	59801	300630011002	Missoula, MT	2025-06-06	01:36:42	Fri
82663017bed9a48bc6079599699bfe67bd1cd70f	McCormick Park	1746657889	46.881237	-113.937950	USA	MT	59802	300630004002	Missoula, MT	2025-05-07	22:44:49	Wed
ecffbe576f80934db1395dd38ee2cdb3c7bcb19c	McCormick Park	1748976718	47.627114	-117.537080	USA	WA	99224	530630137001	Spokane, WA	2025-06-03	18:51:58	Tue
a17575a1919695b02b16bc4a72e92da12e9509cb	McCormick Park	1744830633	46.874713	-114.012466	USA	MT	59801	300630007001	Missoula, MT	2025-04-16	19:10:33	Wed
b73c8e3d71cc9e33f93cf03da6a86f2387589109	McCormick Park	1742226510	46.802789	-114.062530	USA	MT	59803	300630013045	Missoula, MT	2025-03-17	15:48:30	Mon
71e1b2f35c920623a5549cf5a734675ba76571cc	McCormick Park	1745428988	47.004989	-114.483739	USA	MT	59820	300619645002	Missoula, MT	2025-04-23	17:23:08	Wed
1d4a14f6d6f654e8acc122234fdb034cd84662c6	McCormick Park	1746985979	31.040190	-97.363614	USA	TX	76502	480270213051	Waco-Temple-Bryan, TX	2025-05-11	17:52:59	Sun
7b3807bc134b383f5d4e45896f19e85bb8bcb1fb	McCormick Park	1749682091	46.907335	-114.047122	USA	MT	59808	300630002061	Missoula, MT	2025-06-11	22:48:11	Wed
fe5f61dd533e877355eb3cca77beafeadd7743ab	McCormick Park	1747235322	46.242070	-114.150117	USA	MT	59840	300810006022	Missoula, MT	2025-05-14	15:08:42	Wed
cb053a68b9f1c72093af0a7370846d4279e0571e	McCormick Park	1749328874	39.829402	-86.259331	USA	IN	46254	180973103063	Indianapolis, IN	2025-06-07	20:41:14	Sat
103313fb24f3d328ae0c131d402383922546e0d9	McCormick Park	1749074773	43.659450	-116.286831	USA	ID	83714	160010024123	Boise, ID	2025-06-04	22:06:13	Wed
ab5de8a7ba63c6a076d3d6d45b97c5e834f86f98	McCormick Park	1742308660	46.852515	-113.532679	USA	MT	59823	300630018022	Missoula, MT	2025-03-18	14:37:40	Tue
0682c702088094a5e77597923efa2870f227886f	McCormick Park	1748387378	46.830603	-114.035622	USA	MT	59803	300630013032	Missoula, MT	2025-05-27	23:09:38	Tue
d0e1c6b9d250e11885b60261467c3b678855b923	McCormick Park	1746539885	46.480543	-114.088585	USA	MT	59870	300810002014	Missoula, MT	2025-05-06	13:58:05	Tue
208ad11922bd51c355c3e6ba3b4f3412b70ec4bc	McCormick Park	1749439283	46.817943	-114.056782	USA	MT	59803	300630013042	Missoula, MT	2025-06-09	03:21:23	Mon
77e05384797317d5f36cd3c37f8d95e03c6b77fe	McCormick Park	1748125206	46.853393	-113.998212	USA	MT	59801	300630012001	Missoula, MT	2025-05-24	22:20:06	Sat
9be71f66a64e02c7210f154159b65f22dc4b740c	McCormick Park	1749822751	46.856561	-114.009607	USA	MT	59801	300630011003	Missoula, MT	2025-06-13	13:52:31	Fri
83f11c0bde04cd4a3599a25dd7fd424c45041870	McCormick Park	1746315597	47.975456	-114.190184	USA	MT	59922	300290014023	Missoula, MT	2025-05-03	23:39:57	Sat
10bd08be094b45c6e71ca5ae81aae0ec69053c87	McCormick Park	1745863355	46.631902	-114.041310	USA	MT	59833	300810001003	Missoula, MT	2025-04-28	18:02:35	Mon
58d1ef3376af121b8b75d04c8c2d6688cf2b5b01	McCormick Park	1742869226	46.852144	-114.021615	USA	MT	59801	300630010021	Missoula, MT	2025-03-25	02:20:26	Tue
43a8bc5b0db7ea0a854730a4e95b3dee9baf5e97	McCormick Park	1748391263	39.679835	-104.962432	USA	CO	80210	080310030032	Denver, CO	2025-05-28	00:14:23	Wed
00994fcec0759d1bc2a824a830bebde770900db6	McCormick Park	1742356600	46.241297	-114.154812	USA	MT	59840	300810005022	Missoula, MT	2025-03-19	03:56:40	Wed
6a917d43ac61026d141676807db47dce2632053a	McCormick Park	1748911923	46.899410	-113.958390	USA	MT	59802	300630001005	Missoula, MT	2025-06-03	00:52:03	Tue
39fda54f83382c99be6a21699abd9052857f3a02	McCormick Park	1749409010	46.871112	-114.010568	USA	MT	59801	300630007001	Missoula, MT	2025-06-08	18:56:50	Sun
3f1659fdb28cf38ad6b7dbb8b925836705282b8b	McCormick Park	1749526161	46.868953	-114.006703	USA	MT	59801	300630007002	Missoula, MT	2025-06-10	03:29:21	Tue
fabe060f55708271e9da8b435e535de80ec15a9c	McCormick Park	1749151012	46.836822	-114.029267	USA	MT	59801	300630013031	Missoula, MT	2025-06-05	19:16:52	Thu
d9542a22c50d8b30bf1b2d76d5e43afc18ffda59	McCormick Park	1749159115								2025-06-05	21:31:55	Thu
ce4bf124a5a491463526d6964dc3b1ed9b1729b5	McCormick Park	1748740277								2025-06-01	01:11:17	Sun
e19cfd14d966b136305e25c58dd1561db57ff780	McCormick Park	1748478758	46.854532	-114.040892	USA	MT	59804	300630009015	Missoula, MT	2025-05-29	00:32:38	Thu
ac50ca4ee7506f11959dddff2d5db1513d6478d3	McCormick Park	1748829074	46.869740	-114.006786	USA	MT	59801	300630007002	Missoula, MT	2025-06-02	01:51:14	Mon
6602519ec7bbc9a1731aadf9fabe4b53b6bb526c	McCormick Park	1748469750	46.903903	-113.959138	USA	MT	59802	300630001005	Missoula, MT	2025-05-28	22:02:30	Wed
aa399f9bfa5a4f416a65c886e71ff4e399ba9e68	McCormick Park	1749688673	46.873303	-113.981937	USA	MT	59802	300630001003	Missoula, MT	2025-06-12	00:37:53	Thu
6aadb22c608fb3931d35496e77c068b9ac10ed8e	McCormick Park	1746662472	46.886229	-114.024731	USA	MT	59808	300630002043	Missoula, MT	2025-05-08	00:01:12	Thu
4da8c6a91dd173ff8f12d1aa0a35f169d7d83747	McCormick Park	1747760635	46.861480	-114.012870	USA	MT	59801	300630011002	Missoula, MT	2025-05-20	17:03:55	Tue
cd5fcf61522fe86f1e726907960b2bd163895d47	McCormick Park	1749574278	46.859914	-114.051551	USA	MT	59804	300630009011	Missoula, MT	2025-06-10	16:51:18	Tue
9f0d113de25a2bda80e754e9666f7c27c55a8ab1	McCormick Park	1745108847	47.306308	-122.262337	USA	WA	98001	530330299023	Seattle-Tacoma, WA	2025-04-20	00:27:27	Sun
2e51b29b6fdc0fd51d0c5ff0a43adc2d6ef705f4	McCormick Park	1749649545	46.858132	-113.989537	USA	MT	59801	300630005022	Missoula, MT	2025-06-11	13:45:45	Wed
c39d1446df0ab741bdf84eb9a30504833a3105bd	McCormick Park	1749493921	46.883237	-114.018566	USA	MT	59808	300630002043	Missoula, MT	2025-06-09	18:32:01	Mon
2414a85182a32826f10e9941584bf0253b87dd09	McCormick Park	1744758532	46.845682	-113.868382	USA	MT	59802	300630014021	Missoula, MT	2025-04-15	23:08:52	Tue
7358f174f65ec234e1a4a15d2d5eebecd11723a6	McCormick Park	1746395682	46.861310	-114.032646	USA	MT	59801	300630008021	Missoula, MT	2025-05-04	21:54:42	Sun
adc8cf6ebca0b5475990c1b51702315c4d9281ad	McCormick Park	1746584151	46.821472	-114.041771	USA	MT	59803	300630013043	Missoula, MT	2025-05-07	02:15:51	Wed
ce3612cd76c203c1217f5dfc4e75cb8794147f83	McCormick Park	1742953527	46.822185	-113.811348	USA	MT	59825	300630014021	Missoula, MT	2025-03-26	01:45:27	Wed
29461ff4f7f78aecea8a51e7640107cf09f06239	McCormick Park	1749097014	39.729948	-104.970041	USA	CO	80218	080310032052	Denver, CO	2025-06-05	04:16:54	Thu
59300c10595f2895814b075774132f7cc910eecf	McCormick Park	1745881823	46.760074	-114.088228	USA	MT	59847	300630015022	Missoula, MT	2025-04-28	23:10:23	Mon
57db04cf512f565b596e3bc2294dcda5416f494b	McCormick Park	1749602344	46.844336	-113.989376	USA	MT	59801	300630005012	Missoula, MT	2025-06-11	00:39:04	Wed
9f66f02f20f6a55378116f00dbaae96593e6a30b	McCormick Park	1749327286	46.763876	-114.077267	USA	MT	59847	300630015011	Missoula, MT	2025-06-07	20:14:46	Sat
2bca6412e074d803d58ccdb719ac1bda94ea978c	McCormick Park	1748021823	46.885063	-114.033142	USA	MT	59808	300630002042	Missoula, MT	2025-05-23	17:37:03	Fri
ae6e30dcec802d1a7c820c89a22325c94b4e7c6c	McCormick Park	1748739266	46.892640	-114.048049	USA	MT	59808	300630002051	Missoula, MT	2025-06-01	00:54:26	Sun
acc707c8e936c7c40a769a28f2dba67cb6eb38f4	McCormick Park	1748227947	46.871614	-114.009063	USA	MT	59801	300630007001	Missoula, MT	2025-05-26	02:52:27	Mon
79747cc5462239acadde26e85ca4e965b6883518	McCormick Park	1749527824	46.884477	-114.048847	USA	MT	59808	300630002054	Missoula, MT	2025-06-10	03:57:04	Tue
b75217924497c1f541e040e12abcca38c651e0a9	McCormick Park	1748056464	46.871349	-114.007700	USA	MT	59801	300630007001	Missoula, MT	2025-05-24	03:14:24	Sat
8e9f714dde9706e0d765d4236b5cc859c191f1d5	McCormick Park	1747964166	46.888007	-114.020336	USA	MT	59808	300630002043	Missoula, MT	2025-05-23	01:36:06	Fri
1c59151025075a89c9ffef11d4f4c4601ec99aca	McCormick Park	1742329443	46.842869	-113.995910	USA	MT	59801	300630005012	Missoula, MT	2025-03-18	20:24:03	Tue
21e8c927f1f013f71704c1947161348689713ab5	McCormick Park	1748194804	47.041929	-114.090274	USA	MT	59808	300630018012	Missoula, MT	2025-05-25	17:40:04	Sun
c901dda0633223484ab3ca5f33287fa782b9a12c	McCormick Park	1749396330	42.010387	-71.193698	USA	MA	02048	250056102035	Providence, RI-New Bedford, MA	2025-06-08	15:25:30	Sun
a06453d4433dfc38b6c80bbf3d0404fabb70a4ef	McCormick Park	1746688064	34.239121	-110.051635	USA	AZ	85901	040179617023	Phoenix, AZ	2025-05-08	07:07:44	Thu
b4772d075ad1a867b09307a5bfba7970918e9fb9	McCormick Park	1749484490	39.859959	-105.010256	USA	CO	80260	080010093193	Denver, CO	2025-06-09	15:54:50	Mon
9212b43ec33923d34b5538de9825b2f1973a09f6	McCormick Park	1743714469	48.529611	-113.017200	USA	MT	59417	300359404002	Great Falls, MT	2025-04-03	21:07:49	Thu
53f6b9599b88ad5fc21ace4864ab45437a0a3583	McCormick Park	1745012651	46.800103	-114.060287	USA	MT	59803	300630013045	Missoula, MT	2025-04-18	21:44:11	Fri
b86bbf6de716da43720728467b431c6cb93d2cf9	McCormick Park	1748984494	47.038061	-114.267925	USA	MT	59834	300630016021	Missoula, MT	2025-06-03	21:01:34	Tue
204f997219185b239debff10667582272be614d1	McCormick Park	1745524077	46.871651	-114.008019	USA	MT	59801	300630007001	Missoula, MT	2025-04-24	19:47:57	Thu
6e85b5d4a7016d1e53f830a1dc9edff204b8816a	McCormick Park	1747807611	46.855253	-114.031339	USA	MT	59801	300630010012	Missoula, MT	2025-05-21	06:06:51	Wed
2ede1c04e890d9a698c003f6068fd890790e2049	McCormick Park	1742424696	46.859021	-114.028725	USA	MT	59801	300630010012	Missoula, MT	2025-03-19	22:51:36	Wed
9c6e4636a3ad2b2f60478d0dd179281d871acb4d	McCormick Park	1748918989	46.611283	-114.038804	USA	MT	59870	300810001003	Missoula, MT	2025-06-03	02:49:49	Tue
f6b79a577d48bcfbe3d275a676e8c18f6ebd88fe	McCormick Park	1744742581	46.856647	-114.003979	USA	MT	59801	300630011003	Missoula, MT	2025-04-15	18:43:01	Tue
97d734f5199f93a6d4b5e3ddc7c1bcacf57eafd0	McCormick Park	1742497716	46.886799	-113.963967	USA	MT	59802	300630001005	Missoula, MT	2025-03-20	19:08:36	Thu
451070d1c3e060e5f0ae35e58d110d6fed01b3c7	McCormick Park	1746663518	46.968403	-114.045378	USA	MT	59808	300630014011	Missoula, MT	2025-05-08	00:18:38	Thu
f9fd6df791c8090f1c769093dc961c7f0e80cf51	McCormick Park	1747347213	46.871416	-114.009568	USA	MT	59801	300630007001	Missoula, MT	2025-05-15	22:13:33	Thu
f30bfb72708e2493acc9b99078a57f8ea12bc854	McCormick Park	1749739747								2025-06-12	14:49:07	Thu
fca62d744868ac214739997373e62899d7231d6f	McCormick Park	1749001872	46.851799	-113.984496	USA	MT	59801	300630005011	Missoula, MT	2025-06-04	01:51:12	Wed
a72541f1d149f405f0154861b00ee7180f6c6eda	McCormick Park	1745589910	47.030417	-114.270165	USA	MT	59834	300630016021	Missoula, MT	2025-04-25	14:05:10	Fri
a00d232c894cbfc3cc4bdf45bbcc9cf37c459ce3	McCormick Park	1743103291	46.820444	-114.032037	USA	MT	59803	300630013025	Missoula, MT	2025-03-27	19:21:31	Thu
735bb13dbb4bc047a9effce813e0666c2343b13f	McCormick Park	1749541596	45.763074	-111.169067	USA	MT	59714	300310001053	Butte-Bozeman, MT	2025-06-10	07:46:36	Tue
5065b6b6d88c44e727f4d34f1ffce22a214c0ca4	McCormick Park	1748039014	46.870104	-114.035311	USA	MT	59801	300630008012	Missoula, MT	2025-05-23	22:23:34	Fri
866e31b8bf6453cba28c0838797b86dc90f78600	McCormick Park	1744486647	35.594344	-117.655035	USA	CA	93555	060290054102	Bakersfield, CA	2025-04-12	19:37:27	Sat
0a92bfa7912d54eb5a191eaab3f718d66122dab2	McCormick Park	1747407122	46.818131	-114.064168	USA	MT	59803	300630013045	Missoula, MT	2025-05-16	14:52:02	Fri
0c91aac2a828681b77a8ab98b1b2bf04a5f45de6	McCormick Park	1748999791	48.196350	-114.333320	USA	MT	59901	300290011012	Missoula, MT	2025-06-04	01:16:31	Wed
88658bad60194223073583ea8002bbb0cd829361	McCormick Park	1744675238	46.897554	-114.070678	USA	MT	59808	300630002052	Missoula, MT	2025-04-15	00:00:38	Tue
6a677c92716d6a4fe32fd8cdb73d6d0318a2d3af	McCormick Park	1745774645	46.837578	-114.015175	USA	MT	59801	300630012004	Missoula, MT	2025-04-27	17:24:05	Sun
f8c6158abbadbfce817c9adc1d0bd714717c2cee	McCormick Park	1749677626	48.283816	-114.275793	USA	MT	59901	300290006013	Missoula, MT	2025-06-11	21:33:46	Wed
c62eac4d072843a4a76317dab9805e989ca57ac0	McCormick Park	1744672091	46.806964	-114.067769	USA	MT	59803	300630013044	Missoula, MT	2025-04-14	23:08:11	Mon
b11ccfc371b282d1d7a04f88480f6fd6134d9ecd	McCormick Park	1747326561	46.871523	-114.007746	USA	MT	59801	300630007001	Missoula, MT	2025-05-15	16:29:21	Thu
bd74abbf103f95fd257525af0d60bf6789a33425	McCormick Park	1742490880	46.886379	-114.080572	USA	MT	59808	300630002052	Missoula, MT	2025-03-20	17:14:40	Thu
4fe204ba619a284d6050f8381744190bfc3f011c	McCormick Park	1749714419	46.816247	-114.025628	USA	MT	59803	300630013024	Missoula, MT	2025-06-12	07:46:59	Thu
33ba7ee62572af84f1bbf77497a111352f055e46	McCormick Park	1749432165	46.857860	-114.038053	USA	MT	59801	300630010012	Missoula, MT	2025-06-09	01:22:45	Mon
a517810e4300d96e510d92169017b187ed914486	McCormick Park	1746119812	46.868229	-114.018157	USA	MT	59801	300630007003	Missoula, MT	2025-05-01	17:16:52	Thu
b48b76d70b58fac459b6330efc2470d1729e342f	McCormick Park	1749169784	39.812876	-123.265408	USA	CA	95428	060450101002	San Francisco-Oakland-San Jose, CA	2025-06-06	00:29:44	Fri
c8fb7df7736dee21aefb7b2d1bf2c6c4edf4c88c	McCormick Park	1749071490								2025-06-04	21:11:30	Wed
566c4df8338e2e71bbd07989bc5f74d89f8114dd	McCormick Park	1745691382	46.883938	-114.033395	USA	MT	59808	300630002042	Missoula, MT	2025-04-26	18:16:22	Sat
03078db76ab4c2700c9e7d804aee5835a68507ea	McCormick Park	1746724727	46.631956	-114.085108	USA	MT	59833	300810001001	Missoula, MT	2025-05-08	17:18:47	Thu
11b96a22ab0795cff52fe3139326e1b64196b36b	McCormick Park	1745776894	46.877477	-114.007201	USA	MT	59802	300630002033	Missoula, MT	2025-04-27	18:01:34	Sun
08c141205b76738c3eb0d784ba79d9bf92fb514c	McCormick Park	1749180911	46.760079	-114.087931	USA	MT	59847	300630015022	Missoula, MT	2025-06-06	03:35:11	Fri
5e86939f2d87f7e94d634eefe396d283b0fe01e2	McCormick Park	1749682864	46.447511	-108.541137	USA	MT	59072	300650002002	Billings, MT	2025-06-11	23:01:04	Wed
41809b618c833a898cff30bcc0ae4fd8423d2b5e	McCormick Park	1746744755	33.472586	-111.689874	USA	AZ	85215	040134202111	Phoenix, AZ	2025-05-08	22:52:35	Thu
b6ebaa8830600d092351e9848e2e82e7c2a5256d	McCormick Park	1748476580	46.838812	-114.039265	USA	MT	59801	300630010013	Missoula, MT	2025-05-28	23:56:20	Wed
138072e8d0b582def448106593a74bc5c5134f5b	McCormick Park	1749588364	46.818641	-114.060959	USA	MT	59803	300630013042	Missoula, MT	2025-06-10	20:46:04	Tue
b3f368a2475bb798938e432bb682935c90507572	McCormick Park	1743516724	46.833309	-114.004312	USA	MT	59803	300630013022	Missoula, MT	2025-04-01	14:12:04	Tue
198d9e7f7df969b4ceaf2658191e9489c7dad82b	McCormick Park	1749230241	46.858030	-114.034346	USA	MT	59801	300630010012	Missoula, MT	2025-06-06	17:17:21	Fri
0bf74ab893d4dd57c6b1452ba0637bea2cb24b3f	McCormick Park	1749687902	46.388817	-114.151489	USA	MT	59875	300810003002	Missoula, MT	2025-06-12	00:25:02	Thu
02acf1ad9cceb162fcadd72d82cc1ad7c485ba76	McCormick Park	1743180595	47.980373	-116.564712	USA	ID	83803	160550002033	Spokane, WA	2025-03-28	16:49:55	Fri
10cff38a91f8534277ab1a88c609a69d30ed4440	McCormick Park	1743181296	46.841210	-113.835104	USA	MT	59802	300630014022	Missoula, MT	2025-03-28	17:01:36	Fri
9fff7a37803dfd3692c75168114676cddb1ddd67	McCormick Park	1748111963	46.881446	-113.890654	USA	MT	59802	300630014012	Missoula, MT	2025-05-24	18:39:23	Sat
3172adb1f050820b6086a8133166c2811de4de8a	McCormick Park	1749162196	46.880980	-114.015731	USA	MT	59802	300630002032	Missoula, MT	2025-06-05	22:23:16	Thu
d598e691c09284d4dcb1a4848c5fe80aff044a8e	McCormick Park	1749081200	46.916877	-114.060032	USA	MT	59808	300630002063	Missoula, MT	2025-06-04	23:53:20	Wed
7b687004cf7b239afb568cce97f53b7c5afcd41b	McCormick Park	1742766995	46.807824	-114.046989	USA	MT	59803	300630013042	Missoula, MT	2025-03-23	21:56:35	Sun
3a574f2e83a4e27d21da1a2b83c5c787c74a8c4f	McCormick Park	1745888362	47.395790	-122.303701	USA	WA	98198	530330289025	Seattle-Tacoma, WA	2025-04-29	00:59:22	Tue
095ef52ee7c27d86cb73f4b10ec8ecfb553a23ce	McCormick Park	1744856210	45.193376	-109.255822	USA	MT	59068	300090003001	Billings, MT	2025-04-17	02:16:50	Thu
dbb1b72d7afd15d2480e505b041439064e821402	McCormick Park	1749064846	46.745206	-114.095917	USA	MT	59847	300630015023	Missoula, MT	2025-06-04	19:20:46	Wed
a19fd1e95e5510def8aed07a124ece52c508f126	McCormick Park	1749853764	46.871711	-114.046009	USA	MT	59804	300630009012	Missoula, MT	2025-06-13	22:29:24	Fri
748a99a2e90c2a59565cc0d5d7abbec6fd733901	McCormick Park	1746497251	48.216398	-114.275491	USA	MT	59901	300290007005	Missoula, MT	2025-05-06	02:07:31	Tue
f6c98e88981f153940783321e40171f13bf49281	McCormick Park	1748627526	46.865336	-114.006683	USA	MT	59801	300630007002	Missoula, MT	2025-05-30	17:52:06	Fri
e61afaf443bf12e5b1f28f9e45973e9fb6276fff	McCormick Park	1748907664	46.859682	-114.001211	USA	MT	59801	300630011001	Missoula, MT	2025-06-02	23:41:04	Mon
def3f0fef9d2cdf9a7c50ca0ea20de1529f8b271	McCormick Park	1749602218	46.852141	-114.020820	USA	MT	59801	300630010021	Missoula, MT	2025-06-11	00:36:58	Wed
d640f92053281c1230c2dee13bbc7af107085759	McCormick Park	1748481224	46.871272	-114.004851	USA	MT	59801	300630007001	Missoula, MT	2025-05-29	01:13:44	Thu
651b9f7b6265e66550de7b2c6b5ffc0ee9f2623e	McCormick Park	1748530169	46.900444	-114.117987	USA	MT	59808	300630002063	Missoula, MT	2025-05-29	14:49:29	Thu
3d9469aa2d6171611986dd92678bf1cd9b04d803	McCormick Park	1744822436	46.592249	-112.035279	USA	MT	59601	300490008004	Helena, MT	2025-04-16	16:53:56	Wed
a201455859387e3cc06329e1a55be3061b3ad1f4	McCormick Park	1748831193	46.650246	-114.074068	USA	MT	59833	300810001001	Missoula, MT	2025-06-02	02:26:33	Mon
f0583ccb420c593a21ba7f803c4f214860e2d810	McCormick Park	1745873230	47.021637	-114.262997	USA	MT	59834	300630016011	Missoula, MT	2025-04-28	20:47:10	Mon
7a686bd0826ac9239e2e7df51256d9abcd2884ae	McCormick Park	1746748471	48.155445	-114.425382	USA	MT	59901	300290017021	Missoula, MT	2025-05-08	23:54:31	Thu
9de64d63b8a592c2b674617ce9f8b9c26d893e73	McCormick Park	1748443060	46.867591	-113.870354	USA	MT	59802	300630014022	Missoula, MT	2025-05-28	14:37:40	Wed
37734ca105c0183d3c71e0dbaa091e337f1d70f4	McCormick Park	1749751014	47.717290	-116.803670	USA	ID	83815	160550007011	Spokane, WA	2025-06-12	17:56:54	Thu
1feb5c693fb7c67810e796ba5badd2044111f6c6	McCormick Park	1746542124	46.947904	-114.075288	USA	MT	59808	300630002064	Missoula, MT	2025-05-06	14:35:24	Tue
cd5fb9a6e41f4f628c0118b5693e0ebef27f7ff1	McCormick Park	1742324690	35.018045	-117.823032	USA	CA	93523	060290065001	Bakersfield, CA	2025-03-18	19:04:50	Tue
649fadd22c96b4921e6187e99ae5550de5874a5c	McCormick Park	1745446405	46.865757	-114.008281	USA	MT	59801	300630007002	Missoula, MT	2025-04-23	22:13:25	Wed
ab1b9d9c8a900fe350cba4047d36b25e75b2d32f	McCormick Park	1749087396	39.739257	-104.986188	USA	CO	80203	080310027041	Denver, CO	2025-06-05	01:36:36	Thu
dfa76a22637c185b546cf02d3606a006040434d7	McCormick Park	1742580112	46.864506	-114.000495	USA	MT	59801	300630007002	Missoula, MT	2025-03-21	18:01:52	Fri
3928a138dd8828f7784d4907ac4a0f43ca15e0a4	McCormick Park	1749509664	45.410688	-113.125566	USA	MT	59746	300010002004	Butte-Bozeman, MT	2025-06-09	22:54:24	Mon
fd3d9fb328f03e60e37297eae2fe61e1c65ee031	McCormick Park	1749678981	46.880529	-113.969145	USA	MT	59802	300630001005	Missoula, MT	2025-06-11	21:56:21	Wed
bb17af6058e12df20b9ce7dab630023c7342b6df	McCormick Park	1748075313	46.870213	-114.030907	USA	MT	59801	300630008011	Missoula, MT	2025-05-24	08:28:33	Sat
3e8230820f3a22c90d720e415641fcb751dd780f	McCormick Park	1749500879	46.811253	-114.066975	USA	MT	59803	300630013044	Missoula, MT	2025-06-09	20:27:59	Mon
53f7fdf263bf38c844d417419971377d972d6d18	McCormick Park	1742890523	46.986627	-114.130656	USA	MT	59808	300630016012	Missoula, MT	2025-03-25	08:15:23	Tue
5436ebb4ffd7c00af10e56cfcceca10249ca90db	McCormick Park	1747959723	46.877852	-113.999853	USA	MT	59802	300630003002	Missoula, MT	2025-05-23	00:22:03	Fri
faabbc8560e7bed13aeca7f199fff9562e113545	McCormick Park	1748758190	46.980008	-114.059841	USA	MT	59808	300630002064	Missoula, MT	2025-06-01	06:09:50	Sun
aad3ac55f5a118bdbd104d905e8e44008a925e11	McCormick Park	1745467736	46.850272	-114.033551	USA	MT	59801	300630010011	Missoula, MT	2025-04-24	04:08:56	Thu
ecf24102f33584b1f420d847c4173f5e3adda87f	McCormick Park	1749352107	46.858802	-114.003003	USA	MT	59801	300630011003	Missoula, MT	2025-06-08	03:08:27	Sun
89e399dce32b2641ad3709521dc3dc01eed8ec08	McCormick Park	1749504498	46.960716	-114.184485	USA	MT	59808	300630016011	Missoula, MT	2025-06-09	21:28:18	Mon
98ee14cdce38e81a917f3a0e168e7d336fddc4d4	McCormick Park	1742186532	46.821853	-114.030320	USA	MT	59803	300630013033	Missoula, MT	2025-03-17	04:42:12	Mon
548a5e427d036c6365c21098ce29084d9ae22216	McCormick Park	1748874053	46.871516	-113.998900	USA	MT	59802	300630003002	Missoula, MT	2025-06-02	14:20:53	Mon
783b9ec6d2a05589b074ccd4971a990d37e7ab76	McCormick Park	1749785069	47.647930	-117.092937	USA	WA	99019	530630132051	Spokane, WA	2025-06-13	03:24:29	Fri
2a9dbbe6206924b6fb15818f71648a01f4fc2170	McCormick Park	1748093913	46.871579	-114.008205	USA	MT	59801	300630007001	Missoula, MT	2025-05-24	13:38:33	Sat
8f995a3e81fcf43762488abffe890f956a4b9110	McCormick Park	1745887362	46.869693	-114.022357	USA	MT	59801	300630008011	Missoula, MT	2025-04-29	00:42:42	Tue
7c62358ef5cba0f959386ba59fd3c5676ebdf9c0	McCormick Park	1748479351	46.886184	-114.001231	USA	MT	59802	300630002041	Missoula, MT	2025-05-29	00:42:31	Thu
f79ab8d6a10385f113eb484e8401890818d7a7eb	McCormick Park	1748612785	46.890302	-114.002571	USA	MT	59802	300630002041	Missoula, MT	2025-05-30	13:46:25	Fri
ad0f340eae19b5e9aa23de0dca07fdc0f5f4ba6a	McCormick Park	1748748751	46.873061	-114.046950	USA	MT	59804	300630009012	Missoula, MT	2025-06-01	03:32:31	Sun
9e0e90406ca3cec4a2610fd4d3c5b21cab65724b	McCormick Park	1748992155	47.753848	-114.165974	USA	MT	59860	300479403071	Missoula, MT	2025-06-03	23:09:15	Tue
f095cd4804c6c02d532172b7136f0357a315c458	McCormick Park	1748492965	46.870987	-114.004183	USA	MT	59801	300630007001	Missoula, MT	2025-05-29	04:29:25	Thu
11919a332a2b55bcb89cd8523ef6c2bbafc4dcb7	McCormick Park	1749410000	46.892494	-114.122218	USA	MT	59808	300630002062	Missoula, MT	2025-06-08	19:13:20	Sun
3941bca47090a247b0f3bd59646fdb81cbb15d77	McCormick Park	1745612704	46.871636	-114.008639	USA	MT	59801	300630007001	Missoula, MT	2025-04-25	20:25:04	Fri
bd432098a73b510b22a6c65286ad93557a19db75	McCormick Park	1749058326	46.875232	-113.937579	USA	MT	59802	300630004001	Missoula, MT	2025-06-04	17:32:06	Wed
6dc8634b2d25d4adc2826a234769edac9a8f8d60	McCormick Park	1744260834	46.847364	-114.039746	USA	MT	59804	300630009014	Missoula, MT	2025-04-10	04:53:54	Thu
516ef8b39812470a23c13dcc5d161167e0711b6b	McCormick Park	1748838563	46.848228	-114.002349	USA	MT	59801	300630012003	Missoula, MT	2025-06-02	04:29:23	Mon
0c3191a0dff050a1b738afc5a3fc236d44695458	McCormick Park	1749778454	46.814013	-114.063466	USA	MT	59803	300630013045	Missoula, MT	2025-06-13	01:34:14	Fri
d4999b1b88f96684a3ec9267508067b285ee13a3	McCormick Park	1749343098	46.834125	-114.035985	USA	MT	59801	300630013031	Missoula, MT	2025-06-08	00:38:18	Sun
07372b60ec7d3951a9c2ae32d2e8043de276d858	McCormick Park	1742590492	46.914520	-114.058791	USA	MT	59808	300630002063	Missoula, MT	2025-03-21	20:54:52	Fri
fb820292e247969452111b6b421abafd987463d6	McCormick Park	1744831306	46.012251	-112.546934	USA	MT	59701	300930002002	Butte-Bozeman, MT	2025-04-16	19:21:46	Wed
822a7f1e880824b986197e190a3898f4e866d4e8	McCormick Park	1745601567								2025-04-25	17:19:27	Fri
2a2c2093cdc6c0a94c7a9b0c35029c73b877a88c	McCormick Park	1745092236	46.884661	-113.944474	USA	MT	59802	300630004002	Missoula, MT	2025-04-19	19:50:36	Sat
0e932f0b35094a9ae973f8d4038e833de0eb3855	McCormick Park	1748837877	46.842780	-114.027409	USA	MT	59801	300630010021	Missoula, MT	2025-06-02	04:17:57	Mon
217c700354be203d43cd3fe699fba9ecf3ade847	McCormick Park	1746668205								2025-05-08	01:36:45	Thu
c9d04c7d0076aab91493d938599916f3268c8460	McCormick Park	1749687534	46.878574	-114.001167	USA	MT	59802	300630003002	Missoula, MT	2025-06-12	00:18:54	Thu
64d91e32dfc526a10bceaff9c70d6b2f8b07cabb	McCormick Park	1745804801	46.759787	-114.088633	USA	MT	59847	300630015022	Missoula, MT	2025-04-28	01:46:41	Mon
1e4529f945bd39e134dfeff11cbff780ad1bb940	McCormick Park	1748807740	35.327017	-119.131607	USA	CA	93311	060290032123	Bakersfield, CA	2025-06-01	19:55:40	Sun
193e74ba6bcd848bc21bcb0af68ab9577daa211c	McCormick Park	1749482858	46.834424	-114.009858	USA	MT	59803	300630013021	Missoula, MT	2025-06-09	15:27:38	Mon
10bcb225bbcbbbc47dbb588221fab3d41e452e82	McCormick Park	1749498423	47.174335	-113.497826	USA	MT	59868	300630018021	Missoula, MT	2025-06-09	19:47:03	Mon
c1cbc54da7a39b534d122ba4cae9eff071c5e683	McCormick Park	1746725058	46.809665	-114.058173	USA	MT	59803	300630013042	Missoula, MT	2025-05-08	17:24:18	Thu
df8196eac37cc3c67a42f2104ff4c9e3a5f6715f	McCormick Park	1746398275	47.284828	-115.082884	USA	MT	59866	300619646002	Missoula, MT	2025-05-04	22:37:55	Sun
52a06fcbf4493535b0e0b4a8cf27f4a2728bc671	McCormick Park	1748481052	46.560473	-114.030023	USA	MT	59870	300810002041	Missoula, MT	2025-05-29	01:10:52	Thu
fadc37301abaa90cae1120c39b16c3d8e2d404bc	McCormick Park	1742428524	46.889323	-114.057290	USA	MT	59808	300630002052	Missoula, MT	2025-03-19	23:55:24	Wed
bef225ee92a45160940d0195bf09b46217563179	McCormick Park	1749563280	46.852234	-114.021026	USA	MT	59801	300630010021	Missoula, MT	2025-06-10	13:48:00	Tue
47f7d89caddfbc07205c4151cd4b5c3026ef3c96	McCormick Park	1748982810	46.267208	-114.060441	USA	MT	59828	300810004021	Missoula, MT	2025-06-03	20:33:30	Tue
451f75cd9422160e26c411538edf0a386f13f2a7	McCormick Park	1743185162	46.822607	-114.044884	USA	MT	59803	300630013041	Missoula, MT	2025-03-28	18:06:02	Fri
d3293babd1b408aa01d6c5f7f243be1eec004d1f	McCormick Park	1743875565	33.522477	-86.803206	USA	AL	35203	010730027021	Birmingham (Anniston and Tuscaloosa), AL	2025-04-05	17:52:45	Sat
86cd725b8e002491d1f3409ca33d7fa58a85610a	McCormick Park	1748796846	46.842069	-114.021542	USA	MT	59801	300630013034	Missoula, MT	2025-06-01	16:54:06	Sun
9fd6b59f0f4308de80f9983d3c9d1ad09797addb	McCormick Park	1746314574	46.931381	-114.105554	USA	MT	59808	300630002063	Missoula, MT	2025-05-03	23:22:54	Sat
c2199eccb59f3ae1daaea38664e0cb3a63fcb91f	McCormick Park	1746588158	46.871005	-113.999800	USA	MT	59802	300630003002	Missoula, MT	2025-05-07	03:22:38	Wed
6c680701b47344308cd6d0c04391a2a6e1b1056c	McCormick Park	1747262624	46.806222	-113.799495	USA	MT	59825	300630014021	Missoula, MT	2025-05-14	22:43:44	Wed
6caef492bbd9f0c78ef2508de99a02d7065a47f6	McCormick Park	1746402180	47.549197	-111.287216	USA	MT	59404	300130019003	Great Falls, MT	2025-05-04	23:43:00	Sun
aa3e5e16bbe9730f08e519b3e12ea08793b28db2	McCormick Park	1742235611	46.866004	-114.002501	USA	MT	59801	300630007002	Missoula, MT	2025-03-17	18:20:11	Mon
79ee543bd8b5183a5dc97738aea9e6ae10d6e46d	McCormick Park	1749844561	47.523352	-113.701323	USA	MT	59826	300630018011	Missoula, MT	2025-06-13	19:56:01	Fri
e8820492f1e9c266ce51d0b261431ec835b191df	McCormick Park	1749352919	46.885614	-114.001682	USA	MT	59802	300630002041	Missoula, MT	2025-06-08	03:21:59	Sun
71d7e4f3dbe773ec3529fe13a0f8eb20eb6216d9	McCormick Park	1749825988	46.859560	-113.859368	USA	MT	59802	300630014022	Missoula, MT	2025-06-13	14:46:28	Fri
cc74b9260268cd7c6850dbcac72c45a096e9ed04	McCormick Park	1749754639	47.722600	-116.943433	USA	ID	83854	160550005012	Spokane, WA	2025-06-12	18:57:19	Thu
29577d9ca6b789ffaaff7786288ec1a6720c33d1	McCormick Park	1743033388	46.976002	-114.158119	USA	MT	59808	300630016012	Missoula, MT	2025-03-26	23:56:28	Wed
21c671a94c8ef6d43abfd302e98f44f5949f4f6b	McCormick Park	1742336945	46.886752	-114.019736	USA	MT	59808	300630002043	Missoula, MT	2025-03-18	22:29:05	Tue
f89160cce6f1380d53d207b748fef993f0539d4f	McCormick Park	1743366745	46.872019	-113.998550	USA	MT	59802	300630003002	Missoula, MT	2025-03-30	20:32:25	Sun
fe483d9c6bd1962a452264a1d206fa43b3a68fd8	McCormick Park	1748270806	46.900881	-114.002458	USA	MT	59802	300630001002	Missoula, MT	2025-05-26	14:46:46	Mon
afe06057146f5339ba3cda22469db3253fd04705	McCormick Park	1749721176								2025-06-12	09:39:36	Thu
22c1d4f3231a3bf94705580a5eb9b7426e1b6f32	McCormick Park	1746722617	46.894831	-113.958487	USA	MT	59802	300630001005	Missoula, MT	2025-05-08	16:43:37	Thu
9d0e9b174a42e6652f812cacbb6b159c9cba456b	McCormick Park	1748287404	45.816792	-108.398790	USA	MT	59101	301110008003	Billings, MT	2025-05-26	19:23:24	Mon
e4c4275476d2009a2cc0c54802bfb10508119dbb	McCormick Park	1744180654	46.870981	-114.002414	USA	MT	59801	300630007001	Missoula, MT	2025-04-09	06:37:34	Wed
183cbc66fc74270db71fdd07ff6e1d9c6734f4d6	McCormick Park	1745132141	47.711178	-116.784264	USA	ID	83815	160550012023	Spokane, WA	2025-04-20	06:55:41	Sun
4b4b13cdc5b9f37c8e6510a4a6319d1ae3a667fd	McCormick Park	1745518494	46.860915	-113.989574	USA	MT	59801	300630005022	Missoula, MT	2025-04-24	18:14:54	Thu
d7c46e8a4263bff409133d2aaa2449a0447539a4	McCormick Park	1743470865	46.868715	-114.026355	USA	MT	59801	300630008011	Missoula, MT	2025-04-01	01:27:45	Tue
5889d001000cd33a651b1b732c108fb04aa376d2	McCormick Park	1749654647	46.840431	-114.019473	USA	MT	59801	300630013034	Missoula, MT	2025-06-11	15:10:47	Wed
2153b62ba130b951df62e5793b73a451d97b8ae5	McCormick Park	1748407970	46.938147	-114.090089	USA	MT	59808	300630002064	Missoula, MT	2025-05-28	04:52:50	Wed
2d28b047fa5ea19420e3060d9a05ca3692ef2429	McCormick Park	1746928182	46.871257	-114.007943	USA	MT	59801	300630007001	Missoula, MT	2025-05-11	01:49:42	Sun
847d19d2a6d21f13e720a307835966f15432fadf	McCormick Park	1748309190	46.806528	-114.099455	USA	MT	59804	300630015022	Missoula, MT	2025-05-27	01:26:30	Tue
50041116750fd685a158ced74bd038eebd9856a1	McCormick Park	1742316346	47.235819	-114.994163	USA	MT	59872	300619646001	Missoula, MT	2025-03-18	16:45:46	Tue
d166e00becb121de00a6dd2b8d5afb62ba48197e	McCormick Park	1745540001	46.867329	-114.022210	USA	MT	59801	300630008011	Missoula, MT	2025-04-25	00:13:21	Fri
503a07d95fc3ba37f78b621c6c6cdc608638a463	McCormick Park	1748577772	46.748778	-114.205944	USA	MT	59847	300630015021	Missoula, MT	2025-05-30	04:02:52	Fri
1b40f1e777dc91f062101adc408368eb8aafe4dd	McCormick Park	1748901039	46.838137	-114.018884	USA	MT	59801	300630013031	Missoula, MT	2025-06-02	21:50:39	Mon
6c5b76b2c0d9cfa009748c5278193ac2024bd71d	McCormick Park	1749178394								2025-06-06	02:53:14	Fri
3d0605c36967b9cf8121f93da031c1562f3a08f3	McCormick Park	1749070875	33.579775	-86.522917	USA	AL	35004	011150401042	Birmingham (Anniston and Tuscaloosa), AL	2025-06-04	21:01:15	Wed
5123b816a4ad884b07a070cbffffc1af70157cef	McCormick Park	1749332187	46.878141	-114.020404	USA	MT	59808	300630002042	Missoula, MT	2025-06-07	21:36:27	Sat
fd07b42c269eaeec60ad1ae025a098f67b04e208	McCormick Park	1749659422								2025-06-11	16:30:22	Wed
42aacb86366b923a0feb92188f67d94ad5c438c7	McCormick Park	1746823383	46.889627	-114.009751	USA	MT	59802	300630002041	Missoula, MT	2025-05-09	20:43:03	Fri
7d704010c9ad75b7319decf5945d9d81cb5faeb8	McCormick Park	1743002841	46.855560	-114.031227	USA	MT	59801	300630010012	Missoula, MT	2025-03-26	15:27:21	Wed
70d24a3748b3151bf975629986b7862a9e3f7d44	McCormick Park	1747987261	46.879134	-114.009840	USA	MT	59802	300630002033	Missoula, MT	2025-05-23	08:01:01	Fri
440c733caf71ce3d0f3f5c5bfe9b585eae19278b	McCormick Park	1743229531	46.829657	-114.036461	USA	MT	59803	300630013032	Missoula, MT	2025-03-29	06:25:31	Sat
3c7186e35138ea7aab8238d76ea1f5e46b2dd8cb	McCormick Park	1747213869	46.878902	-114.021321	USA	MT	59808	300630002042	Missoula, MT	2025-05-14	09:11:09	Wed
712febd9f5988ad63844405767c5624443bfd738	McCormick Park	1748819148	46.887366	-113.972433	USA	MT	59802	300630001002	Missoula, MT	2025-06-01	23:05:48	Sun
20b909dbaea5accadbc232c421033cdb9bbba8dd	McCormick Park	1749678020	46.755424	-114.080809	USA	MT	59847	300630015011	Missoula, MT	2025-06-11	21:40:20	Wed
a670cc878f2779b68c9497313228652c47a82598	McCormick Park	1744180691	46.869552	-113.988721	USA	MT	59802	300630003001	Missoula, MT	2025-04-09	06:38:11	Wed
bf79dae113017eca6459e6cce9700ae092a38d36	McCormick Park	1745311696	46.820203	-114.034793	USA	MT	59803	300630013033	Missoula, MT	2025-04-22	08:48:16	Tue
18012bcaecea32b9518f86f2fdb35ac08d75f955	McCormick Park	1748637329	48.388976	-115.552890	USA	MT	59923	300530002002	Spokane, WA	2025-05-30	20:35:29	Fri
60ee9fa8aeaf0ed8393b855a1f86e17a2944a56f	McCormick Park	1745782410	46.847747	-114.034835	USA	MT	59801	300630010013	Missoula, MT	2025-04-27	19:33:30	Sun
9252bd624817cb1a773ba867175b7d00d8c05e74	McCormick Park	1749234829	40.286499	-85.848601	USA	IN	46036	180950102003	Indianapolis, IN	2025-06-06	18:33:49	Fri
4eb046e1fd45dfdd59b8580f0b30faa5a7aff0a2	McCormick Park	1748394370	46.859601	-114.021258	USA	MT	59801	300630010021	Missoula, MT	2025-05-28	01:06:10	Wed
08ddef472821ab9ab1b05c1217897fc5413fde07	McCormick Park	1746739038	46.808915	-114.053408	USA	MT	59803	300630013042	Missoula, MT	2025-05-08	21:17:18	Thu
558d4a4d1ffc397312f28674d0fa7017c378323c	McCormick Park	1748632975	46.887759	-114.001545	USA	MT	59802	300630002041	Missoula, MT	2025-05-30	19:22:55	Fri
43483735066276ebb0aa78ce6b5dcbc0adecffc2	McCormick Park	1749492497	46.851116	-114.030302	USA	MT	59801	300630010011	Missoula, MT	2025-06-09	18:08:17	Mon
e6b9e55fa4446a9efdf6748b36476de644eb693f	McCormick Park	1745615660	46.882554	-113.995387	USA	MT	59802	300630002031	Missoula, MT	2025-04-25	21:14:20	Fri
9f7c0adc5e817b40ad3353c8d8ce5fe894c95aec	McCormick Park	1744943195	47.588753	-122.878538	USA	WA	98380	530350920003	Seattle-Tacoma, WA	2025-04-18	02:26:35	Fri
189a099121c15600c00fa93eb20caa7fe9b3a5f5	McCormick Park	1748109336	46.875882	-113.937218	USA	MT	59802	300630004002	Missoula, MT	2025-05-24	17:55:36	Sat
2e369434f5b4d5e558bf9b7b60ca053201c92f5a	McCormick Park	1749342569	47.056561	-114.976781	USA	MT	59872	300619645001	Missoula, MT	2025-06-08	00:29:29	Sun
79624cd4d59a6e4eb9a7f3c75623c75ee6c2be7b	McCormick Park	1748996028	46.757147	-114.081422	USA	MT	59847	300630015011	Missoula, MT	2025-06-04	00:13:48	Wed
73eb2fe7613f9d053e2bc6bb1d2eee5b6783d1d0	McCormick Park	1748551086	46.874791	-114.023724	USA	MT	59801	300630008013	Missoula, MT	2025-05-29	20:38:06	Thu
8da92c41f9bc09d9ad0ec76773a3b748dd999773	McCormick Park	1748117747	46.855844	-114.014892	USA	MT	59801	300630012001	Missoula, MT	2025-05-24	20:15:47	Sat
ad024026ecd4e0ee8c94848fd05d2d119ac524fd	McCormick Park	1749838660	46.864584	-114.009754	USA	MT	59801	300630007002	Missoula, MT	2025-06-13	18:17:40	Fri
ced55ba8678ab5274793abc657730fdf862e1aef	McCormick Park	1742617542	46.839487	-114.029192	USA	MT	59801	300630013034	Missoula, MT	2025-03-22	04:25:42	Sat
11898220f3d9baf6e3b9a8c5aba9b3cd362713f4	McCormick Park	1748211482	46.506183	-114.094535	USA	MT	59870	300810002013	Missoula, MT	2025-05-25	22:18:02	Sun
33b6e45c03d7b3e867efa52ad9a06fb6fddae4a8	McCormick Park	1745870613	47.018602	-114.117807	USA	MT	59808	300630016012	Missoula, MT	2025-04-28	20:03:33	Mon
c1a80b4ecb36d45813562aa091e24fde51c51639	McCormick Park	1748105323	46.880326	-114.012012	USA	MT	59802	300630002032	Missoula, MT	2025-05-24	16:48:43	Sat
ffcfee17ffcaeb13be827b090156fa5eb8bdbe70	McCormick Park	1749336356	46.813515	-114.032382	USA	MT	59803	300630013025	Missoula, MT	2025-06-07	22:45:56	Sat
aa59b7082d6d54a616874bc02c91d28c22d4c254	McCormick Park	1743196762	46.873103	-114.024114	USA	MT	59801	300630008013	Missoula, MT	2025-03-28	21:19:22	Fri
6148bac2d0a11b0e52bf1c3ad2234091781ed3bc	McCormick Park	1746100095	46.874765	-114.046851	USA	MT	59804	300630009012	Missoula, MT	2025-05-01	11:48:15	Thu
18a092c09b85edf87be08705e75424eafcc0ee6b	McCormick Park	1748803455	46.883350	-113.891192	USA	MT	59802	300630014012	Missoula, MT	2025-06-01	18:44:15	Sun
1545ad068347f55ae1751c5540a8b80e22b5db0a	McCormick Park	1748553875	46.825352	-114.082173	USA	MT	59804	300630009022	Missoula, MT	2025-05-29	21:24:35	Thu
7cbdad4f69bde944271ccf6fbfce59ea41bda389	McCormick Park	1748390467	46.164612	-113.084578	USA	MT	59711	300230005002	Butte-Bozeman, MT	2025-05-28	00:01:07	Wed
51b11923803b6c8012b9d394a3c193135a3aa609	McCormick Park	1744649055	46.863655	-114.005368	USA	MT	59801	300630011001	Missoula, MT	2025-04-14	16:44:15	Mon
35acfc166f646b12d17070ba29475ebc8e707c39	McCormick Park	1748740093	47.174176	-113.475853	USA	MT	59868	300630018021	Missoula, MT	2025-06-01	01:08:13	Sun
051ca9a76ab48a4d7c540a29124c14bba70a5dc7	McCormick Park	1748477474	46.859465	-114.037125	USA	MT	59801	300630010012	Missoula, MT	2025-05-29	00:11:14	Thu
d8fe8d5877371247f8f1fc528a847c9138b5e5bd	McCormick Park	1749684600	46.419665	-114.155535	USA	MT	59875	300810003001	Missoula, MT	2025-06-11	23:30:00	Wed
61f6af33c88cc4a1816dba64b75833d18299e46b	McCormick Park	1746400525	47.607769	-117.353372	USA	WA	99223	530630048003	Spokane, WA	2025-05-04	23:15:25	Sun
b39931b66b35c2f84443bd6e11d66ab14706b2fe	McCormick Park	1742199486	46.854368	-114.088557	USA	MT	59804	300630009014	Missoula, MT	2025-03-17	08:18:06	Mon
6139136c000386fc8b49613ae3577a188dde0796	McCormick Park	1749240868	46.877267	-114.003702	USA	MT	59802	300630002033	Missoula, MT	2025-06-06	20:14:28	Fri
dde9a9e034e76fd4693edc1b62fe93e4c54bd2b4	McCormick Park	1747760034	45.798135	-108.526053	USA	MT	59102	301110006002	Billings, MT	2025-05-20	16:53:54	Tue
66afb0e0c270d6614db636073a5db21d9ba6f049	McCormick Park	1749148517	46.755596	-114.099051	USA	MT	59847	300630015023	Missoula, MT	2025-06-05	18:35:17	Thu
ae124c118370fadec4bd9e81185ed52fb738e173	McCormick Park	1749715390								2025-06-12	08:03:10	Thu
3fe41e254a9a39ed0e1bb06c592facc63cb48e20	McCormick Park	1744500256	46.848726	-114.006213	USA	MT	59801	300630012004	Missoula, MT	2025-04-12	23:24:16	Sat
c99753497a945635c663747615f34928e1a53bb3	McCormick Park	1748659733	46.835115	-114.033849	USA	MT	59801	300630013031	Missoula, MT	2025-05-31	02:48:53	Sat
de7954f095abc705e3c7d8330adfb8a2472e90ad	McCormick Park	1746846854	46.868820	-113.982402	USA	MT	59802	300630001004	Missoula, MT	2025-05-10	03:14:14	Sat
a07ad50ccf17cea83da534df110e4ac428c3c4e2	McCormick Park	1745644794	46.871037	-114.008136	USA	MT	59801	300630007001	Missoula, MT	2025-04-26	05:19:54	Sat
bcb70d7f73c2f534e375270bb39ff2100509864b	McCormick Park	1742234351	46.955035	-114.133156	USA	MT	59808	300630016012	Missoula, MT	2025-03-17	17:59:11	Mon
64ea1579b212d4862192a2b35fd5678998d51375	McCormick Park	1744424004	46.863704	-114.015555	USA	MT	59801	300630011002	Missoula, MT	2025-04-12	02:13:24	Sat
afff8de9807b4adc8aaa32e56efc9988a1414a3b	McCormick Park	1748394254	46.868526	-114.016391	USA	MT	59801	300630007003	Missoula, MT	2025-05-28	01:04:14	Wed
c0e95fd1b687b69fec441a6e03bf849a3a6262c1	McCormick Park	1746349642	46.870290	-113.996155	USA	MT	59802	300630003002	Missoula, MT	2025-05-04	09:07:22	Sun
cb5eb7a4ef1d59bb8e22c86650831a425a65e1c0	McCormick Park	1742543162	46.880170	-113.994838	USA	MT	59802	300630002031	Missoula, MT	2025-03-21	07:46:02	Fri
2e4fe17eaa563f6b84f0cf9e08ffdb864c601b0a	McCormick Park	1748996760	46.742168	-114.084574	USA	MT	59847	300630015023	Missoula, MT	2025-06-04	00:26:00	Wed
2930ba457294c3efebf772eb130008c8852ab0c2	McCormick Park	1747960200	46.909547	-114.047350	USA	MT	59808	300630002061	Missoula, MT	2025-05-23	00:30:00	Fri
ee53822d35fb81393833b07043f13b235bbeaefa	McCormick Park	1745545580	46.865647	-114.005649	USA	MT	59801	300630007002	Missoula, MT	2025-04-25	01:46:20	Fri
8493f23a33fc9f0963385679a2fc1057ecd2afbb	McCormick Park	1745621118	46.342480	-114.237338	USA	MT	59875	300810004012	Missoula, MT	2025-04-25	22:45:18	Fri
44790617c206a9b033faac980e256dddf3251aa6	McCormick Park	1748801125	46.823851	-114.044062	USA	MT	59803	300630013041	Missoula, MT	2025-06-01	18:05:25	Sun
c858df3d809dcd13f865e1e5e953f7dec0b8cda9	McCormick Park	1748913197	46.883592	-114.082346	USA	MT	59808	300630002054	Missoula, MT	2025-06-03	01:13:17	Tue
a6ec26135a2244a6b91f44524b3f4d49e95e3c15	McCormick Park	1742772681	46.884159	-113.993820	USA	MT	59802	300630001002	Missoula, MT	2025-03-23	23:31:21	Sun
1058540e9a9d8516c3ff9c10710bc27b2f00fc57	McCormick Park	1744717600	46.870773	-114.038655	USA	MT	59801	300630008012	Missoula, MT	2025-04-15	11:46:40	Tue
c7969f2f8d6d6f5850e29bce04091460331fa5dd	McCormick Park	1742601405	46.869840	-113.983727	USA	MT	59802	300630003001	Missoula, MT	2025-03-21	23:56:45	Fri
2007dabc3e33e443c9cbccfafa44fdd24d1c1ee6	McCormick Park	1749598678	46.883632	-113.891859	USA	MT	59802	300630014012	Missoula, MT	2025-06-10	23:37:58	Tue
0ae5b707ea0fabf665130149dc36a86359925853	McCormick Park	1742421877	46.735353	-114.080241	USA	MT	59847	300630015023	Missoula, MT	2025-03-19	22:04:37	Wed
878027e557dbcd4fcf2cfc198cb15cb9ac468d1e	McCormick Park	1742420854	46.503443	-114.090740	USA	MT	59870	300810002012	Missoula, MT	2025-03-19	21:47:34	Wed
0f0f03fccdbaf6b9cc9d744edce4d1f87194bb7f	McCormick Park	1746282063	46.893738	-114.118608	USA	MT	59808	300630002062	Missoula, MT	2025-05-03	14:21:03	Sat
48f53314d9c5a131fec7221e9641cb8556d16fb1	McCormick Park	1749062624	46.876433	-114.010478	USA	MT	59802	300630002033	Missoula, MT	2025-06-04	18:43:44	Wed
77ce4475be0952935e5bd74cb34182dd41266820	McCormick Park	1748558635	46.859478	-114.033662	USA	MT	59801	300630010012	Missoula, MT	2025-05-29	22:43:55	Thu
5c21715fb8fe2e92803ff7b2bfe344d207c4bab0	McCormick Park	1745731204	46.968633	-114.046207	USA	MT	59808	300630014011	Missoula, MT	2025-04-27	05:20:04	Sun
4bfc4170a47ee4da79d8fb0f7c12620c3f600e85	McCormick Park	1747341039	47.021358	-114.524985	USA	MT	59820	300619645002	Missoula, MT	2025-05-15	20:30:39	Thu
969ab5646aaed82c46aa02a82229f1fc6e673f0c	McCormick Park	1748220575	46.860948	-114.004250	USA	MT	59801	300630011001	Missoula, MT	2025-05-26	00:49:35	Mon
bac05767b5e1674af9e9607bcf029cbb29375998	McCormick Park	1745082533	46.609295	-112.046003	USA	MT	59601	300490005042	Helena, MT	2025-04-19	17:08:53	Sat
d25ac2e95f3fda99c91f19fbed75ee6c72f0dcb6	McCormick Park	1742419813	47.571809	-115.160543	USA	MT	59873	300890001001	Missoula, MT	2025-03-19	21:30:13	Wed
7e7ddd5ad944212a51eb9258989603a30feb6301	McCormick Park	1745711503	46.712089	-114.080668	USA	MT	59833	300630015021	Missoula, MT	2025-04-26	23:51:43	Sat
20a7eaad7fceab1f1494263892605450086ba1a5	McCormick Park	1748888855	46.380740	-114.099203	USA	MT	59828	300810003002	Missoula, MT	2025-06-02	18:27:35	Mon
80f650e0ece95dd0c1e15108ee4a838ba2bf62f9	McCormick Park	1744246442	46.822539	-114.041898	USA	MT	59803	300630013043	Missoula, MT	2025-04-10	00:54:02	Thu
5a5bda0ef56b31eff228e17a1b1902aaa2461520	McCormick Park	1746399404	46.835083	-114.035957	USA	MT	59801	300630013031	Missoula, MT	2025-05-04	22:56:44	Sun
6400e0acde34212cee2ff7952ff7aa39286b7475	McCormick Park	1748813655	46.846095	-114.031429	USA	MT	59801	300630010013	Missoula, MT	2025-06-01	21:34:15	Sun
531dbd66f5492b48b449570bc13b595aa42458e4	McCormick Park	1743479973	46.867023	-114.033915	USA	MT	59801	300630008012	Missoula, MT	2025-04-01	03:59:33	Tue
532aed328be850af53effe977c8c0bb1381ce4c1	McCormick Park	1746231380	46.763698	-114.086556	USA	MT	59847	300630015022	Missoula, MT	2025-05-03	00:16:20	Sat
d709a5ee89873375ba8cf9476267d1205b44ff61	McCormick Park	1745926344	46.886024	-114.023069	USA	MT	59808	300630002043	Missoula, MT	2025-04-29	11:32:24	Tue
dae6ce158f32570cc0134049715e58bc57956bf8	McCormick Park	1748829564	46.637946	-114.036781	USA	MT	59833	300810001003	Missoula, MT	2025-06-02	01:59:24	Mon
df86be87fa9ab806acc010219c74525a597f9e64	McCormick Park	1744591002	46.979276	-114.060415	USA	MT	59808	300630002064	Missoula, MT	2025-04-14	00:36:42	Mon
1a5b5a78fb80c70e0aebfb15417ea5f148de3877	McCormick Park	1743731018	47.934612	-114.028157	USA	MT	59911	300470002001	Missoula, MT	2025-04-04	01:43:38	Fri
da53905f6911c78fcf0198835ae888a651e73041	McCormick Park	1748281990	46.665473	-112.022882	USA	MT	59602	300490005012	Helena, MT	2025-05-26	17:53:10	Mon
8b4eb038e56bd389521d89af40b2d22e7ad6ca81	McCormick Park	1746499703	46.913285	-114.050763	USA	MT	59808	300630002061	Missoula, MT	2025-05-06	02:48:23	Tue
6b6b4e634d01fb41fc434e7663f92328904eb953	McCormick Park	1742851053	46.810357	-113.801824	USA	MT	59825	300630014021	Missoula, MT	2025-03-24	21:17:33	Mon
895d1c9cda3075defeea33df236a0d8892cf4972	McCormick Park	1748631132	46.839828	-114.027413	USA	MT	59801	300630013034	Missoula, MT	2025-05-30	18:52:12	Fri
94d7dd20aa2ce0c9e71a541288c22e9e3de7f69c	McCormick Park	1745948600	46.900338	-114.050327	USA	MT	59808	300630002052	Missoula, MT	2025-04-29	17:43:20	Tue
d8b3f0c1438b8d64308b77b2f5ac75a2fd651858	McCormick Park	1748378102	46.818411	-113.838565	USA	MT	59825	300630014021	Missoula, MT	2025-05-27	20:35:02	Tue
38dd834326c752870a9b8e61125840cbec95977a	McCormick Park	1748754332	46.869854	-114.021667	USA	MT	59801	300630008011	Missoula, MT	2025-06-01	05:05:32	Sun
d1511fff4e5243422edb656f41026a74027fed5c	McCormick Park	1746905321	46.852726	-114.036177	USA	MT	59801	300630010012	Missoula, MT	2025-05-10	19:28:41	Sat
fe203b3592b2d9d3d39bcba1b32969d730d7b6e9	McCormick Park	1748554325	46.881643	-113.901668	USA	MT	59802	300630014013	Missoula, MT	2025-05-29	21:32:05	Thu
b1b7140c0dd810ddbeb3902905cb143dbf4dc954	McCormick Park	1742436068	46.820707	-114.036376	USA	MT	59803	300630013033	Missoula, MT	2025-03-20	02:01:08	Thu
3e72bc03b161264f783e6ec09e0b465caba67b99	McCormick Park	1746668380	46.832713	-114.040502	USA	MT	59803	300630013043	Missoula, MT	2025-05-08	01:39:40	Thu
c5400cb6215a8526029ab81e2ba14df5c6ceab6b	McCormick Park	1748019119	46.850669	-114.002341	USA	MT	59801	300630012002	Missoula, MT	2025-05-23	16:51:59	Fri
d7798b7b2e0f0362831aa8d090eebc77240fa0b0	McCormick Park	1743829718	46.871933	-113.994234	USA	MT	59802	300630003002	Missoula, MT	2025-04-05	05:08:38	Sat
562de8fb406c33a5b5ede78ffaab6d9670d1fc1e	McCormick Park	1746290963	46.885891	-114.032844	USA	MT	59808	300630002042	Missoula, MT	2025-05-03	16:49:23	Sat
cccdf9e49da3384e649153604f423709cc90e963	McCormick Park	1745189533	46.881639	-113.901797	USA	MT	59802	300630014013	Missoula, MT	2025-04-20	22:52:13	Sun
993ee58f71a2bdf98eb45ad3d06bd0fe3c484c30	McCormick Park	1747248570	33.949041	-118.053557	USA	CA	90670	060375042002	Los Angeles, CA	2025-05-14	18:49:30	Wed
a6cb1bc769178a4cda575114ad35e8e91087898b	McCormick Park	1749490048	47.646786	-114.061484	USA	MT	59860	300479403052	Missoula, MT	2025-06-09	17:27:28	Mon
44cca752b05f1e4969ab59ef6cda80986745c79a	McCormick Park	1748531009	46.869364	-114.020681	USA	MT	59801	300630008011	Missoula, MT	2025-05-29	15:03:29	Thu
274aadb1bc9233fa7b83de02d9756d9560c40b3e	McCormick Park	1744870013	46.821847	-113.811291	USA	MT	59825	300630014021	Missoula, MT	2025-04-17	06:06:53	Thu
2cbef178ce0af48f705de272f032924868de07d6	McCormick Park	1748031244	46.870654	-114.005913	USA	MT	59801	300630007001	Missoula, MT	2025-05-23	20:14:04	Fri
763191769798ad8330434bdc3ec98c60c778da33	McCormick Park	1745464719	47.001590	-114.472991	USA	MT	59820	300619645002	Missoula, MT	2025-04-24	03:18:39	Thu
65b8f6790ed069ba12a92ff4330e1d336a995b48	McCormick Park	1748270796	46.870460	-113.994458	USA	MT	59802	300630003002	Missoula, MT	2025-05-26	14:46:36	Mon
13a9b3efc65efa5bf9f729d6d7a01c0e727dd2db	McCormick Park	1748024505	46.870092	-114.006126	USA	MT	59801	300630007001	Missoula, MT	2025-05-23	18:21:45	Fri
23abf4c6e5d969f05eace37b9654d5552f639e85	McCormick Park	1749390351	46.843838	-114.038016	USA	MT	59801	300630010013	Missoula, MT	2025-06-08	13:45:51	Sun
92bae865dfa438ce811e14fb329f1f5db17c8978	McCormick Park	1748560502	46.840261	-113.834091	USA	MT	59802	300630014022	Missoula, MT	2025-05-29	23:15:02	Thu
2c3676750819e8fc074d8c61eee09ce63d5ba91f	McCormick Park	1746989929	46.880759	-114.005349	USA	MT	59802	300630002033	Missoula, MT	2025-05-11	18:58:49	Sun
68be52debe256fa216ea0ca58981d87c20d7e9a6	McCormick Park	1743258770	46.608930	-112.045501	USA	MT	59601	300490005042	Helena, MT	2025-03-29	14:32:50	Sat
58e9c7e52060d8eccaacaa6add0546802bc4bfe2	McCormick Park	1748131087	46.889469	-114.153535	USA	MT	59804	300630009021	Missoula, MT	2025-05-24	23:58:07	Sat
d5984c269a4c9c82ee8806642f03471ec042fc5e	McCormick Park	1747981094	46.871206	-114.003188	USA	MT	59801	300630007001	Missoula, MT	2025-05-23	06:18:14	Fri
76f9fd2064e8b66c610fa0345c4c44ff9703bb18	McCormick Park	1748559646	46.865414	-114.067974	USA	MT	59804	300630009012	Missoula, MT	2025-05-29	23:00:46	Thu
f7d8075f76ef326a4f4c0726aaf98f66ec705600	McCormick Park	1746127673	46.838742	-114.016029	USA	MT	59801	300630012004	Missoula, MT	2025-05-01	19:27:53	Thu
54f02a322bf49b6f70a07b6c46f52b496560ad57	McCormick Park	1743207633	46.887743	-114.002127	USA	MT	59802	300630002041	Missoula, MT	2025-03-29	00:20:33	Sat
2270bced78a6405a340e49b6e7a1254dea43f931	McCormick Park	1748270741	47.116321	-113.508358	USA	MT	59868	300630018023	Missoula, MT	2025-05-26	14:45:41	Mon
1a48935bda6e328d170ebddf5e1861833f23bfda	McCormick Park	1748473902	47.152314	-114.061793	USA	MT	59821	300479407002	Missoula, MT	2025-05-28	23:11:42	Wed
21523de6f0f67bb009017f8bec5c268425ea10bc	McCormick Park	1746450627	46.801896	-114.060272	USA	MT	59803	300630013045	Missoula, MT	2025-05-05	13:10:27	Mon
b5bd62cb79dd94a2c10b4ef9ed3ac3203b6822e0	McCormick Park	1747260211	46.822633	-114.043858	USA	MT	59803	300630013041	Missoula, MT	2025-05-14	22:03:31	Wed
e13fcb6658ffef36c6c3604a4297b2ebb96c6298	McCormick Park	1749251938	46.852118	-114.021400	USA	MT	59801	300630010021	Missoula, MT	2025-06-06	23:18:58	Fri
6d699c6a0057bc757e69d95227bbb33ffe804892	McCormick Park	1748085789	46.867659	-114.003565	USA	MT	59801	300630007001	Missoula, MT	2025-05-24	11:23:09	Sat
5d5395aaf9aa0af09cca4ef07d4dbb26fccdc668	McCormick Park	1747961541	46.884011	-114.041171	USA	MT	59808	300630002054	Missoula, MT	2025-05-23	00:52:21	Fri
992889f6cc3c66b933040760666ea8a7da0ecf49	McCormick Park	1742572042	47.675067	-114.185395	USA	MT	59860	300479403073	Missoula, MT	2025-03-21	15:47:22	Fri
a753c75cfe5255722bbe0a0e61f89052eaddac70	McCormick Park	1749701429	42.994653	-102.557057	USA	NE	69365	311619517003	Rapid City, SD	2025-06-12	04:10:29	Thu
e9a6b3dde5d823559aae9b15b4dc37047ca43ddf	McCormick Park	1745642922	46.837229	-114.000962	USA	MT	59803	300630013021	Missoula, MT	2025-04-26	04:48:42	Sat
5736fef8e99d724aa6e45b3912c131eb778d0132	McCormick Park	1748986967	48.199963	-114.331981	USA	MT	59901	300290009011	Missoula, MT	2025-06-03	21:42:47	Tue
d13e4bfcc214ae14607f5c00eef9924eba4d0aae	McCormick Park	1742335303	46.869206	-113.991364	USA	MT	59802	300630003001	Missoula, MT	2025-03-18	22:01:43	Tue
536a8b345adc8c6fc7ea992d5a56ee21a90f5ede	McCormick Park	1748837446	46.848511	-114.041835	USA	MT	59804	300630009015	Missoula, MT	2025-06-02	04:10:46	Mon
4e6a84d406490a79d6bec28be7b97dc85f198cd8	McCormick Park	1748698671	45.983112	-112.492401	USA	MT	59701	300930005002	Butte-Bozeman, MT	2025-05-31	13:37:51	Sat
80fc255e8772bd8409937879d908a1ee8db258a0	McCormick Park	1749781391	46.843628	-114.084969	USA	MT	59804	300630009014	Missoula, MT	2025-06-13	02:23:11	Fri
7e22e3de48e58fc8b2cf2e1f8d672d79f999213d	McCormick Park	1744465330	40.759207	-111.887299	USA	UT	84111	490351140002	Salt Lake City, UT	2025-04-12	13:42:10	Sat
c20e7ccd0c5c15cd40ddbb1b9328170bef04b18b	McCormick Park	1746467173	46.905250	-113.965508	USA	MT	59802	300630001001	Missoula, MT	2025-05-05	17:46:13	Mon
1749e1d074fdea3be863274b7f422431b68e154d	McCormick Park	1748794028	46.702825	-113.501832	USA	MT	59825	300399617011	Missoula, MT	2025-06-01	16:07:08	Sun
eeac6503f2db543e90d44c3062f43890dd140a59	McCormick Park	1748994662	46.880676	-114.005369	USA	MT	59802	300630002033	Missoula, MT	2025-06-03	23:51:02	Tue
5aec4abdb6bfb3b3f1e114691e29af9c5b944fc6	McCormick Park	1746675837								2025-05-08	03:43:57	Thu
ab85a4b4b54a0b1f1da477cd614f92954213f51f	McCormick Park	1749785327	46.811481	-114.102821	USA	MT	59804	300630015022	Missoula, MT	2025-06-13	03:28:47	Fri
230ecba0d0b9dd43a88720149ccf0ddf9ac43bbd	McCormick Park	1749152312	39.378513	-100.562887	USA	KS	67740	201799528002	Wichita-Hutchinson, KS Plus	2025-06-05	19:38:32	Thu
8b8c09e584645d4bef1c1943585c2e0a2ab81b9f	McCormick Park	1743883265	46.830751	-114.035625	USA	MT	59803	300630013032	Missoula, MT	2025-04-05	20:01:05	Sat
a511186d31b6c2b8d244d0ea955e505e7dfabe74	McCormick Park	1748653235	46.541063	-114.024710	USA	MT	59870	300810002041	Missoula, MT	2025-05-31	01:00:35	Sat
81c6ce1672e039a8c310ccbf2154f96248da625c	McCormick Park	1744834314	46.914979	-114.032474	USA	MT	59808	300630001002	Missoula, MT	2025-04-16	20:11:54	Wed
ea0a5f3bbcfc2afe1d07b06c05976105b9f92ddd	McCormick Park	1743215849	46.855976	-113.995099	USA	MT	59801	300630005011	Missoula, MT	2025-03-29	02:37:29	Sat
370d5147da5090bd62715a25db1f65c1aa5a2be5	McCormick Park	1749678430	40.661253	-111.821238	USA	UT	84117	490351110012	Salt Lake City, UT	2025-06-11	21:47:10	Wed
73a57c53d516aae9c83b1360f7cf480757836888	McCormick Park	1748920170	45.466683	-89.632474	USA	WI	54487	550699605002	Wausau-Rhinelander, WI	2025-06-03	03:09:30	Tue
fb890c5789cf99726f83013a2f8805814bbaf9f5	McCormick Park	1749029240	46.852470	-114.003060	USA	MT	59801	300630012002	Missoula, MT	2025-06-04	09:27:20	Wed
d70453d22beabef2d991689eb0e9b32ffb9f9c9f	McCormick Park	1748206223	46.859656	-114.013480	USA	MT	59801	300630011002	Missoula, MT	2025-05-25	20:50:23	Sun
1c994a191da5676f7f542b824d5edb07c9a0d9b4	McCormick Park	1749593814	46.882033	-113.969783	USA	MT	59802	300630001001	Missoula, MT	2025-06-10	22:16:54	Tue
e9cfdb05e3666dc8727adaa5213406c7dc5c4843	McCormick Park	1744223580	46.839736	-114.027166	USA	MT	59801	300630013034	Missoula, MT	2025-04-09	18:33:00	Wed
55fe636138b92bee4633735cce35ef869381347f	McCormick Park	1742313164	44.035679	-124.130722	USA	OR	97439	410390007061	Eugene, OR	2025-03-18	15:52:44	Tue
f0b64a2904c24a5cfa7a997ca21e2541fd749299	McCormick Park	1749515112								2025-06-10	00:25:12	Tue
53fb069869f6413284bb58bd0a115c6e41c8a760	McCormick Park	1748023335	46.858557	-114.001787	USA	MT	59801	300630011003	Missoula, MT	2025-05-23	18:02:15	Fri
80bf90f52f3079a184abf445f3c2ecd913848b34	McCormick Park	1747702698	46.820051	-114.036550	USA	MT	59803	300630013033	Missoula, MT	2025-05-20	00:58:18	Tue
d4ba9bed3e3338a3ba5fa5e1410356a3defd16fe	McCormick Park	1748113480	46.858716	-114.018927	USA	MT	59801	300630010021	Missoula, MT	2025-05-24	19:04:40	Sat
bc7e7814c91d240006107f686be6e79c755d81ff	McCormick Park	1744988091	46.866927	-114.000408	USA	MT	59801	300630007002	Missoula, MT	2025-04-18	14:54:51	Fri
e501296d2fdb411e1da52da56b1ab28b7f0d92ab	McCormick Park	1748830918	46.859485	-113.999836	USA	MT	59801	300630011001	Missoula, MT	2025-06-02	02:21:58	Mon
7300789aaafc97c5659c6d45f7b5231530119174	McCormick Park	1749854884	47.674193	-117.208465	USA	WA	99216	530630117024	Spokane, WA	2025-06-13	22:48:04	Fri
4ccfb5baa56124a905f0004e664b2749591f9041	McCormick Park	1749685525	35.246871	-113.989292	USA	AZ	86409	040159507053	Phoenix, AZ	2025-06-11	23:45:25	Wed
a7b51d603473b991146fdf642898442a7b81c5ee	McCormick Park	1749497864	46.831995	-114.042848	USA	MT	59803	300630013041	Missoula, MT	2025-06-09	19:37:44	Mon
1299102b4ca6fd83ef8ea48f8a43a976c1e0bbdf	McCormick Park	1742948454	36.085837	-80.250406	USA	NC	27101	370670009003	Greensboro-High Point-Winston Salem, NC	2025-03-26	00:20:54	Wed
1ef46cf683e1fe3eb9665aacd72d68466d1a29a0	McCormick Park	1744508714	32.972024	-117.158351	USA	CA	92130	060730170621	San Diego, CA	2025-04-13	01:45:14	Sun
614e747488fe60e5f8a7fd2e8e6857a2176c069b	McCormick Park	1748880073	46.748674	-114.145088	USA	MT	59847	300630015022	Missoula, MT	2025-06-02	16:01:13	Mon
51592be8d8c27303df18e97f3d538498fc5df89d	McCormick Park	1744487349	46.861457	-113.999774	USA	MT	59801	300630011001	Missoula, MT	2025-04-12	19:49:09	Sat
0a6300fe337b5eb1dd1143377c6eb73bb00a487f	McCormick Park	1750107207	48.283976	-116.575219	USA	ID	83864	160179504022	Spokane, WA	2025-06-16	20:53:27	Mon
1d366e3e619c5ad299c955650515dcf67a66ae2c	McCormick Park	1742515222	47.757924	-114.231829	USA	MT	59860	300479403073	Missoula, MT	2025-03-21	00:00:22	Fri
9c0864a437151d181f5942786e246459e95fdce9	McCormick Park	1749522013	47.019414	-114.213978	USA	MT	59834	300630016021	Missoula, MT	2025-06-10	02:20:13	Tue
122ffb73d8932a2e4a5d51fdf39f722940d6223e	McCormick Park	1749567233								2025-06-10	14:53:53	Tue
9f6857ae3e44e666f4388d4ce008f2308dfb099a	McCormick Park	1749401760	47.358483	-114.048127	USA	MT	59865	300479406003	Missoula, MT	2025-06-08	16:56:00	Sun
e13ff6ceb0359c0afd3291e2a17ea570e4ada056	McCormick Park	1748018672	46.871977	-114.007624	USA	MT	59801	300630007001	Missoula, MT	2025-05-23	16:44:32	Fri
69b3366a67830084659e9e3c56b2d0fbdd7835c0	McCormick Park	1749581062	45.824094	-108.495625	USA	MT	59105	301110007052	Billings, MT	2025-06-10	18:44:22	Tue
