Polygon ID	Hashed Device ID	Lat of Visit	Lon of Visit	Unix Timestamp of Visit	Date	Time of Day	Day of Week
McCormick Park	a0e1ad414c7beeb7675bd429c89d26348effaacf	46.871773	-114.002556	1746141184	2025-05-01	23:13:04	Thu
McCormick Park	ad013128eae87755080bea2b09dc20a6e6f7e969	46.872463	-114.004337	1746117930	2025-05-01	16:45:30	Thu
McCormick Park	ad013128eae87755080bea2b09dc20a6e6f7e969	46.872451	-114.004317	1746118072	2025-05-01	16:47:52	Thu
McCormick Park	ad013128eae87755080bea2b09dc20a6e6f7e969	46.872437	-114.004332	1746118117	2025-05-01	16:48:37	Thu
McCormick Park	ad013128eae87755080bea2b09dc20a6e6f7e969	46.872437	-114.004332	1746118157	2025-05-01	16:49:17	Thu
McCormick Park	ad013128eae87755080bea2b09dc20a6e6f7e969	46.871535	-114.001536	1746118235	2025-05-01	16:50:35	Thu
McCormick Park	ad013128eae87755080bea2b09dc20a6e6f7e969	46.872437	-114.004329	1746118325	2025-05-01	16:52:05	Thu
McCormick Park	ad013128eae87755080bea2b09dc20a6e6f7e969	46.872437	-114.004329	1746118396	2025-05-01	16:53:16	Thu
McCormick Park	ad013128eae87755080bea2b09dc20a6e6f7e969	46.872437	-114.004328	1746118418	2025-05-01	16:53:38	Thu
McCormick Park	ad013128eae87755080bea2b09dc20a6e6f7e969	46.872437	-114.004328	1746118501	2025-05-01	16:55:01	Thu
McCormick Park	ad013128eae87755080bea2b09dc20a6e6f7e969	46.872436	-114.004328	1746118578	2025-05-01	16:56:18	Thu
McCormick Park	ad013128eae87755080bea2b09dc20a6e6f7e969	46.872436	-114.004328	1746118579	2025-05-01	16:56:19	Thu
McCormick Park	ad013128eae87755080bea2b09dc20a6e6f7e969	46.872436	-114.004328	1746118928	2025-05-01	17:02:08	Thu
McCormick Park	8f2f12bae83b17d5b46bb7d8ecdb0cb2b549f295	46.873063	-114.005184	1746137372	2025-05-01	22:09:32	Thu
McCormick Park	8f2f12bae83b17d5b46bb7d8ecdb0cb2b549f295	46.873078	-114.005180	1746137378	2025-05-01	22:09:38	Thu
McCormick Park	8f2f12bae83b17d5b46bb7d8ecdb0cb2b549f295	46.873073	-114.005158	1746137781	2025-05-01	22:16:21	Thu
McCormick Park	8f2f12bae83b17d5b46bb7d8ecdb0cb2b549f295	46.873058	-114.005110	1746137782	2025-05-01	22:16:22	Thu
McCormick Park	8f2f12bae83b17d5b46bb7d8ecdb0cb2b549f295	46.873005	-114.005174	1746137784	2025-05-01	22:16:24	Thu
McCormick Park	8f2f12bae83b17d5b46bb7d8ecdb0cb2b549f295	46.872840	-114.005680	1746142354	2025-05-01	23:32:34	Thu
McCormick Park	8f2f12bae83b17d5b46bb7d8ecdb0cb2b549f295	46.872820	-114.005600	1746142787	2025-05-01	23:39:47	Thu
McCormick Park	8f2f12bae83b17d5b46bb7d8ecdb0cb2b549f295	46.872840	-114.005620	1746142787	2025-05-01	23:39:47	Thu
McCormick Park	8f2f12bae83b17d5b46bb7d8ecdb0cb2b549f295	46.873060	-114.005190	1746137372	2025-05-01	22:09:32	Thu
McCormick Park	8f2f12bae83b17d5b46bb7d8ecdb0cb2b549f295	46.873080	-114.005150	1746137374	2025-05-01	22:09:34	Thu
McCormick Park	8f2f12bae83b17d5b46bb7d8ecdb0cb2b549f295	46.873070	-114.005160	1746137781	2025-05-01	22:16:21	Thu
McCormick Park	8f2f12bae83b17d5b46bb7d8ecdb0cb2b549f295	46.873010	-114.005110	1746137782	2025-05-01	22:16:22	Thu
McCormick Park	8f2f12bae83b17d5b46bb7d8ecdb0cb2b549f295	46.873070	-114.005140	1746137783	2025-05-01	22:16:23	Thu
McCormick Park	8f2f12bae83b17d5b46bb7d8ecdb0cb2b549f295	46.872800	-114.005600	1746142351	2025-05-01	23:32:31	Thu
McCormick Park	8f2f12bae83b17d5b46bb7d8ecdb0cb2b549f295	46.872870	-114.005630	1746142787	2025-05-01	23:39:47	Thu
McCormick Park	0ecb2bdf59890ad38d7972d4ae018561aeaba971	46.873660	-114.003570	1746123190	2025-05-01	18:13:10	Thu
McCormick Park	0ecb2bdf59890ad38d7972d4ae018561aeaba971	46.873610	-114.003505	1746123836	2025-05-01	18:23:56	Thu
McCormick Park	0ecb2bdf59890ad38d7972d4ae018561aeaba971	46.873612	-114.003567	1746123837	2025-05-01	18:23:57	Thu
McCormick Park	0ecb2bdf59890ad38d7972d4ae018561aeaba971	46.873660	-114.003560	1746123192	2025-05-01	18:13:12	Thu
McCormick Park	0ecb2bdf59890ad38d7972d4ae018561aeaba971	46.873610	-114.003570	1746123837	2025-05-01	18:23:57	Thu
McCormick Park	84ccd67681d6243ecfdc33d6c57587406561688e	46.871280	-114.002190	1746076829	2025-05-01	05:20:29	Thu
McCormick Park	9e846c4bd70124e578dd05fddbb3f699092ffe41	46.871320	-114.004550	1746129978	2025-05-01	20:06:18	Thu
McCormick Park	9e846c4bd70124e578dd05fddbb3f699092ffe41	46.871390	-114.004540	1746130228	2025-05-01	20:10:28	Thu
McCormick Park	9e846c4bd70124e578dd05fddbb3f699092ffe41	46.871390	-114.004530	1746131251	2025-05-01	20:27:31	Thu
McCormick Park	9e846c4bd70124e578dd05fddbb3f699092ffe41	46.870980	-114.002224	1746132196	2025-05-01	20:43:16	Thu
McCormick Park	b9077a0e477df4f448380770e4ef5121ea78aa8f	46.871320	-114.003170	1746076862	2025-05-01	05:21:02	Thu
McCormick Park	094dc5ecf01a965c97436afb72ab0d5a6b870b29	46.873870	-114.003700	1746058427	2025-05-01	00:13:47	Thu
McCormick Park	094dc5ecf01a965c97436afb72ab0d5a6b870b29	46.873830	-114.003700	1746058423	2025-05-01	00:13:43	Thu
McCormick Park	094dc5ecf01a965c97436afb72ab0d5a6b870b29	46.873820	-114.003700	1746058423	2025-05-01	00:13:43	Thu
McCormick Park	d4adbadd89a344d12a49b2bed34a7b9cce431219	46.872870	-114.005110	1746058096	2025-05-01	00:08:16	Thu
McCormick Park	d4adbadd89a344d12a49b2bed34a7b9cce431219	46.872870	-114.004730	1746058107	2025-05-01	00:08:27	Thu
McCormick Park	d4adbadd89a344d12a49b2bed34a7b9cce431219	46.872870	-114.005110	1746060916	2025-05-01	00:55:16	Thu
McCormick Park	c65a0823c03080425568caec1a7bc11ab1e38914	46.872406	-114.002588	1746131056	2025-05-01	20:24:16	Thu
McCormick Park	c65a0823c03080425568caec1a7bc11ab1e38914	46.872487	-114.002443	1746131302	2025-05-01	20:28:22	Thu
McCormick Park	c65a0823c03080425568caec1a7bc11ab1e38914	46.872413	-114.002478	1746131303	2025-05-01	20:28:23	Thu
McCormick Park	c65a0823c03080425568caec1a7bc11ab1e38914	46.872400	-114.002540	1746131050	2025-05-01	20:24:10	Thu
McCormick Park	c65a0823c03080425568caec1a7bc11ab1e38914	46.872410	-114.002410	1746131301	2025-05-01	20:28:21	Thu
McCormick Park	c65a0823c03080425568caec1a7bc11ab1e38914	46.872460	-114.002450	1746131304	2025-05-01	20:28:24	Thu
McCormick Park	b3288a2999381a6d54f39a6112e187f65c47e6c8	46.872927	-114.005184	1746115411	2025-05-01	16:03:31	Thu
McCormick Park	b3288a2999381a6d54f39a6112e187f65c47e6c8	46.872925	-114.005104	1746115418	2025-05-01	16:03:38	Thu
McCormick Park	b3288a2999381a6d54f39a6112e187f65c47e6c8	46.873139	-114.005410	1746119896	2025-05-01	17:18:16	Thu
McCormick Park	b3288a2999381a6d54f39a6112e187f65c47e6c8	46.873100	-114.005410	1746119893	2025-05-01	17:18:13	Thu
McCormick Park	985970c7716679822152213a104bd1555da66db5	46.871610	-114.004900	1746112243	2025-05-01	15:10:43	Thu
McCormick Park	985970c7716679822152213a104bd1555da66db5	46.871660	-114.004900	1746112245	2025-05-01	15:10:45	Thu
McCormick Park	985970c7716679822152213a104bd1555da66db5	46.871660	-114.004520	1746112247	2025-05-01	15:10:47	Thu
McCormick Park	985970c7716679822152213a104bd1555da66db5	46.871450	-114.004810	1746112813	2025-05-01	15:20:13	Thu
McCormick Park	985970c7716679822152213a104bd1555da66db5	46.871620	-114.004420	1746112815	2025-05-01	15:20:15	Thu
McCormick Park	985970c7716679822152213a104bd1555da66db5	46.871618	-114.004804	1746112826	2025-05-01	15:20:26	Thu
McCormick Park	5168cd2c1e75bf7a44546a666df72c024c4eaf1f	46.872766	-114.004864	1746110404	2025-05-01	14:40:04	Thu
McCormick Park	5168cd2c1e75bf7a44546a666df72c024c4eaf1f	46.872920	-114.005528	1746111422	2025-05-01	14:57:02	Thu
McCormick Park	5168cd2c1e75bf7a44546a666df72c024c4eaf1f	46.872900	-114.005522	1746111425	2025-05-01	14:57:05	Thu
McCormick Park	5168cd2c1e75bf7a44546a666df72c024c4eaf1f	46.872887	-114.005184	1746112557	2025-05-01	15:15:57	Thu
McCormick Park	5168cd2c1e75bf7a44546a666df72c024c4eaf1f	46.872770	-114.004810	1746110402	2025-05-01	14:40:02	Thu
McCormick Park	5168cd2c1e75bf7a44546a666df72c024c4eaf1f	46.872810	-114.005130	1746112555	2025-05-01	15:15:55	Thu
McCormick Park	5168cd2c1e75bf7a44546a666df72c024c4eaf1f	46.872880	-114.005190	1746112557	2025-05-01	15:15:57	Thu
McCormick Park	84469089a88df73ae0bea0cf06f7010f36c703e4	46.871387	-114.004945	1746112775	2025-05-01	15:19:35	Thu
McCormick Park	84469089a88df73ae0bea0cf06f7010f36c703e4	46.871390	-114.004950	1746112783	2025-05-01	15:19:43	Thu
McCormick Park	84469089a88df73ae0bea0cf06f7010f36c703e4	46.871380	-114.004950	1746112775	2025-05-01	15:19:35	Thu
McCormick Park	1bfad0fcddc776e7801b127c4ebc0a8cba0aa365	46.872824	-114.005343	1746126726	2025-05-01	19:12:06	Thu
McCormick Park	1bfad0fcddc776e7801b127c4ebc0a8cba0aa365	46.872867	-114.005356	1746126729	2025-05-01	19:12:09	Thu
McCormick Park	1bfad0fcddc776e7801b127c4ebc0a8cba0aa365	46.872800	-114.005380	1746126731	2025-05-01	19:12:11	Thu
McCormick Park	1bfad0fcddc776e7801b127c4ebc0a8cba0aa365	46.872860	-114.005360	1746126729	2025-05-01	19:12:09	Thu
McCormick Park	39b31d3e01f2aea082861aac22a3b417fa0b4d40	46.871340	-114.001800	1746112754	2025-05-01	15:19:14	Thu
McCormick Park	71c897615c61be702dee86df75947225e3b01669	46.871260	-114.003860	1746115012	2025-05-01	15:56:52	Thu
McCormick Park	71c897615c61be702dee86df75947225e3b01669	46.871210	-114.003840	1746115014	2025-05-01	15:56:54	Thu
McCormick Park	71c897615c61be702dee86df75947225e3b01669	46.871260	-114.003840	1746115014	2025-05-01	15:56:54	Thu
McCormick Park	9a8ce6412cf1b96d76ff66eac1a19df281b3f12f	46.871057	-114.003642	1746123964	2025-05-01	18:26:04	Thu
McCormick Park	b8c5d1cd3e20b2bea1e924208fa47611e0e6a7c9	46.872300	-114.004740	1746122741	2025-05-01	18:05:41	Thu
McCormick Park	b8c5d1cd3e20b2bea1e924208fa47611e0e6a7c9	46.872300	-114.004730	1746122859	2025-05-01	18:07:39	Thu
McCormick Park	b8c5d1cd3e20b2bea1e924208fa47611e0e6a7c9	46.872300	-114.004760	1746122743	2025-05-01	18:05:43	Thu
McCormick Park	7748e7c825a38bcb8246c0292f6c35beaf034361	46.872140	-114.003110	1746072001	2025-05-01	04:00:01	Thu
McCormick Park	7748e7c825a38bcb8246c0292f6c35beaf034361	46.872100	-114.003100	1746072005	2025-05-01	04:00:05	Thu
McCormick Park	7748e7c825a38bcb8246c0292f6c35beaf034361	46.872140	-114.003120	1746072008	2025-05-01	04:00:08	Thu
McCormick Park	7748e7c825a38bcb8246c0292f6c35beaf034361	46.872100	-114.003100	1746072016	2025-05-01	04:00:16	Thu
McCormick Park	7748e7c825a38bcb8246c0292f6c35beaf034361	46.872120	-114.003150	1746072253	2025-05-01	04:04:13	Thu
McCormick Park	7748e7c825a38bcb8246c0292f6c35beaf034361	46.872120	-114.003150	1746072260	2025-05-01	04:04:20	Thu
McCormick Park	7748e7c825a38bcb8246c0292f6c35beaf034361	46.872110	-114.003140	1746075176	2025-05-01	04:52:56	Thu
McCormick Park	7748e7c825a38bcb8246c0292f6c35beaf034361	46.872110	-114.003140	1746075183	2025-05-01	04:53:03	Thu
McCormick Park	7748e7c825a38bcb8246c0292f6c35beaf034361	46.871890	-114.003100	1746075186	2025-05-01	04:53:06	Thu
McCormick Park	7748e7c825a38bcb8246c0292f6c35beaf034361	46.872100	-114.003100	1746075189	2025-05-01	04:53:09	Thu
McCormick Park	7748e7c825a38bcb8246c0292f6c35beaf034361	46.872120	-114.003150	1746075195	2025-05-01	04:53:15	Thu
McCormick Park	7748e7c825a38bcb8246c0292f6c35beaf034361	46.872110	-114.003100	1746075197	2025-05-01	04:53:17	Thu
McCormick Park	7748e7c825a38bcb8246c0292f6c35beaf034361	46.872166	-114.003120	1746075206	2025-05-01	04:53:26	Thu
McCormick Park	7748e7c825a38bcb8246c0292f6c35beaf034361	46.872117	-114.003120	1746075207	2025-05-01	04:53:27	Thu
McCormick Park	7748e7c825a38bcb8246c0292f6c35beaf034361	46.872120	-114.003120	1746072005	2025-05-01	04:00:05	Thu
McCormick Park	7748e7c825a38bcb8246c0292f6c35beaf034361	46.872130	-114.003120	1746072008	2025-05-01	04:00:08	Thu
McCormick Park	7748e7c825a38bcb8246c0292f6c35beaf034361	46.872130	-114.003100	1746072253	2025-05-01	04:04:13	Thu
McCormick Park	7748e7c825a38bcb8246c0292f6c35beaf034361	46.872130	-114.003140	1746075180	2025-05-01	04:53:00	Thu
McCormick Park	7748e7c825a38bcb8246c0292f6c35beaf034361	46.872180	-114.003100	1746075198	2025-05-01	04:53:18	Thu
McCormick Park	7748e7c825a38bcb8246c0292f6c35beaf034361	46.872120	-114.003110	1746075207	2025-05-01	04:53:27	Thu
McCormick Park	7748e7c825a38bcb8246c0292f6c35beaf034361	46.872140	-114.003120	1746072006	2025-05-01	04:00:06	Thu
McCormick Park	20064f2ad230237d1522906eb5ede76e377729d6	46.870980	-114.002160	1746062174	2025-05-01	01:16:14	Thu
McCormick Park	20064f2ad230237d1522906eb5ede76e377729d6	46.870980	-114.002140	1746065666	2025-05-01	02:14:26	Thu
McCormick Park	4b552cdfee1ec99f83f15ab8079ad48d5e2e6d73	46.871986	-114.002018	1746065626	2025-05-01	02:13:46	Thu
McCormick Park	4b552cdfee1ec99f83f15ab8079ad48d5e2e6d73	46.871476	-114.001926	1746065655	2025-05-01	02:14:15	Thu
McCormick Park	4b552cdfee1ec99f83f15ab8079ad48d5e2e6d73	46.871204	-114.002505	1746065824	2025-05-01	02:17:04	Thu
McCormick Park	4b552cdfee1ec99f83f15ab8079ad48d5e2e6d73	46.872538	-114.004302	1746065850	2025-05-01	02:17:30	Thu
McCormick Park	4b552cdfee1ec99f83f15ab8079ad48d5e2e6d73	46.871147	-114.002352	1746066119	2025-05-01	02:21:59	Thu
McCormick Park	4b552cdfee1ec99f83f15ab8079ad48d5e2e6d73	46.871236	-114.002538	1746066337	2025-05-01	02:25:37	Thu
McCormick Park	4b552cdfee1ec99f83f15ab8079ad48d5e2e6d73	46.871344	-114.002552	1746066912	2025-05-01	02:35:12	Thu
McCormick Park	4b552cdfee1ec99f83f15ab8079ad48d5e2e6d73	46.871355	-114.002313	1746067064	2025-05-01	02:37:44	Thu
McCormick Park	755060f0e81d8955cc40984a5fdb73af1873df4e	46.871784	-114.005360	1746138779	2025-05-01	22:32:59	Thu
McCormick Park	755060f0e81d8955cc40984a5fdb73af1873df4e	46.871780	-114.004980	1746138790	2025-05-01	22:33:10	Thu
McCormick Park	755060f0e81d8955cc40984a5fdb73af1873df4e	46.871720	-114.004910	1746138798	2025-05-01	22:33:18	Thu
McCormick Park	755060f0e81d8955cc40984a5fdb73af1873df4e	46.872076	-114.005060	1746138898	2025-05-01	22:34:58	Thu
McCormick Park	755060f0e81d8955cc40984a5fdb73af1873df4e	46.872073	-114.005055	1746138947	2025-05-01	22:35:47	Thu
McCormick Park	755060f0e81d8955cc40984a5fdb73af1873df4e	46.872051	-114.005086	1746138948	2025-05-01	22:35:48	Thu
McCormick Park	755060f0e81d8955cc40984a5fdb73af1873df4e	46.872370	-114.005090	1746138963	2025-05-01	22:36:03	Thu
McCormick Park	755060f0e81d8955cc40984a5fdb73af1873df4e	46.872340	-114.005030	1746138963	2025-05-01	22:36:03	Thu
McCormick Park	755060f0e81d8955cc40984a5fdb73af1873df4e	46.871766	-114.005310	1746138994	2025-05-01	22:36:34	Thu
McCormick Park	755060f0e81d8955cc40984a5fdb73af1873df4e	46.871770	-114.005310	1746139002	2025-05-01	22:36:42	Thu
McCormick Park	755060f0e81d8955cc40984a5fdb73af1873df4e	46.871717	-114.005320	1746139199	2025-05-01	22:39:59	Thu
McCormick Park	755060f0e81d8955cc40984a5fdb73af1873df4e	46.872064	-114.005015	1746139267	2025-05-01	22:41:07	Thu
McCormick Park	755060f0e81d8955cc40984a5fdb73af1873df4e	46.871770	-114.004980	1746138787	2025-05-01	22:33:07	Thu
McCormick Park	755060f0e81d8955cc40984a5fdb73af1873df4e	46.872030	-114.005010	1746138948	2025-05-01	22:35:48	Thu
McCormick Park	755060f0e81d8955cc40984a5fdb73af1873df4e	46.872370	-114.005010	1746138963	2025-05-01	22:36:03	Thu
McCormick Park	755060f0e81d8955cc40984a5fdb73af1873df4e	46.871730	-114.005360	1746138990	2025-05-01	22:36:30	Thu
McCormick Park	755060f0e81d8955cc40984a5fdb73af1873df4e	46.871700	-114.005350	1746139197	2025-05-01	22:39:57	Thu
McCormick Park	755060f0e81d8955cc40984a5fdb73af1873df4e	46.872010	-114.005030	1746139265	2025-05-01	22:41:05	Thu
McCormick Park	755060f0e81d8955cc40984a5fdb73af1873df4e	46.871780	-114.005360	1746138779	2025-05-01	22:32:59	Thu
McCormick Park	755060f0e81d8955cc40984a5fdb73af1873df4e	46.872070	-114.005060	1746138898	2025-05-01	22:34:58	Thu
McCormick Park	755060f0e81d8955cc40984a5fdb73af1873df4e	46.872050	-114.005090	1746138948	2025-05-01	22:35:48	Thu
McCormick Park	755060f0e81d8955cc40984a5fdb73af1873df4e	46.871760	-114.005310	1746138994	2025-05-01	22:36:34	Thu
McCormick Park	755060f0e81d8955cc40984a5fdb73af1873df4e	46.871710	-114.005320	1746139199	2025-05-01	22:39:59	Thu
McCormick Park	755060f0e81d8955cc40984a5fdb73af1873df4e	46.872060	-114.005020	1746139267	2025-05-01	22:41:07	Thu
McCormick Park	d597897b5a980fd0a4e40780840c10085960b59a	46.871350	-114.001900	1746091912	2025-05-01	09:31:52	Thu
McCormick Park	d597897b5a980fd0a4e40780840c10085960b59a	46.871340	-114.001900	1746091917	2025-05-01	09:31:57	Thu
McCormick Park	d597897b5a980fd0a4e40780840c10085960b59a	46.871300	-114.001900	1746092031	2025-05-01	09:33:51	Thu
McCormick Park	d597897b5a980fd0a4e40780840c10085960b59a	46.871330	-114.001920	1746092031	2025-05-01	09:33:51	Thu
McCormick Park	d597897b5a980fd0a4e40780840c10085960b59a	46.871380	-114.001880	1746092120	2025-05-01	09:35:20	Thu
McCormick Park	d597897b5a980fd0a4e40780840c10085960b59a	46.871380	-114.001850	1746092122	2025-05-01	09:35:22	Thu
McCormick Park	d597897b5a980fd0a4e40780840c10085960b59a	46.871380	-114.001850	1746092126	2025-05-01	09:35:26	Thu
McCormick Park	d597897b5a980fd0a4e40780840c10085960b59a	46.871400	-114.001980	1746092448	2025-05-01	09:40:48	Thu
McCormick Park	d597897b5a980fd0a4e40780840c10085960b59a	46.871400	-114.001970	1746092655	2025-05-01	09:44:15	Thu
McCormick Park	d597897b5a980fd0a4e40780840c10085960b59a	46.871400	-114.001930	1746092656	2025-05-01	09:44:16	Thu
McCormick Park	d597897b5a980fd0a4e40780840c10085960b59a	46.871328	-114.001864	1746092711	2025-05-01	09:45:11	Thu
McCormick Park	d597897b5a980fd0a4e40780840c10085960b59a	46.871330	-114.001950	1746092713	2025-05-01	09:45:13	Thu
McCormick Park	d597897b5a980fd0a4e40780840c10085960b59a	46.871330	-114.001570	1746092715	2025-05-01	09:45:15	Thu
McCormick Park	d597897b5a980fd0a4e40780840c10085960b59a	46.871310	-114.001540	1746092718	2025-05-01	09:45:18	Thu
McCormick Park	d597897b5a980fd0a4e40780840c10085960b59a	46.871420	-114.001920	1746092792	2025-05-01	09:46:32	Thu
McCormick Park	d597897b5a980fd0a4e40780840c10085960b59a	46.871480	-114.001980	1746092796	2025-05-01	09:46:36	Thu
McCormick Park	d597897b5a980fd0a4e40780840c10085960b59a	46.871300	-114.001800	1746092853	2025-05-01	09:47:33	Thu
McCormick Park	d597897b5a980fd0a4e40780840c10085960b59a	46.871300	-114.001810	1746092857	2025-05-01	09:47:37	Thu
McCormick Park	d597897b5a980fd0a4e40780840c10085960b59a	46.871421	-114.001988	1746092959	2025-05-01	09:49:19	Thu
McCormick Park	d597897b5a980fd0a4e40780840c10085960b59a	46.871480	-114.001950	1746093075	2025-05-01	09:51:15	Thu
McCormick Park	d597897b5a980fd0a4e40780840c10085960b59a	46.871300	-114.001900	1746091911	2025-05-01	09:31:51	Thu
McCormick Park	d597897b5a980fd0a4e40780840c10085960b59a	46.871330	-114.001920	1746092034	2025-05-01	09:33:54	Thu
McCormick Park	d597897b5a980fd0a4e40780840c10085960b59a	46.871340	-114.001810	1746092122	2025-05-01	09:35:22	Thu
McCormick Park	d597897b5a980fd0a4e40780840c10085960b59a	46.871400	-114.001940	1746092440	2025-05-01	09:40:40	Thu
McCormick Park	d597897b5a980fd0a4e40780840c10085960b59a	46.871310	-114.001840	1746092446	2025-05-01	09:40:46	Thu
McCormick Park	d597897b5a980fd0a4e40780840c10085960b59a	46.871400	-114.001910	1746092656	2025-05-01	09:44:16	Thu
McCormick Park	d597897b5a980fd0a4e40780840c10085960b59a	46.871300	-114.001860	1746092711	2025-05-01	09:45:11	Thu
McCormick Park	d597897b5a980fd0a4e40780840c10085960b59a	46.871350	-114.001580	1746092718	2025-05-01	09:45:18	Thu
McCormick Park	d597897b5a980fd0a4e40780840c10085960b59a	46.871480	-114.001980	1746092793	2025-05-01	09:46:33	Thu
McCormick Park	d597897b5a980fd0a4e40780840c10085960b59a	46.871450	-114.001930	1746092797	2025-05-01	09:46:37	Thu
McCormick Park	d597897b5a980fd0a4e40780840c10085960b59a	46.871300	-114.001820	1746092852	2025-05-01	09:47:32	Thu
McCormick Park	d597897b5a980fd0a4e40780840c10085960b59a	46.871420	-114.001930	1746092954	2025-05-01	09:49:14	Thu
McCormick Park	d597897b5a980fd0a4e40780840c10085960b59a	46.871400	-114.001940	1746092444	2025-05-01	09:40:44	Thu
McCormick Park	824fbd37695be3817f074121bcf8a0f0f0f27c56	46.871010	-114.003600	1746082161	2025-05-01	06:49:21	Thu
McCormick Park	42bc4047c1d6cf3355433b408f48652f0b2e5c68	46.872680	-114.003360	1746134157	2025-05-01	21:15:57	Thu
McCormick Park	cd3326f5fec78656c3538d56a77bd24bc954a749	46.872025	-114.004310	1746096632	2025-05-01	10:50:32	Thu
McCormick Park	cd3326f5fec78656c3538d56a77bd24bc954a749	46.872077	-114.004360	1746096636	2025-05-01	10:50:36	Thu
McCormick Park	cd3326f5fec78656c3538d56a77bd24bc954a749	46.872020	-114.004380	1746096638	2025-05-01	10:50:38	Thu
McCormick Park	cd3326f5fec78656c3538d56a77bd24bc954a749	46.872030	-114.004360	1746096634	2025-05-01	10:50:34	Thu
McCormick Park	05f2193cde06b2059ad0749d431cb804b4fde92d	46.871350	-114.003110	1746139292	2025-05-01	22:41:32	Thu
McCormick Park	05f2193cde06b2059ad0749d431cb804b4fde92d	46.871307	-114.003145	1746139340	2025-05-01	22:42:20	Thu
McCormick Park	05f2193cde06b2059ad0749d431cb804b4fde92d	46.871381	-114.003188	1746139346	2025-05-01	22:42:26	Thu
McCormick Park	05f2193cde06b2059ad0749d431cb804b4fde92d	46.871362	-114.003130	1746139601	2025-05-01	22:46:41	Thu
McCormick Park	05f2193cde06b2059ad0749d431cb804b4fde92d	46.871381	-114.003107	1746139720	2025-05-01	22:48:40	Thu
McCormick Park	05f2193cde06b2059ad0749d431cb804b4fde92d	46.871328	-114.003182	1746139725	2025-05-01	22:48:45	Thu
McCormick Park	05f2193cde06b2059ad0749d431cb804b4fde92d	46.871317	-114.003137	1746140305	2025-05-01	22:58:25	Thu
McCormick Park	05f2193cde06b2059ad0749d431cb804b4fde92d	46.871321	-114.003131	1746140305	2025-05-01	22:58:25	Thu
McCormick Park	05f2193cde06b2059ad0749d431cb804b4fde92d	46.871360	-114.003137	1746140869	2025-05-01	23:07:49	Thu
McCormick Park	05f2193cde06b2059ad0749d431cb804b4fde92d	46.871383	-114.003104	1746140980	2025-05-01	23:09:40	Thu
McCormick Park	05f2193cde06b2059ad0749d431cb804b4fde92d	46.871317	-114.003150	1746140981	2025-05-01	23:09:41	Thu
McCormick Park	05f2193cde06b2059ad0749d431cb804b4fde92d	46.871360	-114.003130	1746139298	2025-05-01	22:41:38	Thu
McCormick Park	05f2193cde06b2059ad0749d431cb804b4fde92d	46.871380	-114.003120	1746139604	2025-05-01	22:46:44	Thu
McCormick Park	05f2193cde06b2059ad0749d431cb804b4fde92d	46.871320	-114.003190	1746139725	2025-05-01	22:48:45	Thu
McCormick Park	05f2193cde06b2059ad0749d431cb804b4fde92d	46.871360	-114.003140	1746140874	2025-05-01	23:07:54	Thu
McCormick Park	05f2193cde06b2059ad0749d431cb804b4fde92d	46.871380	-114.003110	1746140980	2025-05-01	23:09:40	Thu
McCormick Park	b3c570375c308247f79acb1dfe974754c9ce2a1b	46.872710	-114.004430	1746142426	2025-05-01	23:33:46	Thu
McCormick Park	b3c570375c308247f79acb1dfe974754c9ce2a1b	46.872720	-114.004058	1746142435	2025-05-01	23:33:55	Thu
McCormick Park	b3c570375c308247f79acb1dfe974754c9ce2a1b	46.872500	-114.004050	1746142442	2025-05-01	23:34:02	Thu
McCormick Park	b3c570375c308247f79acb1dfe974754c9ce2a1b	46.872500	-114.004060	1746142443	2025-05-01	23:34:03	Thu
McCormick Park	b3c570375c308247f79acb1dfe974754c9ce2a1b	46.872720	-114.004060	1746142435	2025-05-01	23:33:55	Thu
McCormick Park	f59a72e988ce77ccdb725ae36b0bb9e2b7d6fa60	46.871340	-114.003100	1746075270	2025-05-01	04:54:30	Thu
McCormick Park	f59a72e988ce77ccdb725ae36b0bb9e2b7d6fa60	46.871330	-114.003100	1746075271	2025-05-01	04:54:31	Thu
McCormick Park	f59a72e988ce77ccdb725ae36b0bb9e2b7d6fa60	46.871330	-114.003100	1746075276	2025-05-01	04:54:36	Thu
McCormick Park	a517810e4300d96e510d92169017b187ed914486	46.871580	-114.005750	1746119812	2025-05-01	17:16:52	Thu
McCormick Park	095ef52ee7c27d86cb73f4b10ec8ecfb553a23ce	46.872080	-114.004270	1746068405	2025-05-01	03:00:05	Thu
McCormick Park	aa3e5e16bbe9730f08e519b3e12ea08793b28db2	46.872365	-114.002120	1746127171	2025-05-01	19:19:31	Thu
McCormick Park	aa3e5e16bbe9730f08e519b3e12ea08793b28db2	46.872323	-114.002180	1746127175	2025-05-01	19:19:35	Thu
McCormick Park	aa3e5e16bbe9730f08e519b3e12ea08793b28db2	46.872360	-114.002120	1746127171	2025-05-01	19:19:31	Thu
McCormick Park	6148bac2d0a11b0e52bf1c3ad2234091781ed3bc	46.872630	-114.002210	1746100098	2025-05-01	11:48:18	Thu
McCormick Park	6148bac2d0a11b0e52bf1c3ad2234091781ed3bc	46.872680	-114.002160	1746100765	2025-05-01	11:59:25	Thu
McCormick Park	6148bac2d0a11b0e52bf1c3ad2234091781ed3bc	46.872610	-114.002210	1746100095	2025-05-01	11:48:15	Thu
McCormick Park	6148bac2d0a11b0e52bf1c3ad2234091781ed3bc	46.872650	-114.002100	1746100763	2025-05-01	11:59:23	Thu
McCormick Park	274aadb1bc9233fa7b83de02d9756d9560c40b3e	46.873530	-114.003210	1746081422	2025-05-01	06:37:02	Thu
McCormick Park	274aadb1bc9233fa7b83de02d9756d9560c40b3e	46.873515	-114.003117	1746082083	2025-05-01	06:48:03	Thu
McCormick Park	274aadb1bc9233fa7b83de02d9756d9560c40b3e	46.873583	-114.003110	1746082085	2025-05-01	06:48:05	Thu
McCormick Park	274aadb1bc9233fa7b83de02d9756d9560c40b3e	46.873520	-114.003200	1746081426	2025-05-01	06:37:06	Thu
McCormick Park	274aadb1bc9233fa7b83de02d9756d9560c40b3e	46.873510	-114.003120	1746082083	2025-05-01	06:48:03	Thu
McCormick Park	763191769798ad8330434bdc3ec98c60c778da33	46.871280	-114.004600	1746068986	2025-05-01	03:09:46	Thu
McCormick Park	763191769798ad8330434bdc3ec98c60c778da33	46.871280	-114.004600	1746069001	2025-05-01	03:10:01	Thu
McCormick Park	763191769798ad8330434bdc3ec98c60c778da33	46.871280	-114.004600	1746072221	2025-05-01	04:03:41	Thu
McCormick Park	763191769798ad8330434bdc3ec98c60c778da33	46.871270	-114.004600	1746072225	2025-05-01	04:03:45	Thu
McCormick Park	763191769798ad8330434bdc3ec98c60c778da33	46.871270	-114.004600	1746072236	2025-05-01	04:03:56	Thu
McCormick Park	f7d8075f76ef326a4f4c0726aaf98f66ec705600	46.871326	-114.003174	1746127673	2025-05-01	19:27:53	Thu
McCormick Park	596ecb519712b491cd61b9de4baf6a3d8991cd65	46.872938	-114.005540	1743018951	2025-03-26	19:55:51	Wed
McCormick Park	596ecb519712b491cd61b9de4baf6a3d8991cd65	46.872940	-114.005520	1743018958	2025-03-26	19:55:58	Wed
McCormick Park	dfe771bdbe59f79112e62eb521d6c2f8d162b88f	46.872510	-114.004190	1743004460	2025-03-26	15:54:20	Wed
McCormick Park	dfe771bdbe59f79112e62eb521d6c2f8d162b88f	46.872620	-114.003230	1743004580	2025-03-26	15:56:20	Wed
McCormick Park	dfe771bdbe59f79112e62eb521d6c2f8d162b88f	46.872620	-114.003230	1743004702	2025-03-26	15:58:22	Wed
McCormick Park	dfe771bdbe59f79112e62eb521d6c2f8d162b88f	46.872620	-114.003230	1743006776	2025-03-26	16:32:56	Wed
McCormick Park	dfe771bdbe59f79112e62eb521d6c2f8d162b88f	46.872520	-114.002910	1743007676	2025-03-26	16:47:56	Wed
McCormick Park	dfe771bdbe59f79112e62eb521d6c2f8d162b88f	46.872650	-114.003160	1743009315	2025-03-26	17:15:15	Wed
McCormick Park	dfe771bdbe59f79112e62eb521d6c2f8d162b88f	46.872460	-114.002960	1743009539	2025-03-26	17:18:59	Wed
McCormick Park	dfe771bdbe59f79112e62eb521d6c2f8d162b88f	46.872600	-114.002960	1743009790	2025-03-26	17:23:10	Wed
McCormick Park	dfe771bdbe59f79112e62eb521d6c2f8d162b88f	46.872510	-114.002290	1743010412	2025-03-26	17:33:32	Wed
McCormick Park	dfe771bdbe59f79112e62eb521d6c2f8d162b88f	46.872430	-114.003290	1743010571	2025-03-26	17:36:11	Wed
McCormick Park	dfe771bdbe59f79112e62eb521d6c2f8d162b88f	46.872550	-114.004860	1743010818	2025-03-26	17:40:18	Wed
McCormick Park	dfe771bdbe59f79112e62eb521d6c2f8d162b88f	46.872550	-114.003400	1743014728	2025-03-26	18:45:28	Wed
McCormick Park	dfe771bdbe59f79112e62eb521d6c2f8d162b88f	46.872620	-114.004680	1743017309	2025-03-26	19:28:29	Wed
McCormick Park	dfe771bdbe59f79112e62eb521d6c2f8d162b88f	46.872840	-114.005110	1743017763	2025-03-26	19:36:03	Wed
McCormick Park	dfe771bdbe59f79112e62eb521d6c2f8d162b88f	46.872610	-114.003160	1743018724	2025-03-26	19:52:04	Wed
McCormick Park	dfe771bdbe59f79112e62eb521d6c2f8d162b88f	46.872590	-114.003170	1743019039	2025-03-26	19:57:19	Wed
McCormick Park	dfe771bdbe59f79112e62eb521d6c2f8d162b88f	46.872640	-114.003160	1743019209	2025-03-26	20:00:09	Wed
McCormick Park	25dee829a0dcd1505b231157feb8cd04c1c35081	46.872510	-114.004440	1743015422	2025-03-26	18:57:02	Wed
McCormick Park	25dee829a0dcd1505b231157feb8cd04c1c35081	46.872740	-114.004690	1743015543	2025-03-26	18:59:03	Wed
McCormick Park	25dee829a0dcd1505b231157feb8cd04c1c35081	46.872510	-114.004770	1743015665	2025-03-26	19:01:05	Wed
McCormick Park	25dee829a0dcd1505b231157feb8cd04c1c35081	46.872510	-114.004770	1743016028	2025-03-26	19:07:08	Wed
McCormick Park	25dee829a0dcd1505b231157feb8cd04c1c35081	46.871800	-114.004960	1743016149	2025-03-26	19:09:09	Wed
McCormick Park	a0c0df94e9b26fc7cd5a74f00088b89afa3e19d9	46.872567	-114.003302	1742964261	2025-03-26	04:44:21	Wed
McCormick Park	a0c0df94e9b26fc7cd5a74f00088b89afa3e19d9	46.872657	-114.003280	1742965145	2025-03-26	04:59:05	Wed
McCormick Park	a0c0df94e9b26fc7cd5a74f00088b89afa3e19d9	46.872530	-114.003310	1742964260	2025-03-26	04:44:20	Wed
McCormick Park	a0c0df94e9b26fc7cd5a74f00088b89afa3e19d9	46.872680	-114.003200	1742965157	2025-03-26	04:59:17	Wed
McCormick Park	a0c0df94e9b26fc7cd5a74f00088b89afa3e19d9	46.872600	-114.003280	1742965166	2025-03-26	04:59:26	Wed
McCormick Park	43664285e3925acbb98ae3b16255bb6e8d1642be	46.872287	-114.004876	1742949700	2025-03-26	00:41:40	Wed
McCormick Park	43664285e3925acbb98ae3b16255bb6e8d1642be	46.871965	-114.004480	1742950762	2025-03-26	00:59:22	Wed
McCormick Park	43664285e3925acbb98ae3b16255bb6e8d1642be	46.871920	-114.004400	1742950752	2025-03-26	00:59:12	Wed
McCormick Park	ab531bb9663623ee2fb2666b4f9a1bdf8721654c	46.872481	-114.002440	1743033377	2025-03-26	23:56:17	Wed
McCormick Park	ab531bb9663623ee2fb2666b4f9a1bdf8721654c	46.872480	-114.002480	1743033374	2025-03-26	23:56:14	Wed
McCormick Park	ab531bb9663623ee2fb2666b4f9a1bdf8721654c	46.872400	-114.002480	1743033375	2025-03-26	23:56:15	Wed
McCormick Park	475dfca98af0b5229c2b06b7f9a592e5e8f59232	46.872120	-114.005452	1743009036	2025-03-26	17:10:36	Wed
McCormick Park	475dfca98af0b5229c2b06b7f9a592e5e8f59232	46.872100	-114.005440	1743009022	2025-03-26	17:10:22	Wed
McCormick Park	475dfca98af0b5229c2b06b7f9a592e5e8f59232	46.872130	-114.005480	1743009024	2025-03-26	17:10:24	Wed
McCormick Park	63d0ddff64e8d67f367fac215bd9b0ed5fb61162	46.871950	-114.006450	1743008971	2025-03-26	17:09:31	Wed
McCormick Park	63d0ddff64e8d67f367fac215bd9b0ed5fb61162	46.871970	-114.006480	1743008983	2025-03-26	17:09:43	Wed
McCormick Park	b85efc28be92a3928e7322485ea464275c47a7d3	46.872672	-114.003527	1742970733	2025-03-26	06:32:13	Wed
McCormick Park	b85efc28be92a3928e7322485ea464275c47a7d3	46.872630	-114.003620	1742970738	2025-03-26	06:32:18	Wed
McCormick Park	b85efc28be92a3928e7322485ea464275c47a7d3	46.872625	-114.003608	1742970754	2025-03-26	06:32:34	Wed
McCormick Park	67a59d236731dc389fab89a7cbd3263eaa34e49d	46.871343	-114.003150	1742950680	2025-03-26	00:58:00	Wed
McCormick Park	67a59d236731dc389fab89a7cbd3263eaa34e49d	46.871318	-114.003187	1742950707	2025-03-26	00:58:27	Wed
McCormick Park	67a59d236731dc389fab89a7cbd3263eaa34e49d	46.871300	-114.003100	1742950816	2025-03-26	01:00:16	Wed
McCormick Park	67a59d236731dc389fab89a7cbd3263eaa34e49d	46.871335	-114.003180	1742953532	2025-03-26	01:45:32	Wed
McCormick Park	40421b63ac08b2370916f73a12538118ed554f33	46.871360	-114.003100	1742955645	2025-03-26	02:20:45	Wed
McCormick Park	40421b63ac08b2370916f73a12538118ed554f33	46.871340	-114.003150	1742956190	2025-03-26	02:29:50	Wed
McCormick Park	40421b63ac08b2370916f73a12538118ed554f33	46.871300	-114.003120	1742956462	2025-03-26	02:34:22	Wed
McCormick Park	40421b63ac08b2370916f73a12538118ed554f33	46.871310	-114.003150	1742956605	2025-03-26	02:36:45	Wed
McCormick Park	40421b63ac08b2370916f73a12538118ed554f33	46.871380	-114.003120	1742956724	2025-03-26	02:38:44	Wed
McCormick Park	40421b63ac08b2370916f73a12538118ed554f33	46.871380	-114.003140	1742957331	2025-03-26	02:48:51	Wed
McCormick Park	40421b63ac08b2370916f73a12538118ed554f33	46.871320	-114.003140	1742957876	2025-03-26	02:57:56	Wed
McCormick Park	44e1c072ba28858060392bb376de0ff203b13775	46.872970	-114.005560	1742948915	2025-03-26	00:28:35	Wed
McCormick Park	44e1c072ba28858060392bb376de0ff203b13775	46.872900	-114.005520	1742948814	2025-03-26	00:26:54	Wed
McCormick Park	44e1c072ba28858060392bb376de0ff203b13775	46.872960	-114.005500	1742948914	2025-03-26	00:28:34	Wed
McCormick Park	0f8a75e10dff59c77dfaef1b88072007e889337f	46.871621	-114.003820	1742950800	2025-03-26	01:00:00	Wed
McCormick Park	0f8a75e10dff59c77dfaef1b88072007e889337f	46.871732	-114.002456	1742951884	2025-03-26	01:18:04	Wed
McCormick Park	0f8a75e10dff59c77dfaef1b88072007e889337f	46.871772	-114.003107	1742953564	2025-03-26	01:46:04	Wed
McCormick Park	0f8a75e10dff59c77dfaef1b88072007e889337f	46.871610	-114.003820	1742950806	2025-03-26	01:00:06	Wed
McCormick Park	0f8a75e10dff59c77dfaef1b88072007e889337f	46.871740	-114.002430	1742951885	2025-03-26	01:18:05	Wed
McCormick Park	0f8a75e10dff59c77dfaef1b88072007e889337f	46.871780	-114.003140	1742953564	2025-03-26	01:46:04	Wed
McCormick Park	0f8a75e10dff59c77dfaef1b88072007e889337f	46.872450	-114.005180	1742954090	2025-03-26	01:54:50	Wed
McCormick Park	ce3612cd76c203c1217f5dfc4e75cb8794147f83	46.872820	-114.005250	1742953527	2025-03-26	01:45:27	Wed
McCormick Park	ce3612cd76c203c1217f5dfc4e75cb8794147f83	46.872840	-114.005270	1742953575	2025-03-26	01:46:15	Wed
McCormick Park	ce3612cd76c203c1217f5dfc4e75cb8794147f83	46.872820	-114.005200	1742953527	2025-03-26	01:45:27	Wed
McCormick Park	ce3612cd76c203c1217f5dfc4e75cb8794147f83	46.872840	-114.005240	1742953528	2025-03-26	01:45:28	Wed
McCormick Park	ce3612cd76c203c1217f5dfc4e75cb8794147f83	46.872840	-114.005230	1742953538	2025-03-26	01:45:38	Wed
McCormick Park	ce3612cd76c203c1217f5dfc4e75cb8794147f83	46.872800	-114.005230	1742953573	2025-03-26	01:46:13	Wed
McCormick Park	29577d9ca6b789ffaaff7786288ec1a6720c33d1	46.872080	-114.004950	1743033388	2025-03-26	23:56:28	Wed
McCormick Park	7d704010c9ad75b7319decf5945d9d81cb5faeb8	46.871375	-114.003162	1743002841	2025-03-26	15:27:21	Wed
McCormick Park	7d704010c9ad75b7319decf5945d9d81cb5faeb8	46.871370	-114.003130	1743002848	2025-03-26	15:27:28	Wed
McCormick Park	878027e557dbcd4fcf2cfc198cb15cb9ac468d1e	46.872943	-114.005458	1743028225	2025-03-26	22:30:25	Wed
McCormick Park	878027e557dbcd4fcf2cfc198cb15cb9ac468d1e	46.872980	-114.005430	1743028222	2025-03-26	22:30:22	Wed
McCormick Park	1299102b4ca6fd83ef8ea48f8a43a976c1e0bbdf	46.872610	-114.003430	1742948454	2025-03-26	00:20:54	Wed
McCormick Park	1299102b4ca6fd83ef8ea48f8a43a976c1e0bbdf	46.871600	-114.002210	1742948604	2025-03-26	00:23:24	Wed
McCormick Park	e6c6f92601d9900422e28abfd118b431f565d3e5	46.872661	-114.004930	1745090084	2025-04-19	19:14:44	Sat
McCormick Park	e6c6f92601d9900422e28abfd118b431f565d3e5	46.872685	-114.004950	1745090087	2025-04-19	19:14:47	Sat
McCormick Park	e6c6f92601d9900422e28abfd118b431f565d3e5	46.872600	-114.004960	1745090082	2025-04-19	19:14:42	Sat
McCormick Park	e6c6f92601d9900422e28abfd118b431f565d3e5	46.872660	-114.004930	1745090084	2025-04-19	19:14:44	Sat
McCormick Park	0c40aaaa5616d02d3a78291252e16041f4e483ed	46.871934	-114.006358	1745093755	2025-04-19	20:15:55	Sat
McCormick Park	0c40aaaa5616d02d3a78291252e16041f4e483ed	46.871973	-114.006302	1745093758	2025-04-19	20:15:58	Sat
McCormick Park	0c40aaaa5616d02d3a78291252e16041f4e483ed	46.873905	-114.004036	1745094780	2025-04-19	20:33:00	Sat
McCormick Park	0c40aaaa5616d02d3a78291252e16041f4e483ed	46.873907	-114.004026	1745094785	2025-04-19	20:33:05	Sat
McCormick Park	b96c8111b2cc05ff9514e24b8c0beb46c052e22a	46.871279	-114.002856	1745035527	2025-04-19	04:05:27	Sat
McCormick Park	b96c8111b2cc05ff9514e24b8c0beb46c052e22a	46.871248	-114.002875	1745035591	2025-04-19	04:06:31	Sat
McCormick Park	b96c8111b2cc05ff9514e24b8c0beb46c052e22a	46.871250	-114.002840	1745035527	2025-04-19	04:05:27	Sat
McCormick Park	b96c8111b2cc05ff9514e24b8c0beb46c052e22a	46.871210	-114.002830	1745035591	2025-04-19	04:06:31	Sat
McCormick Park	b96c8111b2cc05ff9514e24b8c0beb46c052e22a	46.871200	-114.002884	1745035527	2025-04-19	04:05:27	Sat
McCormick Park	b96c8111b2cc05ff9514e24b8c0beb46c052e22a	46.871223	-114.002840	1745035591	2025-04-19	04:06:31	Sat
McCormick Park	7e3ad5008476da78f12ab2b1bc40c0022a1541dd	46.872770	-114.004820	1745076156	2025-04-19	15:22:36	Sat
McCormick Park	d330fbdd88743dfb24bd4a91295851b4e9908b24	46.872551	-114.003558	1745077253	2025-04-19	15:40:53	Sat
McCormick Park	d330fbdd88743dfb24bd4a91295851b4e9908b24	46.872493	-114.003590	1745077256	2025-04-19	15:40:56	Sat
McCormick Park	d330fbdd88743dfb24bd4a91295851b4e9908b24	46.872451	-114.003621	1745077594	2025-04-19	15:46:34	Sat
McCormick Park	fba277e5cbec2e157d24441db5fedf1bd0bcf92d	46.872352	-114.003007	1745073893	2025-04-19	14:44:53	Sat
McCormick Park	fba277e5cbec2e157d24441db5fedf1bd0bcf92d	46.872336	-114.003087	1745073893	2025-04-19	14:44:53	Sat
McCormick Park	fba277e5cbec2e157d24441db5fedf1bd0bcf92d	46.872341	-114.003016	1745099212	2025-04-19	21:46:52	Sat
McCormick Park	fba277e5cbec2e157d24441db5fedf1bd0bcf92d	46.872353	-114.003057	1745099213	2025-04-19	21:46:53	Sat
McCormick Park	fba277e5cbec2e157d24441db5fedf1bd0bcf92d	46.872360	-114.003090	1745073895	2025-04-19	14:44:55	Sat
McCormick Park	fba277e5cbec2e157d24441db5fedf1bd0bcf92d	46.872300	-114.003040	1745099217	2025-04-19	21:46:57	Sat
McCormick Park	fba277e5cbec2e157d24441db5fedf1bd0bcf92d	46.872353	-114.003006	1745073893	2025-04-19	14:44:53	Sat
McCormick Park	72e84b37f40c4517d0edb57e76efd30d1d8ddb52	46.872408	-114.004047	1745094151	2025-04-19	20:22:31	Sat
McCormick Park	72e84b37f40c4517d0edb57e76efd30d1d8ddb52	46.872493	-114.004006	1745094153	2025-04-19	20:22:33	Sat
McCormick Park	72e84b37f40c4517d0edb57e76efd30d1d8ddb52	46.872423	-114.003460	1745094220	2025-04-19	20:23:40	Sat
McCormick Park	72e84b37f40c4517d0edb57e76efd30d1d8ddb52	46.872437	-114.003480	1745094222	2025-04-19	20:23:42	Sat
McCormick Park	72e84b37f40c4517d0edb57e76efd30d1d8ddb52	46.873906	-114.004555	1745094762	2025-04-19	20:32:42	Sat
McCormick Park	72e84b37f40c4517d0edb57e76efd30d1d8ddb52	46.873966	-114.004566	1745094763	2025-04-19	20:32:43	Sat
McCormick Park	72e84b37f40c4517d0edb57e76efd30d1d8ddb52	46.872430	-114.004060	1745094157	2025-04-19	20:22:37	Sat
McCormick Park	72e84b37f40c4517d0edb57e76efd30d1d8ddb52	46.872460	-114.003470	1745094213	2025-04-19	20:23:33	Sat
McCormick Park	72e84b37f40c4517d0edb57e76efd30d1d8ddb52	46.873910	-114.004590	1745094767	2025-04-19	20:32:47	Sat
McCormick Park	72e84b37f40c4517d0edb57e76efd30d1d8ddb52	46.872494	-114.004005	1745094153	2025-04-19	20:22:33	Sat
McCormick Park	72e84b37f40c4517d0edb57e76efd30d1d8ddb52	46.873966	-114.004560	1745094763	2025-04-19	20:32:43	Sat
McCormick Park	f47c151d1776c669db5e30cd3a666ca7aef4d24b	46.871328	-114.003100	1745027181	2025-04-19	01:46:21	Sat
McCormick Park	f47c151d1776c669db5e30cd3a666ca7aef4d24b	46.871380	-114.003130	1745027184	2025-04-19	01:46:24	Sat
McCormick Park	f47c151d1776c669db5e30cd3a666ca7aef4d24b	46.871328	-114.003100	1745027186	2025-04-19	01:46:26	Sat
McCormick Park	f47c151d1776c669db5e30cd3a666ca7aef4d24b	46.871310	-114.003100	1745104934	2025-04-19	23:22:14	Sat
McCormick Park	f47c151d1776c669db5e30cd3a666ca7aef4d24b	46.871360	-114.003160	1745104938	2025-04-19	23:22:18	Sat
McCormick Park	f47c151d1776c669db5e30cd3a666ca7aef4d24b	46.871300	-114.003160	1745104994	2025-04-19	23:23:14	Sat
McCormick Park	f47c151d1776c669db5e30cd3a666ca7aef4d24b	46.871350	-114.003130	1745104996	2025-04-19	23:23:16	Sat
McCormick Park	f47c151d1776c669db5e30cd3a666ca7aef4d24b	46.871380	-114.003150	1745105117	2025-04-19	23:25:17	Sat
McCormick Park	f47c151d1776c669db5e30cd3a666ca7aef4d24b	46.871370	-114.003150	1745105118	2025-04-19	23:25:18	Sat
McCormick Park	f47c151d1776c669db5e30cd3a666ca7aef4d24b	46.871360	-114.003100	1745027183	2025-04-19	01:46:23	Sat
McCormick Park	f47c151d1776c669db5e30cd3a666ca7aef4d24b	46.871320	-114.003100	1745027188	2025-04-19	01:46:28	Sat
McCormick Park	f47c151d1776c669db5e30cd3a666ca7aef4d24b	46.871380	-114.003140	1745104933	2025-04-19	23:22:13	Sat
McCormick Park	f47c151d1776c669db5e30cd3a666ca7aef4d24b	46.871320	-114.003150	1745104935	2025-04-19	23:22:15	Sat
McCormick Park	f47c151d1776c669db5e30cd3a666ca7aef4d24b	46.871340	-114.003130	1745104992	2025-04-19	23:23:12	Sat
McCormick Park	f47c151d1776c669db5e30cd3a666ca7aef4d24b	46.871340	-114.003170	1745104993	2025-04-19	23:23:13	Sat
McCormick Park	f47c151d1776c669db5e30cd3a666ca7aef4d24b	46.871350	-114.003160	1745105115	2025-04-19	23:25:15	Sat
McCormick Park	f47c151d1776c669db5e30cd3a666ca7aef4d24b	46.871370	-114.003100	1745105117	2025-04-19	23:25:17	Sat
McCormick Park	866e31b8bf6453cba28c0838797b86dc90f78600	46.872455	-114.003440	1745094182	2025-04-19	20:23:02	Sat
McCormick Park	866e31b8bf6453cba28c0838797b86dc90f78600	46.872440	-114.003400	1745094182	2025-04-19	20:23:02	Sat
McCormick Park	866e31b8bf6453cba28c0838797b86dc90f78600	46.872440	-114.003410	1745094186	2025-04-19	20:23:06	Sat
McCormick Park	2a2c2093cdc6c0a94c7a9b0c35029c73b877a88c	46.871037	-114.003663	1745092237	2025-04-19	19:50:37	Sat
McCormick Park	2a2c2093cdc6c0a94c7a9b0c35029c73b877a88c	46.871040	-114.003610	1745092236	2025-04-19	19:50:36	Sat
McCormick Park	2a2c2093cdc6c0a94c7a9b0c35029c73b877a88c	46.871037	-114.003660	1745092237	2025-04-19	19:50:37	Sat
McCormick Park	f89160cce6f1380d53d207b748fef993f0539d4f	46.871730	-114.004830	1745022294	2025-04-19	00:24:54	Sat
McCormick Park	7d704010c9ad75b7319decf5945d9d81cb5faeb8	46.871346	-114.003150	1745036626	2025-04-19	04:23:46	Sat
McCormick Park	7d704010c9ad75b7319decf5945d9d81cb5faeb8	46.871338	-114.003160	1745036635	2025-04-19	04:23:55	Sat
McCormick Park	7d704010c9ad75b7319decf5945d9d81cb5faeb8	46.871334	-114.003160	1745082761	2025-04-19	17:12:41	Sat
McCormick Park	7d704010c9ad75b7319decf5945d9d81cb5faeb8	46.871346	-114.003150	1745082810	2025-04-19	17:13:30	Sat
McCormick Park	bac05767b5e1674af9e9607bcf029cbb29375998	46.872510	-114.004870	1745082533	2025-04-19	17:08:53	Sat
McCormick Park	bac05767b5e1674af9e9607bcf029cbb29375998	46.872517	-114.004830	1745082534	2025-04-19	17:08:54	Sat
McCormick Park	ed65d19c2bbf170c47c0407eebe11e5adb88d164	46.871170	-114.001770	1748207568	2025-05-25	21:12:48	Sun
McCormick Park	98164433a458a7777e4e3e37714c42b443daffa3	46.870830	-114.002970	1748183869	2025-05-25	14:37:49	Sun
McCormick Park	98164433a458a7777e4e3e37714c42b443daffa3	46.870910	-114.003330	1748184449	2025-05-25	14:47:29	Sun
McCormick Park	7d503ff14a256d6e26c9a77bd5cf5d41722aaead	46.870720	-114.002810	1748213592	2025-05-25	22:53:12	Sun
McCormick Park	3b0e57b4181cd78bb4484090a14492578a8b7cca	46.871280	-114.004660	1748138961	2025-05-25	02:09:21	Sun
McCormick Park	54368a7b464aa12d66faabb723872a23acc9f512	46.872040	-114.005060	1748146649	2025-05-25	04:17:29	Sun
McCormick Park	54368a7b464aa12d66faabb723872a23acc9f512	46.872400	-114.004300	1748146701	2025-05-25	04:18:21	Sun
McCormick Park	54368a7b464aa12d66faabb723872a23acc9f512	46.872980	-114.003910	1748146873	2025-05-25	04:21:13	Sun
McCormick Park	54368a7b464aa12d66faabb723872a23acc9f512	46.872770	-114.004370	1748147901	2025-05-25	04:38:21	Sun
McCormick Park	54368a7b464aa12d66faabb723872a23acc9f512	46.872470	-114.002920	1748148605	2025-05-25	04:50:05	Sun
McCormick Park	54368a7b464aa12d66faabb723872a23acc9f512	46.872790	-114.004310	1748148776	2025-05-25	04:52:56	Sun
McCormick Park	ef615e305e9ace92792d3a207e38f614167f1214	46.872960	-114.005200	1748205271	2025-05-25	20:34:31	Sun
McCormick Park	ef615e305e9ace92792d3a207e38f614167f1214	46.872960	-114.005260	1748205275	2025-05-25	20:34:35	Sun
McCormick Park	ef615e305e9ace92792d3a207e38f614167f1214	46.872930	-114.005230	1748205279	2025-05-25	20:34:39	Sun
McCormick Park	ef615e305e9ace92792d3a207e38f614167f1214	46.872950	-114.005370	1748201175	2025-05-25	19:26:15	Sun
McCormick Park	ef615e305e9ace92792d3a207e38f614167f1214	46.873160	-114.005350	1748201470	2025-05-25	19:31:10	Sun
McCormick Park	ef615e305e9ace92792d3a207e38f614167f1214	46.873170	-114.005470	1748201838	2025-05-25	19:37:18	Sun
McCormick Park	ef615e305e9ace92792d3a207e38f614167f1214	46.872970	-114.005340	1748202406	2025-05-25	19:46:46	Sun
McCormick Park	ef615e305e9ace92792d3a207e38f614167f1214	46.873170	-114.005250	1748203265	2025-05-25	20:01:05	Sun
McCormick Park	ef615e305e9ace92792d3a207e38f614167f1214	46.873120	-114.005110	1748203558	2025-05-25	20:05:58	Sun
McCormick Park	ef615e305e9ace92792d3a207e38f614167f1214	46.873100	-114.005110	1748203852	2025-05-25	20:10:52	Sun
McCormick Park	ef615e305e9ace92792d3a207e38f614167f1214	46.873140	-114.005260	1748204635	2025-05-25	20:23:55	Sun
McCormick Park	ef615e305e9ace92792d3a207e38f614167f1214	46.872920	-114.005200	1748205273	2025-05-25	20:34:33	Sun
McCormick Park	ef615e305e9ace92792d3a207e38f614167f1214	46.873470	-114.005310	1748208405	2025-05-25	21:26:45	Sun
McCormick Park	ef615e305e9ace92792d3a207e38f614167f1214	46.872970	-114.005550	1748208642	2025-05-25	21:30:42	Sun
McCormick Park	d173785e9c65c803e607611a853619ed5baa3747	46.872010	-114.001910	1748187810	2025-05-25	15:43:30	Sun
McCormick Park	d173785e9c65c803e607611a853619ed5baa3747	46.872080	-114.001920	1748187817	2025-05-25	15:43:37	Sun
McCormick Park	d173785e9c65c803e607611a853619ed5baa3747	46.872030	-114.001910	1748187814	2025-05-25	15:43:34	Sun
McCormick Park	d173785e9c65c803e607611a853619ed5baa3747	46.872060	-114.001920	1748187816	2025-05-25	15:43:36	Sun
McCormick Park	e1eba88507ebb44a521f0f1fc09928ccd330d44d	46.870820	-114.002860	1748206862	2025-05-25	21:01:02	Sun
McCormick Park	e1eba88507ebb44a521f0f1fc09928ccd330d44d	46.871920	-114.006570	1748206900	2025-05-25	21:01:40	Sun
McCormick Park	6140405c6e9943e753d86583691e0a6baab4efbb	46.871370	-114.004760	1748204258	2025-05-25	20:17:38	Sun
McCormick Park	6140405c6e9943e753d86583691e0a6baab4efbb	46.871370	-114.004750	1748205037	2025-05-25	20:30:37	Sun
McCormick Park	6140405c6e9943e753d86583691e0a6baab4efbb	46.871410	-114.004590	1748205195	2025-05-25	20:33:15	Sun
McCormick Park	6140405c6e9943e753d86583691e0a6baab4efbb	46.871400	-114.004760	1748205738	2025-05-25	20:42:18	Sun
McCormick Park	0a9a271113b19c75f7d876a4c74546bc39f79a27	46.874260	-114.005170	1748195352	2025-05-25	17:49:12	Sun
McCormick Park	cf7804c4d998af590962ed24ed2dd65d2371c6ba	46.870720	-114.002800	1748146678	2025-05-25	04:17:58	Sun
McCormick Park	c5d8a3f9078792ab7db303cd0543072937a5cd61	46.870700	-114.002840	1748150156	2025-05-25	05:15:56	Sun
McCormick Park	c5d8a3f9078792ab7db303cd0543072937a5cd61	46.870870	-114.003110	1748150189	2025-05-25	05:16:29	Sun
McCormick Park	824fbd37695be3817f074121bcf8a0f0f0f27c56	46.870980	-114.003270	1748156105	2025-05-25	06:55:05	Sun
McCormick Park	567ddd7627ab95a35b9c9476f348ad040cdec1da	46.872420	-114.004700	1748212505	2025-05-25	22:35:05	Sun
McCormick Park	567ddd7627ab95a35b9c9476f348ad040cdec1da	46.872410	-114.004700	1748212504	2025-05-25	22:35:04	Sun
McCormick Park	02a86a6b2927316f8484c85952f416812a16aed1	46.872840	-114.004780	1748199901	2025-05-25	19:05:01	Sun
McCormick Park	02a86a6b2927316f8484c85952f416812a16aed1	46.872750	-114.004920	1748199904	2025-05-25	19:05:04	Sun
McCormick Park	02a86a6b2927316f8484c85952f416812a16aed1	46.872760	-114.004960	1748199961	2025-05-25	19:06:01	Sun
McCormick Park	02a86a6b2927316f8484c85952f416812a16aed1	46.872710	-114.004960	1748200032	2025-05-25	19:07:12	Sun
McCormick Park	02a86a6b2927316f8484c85952f416812a16aed1	46.872770	-114.004900	1748200041	2025-05-25	19:07:21	Sun
McCormick Park	02a86a6b2927316f8484c85952f416812a16aed1	46.872850	-114.005290	1748209900	2025-05-25	21:51:40	Sun
McCormick Park	02a86a6b2927316f8484c85952f416812a16aed1	46.872770	-114.005200	1748210823	2025-05-25	22:07:03	Sun
McCormick Park	02a86a6b2927316f8484c85952f416812a16aed1	46.872660	-114.004780	1748200052	2025-05-25	19:07:32	Sun
McCormick Park	02a86a6b2927316f8484c85952f416812a16aed1	46.872790	-114.004610	1748200079	2025-05-25	19:07:59	Sun
McCormick Park	02a86a6b2927316f8484c85952f416812a16aed1	46.871600	-114.004740	1748200119	2025-05-25	19:08:39	Sun
McCormick Park	02a86a6b2927316f8484c85952f416812a16aed1	46.872860	-114.005050	1748209869	2025-05-25	21:51:09	Sun
McCormick Park	02a86a6b2927316f8484c85952f416812a16aed1	46.873040	-114.005040	1748210763	2025-05-25	22:06:03	Sun
McCormick Park	02a86a6b2927316f8484c85952f416812a16aed1	46.872760	-114.005080	1748210900	2025-05-25	22:08:20	Sun
McCormick Park	d03d65e60d85e985a12e1944c24dca44451ce9a7	46.871870	-114.004700	1748216624	2025-05-25	23:43:44	Sun
McCormick Park	d03d65e60d85e985a12e1944c24dca44451ce9a7	46.872020	-114.005100	1748211719	2025-05-25	22:21:59	Sun
McCormick Park	d03d65e60d85e985a12e1944c24dca44451ce9a7	46.872270	-114.005700	1748211871	2025-05-25	22:24:31	Sun
McCormick Park	d03d65e60d85e985a12e1944c24dca44451ce9a7	46.872220	-114.005200	1748216629	2025-05-25	23:43:49	Sun
McCormick Park	53b35ec3d73f72383ebb53a34f67463c977ceb92	46.873080	-114.005960	1748138713	2025-05-25	02:05:13	Sun
McCormick Park	6505c53c0b956d703bdd13dc27e81089de6c38aa	46.871300	-114.004770	1748192933	2025-05-25	17:08:53	Sun
McCormick Park	c5d458f3b0cec6d0e5322ebcb3951e2081564d9e	46.871240	-114.001960	1748192565	2025-05-25	17:02:45	Sun
McCormick Park	8a3188f0c9af5ca5eeeedbb0818faebdd0a6e661	46.872100	-114.004710	1748203810	2025-05-25	20:10:10	Sun
McCormick Park	8a3188f0c9af5ca5eeeedbb0818faebdd0a6e661	46.872110	-114.004710	1748203817	2025-05-25	20:10:17	Sun
McCormick Park	8a3188f0c9af5ca5eeeedbb0818faebdd0a6e661	46.872160	-114.004780	1748203828	2025-05-25	20:10:28	Sun
McCormick Park	8a3188f0c9af5ca5eeeedbb0818faebdd0a6e661	46.872320	-114.005020	1748203927	2025-05-25	20:12:07	Sun
McCormick Park	8a3188f0c9af5ca5eeeedbb0818faebdd0a6e661	46.872340	-114.005010	1748203977	2025-05-25	20:12:57	Sun
McCormick Park	8a3188f0c9af5ca5eeeedbb0818faebdd0a6e661	46.872310	-114.005030	1748203978	2025-05-25	20:12:58	Sun
McCormick Park	8a3188f0c9af5ca5eeeedbb0818faebdd0a6e661	46.872640	-114.004780	1748203869	2025-05-25	20:11:09	Sun
McCormick Park	8a3188f0c9af5ca5eeeedbb0818faebdd0a6e661	46.872370	-114.004710	1748203918	2025-05-25	20:11:58	Sun
McCormick Park	8a3188f0c9af5ca5eeeedbb0818faebdd0a6e661	46.872120	-114.005090	1748203938	2025-05-25	20:12:18	Sun
McCormick Park	8a3188f0c9af5ca5eeeedbb0818faebdd0a6e661	46.872320	-114.005070	1748203972	2025-05-25	20:12:52	Sun
McCormick Park	8a3188f0c9af5ca5eeeedbb0818faebdd0a6e661	46.872490	-114.005040	1748204000	2025-05-25	20:13:20	Sun
McCormick Park	8a3188f0c9af5ca5eeeedbb0818faebdd0a6e661	46.872300	-114.004780	1748204074	2025-05-25	20:14:34	Sun
McCormick Park	7159545bf7ba2a6f6e7e3e69937f7456274adae6	46.871820	-114.002500	1748214902	2025-05-25	23:15:02	Sun
McCormick Park	3ecfcb611bf5b792a7aef94ba68870c24754e0b9	46.870980	-114.003210	1748131204	2025-05-25	00:00:04	Sun
McCormick Park	3ecfcb611bf5b792a7aef94ba68870c24754e0b9	46.871040	-114.003400	1748136429	2025-05-25	01:27:09	Sun
McCormick Park	3ecfcb611bf5b792a7aef94ba68870c24754e0b9	46.871070	-114.003360	1748136769	2025-05-25	01:32:49	Sun
McCormick Park	682f547de0de5d5092ced6b43c0225e901b58876	46.870770	-114.003070	1748133156	2025-05-25	00:32:36	Sun
McCormick Park	fecbf0d001be7cfb6ea03b0c6983e5b8776369b5	46.870850	-114.002880	1748136492	2025-05-25	01:28:12	Sun
McCormick Park	fdd636f842a51fa7860a87ec0cb049442a5cfeef	46.872470	-114.002130	1748174959	2025-05-25	12:09:19	Sun
McCormick Park	1f43aa92daadb621c20e5822a57b0cd05afeed19	46.873030	-114.005620	1748144930	2025-05-25	03:48:50	Sun
McCormick Park	1f43aa92daadb621c20e5822a57b0cd05afeed19	46.873030	-114.005670	1748144937	2025-05-25	03:48:57	Sun
McCormick Park	404c68cd15da67cafb23a40351a6289831573094	46.871280	-114.001760	1748132586	2025-05-25	00:23:06	Sun
McCormick Park	404c68cd15da67cafb23a40351a6289831573094	46.871240	-114.001730	1748132582	2025-05-25	00:23:02	Sun
McCormick Park	23ba357a6b113b771fa8e1ad7210826a7624d830	46.871890	-114.006420	1748198220	2025-05-25	18:37:00	Sun
McCormick Park	21e8c927f1f013f71704c1947161348689713ab5	46.870710	-114.002570	1748194804	2025-05-25	17:40:04	Sun
McCormick Park	6e85b5d4a7016d1e53f830a1dc9edff204b8816a	46.871090	-114.003380	1748173694	2025-05-25	11:48:14	Sun
McCormick Park	6e85b5d4a7016d1e53f830a1dc9edff204b8816a	46.871010	-114.003430	1748183565	2025-05-25	14:32:45	Sun
McCormick Park	6e85b5d4a7016d1e53f830a1dc9edff204b8816a	46.871070	-114.003360	1748153216	2025-05-25	06:06:56	Sun
McCormick Park	6e85b5d4a7016d1e53f830a1dc9edff204b8816a	46.871050	-114.003370	1748173900	2025-05-25	11:51:40	Sun
McCormick Park	aa3e5e16bbe9730f08e519b3e12ea08793b28db2	46.873670	-114.003300	1748194505	2025-05-25	17:35:05	Sun
McCormick Park	f89160cce6f1380d53d207b748fef993f0539d4f	46.871590	-114.005470	1748131880	2025-05-25	00:11:20	Sun
McCormick Park	11898220f3d9baf6e3b9a8c5aba9b3cd362713f4	46.871220	-114.001680	1748211482	2025-05-25	22:18:02	Sun
McCormick Park	d70453d22beabef2d991689eb0e9b32ffb9f9c9f	46.872440	-114.005270	1748206223	2025-05-25	20:50:23	Sun
McCormick Park	d70453d22beabef2d991689eb0e9b32ffb9f9c9f	46.872770	-114.005270	1748206287	2025-05-25	20:51:27	Sun
McCormick Park	d70453d22beabef2d991689eb0e9b32ffb9f9c9f	46.873070	-114.005500	1748206393	2025-05-25	20:53:13	Sun
McCormick Park	023b2c753c76cfd8ffc7cb8d74dd3b4d19bc0b56	46.871350	-114.003400	1747172169	2025-05-13	21:36:09	Tue
McCormick Park	ee8877570125d175fea559aba607ccf7dce55402	46.871320	-114.004500	1747095071	2025-05-13	00:11:11	Tue
McCormick Park	ee8877570125d175fea559aba607ccf7dce55402	46.871380	-114.004770	1747095087	2025-05-13	00:11:27	Tue
McCormick Park	ee8877570125d175fea559aba607ccf7dce55402	46.871280	-114.004440	1747095196	2025-05-13	00:13:16	Tue
McCormick Park	129f9122f5c2a9762754ad7b8eb9eefea382c5ee	46.870820	-114.002570	1747096216	2025-05-13	00:30:16	Tue
McCormick Park	b3288a2999381a6d54f39a6112e187f65c47e6c8	46.873062	-114.005226	1747151228	2025-05-13	15:47:08	Tue
McCormick Park	b3288a2999381a6d54f39a6112e187f65c47e6c8	46.873030	-114.005240	1747151941	2025-05-13	15:59:01	Tue
McCormick Park	b3288a2999381a6d54f39a6112e187f65c47e6c8	46.873010	-114.005240	1747152246	2025-05-13	16:04:06	Tue
McCormick Park	9b56d47d34176b0aec0913f50d263a032cfb8472	46.872900	-114.005080	1747102165	2025-05-13	02:09:25	Tue
McCormick Park	9b56d47d34176b0aec0913f50d263a032cfb8472	46.872990	-114.005560	1747102166	2025-05-13	02:09:26	Tue
McCormick Park	9b56d47d34176b0aec0913f50d263a032cfb8472	46.872950	-114.005050	1747102176	2025-05-13	02:09:36	Tue
McCormick Park	9b56d47d34176b0aec0913f50d263a032cfb8472	46.873070	-114.004900	1747103108	2025-05-13	02:25:08	Tue
McCormick Park	9b56d47d34176b0aec0913f50d263a032cfb8472	46.872710	-114.004900	1747103165	2025-05-13	02:26:05	Tue
McCormick Park	6140405c6e9943e753d86583691e0a6baab4efbb	46.871350	-114.004540	1747167698	2025-05-13	20:21:38	Tue
McCormick Park	6140405c6e9943e753d86583691e0a6baab4efbb	46.871360	-114.004530	1747168345	2025-05-13	20:32:25	Tue
McCormick Park	53fbbcd15224aa251385ff96295c9da9a34e260a	46.871730	-114.005520	1747098639	2025-05-13	01:10:39	Tue
McCormick Park	aa758dcff8fefcba501ba487747af2a19776c80f	46.872080	-114.004890	1747097210	2025-05-13	00:46:50	Tue
McCormick Park	aa758dcff8fefcba501ba487747af2a19776c80f	46.872040	-114.004580	1747097246	2025-05-13	00:47:26	Tue
McCormick Park	aa758dcff8fefcba501ba487747af2a19776c80f	46.872040	-114.004550	1747097240	2025-05-13	00:47:20	Tue
McCormick Park	b89bc0ae6a1470dbb8fe2801a94ff9e4087b3310	46.871120	-114.002630	1747095740	2025-05-13	00:22:20	Tue
McCormick Park	cd3326f5fec78656c3538d56a77bd24bc954a749	46.872700	-114.005760	1747177328	2025-05-13	23:02:08	Tue
McCormick Park	0df84a260511d8020c8bb678ba3ef2af5dcaee21	46.872550	-114.004720	1747097088	2025-05-13	00:44:48	Tue
McCormick Park	0df84a260511d8020c8bb678ba3ef2af5dcaee21	46.872570	-114.004800	1747097091	2025-05-13	00:44:51	Tue
McCormick Park	464f367d73fcb76921228c5d0e619beba8741b18	46.872260	-114.003000	1747102121	2025-05-13	02:08:41	Tue
McCormick Park	464f367d73fcb76921228c5d0e619beba8741b18	46.871980	-114.003050	1747102126	2025-05-13	02:08:46	Tue
McCormick Park	f5e773a8e7ad5d36373c43f102bddc8c9a3c0be9	46.871000	-114.003320	1747145847	2025-05-13	14:17:27	Tue
McCormick Park	f5e773a8e7ad5d36373c43f102bddc8c9a3c0be9	46.870780	-114.002940	1747153444	2025-05-13	16:24:04	Tue
McCormick Park	f5e773a8e7ad5d36373c43f102bddc8c9a3c0be9	46.871000	-114.002970	1747153453	2025-05-13	16:24:13	Tue
McCormick Park	f5e773a8e7ad5d36373c43f102bddc8c9a3c0be9	46.871000	-114.003370	1747153454	2025-05-13	16:24:14	Tue
McCormick Park	f5e773a8e7ad5d36373c43f102bddc8c9a3c0be9	46.871360	-114.003340	1747153461	2025-05-13	16:24:21	Tue
McCormick Park	f5e773a8e7ad5d36373c43f102bddc8c9a3c0be9	46.870780	-114.002520	1747156088	2025-05-13	17:08:08	Tue
McCormick Park	f5e773a8e7ad5d36373c43f102bddc8c9a3c0be9	46.871000	-114.002940	1747156123	2025-05-13	17:08:43	Tue
McCormick Park	f5e773a8e7ad5d36373c43f102bddc8c9a3c0be9	46.871060	-114.003240	1747156131	2025-05-13	17:08:51	Tue
McCormick Park	f5e773a8e7ad5d36373c43f102bddc8c9a3c0be9	46.870870	-114.003300	1747168070	2025-05-13	20:27:50	Tue
McCormick Park	f5e773a8e7ad5d36373c43f102bddc8c9a3c0be9	46.871070	-114.003300	1747168099	2025-05-13	20:28:19	Tue
McCormick Park	f5e773a8e7ad5d36373c43f102bddc8c9a3c0be9	46.871030	-114.003720	1747168102	2025-05-13	20:28:22	Tue
McCormick Park	3a574f2e83a4e27d21da1a2b83c5c787c74a8c4f	46.871050	-114.002900	1747101297	2025-05-13	01:54:57	Tue
McCormick Park	4b55cdbc7c3b456662f6ff315813ce704ee73f8d	46.872523	-114.003667	1744033231	2025-04-07	13:40:31	Mon
McCormick Park	4b55cdbc7c3b456662f6ff315813ce704ee73f8d	46.872524	-114.003670	1744033231	2025-04-07	13:40:31	Mon
McCormick Park	f1cfa0281dbcbbf7c7572dbf1c96f44e14a8ed81	46.871330	-114.003160	1744016351	2025-04-07	08:59:11	Mon
McCormick Park	f1cfa0281dbcbbf7c7572dbf1c96f44e14a8ed81	46.871343	-114.003150	1744016380	2025-04-07	08:59:40	Mon
McCormick Park	f1cfa0281dbcbbf7c7572dbf1c96f44e14a8ed81	46.871335	-114.003162	1744016391	2025-04-07	08:59:51	Mon
McCormick Park	f1cfa0281dbcbbf7c7572dbf1c96f44e14a8ed81	46.871340	-114.003150	1744016400	2025-04-07	09:00:00	Mon
McCormick Park	e625b8b143aabf92d87e8c162aca2902afd36bb6	46.870823	-114.003030	1744006918	2025-04-07	06:21:58	Mon
McCormick Park	e625b8b143aabf92d87e8c162aca2902afd36bb6	46.870808	-114.003053	1744007060	2025-04-07	06:24:20	Mon
McCormick Park	e625b8b143aabf92d87e8c162aca2902afd36bb6	46.870815	-114.003090	1744006911	2025-04-07	06:21:51	Mon
McCormick Park	e625b8b143aabf92d87e8c162aca2902afd36bb6	46.870820	-114.003060	1744006917	2025-04-07	06:21:57	Mon
McCormick Park	d7ff869c5dfa21b5986d3afc9188dbe211cd35fb	46.872147	-114.004956	1743990517	2025-04-07	01:48:37	Mon
McCormick Park	af40ce7509502c8e5b952cfed9b449fe9bfef6d6	46.872422	-114.004270	1744038942	2025-04-07	15:15:42	Mon
McCormick Park	af40ce7509502c8e5b952cfed9b449fe9bfef6d6	46.872440	-114.004220	1744038945	2025-04-07	15:15:45	Mon
McCormick Park	b3288a2999381a6d54f39a6112e187f65c47e6c8	46.873040	-114.005480	1744036655	2025-04-07	14:37:35	Mon
McCormick Park	1739134cb2a0e66ab3a3b98790739fb63524241b	46.872442	-114.004177	1744043667	2025-04-07	16:34:27	Mon
McCormick Park	1739134cb2a0e66ab3a3b98790739fb63524241b	46.872472	-114.004270	1744063027	2025-04-07	21:57:07	Mon
McCormick Park	1739134cb2a0e66ab3a3b98790739fb63524241b	46.872472	-114.004270	1744063088	2025-04-07	21:58:08	Mon
McCormick Park	1739134cb2a0e66ab3a3b98790739fb63524241b	46.872463	-114.004256	1744063090	2025-04-07	21:58:10	Mon
McCormick Park	1739134cb2a0e66ab3a3b98790739fb63524241b	46.872489	-114.004284	1744064737	2025-04-07	22:25:37	Mon
McCormick Park	d6df6ded3e4f289e0d88100d50d82b88d66f9849	46.871439	-114.001969	1743986002	2025-04-07	00:33:22	Mon
McCormick Park	6a65c1b52f96bfcf2171ac9c55f17a18e2677804	46.871386	-114.003100	1743990203	2025-04-07	01:43:23	Mon
McCormick Park	6a65c1b52f96bfcf2171ac9c55f17a18e2677804	46.871321	-114.003103	1743990356	2025-04-07	01:45:56	Mon
McCormick Park	6a65c1b52f96bfcf2171ac9c55f17a18e2677804	46.871352	-114.003100	1743990511	2025-04-07	01:48:31	Mon
McCormick Park	6a65c1b52f96bfcf2171ac9c55f17a18e2677804	46.871380	-114.003110	1744063825	2025-04-07	22:10:25	Mon
McCormick Park	9a693394ed10f18df68f260ece6d2cdc5dc48abb	46.873569	-114.003200	1744067957	2025-04-07	23:19:17	Mon
McCormick Park	9a693394ed10f18df68f260ece6d2cdc5dc48abb	46.873570	-114.003200	1744067957	2025-04-07	23:19:17	Mon
McCormick Park	d6d65e3c536ddb57e5a79573bbb124c222a98d20	46.871280	-114.004600	1749170557	2025-06-06	00:42:37	Fri
McCormick Park	d6d65e3c536ddb57e5a79573bbb124c222a98d20	46.871280	-114.004150	1749172166	2025-06-06	01:09:26	Fri
McCormick Park	64769a4c01f8feecb86a4ac9e6e84b45107bd017	46.871470	-114.001850	1749226128	2025-06-06	16:08:48	Fri
McCormick Park	bf785fbf3e5f8d36e3197576a0cce5a84423bae9	46.871300	-114.002020	1749239571	2025-06-06	19:52:51	Fri
McCormick Park	109f5de74928a470b2398807c8425b99d01e8679	46.872970	-114.005570	1749231299	2025-06-06	17:34:59	Fri
McCormick Park	109f5de74928a470b2398807c8425b99d01e8679	46.872940	-114.005580	1749231297	2025-06-06	17:34:57	Fri
McCormick Park	109f5de74928a470b2398807c8425b99d01e8679	46.872960	-114.005460	1749231922	2025-06-06	17:45:22	Fri
McCormick Park	eb05c1ab7bb31c14e92898eb2f39230141eb614a	46.874060	-114.005180	1749233159	2025-06-06	18:05:59	Fri
McCormick Park	efcb4c2c5c42c8a6c863426b71bbb682892cf14f	46.872030	-114.004950	1749187235	2025-06-06	05:20:35	Fri
McCormick Park	efcb4c2c5c42c8a6c863426b71bbb682892cf14f	46.872280	-114.004970	1749187290	2025-06-06	05:21:30	Fri
McCormick Park	efcb4c2c5c42c8a6c863426b71bbb682892cf14f	46.872350	-114.004930	1749187401	2025-06-06	05:23:21	Fri
McCormick Park	c2981e6474b65cccba8e7281c2eccf663ebd3bed	46.871320	-114.001510	1749252076	2025-06-06	23:21:16	Fri
McCormick Park	25164ba1675f6dc65d3c845a1e2df9002c49b699	46.871180	-114.003810	1749168234	2025-06-06	00:03:54	Fri
McCormick Park	8864df3a6dcf892661ed4797b4ac6c50b763bcc9	46.870980	-114.002370	1749173452	2025-06-06	01:30:52	Fri
McCormick Park	500f9a32a893386ede74483d8a6a34d581c083ee	46.871860	-114.002860	1749198069	2025-06-06	08:21:09	Fri
McCormick Park	e38673319e18c1bfe48c3642da05e840cdccbe0d	46.872960	-114.005350	1749244071	2025-06-06	21:07:51	Fri
McCormick Park	370473d1ef95bd7feaf56c54e044a75ad725cc9f	46.870940	-114.002400	1749252957	2025-06-06	23:35:57	Fri
McCormick Park	a1f514a51e04c6b210df72fdb89c071e3cf94279	46.872710	-114.005120	1749250363	2025-06-06	22:52:43	Fri
McCormick Park	a1f514a51e04c6b210df72fdb89c071e3cf94279	46.872790	-114.004710	1749250417	2025-06-06	22:53:37	Fri
McCormick Park	a1f514a51e04c6b210df72fdb89c071e3cf94279	46.872780	-114.004740	1749250420	2025-06-06	22:53:40	Fri
McCormick Park	a1f514a51e04c6b210df72fdb89c071e3cf94279	46.872620	-114.004770	1749250426	2025-06-06	22:53:46	Fri
McCormick Park	a1f514a51e04c6b210df72fdb89c071e3cf94279	46.872940	-114.004640	1749245115	2025-06-06	21:25:15	Fri
McCormick Park	a1f514a51e04c6b210df72fdb89c071e3cf94279	46.872770	-114.005110	1749250353	2025-06-06	22:52:33	Fri
McCormick Park	a1f514a51e04c6b210df72fdb89c071e3cf94279	46.873200	-114.004710	1749250376	2025-06-06	22:52:56	Fri
McCormick Park	a1f514a51e04c6b210df72fdb89c071e3cf94279	46.872020	-114.005170	1749250387	2025-06-06	22:53:07	Fri
McCormick Park	a1f514a51e04c6b210df72fdb89c071e3cf94279	46.872820	-114.004840	1749250454	2025-06-06	22:54:14	Fri
McCormick Park	a1f514a51e04c6b210df72fdb89c071e3cf94279	46.872670	-114.004700	1749250477	2025-06-06	22:54:37	Fri
McCormick Park	1f5fb55b5f972839a83c7ce395e8ced39a6a5255	46.873670	-114.003320	1749231308	2025-06-06	17:35:08	Fri
McCormick Park	1f5fb55b5f972839a83c7ce395e8ced39a6a5255	46.873670	-114.003350	1749231306	2025-06-06	17:35:06	Fri
McCormick Park	03f0ce07abe99ed1394d407878187dc49621048f	46.872810	-114.004620	1749243400	2025-06-06	20:56:40	Fri
McCormick Park	d6e8ee1bb236beffc0f422f858fd912e332084f6	46.872510	-114.004730	1749238776	2025-06-06	19:39:36	Fri
McCormick Park	d6e8ee1bb236beffc0f422f858fd912e332084f6	46.872780	-114.004790	1749238907	2025-06-06	19:41:47	Fri
McCormick Park	88987a78346be9296a4f5b6bbbe2b307f1dc161c	46.872978	-114.005333	1749178392	2025-06-06	02:53:12	Fri
McCormick Park	88987a78346be9296a4f5b6bbbe2b307f1dc161c	46.872980	-114.005330	1749178392	2025-06-06	02:53:12	Fri
McCormick Park	88987a78346be9296a4f5b6bbbe2b307f1dc161c	46.872940	-114.005370	1749178400	2025-06-06	02:53:20	Fri
McCormick Park	88987a78346be9296a4f5b6bbbe2b307f1dc161c	46.872900	-114.005360	1749178396	2025-06-06	02:53:16	Fri
McCormick Park	88987a78346be9296a4f5b6bbbe2b307f1dc161c	46.872970	-114.005330	1749178397	2025-06-06	02:53:17	Fri
McCormick Park	88987a78346be9296a4f5b6bbbe2b307f1dc161c	46.872900	-114.005320	1749178404	2025-06-06	02:53:24	Fri
McCormick Park	88987a78346be9296a4f5b6bbbe2b307f1dc161c	46.872860	-114.005740	1749168831	2025-06-06	00:13:51	Fri
McCormick Park	88987a78346be9296a4f5b6bbbe2b307f1dc161c	46.872990	-114.005370	1749168929	2025-06-06	00:15:29	Fri
McCormick Park	88987a78346be9296a4f5b6bbbe2b307f1dc161c	46.873230	-114.005670	1749173568	2025-06-06	01:32:48	Fri
McCormick Park	e3f320df2a8ded8719cd60f3647876011de764f0	46.872840	-114.005480	1749250621	2025-06-06	22:57:01	Fri
McCormick Park	e3f320df2a8ded8719cd60f3647876011de764f0	46.872880	-114.005410	1749252340	2025-06-06	23:25:40	Fri
McCormick Park	64cb3e01da56df6b77a3fcc52c198df295cafe89	46.871800	-114.006050	1749185643	2025-06-06	04:54:03	Fri
McCormick Park	71021a5fd649adcc5ecf1dee173a64a8861c485d	46.871130	-114.002070	1749168992	2025-06-06	00:16:32	Fri
McCormick Park	71021a5fd649adcc5ecf1dee173a64a8861c485d	46.871177	-114.002037	1749168992	2025-06-06	00:16:32	Fri
McCormick Park	71021a5fd649adcc5ecf1dee173a64a8861c485d	46.871132	-114.002068	1749168992	2025-06-06	00:16:32	Fri
McCormick Park	71021a5fd649adcc5ecf1dee173a64a8861c485d	46.871100	-114.002040	1749168990	2025-06-06	00:16:30	Fri
McCormick Park	71021a5fd649adcc5ecf1dee173a64a8861c485d	46.871180	-114.002010	1749168996	2025-06-06	00:16:36	Fri
McCormick Park	709410fc5f5aceb1bcde2dffa57567d723265e23	46.872860	-114.004250	1749245087	2025-06-06	21:24:47	Fri
McCormick Park	eacc429328b82ad0d18a8e2a9852353115dbe69e	46.871500	-114.004940	1749182110	2025-06-06	03:55:10	Fri
McCormick Park	eacc429328b82ad0d18a8e2a9852353115dbe69e	46.871500	-114.004900	1749182117	2025-06-06	03:55:17	Fri
McCormick Park	8bcbdb0e85b71327c3050f48cb893c43c222fa7d	46.872930	-114.005370	1749243038	2025-06-06	20:50:38	Fri
McCormick Park	de1911cebef49eb27efbd13e33723dfb8d5f5532	46.872711	-114.004311	1749251671	2025-06-06	23:14:31	Fri
McCormick Park	de1911cebef49eb27efbd13e33723dfb8d5f5532	46.872710	-114.004310	1749251671	2025-06-06	23:14:31	Fri
McCormick Park	6b4f05ff772923a8eaad4fa70a22b3836da2ad1a	46.871740	-114.004850	1749250519	2025-06-06	22:55:19	Fri
McCormick Park	8853b21d63d1cc5d51ee85c2e0abe98106cf36e4	46.871460	-114.001450	1749170017	2025-06-06	00:33:37	Fri
McCormick Park	4aade742ff7cf94c0e1fd7952138cf6100fccba5	46.872350	-114.003900	1749244559	2025-06-06	21:15:59	Fri
McCormick Park	4aade742ff7cf94c0e1fd7952138cf6100fccba5	46.872340	-114.003900	1749244566	2025-06-06	21:16:06	Fri
McCormick Park	4aade742ff7cf94c0e1fd7952138cf6100fccba5	46.872380	-114.004210	1749244575	2025-06-06	21:16:15	Fri
McCormick Park	42103914b4468cdd6861171046dce4f3428273c9	46.872910	-114.005330	1749252617	2025-06-06	23:30:17	Fri
McCormick Park	42103914b4468cdd6861171046dce4f3428273c9	46.872620	-114.004720	1749251551	2025-06-06	23:12:31	Fri
McCormick Park	42103914b4468cdd6861171046dce4f3428273c9	46.873050	-114.004300	1749251559	2025-06-06	23:12:39	Fri
McCormick Park	42103914b4468cdd6861171046dce4f3428273c9	46.872930	-114.005200	1749253737	2025-06-06	23:48:57	Fri
McCormick Park	f0829916deab16842c214ef1414c5b925c82669b	46.871200	-114.001820	1749173804	2025-06-06	01:36:44	Fri
McCormick Park	f0829916deab16842c214ef1414c5b925c82669b	46.871230	-114.001820	1749173806	2025-06-06	01:36:46	Fri
McCormick Park	f0829916deab16842c214ef1414c5b925c82669b	46.871200	-114.001850	1749173802	2025-06-06	01:36:42	Fri
McCormick Park	b48b76d70b58fac459b6330efc2470d1729e342f	46.870700	-114.002850	1749169784	2025-06-06	00:29:44	Fri
McCormick Park	08c141205b76738c3eb0d784ba79d9bf92fb514c	46.870850	-114.003290	1749180911	2025-06-06	03:35:11	Fri
McCormick Park	198d9e7f7df969b4ceaf2658191e9489c7dad82b	46.871500	-114.005480	1749230241	2025-06-06	17:17:21	Fri
McCormick Park	198d9e7f7df969b4ceaf2658191e9489c7dad82b	46.871560	-114.005430	1749230244	2025-06-06	17:17:24	Fri
McCormick Park	198d9e7f7df969b4ceaf2658191e9489c7dad82b	46.871500	-114.005410	1749230242	2025-06-06	17:17:22	Fri
McCormick Park	198d9e7f7df969b4ceaf2658191e9489c7dad82b	46.871500	-114.005450	1749230245	2025-06-06	17:17:25	Fri
McCormick Park	d640f92053281c1230c2dee13bbc7af107085759	46.871840	-114.004820	1749172634	2025-06-06	01:17:14	Fri
McCormick Park	d640f92053281c1230c2dee13bbc7af107085759	46.871840	-114.004820	1749172643	2025-06-06	01:17:23	Fri
McCormick Park	d640f92053281c1230c2dee13bbc7af107085759	46.871400	-114.005080	1749172742	2025-06-06	01:19:02	Fri
McCormick Park	d640f92053281c1230c2dee13bbc7af107085759	46.871540	-114.004800	1749173197	2025-06-06	01:26:37	Fri
McCormick Park	d640f92053281c1230c2dee13bbc7af107085759	46.871610	-114.004480	1749174037	2025-06-06	01:40:37	Fri
McCormick Park	d640f92053281c1230c2dee13bbc7af107085759	46.871820	-114.004810	1749175061	2025-06-06	01:57:41	Fri
McCormick Park	d640f92053281c1230c2dee13bbc7af107085759	46.871550	-114.004470	1749172539	2025-06-06	01:15:39	Fri
McCormick Park	d640f92053281c1230c2dee13bbc7af107085759	46.871840	-114.004460	1749172561	2025-06-06	01:16:01	Fri
McCormick Park	d640f92053281c1230c2dee13bbc7af107085759	46.871400	-114.004630	1749172752	2025-06-06	01:19:12	Fri
McCormick Park	d640f92053281c1230c2dee13bbc7af107085759	46.871560	-114.004820	1749172779	2025-06-06	01:19:39	Fri
McCormick Park	d640f92053281c1230c2dee13bbc7af107085759	46.871840	-114.004840	1749173138	2025-06-06	01:25:38	Fri
McCormick Park	d640f92053281c1230c2dee13bbc7af107085759	46.872120	-114.004880	1749175875	2025-06-06	02:11:15	Fri
McCormick Park	503a07d95fc3ba37f78b621c6c6cdc608638a463	46.872240	-114.004500	1749182515	2025-06-06	04:01:55	Fri
McCormick Park	503a07d95fc3ba37f78b621c6c6cdc608638a463	46.872270	-114.004940	1749183885	2025-06-06	04:24:45	Fri
McCormick Park	6c5b76b2c0d9cfa009748c5278193ac2024bd71d	46.870830	-114.002590	1749178394	2025-06-06	02:53:14	Fri
McCormick Park	42aacb86366b923a0feb92188f67d94ad5c438c7	46.871400	-114.001450	1749242601	2025-06-06	20:43:21	Fri
McCormick Park	9252bd624817cb1a773ba867175b7d00d8c05e74	46.873700	-114.003330	1749234829	2025-06-06	18:33:49	Fri
McCormick Park	6139136c000386fc8b49613ae3577a188dde0796	46.871390	-114.004540	1749240868	2025-06-06	20:14:28	Fri
McCormick Park	6139136c000386fc8b49613ae3577a188dde0796	46.871340	-114.004500	1749241417	2025-06-06	20:23:37	Fri
McCormick Park	6139136c000386fc8b49613ae3577a188dde0796	46.871340	-114.004560	1749242500	2025-06-06	20:41:40	Fri
McCormick Park	895d1c9cda3075defeea33df236a0d8892cf4972	46.873250	-114.005200	1749251780	2025-06-06	23:16:20	Fri
McCormick Park	895d1c9cda3075defeea33df236a0d8892cf4972	46.873260	-114.005220	1749251781	2025-06-06	23:16:21	Fri
McCormick Park	895d1c9cda3075defeea33df236a0d8892cf4972	46.873261	-114.005219	1749251781	2025-06-06	23:16:21	Fri
McCormick Park	895d1c9cda3075defeea33df236a0d8892cf4972	46.873280	-114.005200	1749251780	2025-06-06	23:16:20	Fri
McCormick Park	895d1c9cda3075defeea33df236a0d8892cf4972	46.873210	-114.005200	1749251782	2025-06-06	23:16:22	Fri
McCormick Park	895d1c9cda3075defeea33df236a0d8892cf4972	46.873200	-114.005280	1749251787	2025-06-06	23:16:27	Fri
McCormick Park	895d1c9cda3075defeea33df236a0d8892cf4972	46.873100	-114.005090	1749235934	2025-06-06	18:52:14	Fri
McCormick Park	895d1c9cda3075defeea33df236a0d8892cf4972	46.872660	-114.005250	1749251787	2025-06-06	23:16:27	Fri
McCormick Park	895d1c9cda3075defeea33df236a0d8892cf4972	46.872980	-114.005460	1749251791	2025-06-06	23:16:31	Fri
McCormick Park	895d1c9cda3075defeea33df236a0d8892cf4972	46.872970	-114.005260	1749251797	2025-06-06	23:16:37	Fri
McCormick Park	e13fcb6658ffef36c6c3604a4297b2ebb96c6298	46.873160	-114.005750	1749254386	2025-06-06	23:59:46	Fri
McCormick Park	e13fcb6658ffef36c6c3604a4297b2ebb96c6298	46.873170	-114.005450	1749251938	2025-06-06	23:18:58	Fri
McCormick Park	e13fcb6658ffef36c6c3604a4297b2ebb96c6298	46.872820	-114.005340	1749253384	2025-06-06	23:43:04	Fri
McCormick Park	35935ac433d7375e81d5b0e7aa6517c25caeab27	46.872428	-114.004426	1744071531	2025-04-08	00:18:51	Tue
McCormick Park	35935ac433d7375e81d5b0e7aa6517c25caeab27	46.872413	-114.004452	1744071535	2025-04-08	00:18:55	Tue
McCormick Park	7ebaf35bd271dcee3775573d2c83ab3e7c883c69	46.871245	-114.001656	1744132268	2025-04-08	17:11:08	Tue
McCormick Park	7ebaf35bd271dcee3775573d2c83ab3e7c883c69	46.870823	-114.002386	1744132272	2025-04-08	17:11:12	Tue
McCormick Park	2b346b70317f573eb1366e9478f24d95795613e9	46.872358	-114.003369	1744137588	2025-04-08	18:39:48	Tue
McCormick Park	8a1c44cccb28a32261e4e268553b4f0f5b678cd6	46.871134	-114.001868	1744125440	2025-04-08	15:17:20	Tue
McCormick Park	8a1c44cccb28a32261e4e268553b4f0f5b678cd6	46.871140	-114.001820	1744125440	2025-04-08	15:17:20	Tue
McCormick Park	af40ce7509502c8e5b952cfed9b449fe9bfef6d6	46.872114	-114.002030	1744071071	2025-04-08	00:11:11	Tue
McCormick Park	af40ce7509502c8e5b952cfed9b449fe9bfef6d6	46.872100	-114.001965	1744071118	2025-04-08	00:11:58	Tue
McCormick Park	af40ce7509502c8e5b952cfed9b449fe9bfef6d6	46.871373	-114.001684	1744071130	2025-04-08	00:12:10	Tue
McCormick Park	af40ce7509502c8e5b952cfed9b449fe9bfef6d6	46.871600	-114.001810	1744071178	2025-04-08	00:12:58	Tue
McCormick Park	af40ce7509502c8e5b952cfed9b449fe9bfef6d6	46.872130	-114.002070	1744071074	2025-04-08	00:11:14	Tue
McCormick Park	af40ce7509502c8e5b952cfed9b449fe9bfef6d6	46.872160	-114.001920	1744071116	2025-04-08	00:11:56	Tue
McCormick Park	af40ce7509502c8e5b952cfed9b449fe9bfef6d6	46.871380	-114.001630	1744071134	2025-04-08	00:12:14	Tue
McCormick Park	af40ce7509502c8e5b952cfed9b449fe9bfef6d6	46.871660	-114.001810	1744071170	2025-04-08	00:12:50	Tue
McCormick Park	a08f4c013cc2b2d3920b2108067a1f9456c3fb35	46.870634	-114.002800	1744128317	2025-04-08	16:05:17	Tue
McCormick Park	a08f4c013cc2b2d3920b2108067a1f9456c3fb35	46.870650	-114.002800	1744133152	2025-04-08	17:25:52	Tue
McCormick Park	a08f4c013cc2b2d3920b2108067a1f9456c3fb35	46.870688	-114.002800	1744136540	2025-04-08	18:22:20	Tue
McCormick Park	a08f4c013cc2b2d3920b2108067a1f9456c3fb35	46.870640	-114.002830	1744141463	2025-04-08	19:44:23	Tue
McCormick Park	a08f4c013cc2b2d3920b2108067a1f9456c3fb35	46.870641	-114.002800	1744141514	2025-04-08	19:45:14	Tue
McCormick Park	a08f4c013cc2b2d3920b2108067a1f9456c3fb35	46.870668	-114.002800	1744149393	2025-04-08	21:56:33	Tue
McCormick Park	a08f4c013cc2b2d3920b2108067a1f9456c3fb35	46.870643	-114.002847	1744154045	2025-04-08	23:14:05	Tue
McCormick Park	a08f4c013cc2b2d3920b2108067a1f9456c3fb35	46.870622	-114.002800	1744154084	2025-04-08	23:14:44	Tue
McCormick Park	a08f4c013cc2b2d3920b2108067a1f9456c3fb35	46.870650	-114.002800	1744154130	2025-04-08	23:15:30	Tue
McCormick Park	a08f4c013cc2b2d3920b2108067a1f9456c3fb35	46.870610	-114.002800	1744154205	2025-04-08	23:16:45	Tue
McCormick Park	2b860f97fa2e053623765c26616c2b24f5802703	46.872334	-114.005620	1744079938	2025-04-08	02:38:58	Tue
McCormick Park	e519f834a392ab0d02055c99d0377bb990c561c0	46.871083	-114.003624	1744095370	2025-04-08	06:56:10	Tue
McCormick Park	cac4ea4d60d9d2bd0bd5f9904d72584173af41ec	46.872470	-114.004190	1744152074	2025-04-08	22:41:14	Tue
McCormick Park	cac4ea4d60d9d2bd0bd5f9904d72584173af41ec	46.872510	-114.004140	1744154972	2025-04-08	23:29:32	Tue
McCormick Park	cac4ea4d60d9d2bd0bd5f9904d72584173af41ec	46.872570	-114.004200	1744154982	2025-04-08	23:29:42	Tue
McCormick Park	cac4ea4d60d9d2bd0bd5f9904d72584173af41ec	46.872560	-114.004200	1744154984	2025-04-08	23:29:44	Tue
McCormick Park	4d81df552f1cb027b557cc345d65353eb81dc94c	46.872150	-114.003240	1744077405	2025-04-08	01:56:45	Tue
McCormick Park	c86f63481d97cab94422f29ca9cdef620b570490	46.872900	-114.005330	1744133907	2025-04-08	17:38:27	Tue
McCormick Park	c86f63481d97cab94422f29ca9cdef620b570490	46.872900	-114.005330	1744133903	2025-04-08	17:38:23	Tue
McCormick Park	9b56d47d34176b0aec0913f50d263a032cfb8472	46.872830	-114.005120	1744073556	2025-04-08	00:52:36	Tue
McCormick Park	9b56d47d34176b0aec0913f50d263a032cfb8472	46.872920	-114.005000	1744073565	2025-04-08	00:52:45	Tue
McCormick Park	9b56d47d34176b0aec0913f50d263a032cfb8472	46.872940	-114.005150	1744073605	2025-04-08	00:53:25	Tue
McCormick Park	9b56d47d34176b0aec0913f50d263a032cfb8472	46.872710	-114.004900	1744074600	2025-04-08	01:10:00	Tue
McCormick Park	854908b565f698f0862b82faaa19f6025e1f211b	46.872560	-114.003450	1744129254	2025-04-08	16:20:54	Tue
McCormick Park	854908b565f698f0862b82faaa19f6025e1f211b	46.872543	-114.003420	1744129253	2025-04-08	16:20:53	Tue
McCormick Park	4a41de03eba2766ecf7be93d08651ce77aec2986	46.873110	-114.003345	1744131871	2025-04-08	17:04:31	Tue
McCormick Park	4a41de03eba2766ecf7be93d08651ce77aec2986	46.873197	-114.003377	1744131875	2025-04-08	17:04:35	Tue
McCormick Park	4a41de03eba2766ecf7be93d08651ce77aec2986	46.873130	-114.003360	1744131876	2025-04-08	17:04:36	Tue
McCormick Park	4447bc1d0fdb993085e9deccf8928cb452982630	46.870866	-114.002346	1744127836	2025-04-08	15:57:16	Tue
McCormick Park	50a7e027756a22bfb071e132f7332a53f58b7e67	46.872380	-114.003140	1744070875	2025-04-08	00:07:55	Tue
McCormick Park	755060f0e81d8955cc40984a5fdb73af1873df4e	46.872322	-114.005047	1744137998	2025-04-08	18:46:38	Tue
McCormick Park	755060f0e81d8955cc40984a5fdb73af1873df4e	46.872358	-114.004270	1744138103	2025-04-08	18:48:23	Tue
McCormick Park	755060f0e81d8955cc40984a5fdb73af1873df4e	46.872340	-114.005050	1744137997	2025-04-08	18:46:37	Tue
McCormick Park	755060f0e81d8955cc40984a5fdb73af1873df4e	46.872350	-114.004230	1744138092	2025-04-08	18:48:12	Tue
McCormick Park	c925af8fe2d046421cc30bc8c389f12b1880e457	46.872780	-114.005540	1744075825	2025-04-08	01:30:25	Tue
McCormick Park	c925af8fe2d046421cc30bc8c389f12b1880e457	46.872720	-114.005590	1744075827	2025-04-08	01:30:27	Tue
McCormick Park	c925af8fe2d046421cc30bc8c389f12b1880e457	46.871720	-114.005710	1744079637	2025-04-08	02:33:57	Tue
McCormick Park	c925af8fe2d046421cc30bc8c389f12b1880e457	46.871770	-114.005710	1744079638	2025-04-08	02:33:58	Tue
McCormick Park	4e4674b536747ce84815cbe8c5dae81c095ab0ea	46.870625	-114.002670	1744147955	2025-04-08	21:32:35	Tue
McCormick Park	1d90d197e0feb15668cdb271f8670f0d3b04a8ae	46.872670	-114.004750	1744117307	2025-04-08	13:01:47	Tue
McCormick Park	1d90d197e0feb15668cdb271f8670f0d3b04a8ae	46.872620	-114.004700	1744118485	2025-04-08	13:21:25	Tue
McCormick Park	1d90d197e0feb15668cdb271f8670f0d3b04a8ae	46.872600	-114.004740	1744138391	2025-04-08	18:53:11	Tue
McCormick Park	7e2c83bd6e3f891d9fbbc6f4f0575f84fa416abf	46.871942	-114.005011	1744110711	2025-04-08	11:11:51	Tue
McCormick Park	7e2c83bd6e3f891d9fbbc6f4f0575f84fa416abf	46.871950	-114.005010	1744110716	2025-04-08	11:11:56	Tue
McCormick Park	7e2c83bd6e3f891d9fbbc6f4f0575f84fa416abf	46.871940	-114.005010	1744110711	2025-04-08	11:11:51	Tue
McCormick Park	12f471090254f08c4cb9aae7348caf9e31b6059d	46.871378	-114.003101	1744079222	2025-04-08	02:27:02	Tue
McCormick Park	12f471090254f08c4cb9aae7348caf9e31b6059d	46.871338	-114.003182	1744079833	2025-04-08	02:37:13	Tue
McCormick Park	12f471090254f08c4cb9aae7348caf9e31b6059d	46.871375	-114.003131	1744153414	2025-04-08	23:03:34	Tue
McCormick Park	12f471090254f08c4cb9aae7348caf9e31b6059d	46.871383	-114.003182	1744153472	2025-04-08	23:04:32	Tue
McCormick Park	12f471090254f08c4cb9aae7348caf9e31b6059d	46.871326	-114.003139	1744153530	2025-04-08	23:05:30	Tue
McCormick Park	12f471090254f08c4cb9aae7348caf9e31b6059d	46.871367	-114.003122	1744153662	2025-04-08	23:07:42	Tue
McCormick Park	12f471090254f08c4cb9aae7348caf9e31b6059d	46.871325	-114.003170	1744153717	2025-04-08	23:08:37	Tue
McCormick Park	12f471090254f08c4cb9aae7348caf9e31b6059d	46.871381	-114.003132	1744153805	2025-04-08	23:10:05	Tue
McCormick Park	12f471090254f08c4cb9aae7348caf9e31b6059d	46.871300	-114.003150	1744153836	2025-04-08	23:10:36	Tue
McCormick Park	12f471090254f08c4cb9aae7348caf9e31b6059d	46.871300	-114.003180	1744079223	2025-04-08	02:27:03	Tue
McCormick Park	12f471090254f08c4cb9aae7348caf9e31b6059d	46.871350	-114.003130	1744079836	2025-04-08	02:37:16	Tue
McCormick Park	12f471090254f08c4cb9aae7348caf9e31b6059d	46.871360	-114.003130	1744153406	2025-04-08	23:03:26	Tue
McCormick Park	12f471090254f08c4cb9aae7348caf9e31b6059d	46.871360	-114.003180	1744153470	2025-04-08	23:04:30	Tue
McCormick Park	12f471090254f08c4cb9aae7348caf9e31b6059d	46.871300	-114.003190	1744153533	2025-04-08	23:05:33	Tue
McCormick Park	12f471090254f08c4cb9aae7348caf9e31b6059d	46.871300	-114.003170	1744153666	2025-04-08	23:07:46	Tue
McCormick Park	12f471090254f08c4cb9aae7348caf9e31b6059d	46.871320	-114.003140	1744153713	2025-04-08	23:08:33	Tue
McCormick Park	12f471090254f08c4cb9aae7348caf9e31b6059d	46.871340	-114.003140	1744153805	2025-04-08	23:10:05	Tue
McCormick Park	12f471090254f08c4cb9aae7348caf9e31b6059d	46.871300	-114.003100	1744153838	2025-04-08	23:10:38	Tue
McCormick Park	2908596bb493b760d7ffed019d92f24d5a8cdcac	46.870816	-114.003034	1744096435	2025-04-08	07:13:55	Tue
McCormick Park	464f367d73fcb76921228c5d0e619beba8741b18	46.872290	-114.003060	1744073262	2025-04-08	00:47:42	Tue
McCormick Park	464f367d73fcb76921228c5d0e619beba8741b18	46.872200	-114.003070	1744073268	2025-04-08	00:47:48	Tue
McCormick Park	464f367d73fcb76921228c5d0e619beba8741b18	46.872300	-114.003140	1744073335	2025-04-08	00:48:55	Tue
McCormick Park	464f367d73fcb76921228c5d0e619beba8741b18	46.872300	-114.003130	1744073337	2025-04-08	00:48:57	Tue
McCormick Park	464f367d73fcb76921228c5d0e619beba8741b18	46.872160	-114.003240	1744074170	2025-04-08	01:02:50	Tue
McCormick Park	464f367d73fcb76921228c5d0e619beba8741b18	46.872180	-114.003240	1744074170	2025-04-08	01:02:50	Tue
McCormick Park	464f367d73fcb76921228c5d0e619beba8741b18	46.872200	-114.003050	1744074184	2025-04-08	01:03:04	Tue
McCormick Park	464f367d73fcb76921228c5d0e619beba8741b18	46.872220	-114.003090	1744074189	2025-04-08	01:03:09	Tue
McCormick Park	464f367d73fcb76921228c5d0e619beba8741b18	46.872210	-114.003070	1744073263	2025-04-08	00:47:43	Tue
McCormick Park	464f367d73fcb76921228c5d0e619beba8741b18	46.872300	-114.003140	1744073336	2025-04-08	00:48:56	Tue
McCormick Park	464f367d73fcb76921228c5d0e619beba8741b18	46.872150	-114.003260	1744074178	2025-04-08	01:02:58	Tue
McCormick Park	464f367d73fcb76921228c5d0e619beba8741b18	46.872280	-114.003080	1744074188	2025-04-08	01:03:08	Tue
McCormick Park	8d3f1fb5a41d7f8055ae494082bb6d26c13d298c	46.872760	-114.003080	1744139240	2025-04-08	19:07:20	Tue
McCormick Park	8d3f1fb5a41d7f8055ae494082bb6d26c13d298c	46.872760	-114.003070	1744139247	2025-04-08	19:07:27	Tue
McCormick Park	53f7fdf263bf38c844d417419971377d972d6d18	46.874006	-114.004025	1744105517	2025-04-08	09:45:17	Tue
McCormick Park	53f7fdf263bf38c844d417419971377d972d6d18	46.874030	-114.004060	1744105515	2025-04-08	09:45:15	Tue
McCormick Park	d7c46e8a4263bff409133d2aaa2449a0447539a4	46.872300	-114.003360	1744078367	2025-04-08	02:12:47	Tue
McCormick Park	e7157ea51bc307078d0866b2bc5a75c7bd503a3b	46.872856	-114.005284	1746225258	2025-05-02	22:34:18	Fri
McCormick Park	e7157ea51bc307078d0866b2bc5a75c7bd503a3b	46.872800	-114.005290	1746225254	2025-05-02	22:34:14	Fri
McCormick Park	e7157ea51bc307078d0866b2bc5a75c7bd503a3b	46.872850	-114.005290	1746225258	2025-05-02	22:34:18	Fri
McCormick Park	e959750b2dc5082ab047c90fd1dd46c8072d6197	46.871342	-114.003110	1746148878	2025-05-02	01:21:18	Fri
McCormick Park	e959750b2dc5082ab047c90fd1dd46c8072d6197	46.871327	-114.003166	1746149201	2025-05-02	01:26:41	Fri
McCormick Park	e959750b2dc5082ab047c90fd1dd46c8072d6197	46.871357	-114.003168	1746149344	2025-05-02	01:29:04	Fri
McCormick Park	e959750b2dc5082ab047c90fd1dd46c8072d6197	46.871383	-114.003153	1746149360	2025-05-02	01:29:20	Fri
McCormick Park	e959750b2dc5082ab047c90fd1dd46c8072d6197	46.871385	-114.003160	1746149765	2025-05-02	01:36:05	Fri
McCormick Park	e959750b2dc5082ab047c90fd1dd46c8072d6197	46.871305	-114.003147	1746150280	2025-05-02	01:44:40	Fri
McCormick Park	e959750b2dc5082ab047c90fd1dd46c8072d6197	46.871366	-114.003141	1746150536	2025-05-02	01:48:56	Fri
McCormick Park	e959750b2dc5082ab047c90fd1dd46c8072d6197	46.871342	-114.003132	1746150538	2025-05-02	01:48:58	Fri
McCormick Park	e959750b2dc5082ab047c90fd1dd46c8072d6197	46.871366	-114.003175	1746223606	2025-05-02	22:06:46	Fri
McCormick Park	e959750b2dc5082ab047c90fd1dd46c8072d6197	46.871341	-114.003176	1746223608	2025-05-02	22:06:48	Fri
McCormick Park	e959750b2dc5082ab047c90fd1dd46c8072d6197	46.871310	-114.003150	1746223724	2025-05-02	22:08:44	Fri
McCormick Park	e959750b2dc5082ab047c90fd1dd46c8072d6197	46.871360	-114.003110	1746224150	2025-05-02	22:15:50	Fri
McCormick Park	e959750b2dc5082ab047c90fd1dd46c8072d6197	46.871368	-114.003161	1746224161	2025-05-02	22:16:01	Fri
McCormick Park	e959750b2dc5082ab047c90fd1dd46c8072d6197	46.871310	-114.003140	1746224295	2025-05-02	22:18:15	Fri
McCormick Park	e959750b2dc5082ab047c90fd1dd46c8072d6197	46.871360	-114.003120	1746148872	2025-05-02	01:21:12	Fri
McCormick Park	e959750b2dc5082ab047c90fd1dd46c8072d6197	46.871340	-114.003110	1746148878	2025-05-02	01:21:18	Fri
McCormick Park	e959750b2dc5082ab047c90fd1dd46c8072d6197	46.871380	-114.003120	1746149197	2025-05-02	01:26:37	Fri
McCormick Park	e959750b2dc5082ab047c90fd1dd46c8072d6197	46.871350	-114.003170	1746149344	2025-05-02	01:29:04	Fri
McCormick Park	e959750b2dc5082ab047c90fd1dd46c8072d6197	46.871380	-114.003160	1746149360	2025-05-02	01:29:20	Fri
McCormick Park	e959750b2dc5082ab047c90fd1dd46c8072d6197	46.871360	-114.003140	1746150273	2025-05-02	01:44:33	Fri
McCormick Park	e959750b2dc5082ab047c90fd1dd46c8072d6197	46.871360	-114.003150	1746150536	2025-05-02	01:48:56	Fri
McCormick Park	e959750b2dc5082ab047c90fd1dd46c8072d6197	46.871310	-114.003140	1746150538	2025-05-02	01:48:58	Fri
McCormick Park	e959750b2dc5082ab047c90fd1dd46c8072d6197	46.871310	-114.003120	1746223600	2025-05-02	22:06:40	Fri
McCormick Park	e959750b2dc5082ab047c90fd1dd46c8072d6197	46.871360	-114.003160	1746223607	2025-05-02	22:06:47	Fri
McCormick Park	e959750b2dc5082ab047c90fd1dd46c8072d6197	46.871340	-114.003180	1746223608	2025-05-02	22:06:48	Fri
McCormick Park	e959750b2dc5082ab047c90fd1dd46c8072d6197	46.871330	-114.003170	1746223720	2025-05-02	22:08:40	Fri
McCormick Park	e959750b2dc5082ab047c90fd1dd46c8072d6197	46.871300	-114.003180	1746224157	2025-05-02	22:15:57	Fri
McCormick Park	e959750b2dc5082ab047c90fd1dd46c8072d6197	46.871360	-114.003170	1746224161	2025-05-02	22:16:01	Fri
McCormick Park	ce6a8de8d89ed69f433018c47bf32bc026ec5696	46.872836	-114.004761	1746225610	2025-05-02	22:40:10	Fri
McCormick Park	ce6a8de8d89ed69f433018c47bf32bc026ec5696	46.872848	-114.005287	1746228218	2025-05-02	23:23:38	Fri
McCormick Park	095816c67fbdf7fc04c1b21daa49d695ec801d70	46.872959	-114.005493	1746147508	2025-05-02	00:58:28	Fri
McCormick Park	095816c67fbdf7fc04c1b21daa49d695ec801d70	46.872959	-114.005493	1746147556	2025-05-02	00:59:16	Fri
McCormick Park	5f02f60278ed39e765c1267b26664eed6a2c0ace	46.872800	-114.004713	1746159324	2025-05-02	04:15:24	Fri
McCormick Park	5f02f60278ed39e765c1267b26664eed6a2c0ace	46.872530	-114.004730	1746159761	2025-05-02	04:22:41	Fri
McCormick Park	5f02f60278ed39e765c1267b26664eed6a2c0ace	46.872842	-114.004725	1746159764	2025-05-02	04:22:44	Fri
McCormick Park	5f02f60278ed39e765c1267b26664eed6a2c0ace	46.872830	-114.004710	1746159775	2025-05-02	04:22:55	Fri
McCormick Park	5f02f60278ed39e765c1267b26664eed6a2c0ace	46.872850	-114.004726	1746160075	2025-05-02	04:27:55	Fri
McCormick Park	5f02f60278ed39e765c1267b26664eed6a2c0ace	46.872840	-114.004720	1746160172	2025-05-02	04:29:32	Fri
McCormick Park	5f02f60278ed39e765c1267b26664eed6a2c0ace	46.872810	-114.004770	1746160179	2025-05-02	04:29:39	Fri
McCormick Park	5f02f60278ed39e765c1267b26664eed6a2c0ace	46.872840	-114.004750	1746159764	2025-05-02	04:22:44	Fri
McCormick Park	5f02f60278ed39e765c1267b26664eed6a2c0ace	46.872810	-114.004770	1746160184	2025-05-02	04:29:44	Fri
McCormick Park	9103baefbb9e07d7a74438559abc758f76a74b21	46.870660	-114.002870	1746213488	2025-05-02	19:18:08	Fri
McCormick Park	a291ce37decdc1bde09d7c65d0eb5d1f0351c0b0	46.873164	-114.005355	1746207743	2025-05-02	17:42:23	Fri
McCormick Park	a291ce37decdc1bde09d7c65d0eb5d1f0351c0b0	46.873153	-114.005320	1746207745	2025-05-02	17:42:25	Fri
McCormick Park	a291ce37decdc1bde09d7c65d0eb5d1f0351c0b0	46.873110	-114.005350	1746207863	2025-05-02	17:44:23	Fri
McCormick Park	a291ce37decdc1bde09d7c65d0eb5d1f0351c0b0	46.873120	-114.005390	1746207741	2025-05-02	17:42:21	Fri
McCormick Park	a291ce37decdc1bde09d7c65d0eb5d1f0351c0b0	46.873100	-114.005360	1746207743	2025-05-02	17:42:23	Fri
McCormick Park	a291ce37decdc1bde09d7c65d0eb5d1f0351c0b0	46.873170	-114.005350	1746207864	2025-05-02	17:44:24	Fri
McCormick Park	986f6ebc426c150bb31fbe68f70e1f158abb0cfb	46.871281	-114.004686	1746168625	2025-05-02	06:50:25	Fri
McCormick Park	986f6ebc426c150bb31fbe68f70e1f158abb0cfb	46.871280	-114.004690	1746168625	2025-05-02	06:50:25	Fri
McCormick Park	8f0c6458080c62b29e38e1873dede895ef8383ce	46.872572	-114.003360	1746216020	2025-05-02	20:00:20	Fri
McCormick Park	8f0c6458080c62b29e38e1873dede895ef8383ce	46.872543	-114.003330	1746216023	2025-05-02	20:00:23	Fri
McCormick Park	8f0c6458080c62b29e38e1873dede895ef8383ce	46.872550	-114.003300	1746216027	2025-05-02	20:00:27	Fri
McCormick Park	8f0c6458080c62b29e38e1873dede895ef8383ce	46.872540	-114.003330	1746216023	2025-05-02	20:00:23	Fri
McCormick Park	fc1512d09bdfbc5991fcbdafe6099a63ec1d1dcd	46.871377	-114.003143	1746224272	2025-05-02	22:17:52	Fri
McCormick Park	aa8ef584faee5758b389d182da2f55c4b2333e80	46.872400	-114.004940	1746151784	2025-05-02	02:09:44	Fri
McCormick Park	aa8ef584faee5758b389d182da2f55c4b2333e80	46.872420	-114.004980	1746151789	2025-05-02	02:09:49	Fri
McCormick Park	aa8ef584faee5758b389d182da2f55c4b2333e80	46.872440	-114.004980	1746151792	2025-05-02	02:09:52	Fri
McCormick Park	aa8ef584faee5758b389d182da2f55c4b2333e80	46.872420	-114.004600	1746151800	2025-05-02	02:10:00	Fri
McCormick Park	aa8ef584faee5758b389d182da2f55c4b2333e80	46.872450	-114.004940	1746151783	2025-05-02	02:09:43	Fri
McCormick Park	aa8ef584faee5758b389d182da2f55c4b2333e80	46.872480	-114.004900	1746151784	2025-05-02	02:09:44	Fri
McCormick Park	77fb4a73ac29e38099f55b58163f1f7e68baf1d9	46.870748	-114.002546	1746163743	2025-05-02	05:29:03	Fri
McCormick Park	77fb4a73ac29e38099f55b58163f1f7e68baf1d9	46.870771	-114.002570	1746163745	2025-05-02	05:29:05	Fri
McCormick Park	77fb4a73ac29e38099f55b58163f1f7e68baf1d9	46.870732	-114.002565	1746173507	2025-05-02	08:11:47	Fri
McCormick Park	77fb4a73ac29e38099f55b58163f1f7e68baf1d9	46.870750	-114.002500	1746173581	2025-05-02	08:13:01	Fri
McCormick Park	77fb4a73ac29e38099f55b58163f1f7e68baf1d9	46.870770	-114.002500	1746173587	2025-05-02	08:13:07	Fri
McCormick Park	77fb4a73ac29e38099f55b58163f1f7e68baf1d9	46.870752	-114.002543	1746173752	2025-05-02	08:15:52	Fri
McCormick Park	77fb4a73ac29e38099f55b58163f1f7e68baf1d9	46.870726	-114.002530	1746173755	2025-05-02	08:15:55	Fri
McCormick Park	77fb4a73ac29e38099f55b58163f1f7e68baf1d9	46.870742	-114.002586	1746174812	2025-05-02	08:33:32	Fri
McCormick Park	77fb4a73ac29e38099f55b58163f1f7e68baf1d9	46.870724	-114.002530	1746173755	2025-05-02	08:15:55	Fri
McCormick Park	824fbd37695be3817f074121bcf8a0f0f0f27c56	46.871030	-114.003610	1746212290	2025-05-02	18:58:10	Fri
McCormick Park	ef52730dc4435b5d9059719262e0ab54aa74e610	46.871481	-114.004957	1746154857	2025-05-02	03:00:57	Fri
McCormick Park	ef52730dc4435b5d9059719262e0ab54aa74e610	46.872700	-114.004807	1746154857	2025-05-02	03:00:57	Fri
McCormick Park	ef52730dc4435b5d9059719262e0ab54aa74e610	46.872700	-114.004810	1746154857	2025-05-02	03:00:57	Fri
McCormick Park	ef52730dc4435b5d9059719262e0ab54aa74e610	46.872700	-114.004810	1746154858	2025-05-02	03:00:58	Fri
McCormick Park	6f9a8c000fc4b1839f14bd16ee58d1be045f3d45	46.872400	-114.004380	1746225586	2025-05-02	22:39:46	Fri
McCormick Park	6f9a8c000fc4b1839f14bd16ee58d1be045f3d45	46.872400	-114.004330	1746225794	2025-05-02	22:43:14	Fri
McCormick Park	6f9a8c000fc4b1839f14bd16ee58d1be045f3d45	46.872400	-114.004360	1746226446	2025-05-02	22:54:06	Fri
McCormick Park	9212b43ec33923d34b5538de9825b2f1973a09f6	46.871170	-114.003140	1746154488	2025-05-02	02:54:48	Fri
McCormick Park	53f6b9599b88ad5fc21ace4864ab45437a0a3583	46.872900	-114.005430	1746223994	2025-05-02	22:13:14	Fri
McCormick Park	53f6b9599b88ad5fc21ace4864ab45437a0a3583	46.872960	-114.005470	1746224314	2025-05-02	22:18:34	Fri
McCormick Park	53f6b9599b88ad5fc21ace4864ab45437a0a3583	46.872900	-114.005440	1746224372	2025-05-02	22:19:32	Fri
McCormick Park	53f6b9599b88ad5fc21ace4864ab45437a0a3583	46.872900	-114.005430	1746224421	2025-05-02	22:20:21	Fri
McCormick Park	53f6b9599b88ad5fc21ace4864ab45437a0a3583	46.872900	-114.005420	1746224435	2025-05-02	22:20:35	Fri
McCormick Park	53f6b9599b88ad5fc21ace4864ab45437a0a3583	46.872900	-114.005420	1746224488	2025-05-02	22:21:28	Fri
McCormick Park	53f6b9599b88ad5fc21ace4864ab45437a0a3583	46.872940	-114.005410	1746224609	2025-05-02	22:23:29	Fri
McCormick Park	53f6b9599b88ad5fc21ace4864ab45437a0a3583	46.872900	-114.005410	1746224616	2025-05-02	22:23:36	Fri
McCormick Park	53f6b9599b88ad5fc21ace4864ab45437a0a3583	46.872900	-114.005450	1746224944	2025-05-02	22:29:04	Fri
McCormick Park	53f6b9599b88ad5fc21ace4864ab45437a0a3583	46.872970	-114.005440	1746224311	2025-05-02	22:18:31	Fri
McCormick Park	53f6b9599b88ad5fc21ace4864ab45437a0a3583	46.872900	-114.005410	1746224483	2025-05-02	22:21:23	Fri
McCormick Park	a72541f1d149f405f0154861b00ee7180f6c6eda	46.870960	-114.002170	1746193790	2025-05-02	13:49:50	Fri
McCormick Park	a72541f1d149f405f0154861b00ee7180f6c6eda	46.870976	-114.002170	1746193878	2025-05-02	13:51:18	Fri
McCormick Park	a72541f1d149f405f0154861b00ee7180f6c6eda	46.870986	-114.002150	1746194193	2025-05-02	13:56:33	Fri
McCormick Park	a72541f1d149f405f0154861b00ee7180f6c6eda	46.870983	-114.002162	1746194194	2025-05-02	13:56:34	Fri
McCormick Park	a72541f1d149f405f0154861b00ee7180f6c6eda	46.870960	-114.002180	1746193796	2025-05-02	13:49:56	Fri
McCormick Park	a72541f1d149f405f0154861b00ee7180f6c6eda	46.870960	-114.002180	1746193876	2025-05-02	13:51:16	Fri
McCormick Park	822a7f1e880824b986197e190a3898f4e866d4e8	46.871010	-114.003660	1746205564	2025-05-02	17:06:04	Fri
McCormick Park	822a7f1e880824b986197e190a3898f4e866d4e8	46.871020	-114.003670	1746205568	2025-05-02	17:06:08	Fri
McCormick Park	822a7f1e880824b986197e190a3898f4e866d4e8	46.871020	-114.003610	1746205562	2025-05-02	17:06:02	Fri
McCormick Park	822a7f1e880824b986197e190a3898f4e866d4e8	46.871070	-114.003620	1746205568	2025-05-02	17:06:08	Fri
McCormick Park	9f7c0adc5e817b40ad3353c8d8ce5fe894c95aec	46.871452	-114.001953	1746154862	2025-05-02	03:01:02	Fri
McCormick Park	9f7c0adc5e817b40ad3353c8d8ce5fe894c95aec	46.871452	-114.001973	1746154865	2025-05-02	03:01:05	Fri
McCormick Park	9f7c0adc5e817b40ad3353c8d8ce5fe894c95aec	46.871410	-114.001940	1746154860	2025-05-02	03:01:00	Fri
McCormick Park	9f7c0adc5e817b40ad3353c8d8ce5fe894c95aec	46.871450	-114.001960	1746154862	2025-05-02	03:01:02	Fri
McCormick Park	9f7c0adc5e817b40ad3353c8d8ce5fe894c95aec	46.871410	-114.001920	1746154863	2025-05-02	03:01:03	Fri
McCormick Park	ee53822d35fb81393833b07043f13b235bbeaefa	46.871033	-114.002075	1746149751	2025-05-02	01:35:51	Fri
McCormick Park	ee53822d35fb81393833b07043f13b235bbeaefa	46.871030	-114.002080	1746149751	2025-05-02	01:35:51	Fri
McCormick Park	ea0a5f3bbcfc2afe1d07b06c05976105b9f92ddd	46.871300	-114.003120	1746149231	2025-05-02	01:27:11	Fri
McCormick Park	bc7e7814c91d240006107f686be6e79c755d81ff	46.873000	-114.005230	1746199845	2025-05-02	15:30:45	Fri
McCormick Park	bc7e7814c91d240006107f686be6e79c755d81ff	46.873070	-114.005220	1746200013	2025-05-02	15:33:33	Fri
McCormick Park	6d59d61a50ff11b14a49359f1824d527dd0585fd	46.872988	-114.005520	1745108803	2025-04-20	00:26:43	Sun
McCormick Park	6d59d61a50ff11b14a49359f1824d527dd0585fd	46.872476	-114.004410	1745109725	2025-04-20	00:42:05	Sun
McCormick Park	6d59d61a50ff11b14a49359f1824d527dd0585fd	46.871757	-114.004924	1745109906	2025-04-20	00:45:06	Sun
McCormick Park	1c27236db1d82fd84ed699e807c0ca13154b4fe2	46.872658	-114.003254	1745184930	2025-04-20	21:35:30	Sun
McCormick Park	1c27236db1d82fd84ed699e807c0ca13154b4fe2	46.872535	-114.004161	1745184955	2025-04-20	21:35:55	Sun
McCormick Park	db23399824d6afd6ceec5999ed00f468168a217a	46.871180	-114.004340	1745126904	2025-04-20	05:28:24	Sun
McCormick Park	e519f834a392ab0d02055c99d0377bb990c561c0	46.871076	-114.003616	1745182470	2025-04-20	20:54:30	Sun
McCormick Park	e519f834a392ab0d02055c99d0377bb990c561c0	46.871077	-114.003673	1745182475	2025-04-20	20:54:35	Sun
McCormick Park	6c7a22d7c3f318bae2dab7c02892282942229171	46.871360	-114.003150	1745130240	2025-04-20	06:24:00	Sun
McCormick Park	6c7a22d7c3f318bae2dab7c02892282942229171	46.871310	-114.003120	1745130243	2025-04-20	06:24:03	Sun
McCormick Park	6c7a22d7c3f318bae2dab7c02892282942229171	46.871330	-114.003100	1745130231	2025-04-20	06:23:51	Sun
McCormick Park	b3288a2999381a6d54f39a6112e187f65c47e6c8	46.873170	-114.005400	1745161027	2025-04-20	14:57:07	Sun
McCormick Park	b3288a2999381a6d54f39a6112e187f65c47e6c8	46.873184	-114.005360	1745162128	2025-04-20	15:15:28	Sun
McCormick Park	d1d9f62d77bbd84fa519c0b255aea23901d23d92	46.872430	-114.004700	1745188885	2025-04-20	22:41:25	Sun
McCormick Park	d1d9f62d77bbd84fa519c0b255aea23901d23d92	46.872470	-114.004700	1745188881	2025-04-20	22:41:21	Sun
McCormick Park	d1d9f62d77bbd84fa519c0b255aea23901d23d92	46.872480	-114.004700	1745188887	2025-04-20	22:41:27	Sun
McCormick Park	d03d65e60d85e985a12e1944c24dca44451ce9a7	46.872380	-114.005156	1745185145	2025-04-20	21:39:05	Sun
McCormick Park	d03d65e60d85e985a12e1944c24dca44451ce9a7	46.872700	-114.005141	1745189881	2025-04-20	22:58:01	Sun
McCormick Park	d03d65e60d85e985a12e1944c24dca44451ce9a7	46.872871	-114.005200	1745189921	2025-04-20	22:58:41	Sun
McCormick Park	d03d65e60d85e985a12e1944c24dca44451ce9a7	46.872566	-114.004800	1745192555	2025-04-20	23:42:35	Sun
McCormick Park	d03d65e60d85e985a12e1944c24dca44451ce9a7	46.872585	-114.004800	1745192559	2025-04-20	23:42:39	Sun
McCormick Park	fffae7578bc1701abc64bda790941ec732583a36	46.870881	-114.003312	1745150657	2025-04-20	12:04:17	Sun
McCormick Park	fffae7578bc1701abc64bda790941ec732583a36	46.870869	-114.003327	1745150664	2025-04-20	12:04:24	Sun
McCormick Park	6b884515759912f458e179a3b7c909b3f68647f4	46.870831	-114.002426	1745171141	2025-04-20	17:45:41	Sun
McCormick Park	6b884515759912f458e179a3b7c909b3f68647f4	46.870922	-114.002289	1745171152	2025-04-20	17:45:52	Sun
McCormick Park	c4e055227a7f9525d4171699b29e4491354b36e4	46.872810	-114.005240	1745107240	2025-04-20	00:00:40	Sun
McCormick Park	c4e055227a7f9525d4171699b29e4491354b36e4	46.872440	-114.004440	1745109727	2025-04-20	00:42:07	Sun
McCormick Park	c4e055227a7f9525d4171699b29e4491354b36e4	46.872440	-114.004480	1745109741	2025-04-20	00:42:21	Sun
McCormick Park	c4e055227a7f9525d4171699b29e4491354b36e4	46.872400	-114.004450	1745109897	2025-04-20	00:44:57	Sun
McCormick Park	c4e055227a7f9525d4171699b29e4491354b36e4	46.872100	-114.004950	1745109900	2025-04-20	00:45:00	Sun
McCormick Park	c4e055227a7f9525d4171699b29e4491354b36e4	46.872530	-114.004470	1745109921	2025-04-20	00:45:21	Sun
McCormick Park	9f0d113de25a2bda80e754e9666f7c27c55a8ab1	46.872968	-114.005581	1745108847	2025-04-20	00:27:27	Sun
McCormick Park	183cbc66fc74270db71fdd07ff6e1d9c6734f4d6	46.871020	-114.003620	1745132141	2025-04-20	06:55:41	Sun
McCormick Park	df86be87fa9ab806acc010219c74525a597f9e64	46.872120	-114.005250	1745115206	2025-04-20	02:13:26	Sun
McCormick Park	df86be87fa9ab806acc010219c74525a597f9e64	46.872120	-114.005250	1745115366	2025-04-20	02:16:06	Sun
McCormick Park	df86be87fa9ab806acc010219c74525a597f9e64	46.872040	-114.005690	1745115621	2025-04-20	02:20:21	Sun
McCormick Park	cccdf9e49da3384e649153604f423709cc90e963	46.872760	-114.005630	1745189533	2025-04-20	22:52:13	Sun
McCormick Park	cccdf9e49da3384e649153604f423709cc90e963	46.872720	-114.005600	1745189536	2025-04-20	22:52:16	Sun
McCormick Park	e09ec3e21400f7757af2465dab75b4548ad891b9	46.873625	-114.003120	1743114447	2025-03-27	22:27:27	Thu
McCormick Park	2a929850d623c10f2a630f2832d00c2668ae743a	46.872602	-114.004865	1743042336	2025-03-27	02:25:36	Thu
McCormick Park	2a929850d623c10f2a630f2832d00c2668ae743a	46.872646	-114.004882	1743042376	2025-03-27	02:26:16	Thu
McCormick Park	2a929850d623c10f2a630f2832d00c2668ae743a	46.872640	-114.004860	1743042333	2025-03-27	02:25:33	Thu
McCormick Park	2a929850d623c10f2a630f2832d00c2668ae743a	46.872600	-114.004840	1743042373	2025-03-27	02:26:13	Thu
McCormick Park	046201192d3a1e865098606b490dbbe7f088db5f	46.872940	-114.005328	1743099720	2025-03-27	18:22:00	Thu
McCormick Park	046201192d3a1e865098606b490dbbe7f088db5f	46.872985	-114.005327	1743099752	2025-03-27	18:22:32	Thu
McCormick Park	046201192d3a1e865098606b490dbbe7f088db5f	46.872980	-114.005310	1743099728	2025-03-27	18:22:08	Thu
McCormick Park	985970c7716679822152213a104bd1555da66db5	46.871600	-114.004880	1743083784	2025-03-27	13:56:24	Thu
McCormick Park	985970c7716679822152213a104bd1555da66db5	46.872630	-114.004510	1743083871	2025-03-27	13:57:51	Thu
McCormick Park	e37ab7817c47ece8852cfb8aa2dba547edaff3b0	46.871440	-114.005300	1743038404	2025-03-27	01:20:04	Thu
McCormick Park	1bffc271b60eee9fdac2133d82bd9a42b5a3262d	46.872030	-114.004857	1743036410	2025-03-27	00:46:50	Thu
McCormick Park	1bffc271b60eee9fdac2133d82bd9a42b5a3262d	46.872030	-114.004830	1743043516	2025-03-27	02:45:16	Thu
McCormick Park	1bffc271b60eee9fdac2133d82bd9a42b5a3262d	46.872060	-114.004880	1743036416	2025-03-27	00:46:56	Thu
McCormick Park	1bffc271b60eee9fdac2133d82bd9a42b5a3262d	46.872030	-114.004820	1743043513	2025-03-27	02:45:13	Thu
McCormick Park	1bffc271b60eee9fdac2133d82bd9a42b5a3262d	46.872030	-114.004850	1743043520	2025-03-27	02:45:20	Thu
McCormick Park	93fcf24612be21c993049f5a3b5c46fa95d55172	46.872562	-114.004222	1743082453	2025-03-27	13:34:13	Thu
McCormick Park	3f3976b6fd7644372452f6578dbaac8e910d50c6	46.872443	-114.002660	1743089160	2025-03-27	15:26:00	Thu
McCormick Park	3f3976b6fd7644372452f6578dbaac8e910d50c6	46.872470	-114.002650	1743089218	2025-03-27	15:26:58	Thu
McCormick Park	3f3976b6fd7644372452f6578dbaac8e910d50c6	46.872450	-114.002620	1743089212	2025-03-27	15:26:52	Thu
McCormick Park	1e29d9eb4b47417d00a9756af0b083b51028ff36	46.872120	-114.004740	1743094205	2025-03-27	16:50:05	Thu
McCormick Park	1e29d9eb4b47417d00a9756af0b083b51028ff36	46.872550	-114.005320	1743094218	2025-03-27	16:50:18	Thu
McCormick Park	1e29d9eb4b47417d00a9756af0b083b51028ff36	46.872580	-114.005340	1743094241	2025-03-27	16:50:41	Thu
McCormick Park	1e29d9eb4b47417d00a9756af0b083b51028ff36	46.872130	-114.004760	1743094250	2025-03-27	16:50:50	Thu
McCormick Park	a3562cf7bc312090e09065af3133f641f91f02b4	46.871058	-114.002246	1743087831	2025-03-27	15:03:51	Thu
McCormick Park	7a145cc5cc65270d079835e949b380c852154a2d	46.871320	-114.003100	1743056643	2025-03-27	06:24:03	Thu
McCormick Park	7a145cc5cc65270d079835e949b380c852154a2d	46.871337	-114.003120	1743056662	2025-03-27	06:24:22	Thu
McCormick Park	5c0d302ed669fad0b0fc8402c0483280d9e5c125	46.872363	-114.005094	1743110615	2025-03-27	21:23:35	Thu
McCormick Park	5c0d302ed669fad0b0fc8402c0483280d9e5c125	46.872946	-114.005291	1743116003	2025-03-27	22:53:23	Thu
McCormick Park	5c0d302ed669fad0b0fc8402c0483280d9e5c125	46.872867	-114.005284	1743116009	2025-03-27	22:53:29	Thu
McCormick Park	5c0d302ed669fad0b0fc8402c0483280d9e5c125	46.873107	-114.004584	1743116032	2025-03-27	22:53:52	Thu
McCormick Park	5c0d302ed669fad0b0fc8402c0483280d9e5c125	46.872916	-114.005262	1743116032	2025-03-27	22:53:52	Thu
McCormick Park	5c0d302ed669fad0b0fc8402c0483280d9e5c125	46.872962	-114.005262	1743116033	2025-03-27	22:53:53	Thu
McCormick Park	5c0d302ed669fad0b0fc8402c0483280d9e5c125	46.872510	-114.004972	1743116509	2025-03-27	23:01:49	Thu
McCormick Park	574fd804e467a42750cd6e39cd907aa3720c1b9a	46.872288	-114.005421	1743108406	2025-03-27	20:46:46	Thu
McCormick Park	a00d232c894cbfc3cc4bdf45bbcc9cf37c459ce3	46.872547	-114.004823	1743103300	2025-03-27	19:21:40	Thu
McCormick Park	a00d232c894cbfc3cc4bdf45bbcc9cf37c459ce3	46.872570	-114.004810	1743103291	2025-03-27	19:21:31	Thu
McCormick Park	a00d232c894cbfc3cc4bdf45bbcc9cf37c459ce3	46.872540	-114.004880	1743103304	2025-03-27	19:21:44	Thu
McCormick Park	a00d232c894cbfc3cc4bdf45bbcc9cf37c459ce3	46.872550	-114.004880	1743103306	2025-03-27	19:21:46	Thu
McCormick Park	bd74abbf103f95fd257525af0d60bf6789a33425	46.872053	-114.005122	1743098381	2025-03-27	17:59:41	Thu
McCormick Park	bd74abbf103f95fd257525af0d60bf6789a33425	46.872007	-114.005102	1743098383	2025-03-27	17:59:43	Thu
McCormick Park	bd74abbf103f95fd257525af0d60bf6789a33425	46.872080	-114.005190	1743098382	2025-03-27	17:59:42	Thu
McCormick Park	bd74abbf103f95fd257525af0d60bf6789a33425	46.872020	-114.005120	1743098384	2025-03-27	17:59:44	Thu
McCormick Park	bd74abbf103f95fd257525af0d60bf6789a33425	46.872050	-114.005120	1743098381	2025-03-27	17:59:41	Thu
McCormick Park	d25ac2e95f3fda99c91f19fbed75ee6c72f0dcb6	46.872940	-114.005350	1743108972	2025-03-27	20:56:12	Thu
McCormick Park	071551b96c0452f37f778640fd3fd066591a1879	46.870950	-114.002690	1748271314	2025-05-26	14:55:14	Mon
McCormick Park	fe6822b1f1dfe71f79a7a27d06184c42307467a0	46.872130	-114.004330	1748291908	2025-05-26	20:38:28	Mon
McCormick Park	fe6822b1f1dfe71f79a7a27d06184c42307467a0	46.872190	-114.004310	1748291939	2025-05-26	20:38:59	Mon
McCormick Park	fe6822b1f1dfe71f79a7a27d06184c42307467a0	46.872440	-114.004670	1748292618	2025-05-26	20:50:18	Mon
McCormick Park	77de5130f2a3fedcd4eae12832e7252397dc5174	46.871050	-114.002500	1748282854	2025-05-26	18:07:34	Mon
McCormick Park	77de5130f2a3fedcd4eae12832e7252397dc5174	46.871040	-114.002500	1748282857	2025-05-26	18:07:37	Mon
McCormick Park	a311be2c9b05b0be7cd90c9b6061a058a2f195af	46.872780	-114.004920	1748295747	2025-05-26	21:42:27	Mon
McCormick Park	a311be2c9b05b0be7cd90c9b6061a058a2f195af	46.872500	-114.004790	1748295755	2025-05-26	21:42:35	Mon
McCormick Park	2405d4b885217f9e8ee8cb4c55d956b4994e34ac	46.871370	-114.001410	1748284241	2025-05-26	18:30:41	Mon
McCormick Park	d61ab7445ba7e496c8a7db32cda6ea6376c88751	46.871100	-114.001950	1748226098	2025-05-26	02:21:38	Mon
McCormick Park	d61ab7445ba7e496c8a7db32cda6ea6376c88751	46.871150	-114.001920	1748226103	2025-05-26	02:21:43	Mon
McCormick Park	d61ab7445ba7e496c8a7db32cda6ea6376c88751	46.871140	-114.001980	1748226103	2025-05-26	02:21:43	Mon
McCormick Park	d61ab7445ba7e496c8a7db32cda6ea6376c88751	46.871120	-114.001940	1748226100	2025-05-26	02:21:40	Mon
McCormick Park	f2bc833522df5dcbbfc7cd0a1ff7857fd4540403	46.871470	-114.001690	1748222166	2025-05-26	01:16:06	Mon
McCormick Park	3bd4e8c51e7300fc40e63b0639dbf70a2ec7d484	46.870770	-114.002610	1748283355	2025-05-26	18:15:55	Mon
McCormick Park	a69df245f7956bfa3d0587a75af78e6419acc799	46.871300	-114.002220	1748281881	2025-05-26	17:51:21	Mon
McCormick Park	5d1a708f49084bbc917f0e4e5d4eb0b7cead06fa	46.871220	-114.003740	1748227229	2025-05-26	02:40:29	Mon
McCormick Park	a43c3df650b8ad2aada88483fffa5e06eb287250	46.871580	-114.001860	1748220034	2025-05-26	00:40:34	Mon
McCormick Park	a43c3df650b8ad2aada88483fffa5e06eb287250	46.871550	-114.001870	1748220038	2025-05-26	00:40:38	Mon
McCormick Park	a43c3df650b8ad2aada88483fffa5e06eb287250	46.871540	-114.001850	1748220035	2025-05-26	00:40:35	Mon
McCormick Park	136adb399453c4218d53a7254e5cee48c8d87cc4	46.872800	-114.005250	1748297321	2025-05-26	22:08:41	Mon
McCormick Park	136adb399453c4218d53a7254e5cee48c8d87cc4	46.873280	-114.005590	1748297232	2025-05-26	22:07:12	Mon
McCormick Park	136adb399453c4218d53a7254e5cee48c8d87cc4	46.872760	-114.005590	1748297242	2025-05-26	22:07:22	Mon
McCormick Park	136adb399453c4218d53a7254e5cee48c8d87cc4	46.872870	-114.005280	1748297326	2025-05-26	22:08:46	Mon
McCormick Park	cb475ec54d5444229cd746d60ef56237f921671c	46.871410	-114.001870	1748294229	2025-05-26	21:17:09	Mon
McCormick Park	10be7a11ec76702211523fae9731659779748ab5	46.871160	-114.003670	1748277860	2025-05-26	16:44:20	Mon
McCormick Park	ec2a7a6e1b841aec52f4ffc669cb062ab9450866	46.871060	-114.002080	1748249639	2025-05-26	08:53:59	Mon
McCormick Park	0cad55b7733996d6cbb834277386378637bd1b70	46.871010	-114.002100	1748298478	2025-05-26	22:27:58	Mon
McCormick Park	0ccce2bf5b2b077af67344e27a84aa8d91ea9e32	46.870720	-114.002830	1748218708	2025-05-26	00:18:28	Mon
McCormick Park	c33c2d4c8ca69e067f1725a243c426bc1e9fa8a3	46.871030	-114.003450	1748270854	2025-05-26	14:47:34	Mon
McCormick Park	c33c2d4c8ca69e067f1725a243c426bc1e9fa8a3	46.871030	-114.003320	1748270099	2025-05-26	14:34:59	Mon
McCormick Park	c33c2d4c8ca69e067f1725a243c426bc1e9fa8a3	46.871010	-114.002960	1748270121	2025-05-26	14:35:21	Mon
McCormick Park	c33c2d4c8ca69e067f1725a243c426bc1e9fa8a3	46.871010	-114.003440	1748270857	2025-05-26	14:47:37	Mon
McCormick Park	1da0e141689dc1bead83e94eeaa8235435507888	46.872510	-114.004960	1748285455	2025-05-26	18:50:55	Mon
McCormick Park	1da0e141689dc1bead83e94eeaa8235435507888	46.872850	-114.005230	1748285896	2025-05-26	18:58:16	Mon
McCormick Park	1da0e141689dc1bead83e94eeaa8235435507888	46.873270	-114.005290	1748294376	2025-05-26	21:19:36	Mon
McCormick Park	09779ff8e054796c2d5cced0ee8106ec93c636be	46.872660	-114.002200	1748261114	2025-05-26	12:05:14	Mon
McCormick Park	09779ff8e054796c2d5cced0ee8106ec93c636be	46.872660	-114.002150	1748261734	2025-05-26	12:15:34	Mon
McCormick Park	00f3b84bea316933d64326b2a2300cd3d9faa540	46.871490	-114.004540	1748219537	2025-05-26	00:32:17	Mon
McCormick Park	7fcc0d5b3953305d15f47fdec43b3b2d58e8954a	46.870650	-114.002860	1748226069	2025-05-26	02:21:09	Mon
McCormick Park	acc707c8e936c7c40a769a28f2dba67cb6eb38f4	46.871450	-114.004460	1748227947	2025-05-26	02:52:27	Mon
McCormick Park	6e85b5d4a7016d1e53f830a1dc9edff204b8816a	46.870970	-114.003340	1748252792	2025-05-26	09:46:32	Mon
McCormick Park	6e85b5d4a7016d1e53f830a1dc9edff204b8816a	46.871010	-114.003330	1748253060	2025-05-26	09:51:00	Mon
McCormick Park	f89160cce6f1380d53d207b748fef993f0539d4f	46.871950	-114.005750	1748226125	2025-05-26	02:22:05	Mon
McCormick Park	f89160cce6f1380d53d207b748fef993f0539d4f	46.871950	-114.005730	1748226522	2025-05-26	02:28:42	Mon
McCormick Park	f89160cce6f1380d53d207b748fef993f0539d4f	46.872770	-114.005390	1748226788	2025-05-26	02:33:08	Mon
McCormick Park	f89160cce6f1380d53d207b748fef993f0539d4f	46.871380	-114.005010	1748227552	2025-05-26	02:45:52	Mon
McCormick Park	f89160cce6f1380d53d207b748fef993f0539d4f	46.872230	-114.005880	1748227678	2025-05-26	02:47:58	Mon
McCormick Park	f89160cce6f1380d53d207b748fef993f0539d4f	46.872550	-114.004580	1748228087	2025-05-26	02:54:47	Mon
McCormick Park	f89160cce6f1380d53d207b748fef993f0539d4f	46.871910	-114.006430	1748229127	2025-05-26	03:12:07	Mon
McCormick Park	f89160cce6f1380d53d207b748fef993f0539d4f	46.872210	-114.004870	1748229811	2025-05-26	03:23:31	Mon
McCormick Park	f89160cce6f1380d53d207b748fef993f0539d4f	46.872540	-114.004800	1748229962	2025-05-26	03:26:02	Mon
McCormick Park	f89160cce6f1380d53d207b748fef993f0539d4f	46.872250	-114.005530	1748230134	2025-05-26	03:28:54	Mon
McCormick Park	f89160cce6f1380d53d207b748fef993f0539d4f	46.871870	-114.006350	1748230292	2025-05-26	03:31:32	Mon
McCormick Park	f89160cce6f1380d53d207b748fef993f0539d4f	46.871940	-114.005210	1748230591	2025-05-26	03:36:31	Mon
McCormick Park	fe483d9c6bd1962a452264a1d206fa43b3a68fd8	46.871840	-114.006540	1748270806	2025-05-26	14:46:46	Mon
McCormick Park	9d0e9b174a42e6652f812cacbb6b159c9cba456b	46.870890	-114.002570	1748287404	2025-05-26	19:23:24	Mon
McCormick Park	969ab5646aaed82c46aa02a82229f1fc6e673f0c	46.870840	-114.003160	1748220575	2025-05-26	00:49:35	Mon
McCormick Park	da53905f6911c78fcf0198835ae888a651e73041	46.870750	-114.002870	1748281990	2025-05-26	17:53:10	Mon
McCormick Park	da53905f6911c78fcf0198835ae888a651e73041	46.870890	-114.002360	1748282038	2025-05-26	17:53:58	Mon
McCormick Park	65b8f6790ed069ba12a92ff4330e1d336a995b48	46.870780	-114.002470	1748270796	2025-05-26	14:46:36	Mon
McCormick Park	2270bced78a6405a340e49b6e7a1254dea43f931	46.870740	-114.002690	1748270741	2025-05-26	14:45:41	Mon
McCormick Park	2270bced78a6405a340e49b6e7a1254dea43f931	46.870730	-114.002650	1748270746	2025-05-26	14:45:46	Mon
McCormick Park	170c74eb5bae75ced462b06bdc1b397ebe749d61	46.871330	-114.001580	1747190956	2025-05-14	02:49:16	Wed
McCormick Park	de432829ec611ea08e20fcfa38a9367ae49abdaa	46.872804	-114.004647	1747263879	2025-05-14	23:04:39	Wed
McCormick Park	de432829ec611ea08e20fcfa38a9367ae49abdaa	46.871694	-114.004926	1747263904	2025-05-14	23:05:04	Wed
McCormick Park	de432829ec611ea08e20fcfa38a9367ae49abdaa	46.871706	-114.004881	1747263944	2025-05-14	23:05:44	Wed
McCormick Park	de432829ec611ea08e20fcfa38a9367ae49abdaa	46.872793	-114.004657	1747263945	2025-05-14	23:05:45	Wed
McCormick Park	de432829ec611ea08e20fcfa38a9367ae49abdaa	46.871706	-114.004881	1747263945	2025-05-14	23:05:45	Wed
McCormick Park	de432829ec611ea08e20fcfa38a9367ae49abdaa	46.871692	-114.004853	1747264119	2025-05-14	23:08:39	Wed
McCormick Park	de432829ec611ea08e20fcfa38a9367ae49abdaa	46.871692	-114.004853	1747264124	2025-05-14	23:08:44	Wed
McCormick Park	de432829ec611ea08e20fcfa38a9367ae49abdaa	46.871689	-114.004862	1747264169	2025-05-14	23:09:29	Wed
McCormick Park	de432829ec611ea08e20fcfa38a9367ae49abdaa	46.871690	-114.004861	1747264169	2025-05-14	23:09:29	Wed
McCormick Park	de432829ec611ea08e20fcfa38a9367ae49abdaa	46.871506	-114.004678	1747264972	2025-05-14	23:22:52	Wed
McCormick Park	84b96d1fe6a503a2c6b7880b72e317f88773cb9c	46.872700	-114.004860	1747191980	2025-05-14	03:06:20	Wed
McCormick Park	69d80dde527ae91db055b393b50da5e0145f37d9	46.871680	-114.003130	1747181813	2025-05-14	00:16:53	Wed
McCormick Park	a780c659bf7f138f5f5669b8b4894c327dbcc239	46.871300	-114.003140	1747194082	2025-05-14	03:41:22	Wed
McCormick Park	a780c659bf7f138f5f5669b8b4894c327dbcc239	46.871650	-114.003160	1747194157	2025-05-14	03:42:37	Wed
McCormick Park	a780c659bf7f138f5f5669b8b4894c327dbcc239	46.871370	-114.003400	1747194184	2025-05-14	03:43:04	Wed
McCormick Park	dab5f0e9d85e729568ec39871e3283288d5a56c2	46.873440	-114.004540	1747260159	2025-05-14	22:02:39	Wed
McCormick Park	dab5f0e9d85e729568ec39871e3283288d5a56c2	46.873480	-114.005170	1747260192	2025-05-14	22:03:12	Wed
McCormick Park	c86f63481d97cab94422f29ca9cdef620b570490	46.872980	-114.005430	1747194533	2025-05-14	03:48:53	Wed
McCormick Park	c86f63481d97cab94422f29ca9cdef620b570490	46.873030	-114.005340	1747195322	2025-05-14	04:02:02	Wed
McCormick Park	c86f63481d97cab94422f29ca9cdef620b570490	46.873140	-114.005380	1747195946	2025-05-14	04:12:26	Wed
McCormick Park	c86f63481d97cab94422f29ca9cdef620b570490	46.872970	-114.005740	1747196636	2025-05-14	04:23:56	Wed
McCormick Park	c86f63481d97cab94422f29ca9cdef620b570490	46.873200	-114.005420	1747198235	2025-05-14	04:50:35	Wed
McCormick Park	1e100016ee0674bc16e2a32cb2fcdc6670507df9	46.871950	-114.004030	1747253236	2025-05-14	20:07:16	Wed
McCormick Park	2e4f7cd0dd1d298830960821232c12831c9c4af0	46.870730	-114.002610	1747230971	2025-05-14	13:56:11	Wed
McCormick Park	70b27dd377a2fe287b64bd5205fb52d1a0312363	46.871370	-114.003110	1747233296	2025-05-14	14:34:56	Wed
McCormick Park	70b27dd377a2fe287b64bd5205fb52d1a0312363	46.871060	-114.002790	1747233314	2025-05-14	14:35:14	Wed
McCormick Park	70b27dd377a2fe287b64bd5205fb52d1a0312363	46.871390	-114.003490	1747233462	2025-05-14	14:37:42	Wed
McCormick Park	70b27dd377a2fe287b64bd5205fb52d1a0312363	46.871650	-114.003100	1747233483	2025-05-14	14:38:03	Wed
McCormick Park	70b27dd377a2fe287b64bd5205fb52d1a0312363	46.871670	-114.003130	1747262162	2025-05-14	22:36:02	Wed
McCormick Park	70b27dd377a2fe287b64bd5205fb52d1a0312363	46.871300	-114.003130	1747262231	2025-05-14	22:37:11	Wed
McCormick Park	4008c3f237adece8c2005a66ec90fd781d1c6f54	46.871470	-114.001430	1747234021	2025-05-14	14:47:01	Wed
McCormick Park	4008c3f237adece8c2005a66ec90fd781d1c6f54	46.871450	-114.001470	1747234027	2025-05-14	14:47:07	Wed
McCormick Park	b294ed9e5c1f63dfc2440becd16d19ea085a7923	46.873820	-114.003560	1747245592	2025-05-14	17:59:52	Wed
McCormick Park	5451f665f271493bac79ef89ffd628f41d893cbd	46.872170	-114.004600	1747186340	2025-05-14	01:32:20	Wed
McCormick Park	709306e5529ce1ff2bad3a26e49cfb5e5e943ec3	46.873010	-114.005220	1747184552	2025-05-14	01:02:32	Wed
McCormick Park	709306e5529ce1ff2bad3a26e49cfb5e5e943ec3	46.873060	-114.005160	1747189574	2025-05-14	02:26:14	Wed
McCormick Park	709306e5529ce1ff2bad3a26e49cfb5e5e943ec3	46.873050	-114.005150	1747191453	2025-05-14	02:57:33	Wed
McCormick Park	c7fdacfa236767761c719e101281196c345e6cd5	46.871010	-114.003160	1747215285	2025-05-14	09:34:45	Wed
McCormick Park	c7fdacfa236767761c719e101281196c345e6cd5	46.870860	-114.002340	1747215884	2025-05-14	09:44:44	Wed
McCormick Park	c7fdacfa236767761c719e101281196c345e6cd5	46.871010	-114.003420	1747216137	2025-05-14	09:48:57	Wed
McCormick Park	c7fdacfa236767761c719e101281196c345e6cd5	46.871320	-114.003420	1747216228	2025-05-14	09:50:28	Wed
McCormick Park	c7fdacfa236767761c719e101281196c345e6cd5	46.872100	-114.003030	1747251077	2025-05-14	19:31:17	Wed
McCormick Park	c7fdacfa236767761c719e101281196c345e6cd5	46.872330	-114.002600	1747251832	2025-05-14	19:43:52	Wed
McCormick Park	c7fdacfa236767761c719e101281196c345e6cd5	46.872060	-114.002850	1747263726	2025-05-14	23:02:06	Wed
McCormick Park	05279c4c18fa23e07894d3efadf3657b053f65b3	46.872420	-114.002960	1747248417	2025-05-14	18:46:57	Wed
McCormick Park	05279c4c18fa23e07894d3efadf3657b053f65b3	46.871790	-114.005560	1747249616	2025-05-14	19:06:56	Wed
McCormick Park	fe5f61dd533e877355eb3cca77beafeadd7743ab	46.873130	-114.004350	1747235322	2025-05-14	15:08:42	Wed
McCormick Park	c2199eccb59f3ae1daaea38664e0cb3a63fcb91f	46.871240	-114.003000	1747192946	2025-05-14	03:22:26	Wed
McCormick Park	c2199eccb59f3ae1daaea38664e0cb3a63fcb91f	46.871130	-114.003000	1747192950	2025-05-14	03:22:30	Wed
McCormick Park	c2199eccb59f3ae1daaea38664e0cb3a63fcb91f	46.871130	-114.002320	1747194456	2025-05-14	03:47:36	Wed
McCormick Park	6c680701b47344308cd6d0c04391a2a6e1b1056c	46.871150	-114.002620	1747262624	2025-05-14	22:43:44	Wed
McCormick Park	3c7186e35138ea7aab8238d76ea1f5e46b2dd8cb	46.871340	-114.003520	1747213869	2025-05-14	09:11:09	Wed
McCormick Park	993ee58f71a2bdf98eb45ad3d06bd0fe3c484c30	46.872940	-114.005760	1747248570	2025-05-14	18:49:30	Wed
McCormick Park	b5bd62cb79dd94a2c10b4ef9ed3ac3203b6822e0	46.873560	-114.004160	1747260211	2025-05-14	22:03:31	Wed
McCormick Park	e9cfdb05e3666dc8727adaa5213406c7dc5c4843	46.873240	-114.005660	1747252146	2025-05-14	19:49:06	Wed
McCormick Park	e9cfdb05e3666dc8727adaa5213406c7dc5c4843	46.872940	-114.005410	1747252162	2025-05-14	19:49:22	Wed
McCormick Park	e9cfdb05e3666dc8727adaa5213406c7dc5c4843	46.872900	-114.005750	1747252163	2025-05-14	19:49:23	Wed
McCormick Park	e9cfdb05e3666dc8727adaa5213406c7dc5c4843	46.872330	-114.005730	1747252165	2025-05-14	19:49:25	Wed
McCormick Park	e9cfdb05e3666dc8727adaa5213406c7dc5c4843	46.872940	-114.005400	1747252204	2025-05-14	19:50:04	Wed
McCormick Park	e9cfdb05e3666dc8727adaa5213406c7dc5c4843	46.872900	-114.005430	1747252219	2025-05-14	19:50:19	Wed
McCormick Park	e9cfdb05e3666dc8727adaa5213406c7dc5c4843	46.872900	-114.005770	1747252167	2025-05-14	19:49:27	Wed
McCormick Park	e9cfdb05e3666dc8727adaa5213406c7dc5c4843	46.872900	-114.005440	1747252225	2025-05-14	19:50:25	Wed
McCormick Park	35ea758f302c6e15c2f2bb2c1294cbe7132ec242	46.871410	-114.001572	1749321217	2025-06-07	18:33:37	Sat
McCormick Park	35ea758f302c6e15c2f2bb2c1294cbe7132ec242	46.871410	-114.001570	1749321217	2025-06-07	18:33:37	Sat
McCormick Park	35ea758f302c6e15c2f2bb2c1294cbe7132ec242	46.871430	-114.001560	1749321224	2025-06-07	18:33:44	Sat
McCormick Park	35ea758f302c6e15c2f2bb2c1294cbe7132ec242	46.871420	-114.001580	1749321220	2025-06-07	18:33:40	Sat
McCormick Park	bfc66da9858e6cae89c4a9e15fde0ce7a1aa0986	46.870870	-114.002490	1749268863	2025-06-07	04:01:03	Sat
McCormick Park	31ac28ecef5be585b493cba19fab5160cbced7fd	46.872560	-114.005640	1749334003	2025-06-07	22:06:43	Sat
McCormick Park	31ac28ecef5be585b493cba19fab5160cbced7fd	46.872530	-114.005620	1749334008	2025-06-07	22:06:48	Sat
McCormick Park	a41a1d7efac04b2af46a4da45e400aa7387042da	46.871800	-114.002730	1749303958	2025-06-07	13:45:58	Sat
McCormick Park	a41a1d7efac04b2af46a4da45e400aa7387042da	46.871800	-114.002731	1749303958	2025-06-07	13:45:58	Sat
McCormick Park	a41a1d7efac04b2af46a4da45e400aa7387042da	46.871360	-114.001800	1749337357	2025-06-07	23:02:37	Sat
McCormick Park	a41a1d7efac04b2af46a4da45e400aa7387042da	46.871361	-114.001801	1749337357	2025-06-07	23:02:37	Sat
McCormick Park	a41a1d7efac04b2af46a4da45e400aa7387042da	46.871760	-114.002720	1749303953	2025-06-07	13:45:53	Sat
McCormick Park	a41a1d7efac04b2af46a4da45e400aa7387042da	46.871320	-114.001880	1749337356	2025-06-07	23:02:36	Sat
McCormick Park	a41a1d7efac04b2af46a4da45e400aa7387042da	46.871330	-114.001800	1749337366	2025-06-07	23:02:46	Sat
McCormick Park	f127d0568b12d22729f4e9931a1448a278b3c988	46.871420	-114.001440	1749261757	2025-06-07	02:02:37	Sat
McCormick Park	9be95c66b11b1452b3156e1ae0d8add1fd3e952c	46.872490	-114.005699	1749319983	2025-06-07	18:13:03	Sat
McCormick Park	9be95c66b11b1452b3156e1ae0d8add1fd3e952c	46.872490	-114.005700	1749319983	2025-06-07	18:13:03	Sat
McCormick Park	9be95c66b11b1452b3156e1ae0d8add1fd3e952c	46.872440	-114.005700	1749320035	2025-06-07	18:13:55	Sat
McCormick Park	9be95c66b11b1452b3156e1ae0d8add1fd3e952c	46.872460	-114.005700	1749319985	2025-06-07	18:13:05	Sat
McCormick Park	9be95c66b11b1452b3156e1ae0d8add1fd3e952c	46.872980	-114.005060	1749322263	2025-06-07	18:51:03	Sat
McCormick Park	84f44b21b1f2a92346f8d929a05972458ea18bdb	46.872590	-114.005220	1749323579	2025-06-07	19:12:59	Sat
McCormick Park	84f44b21b1f2a92346f8d929a05972458ea18bdb	46.872370	-114.004780	1749323602	2025-06-07	19:13:22	Sat
McCormick Park	84f44b21b1f2a92346f8d929a05972458ea18bdb	46.872430	-114.004430	1749327114	2025-06-07	20:11:54	Sat
McCormick Park	80ec991e129fd9a206c7b34d1949474145ec4bdd	46.871000	-114.002200	1749333195	2025-06-07	21:53:15	Sat
McCormick Park	f81285e466b36e444c6535868363472d264e3d2a	46.872600	-114.005240	1749338177	2025-06-07	23:16:17	Sat
McCormick Park	63ba2d11af48ac9103a25b00938fa040ef575f18	46.871910	-114.004900	1749334953	2025-06-07	22:22:33	Sat
McCormick Park	63ba2d11af48ac9103a25b00938fa040ef575f18	46.871990	-114.004913	1749334955	2025-06-07	22:22:35	Sat
McCormick Park	63ba2d11af48ac9103a25b00938fa040ef575f18	46.871990	-114.004910	1749334955	2025-06-07	22:22:35	Sat
McCormick Park	63ba2d11af48ac9103a25b00938fa040ef575f18	46.872230	-114.004910	1749334975	2025-06-07	22:22:55	Sat
McCormick Park	b3288a2999381a6d54f39a6112e187f65c47e6c8	46.873240	-114.004780	1749305727	2025-06-07	14:15:27	Sat
McCormick Park	03226f7fd860eb9e4d3b09d92c2fcd1c204551a7	46.872600	-114.003900	1749333814	2025-06-07	22:03:34	Sat
McCormick Park	03226f7fd860eb9e4d3b09d92c2fcd1c204551a7	46.872600	-114.003900	1749333816	2025-06-07	22:03:36	Sat
McCormick Park	bd757f9eed2aa77082104bbb473bb3239f19e7ab	46.873120	-114.005360	1749318961	2025-06-07	17:56:01	Sat
McCormick Park	bd757f9eed2aa77082104bbb473bb3239f19e7ab	46.873192	-114.005364	1749319016	2025-06-07	17:56:56	Sat
McCormick Park	bd757f9eed2aa77082104bbb473bb3239f19e7ab	46.873190	-114.005360	1749319016	2025-06-07	17:56:56	Sat
McCormick Park	bd757f9eed2aa77082104bbb473bb3239f19e7ab	46.873100	-114.005340	1749319013	2025-06-07	17:56:53	Sat
McCormick Park	bd757f9eed2aa77082104bbb473bb3239f19e7ab	46.873280	-114.005320	1749319583	2025-06-07	18:06:23	Sat
McCormick Park	bd757f9eed2aa77082104bbb473bb3239f19e7ab	46.872970	-114.005240	1749320686	2025-06-07	18:24:46	Sat
McCormick Park	bd757f9eed2aa77082104bbb473bb3239f19e7ab	46.872890	-114.005440	1749321728	2025-06-07	18:42:08	Sat
McCormick Park	3fa58240346808455eb4472bedaf0f86dbc8bb97	46.871380	-114.001720	1749284331	2025-06-07	08:18:51	Sat
McCormick Park	b03051ed711633eec313777a91b0a614c195057a	46.871200	-114.004050	1749256123	2025-06-07	00:28:43	Sat
McCormick Park	bc52cda9f9694504eeea80df914b969502593c1e	46.872140	-114.003110	1749331707	2025-06-07	21:28:27	Sat
McCormick Park	c9153ac9742ef55fe9178c76c6bb5dc6e25b8cbd	46.871250	-114.001640	1749254663	2025-06-07	00:04:23	Sat
McCormick Park	5dcee517d454f3d5b8379acaae7c0ab494200ca9	46.871109	-114.002647	1749256454	2025-06-07	00:34:14	Sat
McCormick Park	5dcee517d454f3d5b8379acaae7c0ab494200ca9	46.871110	-114.002650	1749256454	2025-06-07	00:34:14	Sat
McCormick Park	5dcee517d454f3d5b8379acaae7c0ab494200ca9	46.871180	-114.002670	1749256455	2025-06-07	00:34:15	Sat
McCormick Park	1f5fb55b5f972839a83c7ce395e8ced39a6a5255	46.872380	-114.002200	1749324748	2025-06-07	19:32:28	Sat
McCormick Park	74b04bcd5fcb2a4e3652f70f9772b81d4b400bbb	46.873700	-114.003950	1749340426	2025-06-07	23:53:46	Sat
McCormick Park	74b04bcd5fcb2a4e3652f70f9772b81d4b400bbb	46.873700	-114.003900	1749340427	2025-06-07	23:53:47	Sat
McCormick Park	74b04bcd5fcb2a4e3652f70f9772b81d4b400bbb	46.873750	-114.003600	1749340431	2025-06-07	23:53:51	Sat
McCormick Park	74b04bcd5fcb2a4e3652f70f9772b81d4b400bbb	46.873440	-114.003950	1749340434	2025-06-07	23:53:54	Sat
McCormick Park	10be7a11ec76702211523fae9731659779748ab5	46.872300	-114.005500	1749261283	2025-06-07	01:54:43	Sat
McCormick Park	c6e7b2cedd04501cfcb79ccb9f5fdcaf5d896b21	46.871310	-114.001580	1749283299	2025-06-07	08:01:39	Sat
McCormick Park	6b74c47bec7e87f9a65d72b9e5b319a4035c15f1	46.871700	-114.006230	1749335066	2025-06-07	22:24:26	Sat
McCormick Park	1be439dba11280e34e5775d45f4f64230275506e	46.872610	-114.004330	1749262523	2025-06-07	02:15:23	Sat
McCormick Park	246e2c1d4593061e055f623c4e9b0f25b20dcda4	46.872479	-114.003990	1749270136	2025-06-07	04:22:16	Sat
McCormick Park	246e2c1d4593061e055f623c4e9b0f25b20dcda4	46.872480	-114.003990	1749270136	2025-06-07	04:22:16	Sat
McCormick Park	246e2c1d4593061e055f623c4e9b0f25b20dcda4	46.872480	-114.003700	1749270587	2025-06-07	04:29:47	Sat
McCormick Park	ab1ac92f9d36428c317a73e3fc35f99c9bcd77cf	46.872970	-114.005170	1749333248	2025-06-07	21:54:08	Sat
McCormick Park	ab1ac92f9d36428c317a73e3fc35f99c9bcd77cf	46.872971	-114.005173	1749333248	2025-06-07	21:54:08	Sat
McCormick Park	ab1ac92f9d36428c317a73e3fc35f99c9bcd77cf	46.872955	-114.005173	1749333248	2025-06-07	21:54:08	Sat
McCormick Park	ab1ac92f9d36428c317a73e3fc35f99c9bcd77cf	46.872930	-114.005220	1749333181	2025-06-07	21:53:01	Sat
McCormick Park	ab1ac92f9d36428c317a73e3fc35f99c9bcd77cf	46.873170	-114.005680	1749333190	2025-06-07	21:53:10	Sat
McCormick Park	ab1ac92f9d36428c317a73e3fc35f99c9bcd77cf	46.872940	-114.005480	1749333214	2025-06-07	21:53:34	Sat
McCormick Park	ab1ac92f9d36428c317a73e3fc35f99c9bcd77cf	46.873310	-114.005340	1749333282	2025-06-07	21:54:42	Sat
McCormick Park	ab1ac92f9d36428c317a73e3fc35f99c9bcd77cf	46.873220	-114.005360	1749334363	2025-06-07	22:12:43	Sat
McCormick Park	cf4ce7a3542375d4a0152cee92557a6557fb5602	46.870926	-114.002251	1749319776	2025-06-07	18:09:36	Sat
McCormick Park	cf4ce7a3542375d4a0152cee92557a6557fb5602	46.870949	-114.002281	1749319779	2025-06-07	18:09:39	Sat
McCormick Park	cf4ce7a3542375d4a0152cee92557a6557fb5602	46.870950	-114.002280	1749319779	2025-06-07	18:09:39	Sat
McCormick Park	7e0a9f076a9e4c8e95fb9d35f87af67131ee79dc	46.871189	-114.002357	1749272927	2025-06-07	05:08:47	Sat
McCormick Park	7e0a9f076a9e4c8e95fb9d35f87af67131ee79dc	46.871189	-114.002357	1749272928	2025-06-07	05:08:48	Sat
McCormick Park	7e0a9f076a9e4c8e95fb9d35f87af67131ee79dc	46.871197	-114.002357	1749272934	2025-06-07	05:08:54	Sat
McCormick Park	53d89327ab94e1f67397592e2953259f94b466d3	46.872140	-114.001940	1749321921	2025-06-07	18:45:21	Sat
McCormick Park	a8c6e4c78cfe2bdcaec3d882aa8efe1b290fbb59	46.872829	-114.004959	1749323447	2025-06-07	19:10:47	Sat
McCormick Park	a8c6e4c78cfe2bdcaec3d882aa8efe1b290fbb59	46.872830	-114.004820	1749322859	2025-06-07	19:00:59	Sat
McCormick Park	a8c6e4c78cfe2bdcaec3d882aa8efe1b290fbb59	46.872830	-114.004960	1749323447	2025-06-07	19:10:47	Sat
McCormick Park	a8c6e4c78cfe2bdcaec3d882aa8efe1b290fbb59	46.872770	-114.005220	1749323460	2025-06-07	19:11:00	Sat
McCormick Park	a8c6e4c78cfe2bdcaec3d882aa8efe1b290fbb59	46.872940	-114.004950	1749325972	2025-06-07	19:52:52	Sat
McCormick Park	a8c6e4c78cfe2bdcaec3d882aa8efe1b290fbb59	46.873260	-114.005280	1749330239	2025-06-07	21:03:59	Sat
McCormick Park	a8c6e4c78cfe2bdcaec3d882aa8efe1b290fbb59	46.872730	-114.004970	1749330280	2025-06-07	21:04:40	Sat
McCormick Park	a8c6e4c78cfe2bdcaec3d882aa8efe1b290fbb59	46.872860	-114.005070	1749331098	2025-06-07	21:18:18	Sat
McCormick Park	a8c6e4c78cfe2bdcaec3d882aa8efe1b290fbb59	46.872730	-114.004790	1749331973	2025-06-07	21:32:53	Sat
McCormick Park	5ee44319a3a3e65df1722ef191df35ff30c108cd	46.871140	-114.002050	1749256685	2025-06-07	00:38:05	Sat
McCormick Park	f59a72e988ce77ccdb725ae36b0bb9e2b7d6fa60	46.871750	-114.003210	1749255098	2025-06-07	00:11:38	Sat
McCormick Park	f59a72e988ce77ccdb725ae36b0bb9e2b7d6fa60	46.871960	-114.002920	1749255103	2025-06-07	00:11:43	Sat
McCormick Park	f59a72e988ce77ccdb725ae36b0bb9e2b7d6fa60	46.871340	-114.003620	1749254956	2025-06-07	00:09:16	Sat
McCormick Park	f59a72e988ce77ccdb725ae36b0bb9e2b7d6fa60	46.871740	-114.003270	1749255092	2025-06-07	00:11:32	Sat
McCormick Park	23ba357a6b113b771fa8e1ad7210826a7624d830	46.871600	-114.005900	1749335488	2025-06-07	22:31:28	Sat
McCormick Park	cb053a68b9f1c72093af0a7370846d4279e0571e	46.870640	-114.002740	1749328874	2025-06-07	20:41:14	Sat
McCormick Park	9f66f02f20f6a55378116f00dbaae96593e6a30b	46.872550	-114.005320	1749327286	2025-06-07	20:14:46	Sat
McCormick Park	516ef8b39812470a23c13dcc5d161167e0711b6b	46.870710	-114.002680	1749333743	2025-06-07	22:02:23	Sat
McCormick Park	aa3e5e16bbe9730f08e519b3e12ea08793b28db2	46.872341	-114.002098	1749324755	2025-06-07	19:32:35	Sat
McCormick Park	aa3e5e16bbe9730f08e519b3e12ea08793b28db2	46.872340	-114.002100	1749324755	2025-06-07	19:32:35	Sat
McCormick Park	aa3e5e16bbe9730f08e519b3e12ea08793b28db2	46.872365	-114.002017	1749324756	2025-06-07	19:32:36	Sat
McCormick Park	aa3e5e16bbe9730f08e519b3e12ea08793b28db2	46.872364	-114.002014	1749324756	2025-06-07	19:32:36	Sat
McCormick Park	5123b816a4ad884b07a070cbffffc1af70157cef	46.872690	-114.004960	1749332187	2025-06-07	21:36:27	Sat
McCormick Park	5123b816a4ad884b07a070cbffffc1af70157cef	46.872610	-114.004950	1749332187	2025-06-07	21:36:27	Sat
McCormick Park	5123b816a4ad884b07a070cbffffc1af70157cef	46.872688	-114.004959	1749332187	2025-06-07	21:36:27	Sat
McCormick Park	5123b816a4ad884b07a070cbffffc1af70157cef	46.872820	-114.004770	1749332221	2025-06-07	21:37:01	Sat
McCormick Park	5123b816a4ad884b07a070cbffffc1af70157cef	46.872780	-114.004770	1749332223	2025-06-07	21:37:03	Sat
McCormick Park	5123b816a4ad884b07a070cbffffc1af70157cef	46.872510	-114.004700	1749332617	2025-06-07	21:43:37	Sat
McCormick Park	189a099121c15600c00fa93eb20caa7fe9b3a5f5	46.871400	-114.005070	1749318934	2025-06-07	17:55:34	Sat
McCormick Park	73eb2fe7613f9d053e2bc6bb1d2eee5b6783d1d0	46.872420	-114.003920	1749328743	2025-06-07	20:39:03	Sat
McCormick Park	8da92c41f9bc09d9ad0ec76773a3b748dd999773	46.870880	-114.002457	1749327346	2025-06-07	20:15:46	Sat
McCormick Park	8da92c41f9bc09d9ad0ec76773a3b748dd999773	46.870880	-114.002460	1749327346	2025-06-07	20:15:46	Sat
McCormick Park	8da92c41f9bc09d9ad0ec76773a3b748dd999773	46.871100	-114.002270	1749327350	2025-06-07	20:15:50	Sat
McCormick Park	8da92c41f9bc09d9ad0ec76773a3b748dd999773	46.871100	-114.002230	1749327341	2025-06-07	20:15:41	Sat
McCormick Park	8da92c41f9bc09d9ad0ec76773a3b748dd999773	46.870820	-114.002480	1749327347	2025-06-07	20:15:47	Sat
McCormick Park	ffcfee17ffcaeb13be827b090156fa5eb8bdbe70	46.872960	-114.004980	1749336356	2025-06-07	22:45:56	Sat
McCormick Park	ffcfee17ffcaeb13be827b090156fa5eb8bdbe70	46.872970	-114.005310	1749338655	2025-06-07	23:24:15	Sat
McCormick Park	20a7eaad7fceab1f1494263892605450086ba1a5	46.871200	-114.002360	1749318138	2025-06-07	17:42:18	Sat
McCormick Park	20a7eaad7fceab1f1494263892605450086ba1a5	46.871268	-114.002353	1749318142	2025-06-07	17:42:22	Sat
McCormick Park	20a7eaad7fceab1f1494263892605450086ba1a5	46.871201	-114.002327	1749318144	2025-06-07	17:42:24	Sat
McCormick Park	20a7eaad7fceab1f1494263892605450086ba1a5	46.871200	-114.002330	1749318144	2025-06-07	17:42:24	Sat
McCormick Park	20a7eaad7fceab1f1494263892605450086ba1a5	46.871200	-114.002300	1749318135	2025-06-07	17:42:15	Sat
McCormick Park	20a7eaad7fceab1f1494263892605450086ba1a5	46.871200	-114.002310	1749318140	2025-06-07	17:42:20	Sat
McCormick Park	20a7eaad7fceab1f1494263892605450086ba1a5	46.871220	-114.002330	1749318143	2025-06-07	17:42:23	Sat
McCormick Park	a511186d31b6c2b8d244d0ea955e505e7dfabe74	46.871270	-114.001720	1749258036	2025-06-07	01:00:36	Sat
McCormick Park	a511186d31b6c2b8d244d0ea955e505e7dfabe74	46.871210	-114.001780	1749258031	2025-06-07	01:00:31	Sat
McCormick Park	a511186d31b6c2b8d244d0ea955e505e7dfabe74	46.871250	-114.001780	1749258036	2025-06-07	01:00:36	Sat
McCormick Park	a511186d31b6c2b8d244d0ea955e505e7dfabe74	46.871210	-114.001760	1749258030	2025-06-07	01:00:30	Sat
McCormick Park	f1cfa0281dbcbbf7c7572dbf1c96f44e14a8ed81	46.871380	-114.003160	1742828414	2025-03-24	15:00:14	Mon
McCormick Park	fb944c861f976e2a239824b2010f6dca54c51160	46.871080	-114.003920	1742792483	2025-03-24	05:01:23	Mon
McCormick Park	dfe771bdbe59f79112e62eb521d6c2f8d162b88f	46.872640	-114.003240	1742823981	2025-03-24	13:46:21	Mon
McCormick Park	dfe771bdbe59f79112e62eb521d6c2f8d162b88f	46.872640	-114.003240	1742824102	2025-03-24	13:48:22	Mon
McCormick Park	dfe771bdbe59f79112e62eb521d6c2f8d162b88f	46.872640	-114.003240	1742824223	2025-03-24	13:50:23	Mon
McCormick Park	dfe771bdbe59f79112e62eb521d6c2f8d162b88f	46.872640	-114.003240	1742824742	2025-03-24	13:59:02	Mon
McCormick Park	dfe771bdbe59f79112e62eb521d6c2f8d162b88f	46.872600	-114.003210	1742827465	2025-03-24	14:44:25	Mon
McCormick Park	dfe771bdbe59f79112e62eb521d6c2f8d162b88f	46.872600	-114.002960	1742828061	2025-03-24	14:54:21	Mon
McCormick Park	dfe771bdbe59f79112e62eb521d6c2f8d162b88f	46.872570	-114.002950	1742828233	2025-03-24	14:57:13	Mon
McCormick Park	dfe771bdbe59f79112e62eb521d6c2f8d162b88f	46.872590	-114.002950	1742828598	2025-03-24	15:03:18	Mon
McCormick Park	dfe771bdbe59f79112e62eb521d6c2f8d162b88f	46.872590	-114.002940	1742828977	2025-03-24	15:09:37	Mon
McCormick Park	dfe771bdbe59f79112e62eb521d6c2f8d162b88f	46.872500	-114.003320	1742829187	2025-03-24	15:13:07	Mon
McCormick Park	dfe771bdbe59f79112e62eb521d6c2f8d162b88f	46.872460	-114.003250	1742829358	2025-03-24	15:15:58	Mon
McCormick Park	dfe771bdbe59f79112e62eb521d6c2f8d162b88f	46.872490	-114.003250	1742832154	2025-03-24	16:02:34	Mon
McCormick Park	dfe771bdbe59f79112e62eb521d6c2f8d162b88f	46.873130	-114.002960	1742832896	2025-03-24	16:14:56	Mon
McCormick Park	dfe771bdbe59f79112e62eb521d6c2f8d162b88f	46.872620	-114.003150	1742833315	2025-03-24	16:21:55	Mon
McCormick Park	dfe771bdbe59f79112e62eb521d6c2f8d162b88f	46.872660	-114.003290	1742833569	2025-03-24	16:26:09	Mon
McCormick Park	dfe771bdbe59f79112e62eb521d6c2f8d162b88f	46.872570	-114.002950	1742833868	2025-03-24	16:31:08	Mon
McCormick Park	dfe771bdbe59f79112e62eb521d6c2f8d162b88f	46.872660	-114.003230	1742834083	2025-03-24	16:34:43	Mon
McCormick Park	dfe771bdbe59f79112e62eb521d6c2f8d162b88f	46.872580	-114.003150	1742834282	2025-03-24	16:38:02	Mon
McCormick Park	dfe771bdbe59f79112e62eb521d6c2f8d162b88f	46.872640	-114.003110	1742834581	2025-03-24	16:43:01	Mon
McCormick Park	dfe771bdbe59f79112e62eb521d6c2f8d162b88f	46.872660	-114.003160	1742835646	2025-03-24	17:00:46	Mon
McCormick Park	dfe771bdbe59f79112e62eb521d6c2f8d162b88f	46.872540	-114.003840	1742835767	2025-03-24	17:02:47	Mon
McCormick Park	81cf973facacc7f37be259cab6268f9536d602b3	46.874054	-114.005060	1742852425	2025-03-24	21:40:25	Mon
McCormick Park	81cf973facacc7f37be259cab6268f9536d602b3	46.874100	-114.005320	1742852405	2025-03-24	21:40:05	Mon
McCormick Park	81cf973facacc7f37be259cab6268f9536d602b3	46.874040	-114.005010	1742852421	2025-03-24	21:40:21	Mon
McCormick Park	81cf973facacc7f37be259cab6268f9536d602b3	46.874040	-114.005010	1742852433	2025-03-24	21:40:33	Mon
McCormick Park	2e2530b3404443ab28e6a2699484bfe610cafee4	46.871310	-114.003120	1742841540	2025-03-24	18:39:00	Mon
McCormick Park	2e2530b3404443ab28e6a2699484bfe610cafee4	46.871380	-114.003120	1742841641	2025-03-24	18:40:41	Mon
McCormick Park	2e2530b3404443ab28e6a2699484bfe610cafee4	46.871350	-114.003100	1742841643	2025-03-24	18:40:43	Mon
McCormick Park	2e2530b3404443ab28e6a2699484bfe610cafee4	46.871310	-114.003160	1742841723	2025-03-24	18:42:03	Mon
McCormick Park	2e2530b3404443ab28e6a2699484bfe610cafee4	46.871300	-114.003180	1742841891	2025-03-24	18:44:51	Mon
McCormick Park	986b867706635658bbfedb66f8f2a4519d1bfc8d	46.874321	-114.005140	1742781772	2025-03-24	02:02:52	Mon
McCormick Park	986b867706635658bbfedb66f8f2a4519d1bfc8d	46.874360	-114.005130	1742781767	2025-03-24	02:02:47	Mon
McCormick Park	f2379374f1647992efa9aabb96518bd8adb03741	46.874150	-114.004210	1742856605	2025-03-24	22:50:05	Mon
McCormick Park	97d10659278f7a68483a5e51fa9307487039cc48	46.870930	-114.002270	1742784622	2025-03-24	02:50:22	Mon
McCormick Park	42ab8aba04fa8bd7ec287e477c386c04613cd8c4	46.871600	-114.004880	1742829452	2025-03-24	15:17:32	Mon
McCormick Park	ab1daf65bda07b96e264a0e489ca83403ace7b5a	46.872970	-114.005370	1742837486	2025-03-24	17:31:26	Mon
McCormick Park	ab1daf65bda07b96e264a0e489ca83403ace7b5a	46.873000	-114.005180	1742855796	2025-03-24	22:36:36	Mon
McCormick Park	ab1daf65bda07b96e264a0e489ca83403ace7b5a	46.872920	-114.005330	1742837482	2025-03-24	17:31:22	Mon
McCormick Park	ab1daf65bda07b96e264a0e489ca83403ace7b5a	46.873000	-114.005100	1742855797	2025-03-24	22:36:37	Mon
McCormick Park	1ff77d2e8d4d74500f36e97d46b98c2e141ae727	46.871358	-114.003138	1742775803	2025-03-24	00:23:23	Mon
McCormick Park	1ff77d2e8d4d74500f36e97d46b98c2e141ae727	46.871370	-114.003130	1742775807	2025-03-24	00:23:27	Mon
McCormick Park	b39931b66b35c2f84443bd6e11d66ab14706b2fe	46.871300	-114.001950	1742804283	2025-03-24	08:18:03	Mon
McCormick Park	b39931b66b35c2f84443bd6e11d66ab14706b2fe	46.871350	-114.001810	1742804306	2025-03-24	08:18:26	Mon
McCormick Park	b39931b66b35c2f84443bd6e11d66ab14706b2fe	46.871370	-114.001850	1742804315	2025-03-24	08:18:35	Mon
McCormick Park	b39931b66b35c2f84443bd6e11d66ab14706b2fe	46.871350	-114.001820	1742804326	2025-03-24	08:18:46	Mon
McCormick Park	b39931b66b35c2f84443bd6e11d66ab14706b2fe	46.871310	-114.001930	1742804330	2025-03-24	08:18:50	Mon
McCormick Park	b39931b66b35c2f84443bd6e11d66ab14706b2fe	46.871300	-114.001860	1742804367	2025-03-24	08:19:27	Mon
McCormick Park	b39931b66b35c2f84443bd6e11d66ab14706b2fe	46.871360	-114.001830	1742804376	2025-03-24	08:19:36	Mon
McCormick Park	b39931b66b35c2f84443bd6e11d66ab14706b2fe	46.871360	-114.001880	1742804387	2025-03-24	08:19:47	Mon
McCormick Park	b39931b66b35c2f84443bd6e11d66ab14706b2fe	46.871350	-114.001840	1742807004	2025-03-24	09:03:24	Mon
McCormick Park	b39931b66b35c2f84443bd6e11d66ab14706b2fe	46.871350	-114.001830	1742807027	2025-03-24	09:03:47	Mon
McCormick Park	b39931b66b35c2f84443bd6e11d66ab14706b2fe	46.871340	-114.001940	1742804287	2025-03-24	08:18:07	Mon
McCormick Park	b39931b66b35c2f84443bd6e11d66ab14706b2fe	46.871330	-114.001830	1742804300	2025-03-24	08:18:20	Mon
McCormick Park	b39931b66b35c2f84443bd6e11d66ab14706b2fe	46.871300	-114.001800	1742804315	2025-03-24	08:18:35	Mon
McCormick Park	b39931b66b35c2f84443bd6e11d66ab14706b2fe	46.871350	-114.001810	1742804317	2025-03-24	08:18:37	Mon
McCormick Park	b39931b66b35c2f84443bd6e11d66ab14706b2fe	46.871370	-114.001810	1742804328	2025-03-24	08:18:48	Mon
McCormick Park	b39931b66b35c2f84443bd6e11d66ab14706b2fe	46.871380	-114.001910	1742804330	2025-03-24	08:18:50	Mon
McCormick Park	b39931b66b35c2f84443bd6e11d66ab14706b2fe	46.871370	-114.001840	1742804361	2025-03-24	08:19:21	Mon
McCormick Park	b39931b66b35c2f84443bd6e11d66ab14706b2fe	46.871330	-114.001840	1742804378	2025-03-24	08:19:38	Mon
McCormick Park	b39931b66b35c2f84443bd6e11d66ab14706b2fe	46.871350	-114.001850	1742804380	2025-03-24	08:19:40	Mon
McCormick Park	a6ec26135a2244a6b91f44524b3f4d49e95e3c15	46.872605	-114.003530	1742778657	2025-03-24	01:10:57	Mon
McCormick Park	a6ec26135a2244a6b91f44524b3f4d49e95e3c15	46.872675	-114.003510	1742779314	2025-03-24	01:21:54	Mon
McCormick Park	a6ec26135a2244a6b91f44524b3f4d49e95e3c15	46.872670	-114.003570	1742778654	2025-03-24	01:10:54	Mon
McCormick Park	a6ec26135a2244a6b91f44524b3f4d49e95e3c15	46.872600	-114.003510	1742779313	2025-03-24	01:21:53	Mon
McCormick Park	6b6b4e634d01fb41fc434e7663f92328904eb953	46.871500	-114.004930	1742851053	2025-03-24	21:17:33	Mon
McCormick Park	05ebbbf5f79fd77b394a9cc1f2658938d6d45f4f	46.872770	-114.004840	1749072735	2025-06-04	21:32:15	Wed
McCormick Park	d6d65e3c536ddb57e5a79573bbb124c222a98d20	46.871540	-114.004790	1749072013	2025-06-04	21:20:13	Wed
McCormick Park	d6d65e3c536ddb57e5a79573bbb124c222a98d20	46.871500	-114.004700	1749072017	2025-06-04	21:20:17	Wed
McCormick Park	0110d05cb392b394e98915d9acd33534120dcbc8	46.872760	-114.004250	1749005472	2025-06-04	02:51:12	Wed
McCormick Park	a41a1d7efac04b2af46a4da45e400aa7387042da	46.872120	-114.002720	1749014307	2025-06-04	05:18:27	Wed
McCormick Park	183c96047f2eaa79454718da8ff29461a542e4ee	46.872920	-114.005390	1749070835	2025-06-04	21:00:35	Wed
McCormick Park	183c96047f2eaa79454718da8ff29461a542e4ee	46.872950	-114.005300	1749070845	2025-06-04	21:00:45	Wed
McCormick Park	183c96047f2eaa79454718da8ff29461a542e4ee	46.872650	-114.004760	1749065944	2025-06-04	19:39:04	Wed
McCormick Park	183c96047f2eaa79454718da8ff29461a542e4ee	46.872770	-114.005040	1749065979	2025-06-04	19:39:39	Wed
McCormick Park	183c96047f2eaa79454718da8ff29461a542e4ee	46.872320	-114.004750	1749066015	2025-06-04	19:40:15	Wed
McCormick Park	183c96047f2eaa79454718da8ff29461a542e4ee	46.872930	-114.005350	1749070833	2025-06-04	21:00:33	Wed
McCormick Park	d31c3584c68afbba741d9a0b9659356599d7197a	46.872630	-114.005350	1749069827	2025-06-04	20:43:47	Wed
McCormick Park	d31c3584c68afbba741d9a0b9659356599d7197a	46.872610	-114.005470	1749068675	2025-06-04	20:24:35	Wed
McCormick Park	f4a9c1dd05564993e230ea5b6aed906b5c66cd1a	46.871080	-114.002270	1748999500	2025-06-04	01:11:40	Wed
McCormick Park	f4a9c1dd05564993e230ea5b6aed906b5c66cd1a	46.871060	-114.002230	1748999510	2025-06-04	01:11:50	Wed
McCormick Park	a401e7a1c80f4b9f51ecd333deedbb3210bd8025	46.872720	-114.004870	1749069604	2025-06-04	20:40:04	Wed
McCormick Park	a401e7a1c80f4b9f51ecd333deedbb3210bd8025	46.872790	-114.004830	1749069609	2025-06-04	20:40:09	Wed
McCormick Park	a401e7a1c80f4b9f51ecd333deedbb3210bd8025	46.872730	-114.005310	1749069690	2025-06-04	20:41:30	Wed
McCormick Park	a401e7a1c80f4b9f51ecd333deedbb3210bd8025	46.872730	-114.005330	1749069695	2025-06-04	20:41:35	Wed
McCormick Park	a401e7a1c80f4b9f51ecd333deedbb3210bd8025	46.872770	-114.005790	1749075448	2025-06-04	22:17:28	Wed
McCormick Park	a401e7a1c80f4b9f51ecd333deedbb3210bd8025	46.872710	-114.004840	1749069606	2025-06-04	20:40:06	Wed
McCormick Park	a401e7a1c80f4b9f51ecd333deedbb3210bd8025	46.873090	-114.004730	1749076858	2025-06-04	22:40:58	Wed
McCormick Park	b3288a2999381a6d54f39a6112e187f65c47e6c8	46.873070	-114.005230	1749052632	2025-06-04	15:57:12	Wed
McCormick Park	c42823c3f391bb6483852b3a0c0e0f388a0eb24b	46.872230	-114.003030	1749060360	2025-06-04	18:06:00	Wed
McCormick Park	c42823c3f391bb6483852b3a0c0e0f388a0eb24b	46.872390	-114.003070	1749060424	2025-06-04	18:07:04	Wed
McCormick Park	d116f53049b07130234bbb46297dd6a9cde71e27	46.871300	-114.001820	1749006538	2025-06-04	03:08:58	Wed
McCormick Park	7bb052c38164b1ac174a10454727e4d2fa4bee95	46.871160	-114.002040	1749066615	2025-06-04	19:50:15	Wed
McCormick Park	7bb052c38164b1ac174a10454727e4d2fa4bee95	46.872540	-114.005780	1749073251	2025-06-04	21:40:51	Wed
McCormick Park	7bb052c38164b1ac174a10454727e4d2fa4bee95	46.872550	-114.005700	1749073258	2025-06-04	21:40:58	Wed
McCormick Park	7bb052c38164b1ac174a10454727e4d2fa4bee95	46.871380	-114.004130	1749066553	2025-06-04	19:49:13	Wed
McCormick Park	7bb052c38164b1ac174a10454727e4d2fa4bee95	46.871140	-114.002030	1749066614	2025-06-04	19:50:14	Wed
McCormick Park	7bb052c38164b1ac174a10454727e4d2fa4bee95	46.872680	-114.004810	1749066634	2025-06-04	19:50:34	Wed
McCormick Park	7bb052c38164b1ac174a10454727e4d2fa4bee95	46.872530	-114.005700	1749073253	2025-06-04	21:40:53	Wed
McCormick Park	7bb052c38164b1ac174a10454727e4d2fa4bee95	46.872800	-114.005230	1749080100	2025-06-04	23:35:00	Wed
McCormick Park	a90c8cd9bbbe53db688b9bc35d71aaf2c8fee8fb	46.872550	-114.002120	1749077415	2025-06-04	22:50:15	Wed
McCormick Park	f1e158d3221726ec0f848d53137d2b09fa7fe0c2	46.873440	-114.005200	1749048346	2025-06-04	14:45:46	Wed
McCormick Park	1f5fb55b5f972839a83c7ce395e8ced39a6a5255	46.872070	-114.002400	1749065564	2025-06-04	19:32:44	Wed
McCormick Park	954ee6526ddde58b5590ba23fd3f864028d50749	46.873140	-114.005320	1749074126	2025-06-04	21:55:26	Wed
McCormick Park	954ee6526ddde58b5590ba23fd3f864028d50749	46.873160	-114.005320	1749074148	2025-06-04	21:55:48	Wed
McCormick Park	954ee6526ddde58b5590ba23fd3f864028d50749	46.872610	-114.005070	1749073978	2025-06-04	21:52:58	Wed
McCormick Park	954ee6526ddde58b5590ba23fd3f864028d50749	46.873140	-114.005310	1749074145	2025-06-04	21:55:45	Wed
McCormick Park	954ee6526ddde58b5590ba23fd3f864028d50749	46.872670	-114.004830	1749078581	2025-06-04	23:09:41	Wed
McCormick Park	842c0a0392804656a7fdc50f25fe8b1de1f0c4c9	46.870800	-114.002710	1749014603	2025-06-04	05:23:23	Wed
McCormick Park	0581c687b9791062739d28efb25bba94d45bbc65	46.872760	-114.004740	1749003121	2025-06-04	02:12:01	Wed
McCormick Park	0581c687b9791062739d28efb25bba94d45bbc65	46.872830	-114.004700	1749004330	2025-06-04	02:32:10	Wed
McCormick Park	91de84d3c2a74ba730f9fb8aa43946d0d1c25a8e	46.870740	-114.002630	1749064508	2025-06-04	19:15:08	Wed
McCormick Park	a6e9e286b7c509c1436073af9ed649c7af6efe8e	46.871610	-114.005450	1749011050	2025-06-04	04:24:10	Wed
McCormick Park	a6e9e286b7c509c1436073af9ed649c7af6efe8e	46.871670	-114.005440	1749011044	2025-06-04	04:24:04	Wed
McCormick Park	656ee912787e552ed8218f8898aa29fc27316d4e	46.871060	-114.003590	1749055000	2025-06-04	16:36:40	Wed
McCormick Park	ba8fab76ccbaf640bd0876ee80c3d0f453d2d1f3	46.871320	-114.004100	1749006037	2025-06-04	03:00:37	Wed
McCormick Park	bb4a86c13cc852c052280a4bddbbc3cb6dd21b31	46.872980	-114.005580	1749080624	2025-06-04	23:43:44	Wed
McCormick Park	bb4a86c13cc852c052280a4bddbbc3cb6dd21b31	46.872920	-114.005560	1749080628	2025-06-04	23:43:48	Wed
McCormick Park	3f4247bfb9f9b92499cab4e08d85407c24859f76	46.872870	-114.005010	1749077462	2025-06-04	22:51:02	Wed
McCormick Park	3f4247bfb9f9b92499cab4e08d85407c24859f76	46.872820	-114.005040	1749077512	2025-06-04	22:51:52	Wed
McCormick Park	3f4247bfb9f9b92499cab4e08d85407c24859f76	46.872870	-114.005070	1749077468	2025-06-04	22:51:08	Wed
McCormick Park	3f4247bfb9f9b92499cab4e08d85407c24859f76	46.872830	-114.005080	1749077511	2025-06-04	22:51:51	Wed
McCormick Park	89ece3ba1da6e4993d62f09017f1894a14516366	46.873170	-114.005350	1748998174	2025-06-04	00:49:34	Wed
McCormick Park	89ece3ba1da6e4993d62f09017f1894a14516366	46.873100	-114.005370	1748998187	2025-06-04	00:49:47	Wed
McCormick Park	89ece3ba1da6e4993d62f09017f1894a14516366	46.873130	-114.005360	1748998175	2025-06-04	00:49:35	Wed
McCormick Park	8fc9661fa8636e6a04b7eee93e26b654b0ad3ec1	46.871780	-114.005850	1749051717	2025-06-04	15:41:57	Wed
McCormick Park	1c2c4e31619e1a7104741527d9d8cf628faea1bd	46.871490	-114.005500	1748999974	2025-06-04	01:19:34	Wed
McCormick Park	039f80d8b71bf213fc6867f2ac9e5ef44bdf0efa	46.871440	-114.001400	1749001002	2025-06-04	01:36:42	Wed
McCormick Park	039f80d8b71bf213fc6867f2ac9e5ef44bdf0efa	46.871450	-114.001400	1749000986	2025-06-04	01:36:26	Wed
McCormick Park	b294ed9e5c1f63dfc2440becd16d19ea085a7923	46.873880	-114.003620	1749059835	2025-06-04	17:57:15	Wed
McCormick Park	b294ed9e5c1f63dfc2440becd16d19ea085a7923	46.873810	-114.003670	1749059831	2025-06-04	17:57:11	Wed
McCormick Park	5a71a839daf64e815ebbfb0fc9f5b27d9bf82306	46.871280	-114.004600	1749067438	2025-06-04	20:03:58	Wed
McCormick Park	bde9aa18655fee8461e2da39b36abc584021e12f	46.872870	-114.005300	1749075504	2025-06-04	22:18:24	Wed
McCormick Park	9297a7d89501a41e07a34ac8a3198e80192a549a	46.872970	-114.005380	1749052274	2025-06-04	15:51:14	Wed
McCormick Park	9297a7d89501a41e07a34ac8a3198e80192a549a	46.872880	-114.005060	1749053278	2025-06-04	16:07:58	Wed
McCormick Park	103313fb24f3d328ae0c131d402383922546e0d9	46.871450	-114.005240	1749074773	2025-06-04	22:06:13	Wed
McCormick Park	103313fb24f3d328ae0c131d402383922546e0d9	46.872930	-114.005620	1749077671	2025-06-04	22:54:31	Wed
McCormick Park	0682c702088094a5e77597923efa2870f227886f	46.872590	-114.005550	1748995860	2025-06-04	00:11:00	Wed
McCormick Park	0682c702088094a5e77597923efa2870f227886f	46.872710	-114.004960	1748997498	2025-06-04	00:38:18	Wed
McCormick Park	0682c702088094a5e77597923efa2870f227886f	46.872750	-114.004640	1748997562	2025-06-04	00:39:22	Wed
McCormick Park	43a8bc5b0db7ea0a854730a4e95b3dee9baf5e97	46.873000	-114.005260	1748996037	2025-06-04	00:13:57	Wed
McCormick Park	fca62d744868ac214739997373e62899d7231d6f	46.871400	-114.004820	1749001872	2025-06-04	01:51:12	Wed
McCormick Park	0c91aac2a828681b77a8ab98b1b2bf04a5f45de6	46.873300	-114.005240	1748999791	2025-06-04	01:16:31	Wed
McCormick Park	0c91aac2a828681b77a8ab98b1b2bf04a5f45de6	46.872820	-114.005320	1749000984	2025-06-04	01:36:24	Wed
McCormick Park	0c91aac2a828681b77a8ab98b1b2bf04a5f45de6	46.872830	-114.005830	1749001336	2025-06-04	01:42:16	Wed
McCormick Park	0c91aac2a828681b77a8ab98b1b2bf04a5f45de6	46.872950	-114.005230	1749001745	2025-06-04	01:49:05	Wed
McCormick Park	0c91aac2a828681b77a8ab98b1b2bf04a5f45de6	46.872900	-114.005340	1749001771	2025-06-04	01:49:31	Wed
McCormick Park	0c91aac2a828681b77a8ab98b1b2bf04a5f45de6	46.872640	-114.005210	1749001922	2025-06-04	01:52:02	Wed
McCormick Park	0c91aac2a828681b77a8ab98b1b2bf04a5f45de6	46.872850	-114.005550	1749002597	2025-06-04	02:03:17	Wed
McCormick Park	c8fb7df7736dee21aefb7b2d1bf2c6c4edf4c88c	46.872800	-114.004670	1749071497	2025-06-04	21:11:37	Wed
McCormick Park	c8fb7df7736dee21aefb7b2d1bf2c6c4edf4c88c	46.872820	-114.004670	1749071500	2025-06-04	21:11:40	Wed
McCormick Park	c8fb7df7736dee21aefb7b2d1bf2c6c4edf4c88c	46.872840	-114.004620	1749071490	2025-06-04	21:11:30	Wed
McCormick Park	d598e691c09284d4dcb1a4848c5fe80aff044a8e	46.872580	-114.003740	1749081200	2025-06-04	23:53:20	Wed
McCormick Park	d598e691c09284d4dcb1a4848c5fe80aff044a8e	46.872570	-114.003960	1749081255	2025-06-04	23:54:15	Wed
McCormick Park	dbb1b72d7afd15d2480e505b041439064e821402	46.872760	-114.004790	1749064846	2025-06-04	19:20:46	Wed
McCormick Park	dbb1b72d7afd15d2480e505b041439064e821402	46.872700	-114.004700	1749064847	2025-06-04	19:20:47	Wed
McCormick Park	dbb1b72d7afd15d2480e505b041439064e821402	46.872950	-114.004330	1749065343	2025-06-04	19:29:03	Wed
McCormick Park	dbb1b72d7afd15d2480e505b041439064e821402	46.872930	-114.004370	1749065344	2025-06-04	19:29:04	Wed
McCormick Park	dbb1b72d7afd15d2480e505b041439064e821402	46.872730	-114.004730	1749064848	2025-06-04	19:20:48	Wed
McCormick Park	dbb1b72d7afd15d2480e505b041439064e821402	46.872720	-114.004760	1749064880	2025-06-04	19:21:20	Wed
McCormick Park	dbb1b72d7afd15d2480e505b041439064e821402	46.872940	-114.005560	1749065421	2025-06-04	19:30:21	Wed
McCormick Park	dbb1b72d7afd15d2480e505b041439064e821402	46.872430	-114.004970	1749065422	2025-06-04	19:30:22	Wed
McCormick Park	dbb1b72d7afd15d2480e505b041439064e821402	46.872870	-114.005460	1749065481	2025-06-04	19:31:21	Wed
McCormick Park	9de64d63b8a592c2b674617ce9f8b9c26d893e73	46.871280	-114.001670	1749047853	2025-06-04	14:37:33	Wed
McCormick Park	bd432098a73b510b22a6c65286ad93557a19db75	46.870700	-114.002600	1749058326	2025-06-04	17:32:06	Wed
McCormick Park	bd432098a73b510b22a6c65286ad93557a19db75	46.870740	-114.002610	1749058327	2025-06-04	17:32:07	Wed
McCormick Park	3d0605c36967b9cf8121f93da031c1562f3a08f3	46.872780	-114.004760	1749070875	2025-06-04	21:01:15	Wed
McCormick Park	3d0605c36967b9cf8121f93da031c1562f3a08f3	46.872820	-114.004820	1749070889	2025-06-04	21:01:29	Wed
McCormick Park	3d0605c36967b9cf8121f93da031c1562f3a08f3	46.872870	-114.004810	1749070896	2025-06-04	21:01:36	Wed
McCormick Park	3d0605c36967b9cf8121f93da031c1562f3a08f3	46.872970	-114.005310	1749071099	2025-06-04	21:04:59	Wed
McCormick Park	3d0605c36967b9cf8121f93da031c1562f3a08f3	46.871270	-114.003500	1749079384	2025-06-04	23:23:04	Wed
McCormick Park	79624cd4d59a6e4eb9a7f3c75623c75ee6c2be7b	46.870830	-114.002590	1748996028	2025-06-04	00:13:48	Wed
McCormick Park	73eb2fe7613f9d053e2bc6bb1d2eee5b6783d1d0	46.872480	-114.003940	1749069539	2025-06-04	20:38:59	Wed
McCormick Park	2e4fe17eaa563f6b84f0cf9e08ffdb864c601b0a	46.870820	-114.002540	1748996764	2025-06-04	00:26:04	Wed
McCormick Park	2e4fe17eaa563f6b84f0cf9e08ffdb864c601b0a	46.870860	-114.002530	1748996815	2025-06-04	00:26:55	Wed
McCormick Park	2e4fe17eaa563f6b84f0cf9e08ffdb864c601b0a	46.870860	-114.002530	1748996760	2025-06-04	00:26:00	Wed
McCormick Park	2e4fe17eaa563f6b84f0cf9e08ffdb864c601b0a	46.870880	-114.002520	1748996813	2025-06-04	00:26:53	Wed
McCormick Park	48f53314d9c5a131fec7221e9641cb8556d16fb1	46.872320	-114.002600	1749062624	2025-06-04	18:43:44	Wed
McCormick Park	1a48935bda6e328d170ebddf5e1861833f23bfda	46.871280	-114.002680	1749078683	2025-06-04	23:11:23	Wed
McCormick Park	fb890c5789cf99726f83013a2f8805814bbaf9f5	46.871210	-114.001800	1749029240	2025-06-04	09:27:20	Wed
McCormick Park	e9cfdb05e3666dc8727adaa5213406c7dc5c4843	46.872900	-114.005050	1749066401	2025-06-04	19:46:41	Wed
McCormick Park	e9cfdb05e3666dc8727adaa5213406c7dc5c4843	46.872330	-114.005000	1749066422	2025-06-04	19:47:02	Wed
McCormick Park	e9cfdb05e3666dc8727adaa5213406c7dc5c4843	46.872350	-114.005000	1749066478	2025-06-04	19:47:58	Wed
McCormick Park	e9cfdb05e3666dc8727adaa5213406c7dc5c4843	46.872900	-114.005060	1749066610	2025-06-04	19:50:10	Wed
McCormick Park	e9cfdb05e3666dc8727adaa5213406c7dc5c4843	46.872900	-114.005010	1749066623	2025-06-04	19:50:23	Wed
McCormick Park	e9cfdb05e3666dc8727adaa5213406c7dc5c4843	46.872900	-114.005080	1749066403	2025-06-04	19:46:43	Wed
McCormick Park	e9cfdb05e3666dc8727adaa5213406c7dc5c4843	46.872900	-114.005030	1749066408	2025-06-04	19:46:48	Wed
McCormick Park	e9cfdb05e3666dc8727adaa5213406c7dc5c4843	46.872300	-114.005000	1749066420	2025-06-04	19:47:00	Wed
McCormick Park	e9cfdb05e3666dc8727adaa5213406c7dc5c4843	46.872300	-114.005000	1749066477	2025-06-04	19:47:57	Wed
McCormick Park	e9cfdb05e3666dc8727adaa5213406c7dc5c4843	46.872900	-114.005040	1749066602	2025-06-04	19:50:02	Wed
McCormick Park	e9cfdb05e3666dc8727adaa5213406c7dc5c4843	46.872900	-114.005020	1749066623	2025-06-04	19:50:23	Wed
McCormick Park	e9cfdb05e3666dc8727adaa5213406c7dc5c4843	46.872900	-114.005060	1749066406	2025-06-04	19:46:46	Wed
McCormick Park	e9cfdb05e3666dc8727adaa5213406c7dc5c4843	46.872900	-114.005400	1749066448	2025-06-04	19:47:28	Wed
McCormick Park	e9cfdb05e3666dc8727adaa5213406c7dc5c4843	46.872320	-114.006160	1749066518	2025-06-04	19:48:38	Wed
McCormick Park	e9cfdb05e3666dc8727adaa5213406c7dc5c4843	46.872670	-114.005260	1749066526	2025-06-04	19:48:46	Wed
McCormick Park	e9cfdb05e3666dc8727adaa5213406c7dc5c4843	46.872650	-114.005700	1749066569	2025-06-04	19:49:29	Wed
McCormick Park	e9cfdb05e3666dc8727adaa5213406c7dc5c4843	46.872600	-114.006110	1749066576	2025-06-04	19:49:36	Wed
McCormick Park	e9cfdb05e3666dc8727adaa5213406c7dc5c4843	46.872900	-114.005370	1749066582	2025-06-04	19:49:42	Wed
McCormick Park	e9cfdb05e3666dc8727adaa5213406c7dc5c4843	46.872900	-114.005360	1749066594	2025-06-04	19:49:54	Wed
McCormick Park	ad013128eae87755080bea2b09dc20a6e6f7e969	46.871475	-114.004906	1750087454	2025-06-16	15:24:14	Mon
McCormick Park	ad013128eae87755080bea2b09dc20a6e6f7e969	46.871724	-114.004939	1750087460	2025-06-16	15:24:20	Mon
McCormick Park	ad013128eae87755080bea2b09dc20a6e6f7e969	46.871921	-114.005059	1750087506	2025-06-16	15:25:06	Mon
McCormick Park	ad013128eae87755080bea2b09dc20a6e6f7e969	46.871921	-114.005082	1750087586	2025-06-16	15:26:26	Mon
McCormick Park	ad013128eae87755080bea2b09dc20a6e6f7e969	46.871879	-114.005130	1750087732	2025-06-16	15:28:52	Mon
McCormick Park	ad013128eae87755080bea2b09dc20a6e6f7e969	46.871879	-114.005130	1750087741	2025-06-16	15:29:01	Mon
McCormick Park	ad013128eae87755080bea2b09dc20a6e6f7e969	46.871880	-114.005129	1750087759	2025-06-16	15:29:19	Mon
McCormick Park	ad013128eae87755080bea2b09dc20a6e6f7e969	46.871880	-114.005129	1750087767	2025-06-16	15:29:27	Mon
McCormick Park	ad013128eae87755080bea2b09dc20a6e6f7e969	46.871903	-114.005116	1750088012	2025-06-16	15:33:32	Mon
McCormick Park	ad013128eae87755080bea2b09dc20a6e6f7e969	46.871903	-114.005116	1750088022	2025-06-16	15:33:42	Mon
McCormick Park	ad013128eae87755080bea2b09dc20a6e6f7e969	46.871912	-114.005087	1750088265	2025-06-16	15:37:45	Mon
McCormick Park	ad013128eae87755080bea2b09dc20a6e6f7e969	46.871912	-114.005087	1750088288	2025-06-16	15:38:08	Mon
McCormick Park	ad013128eae87755080bea2b09dc20a6e6f7e969	46.871911	-114.005087	1750088295	2025-06-16	15:38:15	Mon
McCormick Park	ad013128eae87755080bea2b09dc20a6e6f7e969	46.871911	-114.005087	1750088303	2025-06-16	15:38:23	Mon
McCormick Park	ad013128eae87755080bea2b09dc20a6e6f7e969	46.871904	-114.005069	1750088338	2025-06-16	15:38:58	Mon
McCormick Park	ad013128eae87755080bea2b09dc20a6e6f7e969	46.871906	-114.005069	1750088518	2025-06-16	15:41:58	Mon
McCormick Park	ad013128eae87755080bea2b09dc20a6e6f7e969	46.871906	-114.005068	1750088563	2025-06-16	15:42:43	Mon
McCormick Park	ad013128eae87755080bea2b09dc20a6e6f7e969	46.871905	-114.005069	1750088575	2025-06-16	15:42:55	Mon
McCormick Park	ad013128eae87755080bea2b09dc20a6e6f7e969	46.871905	-114.005069	1750088584	2025-06-16	15:43:04	Mon
McCormick Park	ad013128eae87755080bea2b09dc20a6e6f7e969	46.872320	-114.004966	1750088771	2025-06-16	15:46:11	Mon
McCormick Park	dfe771bdbe59f79112e62eb521d6c2f8d162b88f	46.872475	-114.003830	1750086445	2025-06-16	15:07:25	Mon
McCormick Park	dfe771bdbe59f79112e62eb521d6c2f8d162b88f	46.872475	-114.003830	1750086449	2025-06-16	15:07:29	Mon
McCormick Park	dfe771bdbe59f79112e62eb521d6c2f8d162b88f	46.872640	-114.003880	1750086512	2025-06-16	15:08:32	Mon
McCormick Park	dfe771bdbe59f79112e62eb521d6c2f8d162b88f	46.872480	-114.003850	1750086546	2025-06-16	15:09:06	Mon
McCormick Park	dfe771bdbe59f79112e62eb521d6c2f8d162b88f	46.871597	-114.003090	1750086583	2025-06-16	15:09:43	Mon
McCormick Park	dfe771bdbe59f79112e62eb521d6c2f8d162b88f	46.872334	-114.003860	1750086616	2025-06-16	15:10:16	Mon
McCormick Park	dfe771bdbe59f79112e62eb521d6c2f8d162b88f	46.872334	-114.003860	1750086650	2025-06-16	15:10:50	Mon
McCormick Park	dfe771bdbe59f79112e62eb521d6c2f8d162b88f	46.872456	-114.003975	1750100888	2025-06-16	19:08:08	Mon
McCormick Park	dfe771bdbe59f79112e62eb521d6c2f8d162b88f	46.872474	-114.003964	1750100905	2025-06-16	19:08:25	Mon
McCormick Park	dfe771bdbe59f79112e62eb521d6c2f8d162b88f	46.872456	-114.003975	1750100989	2025-06-16	19:09:49	Mon
McCormick Park	dfe771bdbe59f79112e62eb521d6c2f8d162b88f	46.872456	-114.003975	1750101055	2025-06-16	19:10:55	Mon
McCormick Park	dfe771bdbe59f79112e62eb521d6c2f8d162b88f	46.872655	-114.003812	1750111466	2025-06-16	22:04:26	Mon
McCormick Park	dfe771bdbe59f79112e62eb521d6c2f8d162b88f	46.872643	-114.003815	1750111466	2025-06-16	22:04:26	Mon
McCormick Park	dfe771bdbe59f79112e62eb521d6c2f8d162b88f	46.872610	-114.003805	1750111471	2025-06-16	22:04:31	Mon
McCormick Park	dfe771bdbe59f79112e62eb521d6c2f8d162b88f	46.872651	-114.003883	1750111478	2025-06-16	22:04:38	Mon
McCormick Park	dfe771bdbe59f79112e62eb521d6c2f8d162b88f	46.872640	-114.003883	1750111481	2025-06-16	22:04:41	Mon
McCormick Park	dfe771bdbe59f79112e62eb521d6c2f8d162b88f	46.872644	-114.003828	1750111496	2025-06-16	22:04:56	Mon
McCormick Park	dfe771bdbe59f79112e62eb521d6c2f8d162b88f	46.872643	-114.003815	1750111499	2025-06-16	22:04:59	Mon
McCormick Park	dfe771bdbe59f79112e62eb521d6c2f8d162b88f	46.872420	-114.003800	1750086441	2025-06-16	15:07:21	Mon
McCormick Park	dfe771bdbe59f79112e62eb521d6c2f8d162b88f	46.872430	-114.003830	1750086442	2025-06-16	15:07:22	Mon
McCormick Park	dfe771bdbe59f79112e62eb521d6c2f8d162b88f	46.872430	-114.003870	1750086443	2025-06-16	15:07:23	Mon
McCormick Park	dfe771bdbe59f79112e62eb521d6c2f8d162b88f	46.872480	-114.003800	1750086447	2025-06-16	15:07:27	Mon
McCormick Park	dfe771bdbe59f79112e62eb521d6c2f8d162b88f	46.872470	-114.003850	1750086448	2025-06-16	15:07:28	Mon
McCormick Park	dfe771bdbe59f79112e62eb521d6c2f8d162b88f	46.872480	-114.003860	1750086448	2025-06-16	15:07:28	Mon
McCormick Park	dfe771bdbe59f79112e62eb521d6c2f8d162b88f	46.872410	-114.003950	1750100907	2025-06-16	19:08:27	Mon
McCormick Park	dfe771bdbe59f79112e62eb521d6c2f8d162b88f	46.872600	-114.003850	1750111464	2025-06-16	22:04:24	Mon
McCormick Park	dfe771bdbe59f79112e62eb521d6c2f8d162b88f	46.872670	-114.003850	1750111466	2025-06-16	22:04:26	Mon
McCormick Park	dfe771bdbe59f79112e62eb521d6c2f8d162b88f	46.872640	-114.003830	1750111466	2025-06-16	22:04:26	Mon
McCormick Park	dfe771bdbe59f79112e62eb521d6c2f8d162b88f	46.872610	-114.003810	1750111475	2025-06-16	22:04:35	Mon
McCormick Park	dfe771bdbe59f79112e62eb521d6c2f8d162b88f	46.872610	-114.003870	1750111476	2025-06-16	22:04:36	Mon
McCormick Park	dfe771bdbe59f79112e62eb521d6c2f8d162b88f	46.872650	-114.003810	1750111487	2025-06-16	22:04:47	Mon
McCormick Park	dfe771bdbe59f79112e62eb521d6c2f8d162b88f	46.872660	-114.003810	1750111487	2025-06-16	22:04:47	Mon
McCormick Park	dfe771bdbe59f79112e62eb521d6c2f8d162b88f	46.872650	-114.003880	1750111497	2025-06-16	22:04:57	Mon
McCormick Park	dfe771bdbe59f79112e62eb521d6c2f8d162b88f	46.872620	-114.003400	1750075719	2025-06-16	12:08:39	Mon
McCormick Park	dfe771bdbe59f79112e62eb521d6c2f8d162b88f	46.872620	-114.003400	1750075840	2025-06-16	12:10:40	Mon
McCormick Park	dfe771bdbe59f79112e62eb521d6c2f8d162b88f	46.872620	-114.003400	1750075978	2025-06-16	12:12:58	Mon
McCormick Park	dfe771bdbe59f79112e62eb521d6c2f8d162b88f	46.872620	-114.003160	1750076397	2025-06-16	12:19:57	Mon
McCormick Park	dfe771bdbe59f79112e62eb521d6c2f8d162b88f	46.872630	-114.003190	1750076808	2025-06-16	12:26:48	Mon
McCormick Park	dfe771bdbe59f79112e62eb521d6c2f8d162b88f	46.872660	-114.003800	1750076995	2025-06-16	12:29:55	Mon
McCormick Park	dfe771bdbe59f79112e62eb521d6c2f8d162b88f	46.872600	-114.003880	1750077206	2025-06-16	12:33:26	Mon
McCormick Park	dfe771bdbe59f79112e62eb521d6c2f8d162b88f	46.872580	-114.003790	1750077711	2025-06-16	12:41:51	Mon
McCormick Park	dfe771bdbe59f79112e62eb521d6c2f8d162b88f	46.872690	-114.003870	1750078210	2025-06-16	12:50:10	Mon
McCormick Park	dfe771bdbe59f79112e62eb521d6c2f8d162b88f	46.872560	-114.004010	1750078599	2025-06-16	12:56:39	Mon
McCormick Park	dfe771bdbe59f79112e62eb521d6c2f8d162b88f	46.872530	-114.003910	1750079311	2025-06-16	13:08:31	Mon
McCormick Park	dfe771bdbe59f79112e62eb521d6c2f8d162b88f	46.872850	-114.005560	1750079767	2025-06-16	13:16:07	Mon
McCormick Park	dfe771bdbe59f79112e62eb521d6c2f8d162b88f	46.872590	-114.003880	1750080594	2025-06-16	13:29:54	Mon
McCormick Park	dfe771bdbe59f79112e62eb521d6c2f8d162b88f	46.872650	-114.003870	1750081238	2025-06-16	13:40:38	Mon
McCormick Park	dfe771bdbe59f79112e62eb521d6c2f8d162b88f	46.872630	-114.003870	1750081372	2025-06-16	13:42:52	Mon
McCormick Park	dfe771bdbe59f79112e62eb521d6c2f8d162b88f	46.872640	-114.003900	1750081629	2025-06-16	13:47:09	Mon
McCormick Park	dfe771bdbe59f79112e62eb521d6c2f8d162b88f	46.872620	-114.003810	1750081895	2025-06-16	13:51:35	Mon
McCormick Park	dfe771bdbe59f79112e62eb521d6c2f8d162b88f	46.871530	-114.004430	1750082176	2025-06-16	13:56:16	Mon
McCormick Park	dfe771bdbe59f79112e62eb521d6c2f8d162b88f	46.872600	-114.003950	1750082330	2025-06-16	13:58:50	Mon
McCormick Park	dfe771bdbe59f79112e62eb521d6c2f8d162b88f	46.872650	-114.003890	1750082472	2025-06-16	14:01:12	Mon
McCormick Park	dfe771bdbe59f79112e62eb521d6c2f8d162b88f	46.872640	-114.003890	1750082616	2025-06-16	14:03:36	Mon
McCormick Park	dfe771bdbe59f79112e62eb521d6c2f8d162b88f	46.872660	-114.003960	1750082737	2025-06-16	14:05:37	Mon
McCormick Park	dfe771bdbe59f79112e62eb521d6c2f8d162b88f	46.872670	-114.003920	1750082858	2025-06-16	14:07:38	Mon
McCormick Park	dfe771bdbe59f79112e62eb521d6c2f8d162b88f	46.872560	-114.004650	1750082980	2025-06-16	14:09:40	Mon
McCormick Park	dfe771bdbe59f79112e62eb521d6c2f8d162b88f	46.872460	-114.003800	1750084934	2025-06-16	14:42:14	Mon
McCormick Park	dfe771bdbe59f79112e62eb521d6c2f8d162b88f	46.872460	-114.003800	1750085175	2025-06-16	14:46:15	Mon
McCormick Park	dfe771bdbe59f79112e62eb521d6c2f8d162b88f	46.872510	-114.003840	1750086948	2025-06-16	15:15:48	Mon
McCormick Park	dfe771bdbe59f79112e62eb521d6c2f8d162b88f	46.872110	-114.003800	1750087169	2025-06-16	15:19:29	Mon
McCormick Park	dfe771bdbe59f79112e62eb521d6c2f8d162b88f	46.872240	-114.003570	1750087430	2025-06-16	15:23:50	Mon
McCormick Park	dfe771bdbe59f79112e62eb521d6c2f8d162b88f	46.872530	-114.003870	1750087837	2025-06-16	15:30:37	Mon
McCormick Park	dfe771bdbe59f79112e62eb521d6c2f8d162b88f	46.872570	-114.003880	1750087994	2025-06-16	15:33:14	Mon
McCormick Park	dfe771bdbe59f79112e62eb521d6c2f8d162b88f	46.872500	-114.003840	1750089998	2025-06-16	16:06:38	Mon
McCormick Park	dfe771bdbe59f79112e62eb521d6c2f8d162b88f	46.872490	-114.003790	1750090360	2025-06-16	16:12:40	Mon
McCormick Park	dfe771bdbe59f79112e62eb521d6c2f8d162b88f	46.872950	-114.005220	1750091494	2025-06-16	16:31:34	Mon
McCormick Park	dfe771bdbe59f79112e62eb521d6c2f8d162b88f	46.872510	-114.003810	1750091720	2025-06-16	16:35:20	Mon
McCormick Park	dfe771bdbe59f79112e62eb521d6c2f8d162b88f	46.872500	-114.003830	1750091841	2025-06-16	16:37:21	Mon
McCormick Park	dfe771bdbe59f79112e62eb521d6c2f8d162b88f	46.872500	-114.003830	1750092085	2025-06-16	16:41:25	Mon
McCormick Park	dfe771bdbe59f79112e62eb521d6c2f8d162b88f	46.871860	-114.003630	1750092414	2025-06-16	16:46:54	Mon
McCormick Park	dfe771bdbe59f79112e62eb521d6c2f8d162b88f	46.872530	-114.003810	1750092645	2025-06-16	16:50:45	Mon
McCormick Park	dfe771bdbe59f79112e62eb521d6c2f8d162b88f	46.872450	-114.003760	1750092890	2025-06-16	16:54:50	Mon
McCormick Park	dfe771bdbe59f79112e62eb521d6c2f8d162b88f	46.871440	-114.004620	1750093153	2025-06-16	16:59:13	Mon
McCormick Park	dfe771bdbe59f79112e62eb521d6c2f8d162b88f	46.872500	-114.004110	1750095488	2025-06-16	17:38:08	Mon
McCormick Park	dfe771bdbe59f79112e62eb521d6c2f8d162b88f	46.872300	-114.004970	1750095609	2025-06-16	17:40:09	Mon
McCormick Park	dfe771bdbe59f79112e62eb521d6c2f8d162b88f	46.872510	-114.004140	1750100464	2025-06-16	19:01:04	Mon
McCormick Park	dfe771bdbe59f79112e62eb521d6c2f8d162b88f	46.872500	-114.003920	1750100586	2025-06-16	19:03:06	Mon
McCormick Park	dfe771bdbe59f79112e62eb521d6c2f8d162b88f	46.872500	-114.003920	1750100707	2025-06-16	19:05:07	Mon
McCormick Park	dfe771bdbe59f79112e62eb521d6c2f8d162b88f	46.872470	-114.003950	1750100828	2025-06-16	19:07:08	Mon
McCormick Park	dfe771bdbe59f79112e62eb521d6c2f8d162b88f	46.872470	-114.003950	1750101151	2025-06-16	19:12:31	Mon
McCormick Park	dfe771bdbe59f79112e62eb521d6c2f8d162b88f	46.872470	-114.003910	1750101469	2025-06-16	19:17:49	Mon
McCormick Park	dfe771bdbe59f79112e62eb521d6c2f8d162b88f	46.872470	-114.003920	1750101863	2025-06-16	19:24:23	Mon
McCormick Park	dfe771bdbe59f79112e62eb521d6c2f8d162b88f	46.872450	-114.003890	1750102867	2025-06-16	19:41:07	Mon
McCormick Park	dfe771bdbe59f79112e62eb521d6c2f8d162b88f	46.872440	-114.003890	1750103149	2025-06-16	19:45:49	Mon
McCormick Park	dfe771bdbe59f79112e62eb521d6c2f8d162b88f	46.872530	-114.003970	1750103445	2025-06-16	19:50:45	Mon
McCormick Park	dfe771bdbe59f79112e62eb521d6c2f8d162b88f	46.872480	-114.003890	1750103692	2025-06-16	19:54:52	Mon
McCormick Park	dfe771bdbe59f79112e62eb521d6c2f8d162b88f	46.872510	-114.003910	1750103838	2025-06-16	19:57:18	Mon
McCormick Park	dfe771bdbe59f79112e62eb521d6c2f8d162b88f	46.872450	-114.003870	1750104058	2025-06-16	20:00:58	Mon
McCormick Park	dfe771bdbe59f79112e62eb521d6c2f8d162b88f	46.872490	-114.003910	1750104331	2025-06-16	20:05:31	Mon
McCormick Park	dfe771bdbe59f79112e62eb521d6c2f8d162b88f	46.872510	-114.003890	1750104564	2025-06-16	20:09:24	Mon
McCormick Park	dfe771bdbe59f79112e62eb521d6c2f8d162b88f	46.872490	-114.003950	1750104848	2025-06-16	20:14:08	Mon
McCormick Park	dfe771bdbe59f79112e62eb521d6c2f8d162b88f	46.872430	-114.003920	1750104994	2025-06-16	20:16:34	Mon
McCormick Park	dfe771bdbe59f79112e62eb521d6c2f8d162b88f	46.872420	-114.003890	1750105115	2025-06-16	20:18:35	Mon
McCormick Park	dfe771bdbe59f79112e62eb521d6c2f8d162b88f	46.872420	-114.003890	1750105252	2025-06-16	20:20:52	Mon
McCormick Park	dfe771bdbe59f79112e62eb521d6c2f8d162b88f	46.872470	-114.003940	1750105500	2025-06-16	20:25:00	Mon
McCormick Park	dfe771bdbe59f79112e62eb521d6c2f8d162b88f	46.872450	-114.004040	1750105823	2025-06-16	20:30:23	Mon
McCormick Park	dfe771bdbe59f79112e62eb521d6c2f8d162b88f	46.872660	-114.004230	1750105944	2025-06-16	20:32:24	Mon
McCormick Park	dfe771bdbe59f79112e62eb521d6c2f8d162b88f	46.873070	-114.005140	1750106065	2025-06-16	20:34:25	Mon
McCormick Park	dfe771bdbe59f79112e62eb521d6c2f8d162b88f	46.873070	-114.005140	1750106219	2025-06-16	20:36:59	Mon
McCormick Park	dfe771bdbe59f79112e62eb521d6c2f8d162b88f	46.872800	-114.004400	1750106578	2025-06-16	20:42:58	Mon
McCormick Park	dfe771bdbe59f79112e62eb521d6c2f8d162b88f	46.872590	-114.003800	1750110608	2025-06-16	21:50:08	Mon
McCormick Park	dfe771bdbe59f79112e62eb521d6c2f8d162b88f	46.872530	-114.003800	1750110774	2025-06-16	21:52:54	Mon
McCormick Park	dfe771bdbe59f79112e62eb521d6c2f8d162b88f	46.872640	-114.003910	1750111308	2025-06-16	22:01:48	Mon
McCormick Park	dfe771bdbe59f79112e62eb521d6c2f8d162b88f	46.872640	-114.003910	1750111573	2025-06-16	22:06:13	Mon
McCormick Park	dfe771bdbe59f79112e62eb521d6c2f8d162b88f	46.872870	-114.005200	1750111694	2025-06-16	22:08:14	Mon
McCormick Park	dfe771bdbe59f79112e62eb521d6c2f8d162b88f	46.872870	-114.005200	1750111819	2025-06-16	22:10:19	Mon
McCormick Park	dfe771bdbe59f79112e62eb521d6c2f8d162b88f	46.873090	-114.005070	1750112046	2025-06-16	22:14:06	Mon
McCormick Park	dfe771bdbe59f79112e62eb521d6c2f8d162b88f	46.872550	-114.003780	1750112319	2025-06-16	22:18:39	Mon
McCormick Park	dfe771bdbe59f79112e62eb521d6c2f8d162b88f	46.872640	-114.003800	1750112638	2025-06-16	22:23:58	Mon
McCormick Park	dfe771bdbe59f79112e62eb521d6c2f8d162b88f	46.873260	-114.003410	1750114044	2025-06-16	22:47:24	Mon
McCormick Park	dfe771bdbe59f79112e62eb521d6c2f8d162b88f	46.873620	-114.003610	1750114548	2025-06-16	22:55:48	Mon
McCormick Park	dfe771bdbe59f79112e62eb521d6c2f8d162b88f	46.873250	-114.003450	1750115336	2025-06-16	23:08:56	Mon
McCormick Park	dfe771bdbe59f79112e62eb521d6c2f8d162b88f	46.873460	-114.003460	1750115713	2025-06-16	23:15:13	Mon
McCormick Park	dfe771bdbe59f79112e62eb521d6c2f8d162b88f	46.872100	-114.002210	1750117370	2025-06-16	23:42:50	Mon
McCormick Park	dfe771bdbe59f79112e62eb521d6c2f8d162b88f	46.873150	-114.003960	1750117561	2025-06-16	23:46:01	Mon
McCormick Park	dfe771bdbe59f79112e62eb521d6c2f8d162b88f	46.872460	-114.003330	1750117682	2025-06-16	23:48:02	Mon
McCormick Park	0a6300fe337b5eb1dd1143377c6eb73bb00a487f	46.870763	-114.002468	1750107207	2025-06-16	20:53:27	Mon
McCormick Park	0a6300fe337b5eb1dd1143377c6eb73bb00a487f	46.870788	-114.002483	1750107212	2025-06-16	20:53:32	Mon
McCormick Park	e6c6f92601d9900422e28abfd118b431f565d3e5	46.872658	-114.004910	1743877771	2025-04-05	18:29:31	Sat
McCormick Park	b630fe363cd62fe65703696faf3ddf1d60babd98	46.872810	-114.004800	1743876203	2025-04-05	18:03:23	Sat
McCormick Park	29b828fd8e8a7f528f443e4b94ee428a71036a67	46.870820	-114.002474	1743893414	2025-04-05	22:50:14	Sat
McCormick Park	bc55ce9ad6a64fbecc45db9ac5744f13ecbb7711	46.871879	-114.005297	1743878676	2025-04-05	18:44:36	Sat
McCormick Park	bc55ce9ad6a64fbecc45db9ac5744f13ecbb7711	46.871870	-114.005240	1743878677	2025-04-05	18:44:37	Sat
McCormick Park	d63c23ca967b683552b837bc7bca989e2b0e412e	46.871340	-114.003150	1743840651	2025-04-05	08:10:51	Sat
McCormick Park	28043d4ca198ee54cb537678986132f3270043cc	46.872125	-114.004900	1743886830	2025-04-05	21:00:30	Sat
McCormick Park	28043d4ca198ee54cb537678986132f3270043cc	46.872130	-114.004917	1743886865	2025-04-05	21:01:05	Sat
McCormick Park	28043d4ca198ee54cb537678986132f3270043cc	46.872170	-114.004900	1743886832	2025-04-05	21:00:32	Sat
McCormick Park	28043d4ca198ee54cb537678986132f3270043cc	46.872130	-114.004980	1743886862	2025-04-05	21:01:02	Sat
McCormick Park	17084ebfd325f0099f6d85dd11434b288f6dabf8	46.872750	-114.004500	1743889288	2025-04-05	21:41:28	Sat
McCormick Park	17084ebfd325f0099f6d85dd11434b288f6dabf8	46.872720	-114.004500	1743889283	2025-04-05	21:41:23	Sat
McCormick Park	783baad88cc096324f8b9983f7c7d5f60840f693	46.872917	-114.005185	1743827891	2025-04-05	04:38:11	Sat
McCormick Park	783baad88cc096324f8b9983f7c7d5f60840f693	46.872900	-114.005190	1743827895	2025-04-05	04:38:15	Sat
McCormick Park	b96c8111b2cc05ff9514e24b8c0beb46c052e22a	46.871231	-114.002871	1743820514	2025-04-05	02:35:14	Sat
McCormick Park	b96c8111b2cc05ff9514e24b8c0beb46c052e22a	46.871269	-114.002821	1743820515	2025-04-05	02:35:15	Sat
McCormick Park	b96c8111b2cc05ff9514e24b8c0beb46c052e22a	46.871269	-114.002821	1743820576	2025-04-05	02:36:16	Sat
McCormick Park	b96c8111b2cc05ff9514e24b8c0beb46c052e22a	46.871449	-114.001873	1743820816	2025-04-05	02:40:16	Sat
McCormick Park	b96c8111b2cc05ff9514e24b8c0beb46c052e22a	46.871449	-114.001873	1743820880	2025-04-05	02:41:20	Sat
McCormick Park	b96c8111b2cc05ff9514e24b8c0beb46c052e22a	46.871453	-114.001873	1743820882	2025-04-05	02:41:22	Sat
McCormick Park	b96c8111b2cc05ff9514e24b8c0beb46c052e22a	46.871413	-114.001918	1743821733	2025-04-05	02:55:33	Sat
McCormick Park	b96c8111b2cc05ff9514e24b8c0beb46c052e22a	46.871405	-114.001966	1743821738	2025-04-05	02:55:38	Sat
McCormick Park	b96c8111b2cc05ff9514e24b8c0beb46c052e22a	46.871240	-114.002840	1743820518	2025-04-05	02:35:18	Sat
McCormick Park	b96c8111b2cc05ff9514e24b8c0beb46c052e22a	46.871220	-114.002830	1743820570	2025-04-05	02:36:10	Sat
McCormick Park	b96c8111b2cc05ff9514e24b8c0beb46c052e22a	46.871480	-114.001870	1743820811	2025-04-05	02:40:11	Sat
McCormick Park	b96c8111b2cc05ff9514e24b8c0beb46c052e22a	46.871470	-114.001870	1743820875	2025-04-05	02:41:15	Sat
McCormick Park	b96c8111b2cc05ff9514e24b8c0beb46c052e22a	46.871410	-114.001960	1743821738	2025-04-05	02:55:38	Sat
McCormick Park	b4d0c3a7f20626d2a4f66eb51bad74bf84e189ed	46.872440	-114.004860	1743864578	2025-04-05	14:49:38	Sat
McCormick Park	b4d0c3a7f20626d2a4f66eb51bad74bf84e189ed	46.872425	-114.004880	1743864575	2025-04-05	14:49:35	Sat
McCormick Park	c320e622439bb0e31b945743a18ca4f118bfc4dd	46.872434	-114.004162	1743812360	2025-04-05	00:19:20	Sat
McCormick Park	c320e622439bb0e31b945743a18ca4f118bfc4dd	46.872400	-114.004170	1743812360	2025-04-05	00:19:20	Sat
McCormick Park	1739134cb2a0e66ab3a3b98790739fb63524241b	46.872405	-114.002265	1743893694	2025-04-05	22:54:54	Sat
McCormick Park	7e3ad5008476da78f12ab2b1bc40c0022a1541dd	46.872760	-114.004880	1743861159	2025-04-05	13:52:39	Sat
McCormick Park	9367bf275bb9bd2b309acc0e2390104c4c110867	46.872750	-114.004850	1743876175	2025-04-05	18:02:55	Sat
McCormick Park	027e9f0b99049bc887e098f9704f2d0fcbded2ce	46.871956	-114.005160	1743872703	2025-04-05	17:05:03	Sat
McCormick Park	74599de2aa425ac1526744562b5b4bbad4a77cc4	46.872235	-114.003316	1743887091	2025-04-05	21:04:51	Sat
McCormick Park	8a6dc85a97f5ea3d5fa409dc0c1c67247780b9a0	46.871346	-114.003182	1743828478	2025-04-05	04:47:58	Sat
McCormick Park	8a6dc85a97f5ea3d5fa409dc0c1c67247780b9a0	46.871388	-114.003128	1743828791	2025-04-05	04:53:11	Sat
McCormick Park	8a6dc85a97f5ea3d5fa409dc0c1c67247780b9a0	46.871365	-114.003122	1743829168	2025-04-05	04:59:28	Sat
McCormick Park	8a6dc85a97f5ea3d5fa409dc0c1c67247780b9a0	46.871383	-114.003144	1743829169	2025-04-05	04:59:29	Sat
McCormick Park	8a6dc85a97f5ea3d5fa409dc0c1c67247780b9a0	46.871300	-114.003130	1743828554	2025-04-05	04:49:14	Sat
McCormick Park	8a6dc85a97f5ea3d5fa409dc0c1c67247780b9a0	46.871300	-114.003170	1743829104	2025-04-05	04:58:24	Sat
McCormick Park	b364de28d7b72c244f31f8cd91796d5121f3f170	46.872885	-114.003712	1743890472	2025-04-05	22:01:12	Sat
McCormick Park	b364de28d7b72c244f31f8cd91796d5121f3f170	46.873038	-114.003716	1743890560	2025-04-05	22:02:40	Sat
McCormick Park	b364de28d7b72c244f31f8cd91796d5121f3f170	46.872870	-114.003780	1743890474	2025-04-05	22:01:14	Sat
McCormick Park	b364de28d7b72c244f31f8cd91796d5121f3f170	46.873080	-114.003720	1743890567	2025-04-05	22:02:47	Sat
McCormick Park	23f4157e94f8137ef90f07e2c250517aea3dc505	46.871972	-114.004740	1743833082	2025-04-05	06:04:42	Sat
McCormick Park	23f4157e94f8137ef90f07e2c250517aea3dc505	46.871960	-114.004720	1743833081	2025-04-05	06:04:41	Sat
McCormick Park	d3293babd1b408aa01d6c5f7f243be1eec004d1f	46.872948	-114.005486	1743875565	2025-04-05	17:52:45	Sat
McCormick Park	d3293babd1b408aa01d6c5f7f243be1eec004d1f	46.872948	-114.005486	1743875641	2025-04-05	17:54:01	Sat
McCormick Park	d3293babd1b408aa01d6c5f7f243be1eec004d1f	46.872837	-114.004929	1743875687	2025-04-05	17:54:47	Sat
McCormick Park	d3293babd1b408aa01d6c5f7f243be1eec004d1f	46.872837	-114.004929	1743875849	2025-04-05	17:57:29	Sat
McCormick Park	d3293babd1b408aa01d6c5f7f243be1eec004d1f	46.872837	-114.004930	1743875687	2025-04-05	17:54:47	Sat
McCormick Park	d3293babd1b408aa01d6c5f7f243be1eec004d1f	46.872837	-114.004929	1743875718	2025-04-05	17:55:18	Sat
McCormick Park	d3293babd1b408aa01d6c5f7f243be1eec004d1f	46.872837	-114.004929	1743875814	2025-04-05	17:56:54	Sat
McCormick Park	d3293babd1b408aa01d6c5f7f243be1eec004d1f	46.872837	-114.004930	1743875849	2025-04-05	17:57:29	Sat
McCormick Park	d7798b7b2e0f0362831aa8d090eebc77240fa0b0	46.872155	-114.004904	1743829718	2025-04-05	05:08:38	Sat
McCormick Park	68be52debe256fa216ea0ca58981d87c20d7e9a6	46.870945	-114.003360	1743866271	2025-04-05	15:17:51	Sat
McCormick Park	8b8c09e584645d4bef1c1943585c2e0a2ab81b9f	46.873146	-114.005388	1743883265	2025-04-05	20:01:05	Sat
McCormick Park	8b8c09e584645d4bef1c1943585c2e0a2ab81b9f	46.873132	-114.005425	1743886751	2025-04-05	20:59:11	Sat
McCormick Park	8b8c09e584645d4bef1c1943585c2e0a2ab81b9f	46.873059	-114.005340	1743888476	2025-04-05	21:27:56	Sat
McCormick Park	8b8c09e584645d4bef1c1943585c2e0a2ab81b9f	46.873149	-114.005395	1743890811	2025-04-05	22:06:51	Sat
McCormick Park	7f09447bb2023053e8d7d7bb6067b6010c66088c	46.871750	-114.005960	1746930929	2025-05-11	02:35:29	Sun
McCormick Park	ba6ed8c3a362ada39a13ad44e97070409655c7b8	46.871420	-114.001430	1746981979	2025-05-11	16:46:19	Sun
McCormick Park	b9077a0e477df4f448380770e4ef5121ea78aa8f	46.871370	-114.003140	1746956394	2025-05-11	09:39:54	Sun
McCormick Park	b9077a0e477df4f448380770e4ef5121ea78aa8f	46.871376	-114.003120	1746956396	2025-05-11	09:39:56	Sun
McCormick Park	201c7d3c87cf129a1c81d8e5c4ef60ff32efb467	46.871730	-114.004940	1746934791	2025-05-11	03:39:51	Sun
McCormick Park	201c7d3c87cf129a1c81d8e5c4ef60ff32efb467	46.871060	-114.002820	1746936199	2025-05-11	04:03:19	Sun
McCormick Park	201c7d3c87cf129a1c81d8e5c4ef60ff32efb467	46.871710	-114.004950	1746934798	2025-05-11	03:39:58	Sun
McCormick Park	201c7d3c87cf129a1c81d8e5c4ef60ff32efb467	46.871060	-114.002800	1746936191	2025-05-11	04:03:11	Sun
McCormick Park	aa758dcff8fefcba501ba487747af2a19776c80f	46.871530	-114.003070	1746940046	2025-05-11	05:07:26	Sun
McCormick Park	fabfac608ec64f416e264059fbcb6c3748cc119c	46.871250	-114.001760	1747000304	2025-05-11	21:51:44	Sun
McCormick Park	fabfac608ec64f416e264059fbcb6c3748cc119c	46.871240	-114.001730	1747000307	2025-05-11	21:51:47	Sun
McCormick Park	fabfac608ec64f416e264059fbcb6c3748cc119c	46.871280	-114.001740	1747000308	2025-05-11	21:51:48	Sun
McCormick Park	d03d65e60d85e985a12e1944c24dca44451ce9a7	46.872390	-114.005100	1747002231	2025-05-11	22:23:51	Sun
McCormick Park	d03d65e60d85e985a12e1944c24dca44451ce9a7	46.872660	-114.005440	1747002271	2025-05-11	22:24:31	Sun
McCormick Park	d03d65e60d85e985a12e1944c24dca44451ce9a7	46.872500	-114.005200	1747006994	2025-05-11	23:43:14	Sun
McCormick Park	d03d65e60d85e985a12e1944c24dca44451ce9a7	46.872140	-114.004720	1747006997	2025-05-11	23:43:17	Sun
McCormick Park	d03d65e60d85e985a12e1944c24dca44451ce9a7	46.872140	-114.004740	1747007006	2025-05-11	23:43:26	Sun
McCormick Park	d03d65e60d85e985a12e1944c24dca44451ce9a7	46.872530	-114.005250	1747007017	2025-05-11	23:43:37	Sun
McCormick Park	d03d65e60d85e985a12e1944c24dca44451ce9a7	46.872510	-114.005230	1747007020	2025-05-11	23:43:40	Sun
McCormick Park	53b35ec3d73f72383ebb53a34f67463c977ceb92	46.873050	-114.005760	1746929118	2025-05-11	02:05:18	Sun
McCormick Park	1b0d43d62b2d62ab606397a3a3758dcff9b43b59	46.873501	-114.003304	1746989984	2025-05-11	18:59:44	Sun
McCormick Park	1b0d43d62b2d62ab606397a3a3758dcff9b43b59	46.873500	-114.003310	1746989984	2025-05-11	18:59:44	Sun
McCormick Park	b7f8d3a6da51b8ecdea9b8903da9cfb880f01e9c	46.871620	-114.002210	1746996548	2025-05-11	20:49:08	Sun
McCormick Park	f47c151d1776c669db5e30cd3a666ca7aef4d24b	46.871070	-114.002700	1746921966	2025-05-11	00:06:06	Sun
McCormick Park	f47c151d1776c669db5e30cd3a666ca7aef4d24b	46.871130	-114.003730	1746921999	2025-05-11	00:06:39	Sun
McCormick Park	f47c151d1776c669db5e30cd3a666ca7aef4d24b	46.871160	-114.003740	1746922007	2025-05-11	00:06:47	Sun
McCormick Park	f47c151d1776c669db5e30cd3a666ca7aef4d24b	46.871160	-114.003310	1746922011	2025-05-11	00:06:51	Sun
McCormick Park	f47c151d1776c669db5e30cd3a666ca7aef4d24b	46.871010	-114.002790	1746922015	2025-05-11	00:06:55	Sun
McCormick Park	f47c151d1776c669db5e30cd3a666ca7aef4d24b	46.871070	-114.003150	1746922030	2025-05-11	00:07:10	Sun
McCormick Park	f47c151d1776c669db5e30cd3a666ca7aef4d24b	46.871080	-114.003160	1746922044	2025-05-11	00:07:24	Sun
McCormick Park	f47c151d1776c669db5e30cd3a666ca7aef4d24b	46.871300	-114.003360	1746922049	2025-05-11	00:07:29	Sun
McCormick Park	f47c151d1776c669db5e30cd3a666ca7aef4d24b	46.871120	-114.003080	1746922067	2025-05-11	00:07:47	Sun
McCormick Park	f47c151d1776c669db5e30cd3a666ca7aef4d24b	46.871560	-114.003160	1746922075	2025-05-11	00:07:55	Sun
McCormick Park	f47c151d1776c669db5e30cd3a666ca7aef4d24b	46.871020	-114.003140	1746922082	2025-05-11	00:08:02	Sun
McCormick Park	f47c151d1776c669db5e30cd3a666ca7aef4d24b	46.870830	-114.003100	1746922088	2025-05-11	00:08:08	Sun
McCormick Park	f47c151d1776c669db5e30cd3a666ca7aef4d24b	46.871170	-114.003470	1746922107	2025-05-11	00:08:27	Sun
McCormick Park	f47c151d1776c669db5e30cd3a666ca7aef4d24b	46.871620	-114.003500	1746922205	2025-05-11	00:10:05	Sun
McCormick Park	f47c151d1776c669db5e30cd3a666ca7aef4d24b	46.871100	-114.003140	1746922220	2025-05-11	00:10:20	Sun
McCormick Park	f47c151d1776c669db5e30cd3a666ca7aef4d24b	46.870950	-114.003150	1746922227	2025-05-11	00:10:27	Sun
McCormick Park	f47c151d1776c669db5e30cd3a666ca7aef4d24b	46.870980	-114.003420	1746922255	2025-05-11	00:10:55	Sun
McCormick Park	f47c151d1776c669db5e30cd3a666ca7aef4d24b	46.871070	-114.002700	1746921963	2025-05-11	00:06:03	Sun
McCormick Park	f47c151d1776c669db5e30cd3a666ca7aef4d24b	46.871110	-114.003760	1746921998	2025-05-11	00:06:38	Sun
McCormick Park	f47c151d1776c669db5e30cd3a666ca7aef4d24b	46.871130	-114.003760	1746922008	2025-05-11	00:06:48	Sun
McCormick Park	f47c151d1776c669db5e30cd3a666ca7aef4d24b	46.871170	-114.003330	1746922011	2025-05-11	00:06:51	Sun
McCormick Park	f47c151d1776c669db5e30cd3a666ca7aef4d24b	46.871070	-114.002720	1746922015	2025-05-11	00:06:55	Sun
McCormick Park	f47c151d1776c669db5e30cd3a666ca7aef4d24b	46.871060	-114.003150	1746922031	2025-05-11	00:07:11	Sun
McCormick Park	f47c151d1776c669db5e30cd3a666ca7aef4d24b	46.871010	-114.003180	1746922046	2025-05-11	00:07:26	Sun
McCormick Park	f47c151d1776c669db5e30cd3a666ca7aef4d24b	46.871100	-114.003040	1746922066	2025-05-11	00:07:46	Sun
McCormick Park	f47c151d1776c669db5e30cd3a666ca7aef4d24b	46.871560	-114.003130	1746922077	2025-05-11	00:07:57	Sun
McCormick Park	f47c151d1776c669db5e30cd3a666ca7aef4d24b	46.871030	-114.003150	1746922084	2025-05-11	00:08:04	Sun
McCormick Park	f47c151d1776c669db5e30cd3a666ca7aef4d24b	46.870830	-114.003100	1746922087	2025-05-11	00:08:07	Sun
McCormick Park	f47c151d1776c669db5e30cd3a666ca7aef4d24b	46.871170	-114.003460	1746922106	2025-05-11	00:08:26	Sun
McCormick Park	f47c151d1776c669db5e30cd3a666ca7aef4d24b	46.871630	-114.003500	1746922203	2025-05-11	00:10:03	Sun
McCormick Park	f47c151d1776c669db5e30cd3a666ca7aef4d24b	46.871100	-114.003100	1746922213	2025-05-11	00:10:13	Sun
McCormick Park	1d4a14f6d6f654e8acc122234fdb034cd84662c6	46.872970	-114.004920	1746985979	2025-05-11	17:52:59	Sun
McCormick Park	df8196eac37cc3c67a42f2104ff4c9e3a5f6715f	46.872380	-114.004960	1747003022	2025-05-11	22:37:02	Sun
McCormick Park	df8196eac37cc3c67a42f2104ff4c9e3a5f6715f	46.871780	-114.004970	1747003051	2025-05-11	22:37:31	Sun
McCormick Park	2d28b047fa5ea19420e3060d9a05ca3692ef2429	46.871880	-114.006680	1746928182	2025-05-11	01:49:42	Sun
McCormick Park	5a5bda0ef56b31eff228e17a1b1902aaa2461520	46.871350	-114.003170	1747004196	2025-05-11	22:56:36	Sun
McCormick Park	763191769798ad8330434bdc3ec98c60c778da33	46.871260	-114.004600	1747006822	2025-05-11	23:40:22	Sun
McCormick Park	763191769798ad8330434bdc3ec98c60c778da33	46.871260	-114.004600	1747006827	2025-05-11	23:40:27	Sun
McCormick Park	763191769798ad8330434bdc3ec98c60c778da33	46.871270	-114.004600	1747006829	2025-05-11	23:40:29	Sun
McCormick Park	2c3676750819e8fc074d8c61eee09ce63d5ba91f	46.872840	-114.005300	1746989929	2025-05-11	18:58:49	Sun
McCormick Park	2c3676750819e8fc074d8c61eee09ce63d5ba91f	46.872840	-114.005730	1746990052	2025-05-11	19:00:52	Sun
McCormick Park	2c3676750819e8fc074d8c61eee09ce63d5ba91f	46.873190	-114.005360	1746992229	2025-05-11	19:37:09	Sun
McCormick Park	d13e4bfcc214ae14607f5c00eef9924eba4d0aae	46.871380	-114.001610	1747003724	2025-05-11	22:48:44	Sun
McCormick Park	e10d45a2f2a6e000a9885f3e47e5a1bc2dc417ac	46.871850	-114.006580	1744898937	2025-04-17	14:08:57	Thu
McCormick Park	b3288a2999381a6d54f39a6112e187f65c47e6c8	46.873152	-114.005410	1744906092	2025-04-17	16:08:12	Thu
McCormick Park	b3288a2999381a6d54f39a6112e187f65c47e6c8	46.873177	-114.005420	1744906099	2025-04-17	16:08:19	Thu
McCormick Park	b3288a2999381a6d54f39a6112e187f65c47e6c8	46.873108	-114.005482	1744907381	2025-04-17	16:29:41	Thu
McCormick Park	b3288a2999381a6d54f39a6112e187f65c47e6c8	46.873108	-114.005486	1744907383	2025-04-17	16:29:43	Thu
McCormick Park	985970c7716679822152213a104bd1555da66db5	46.871680	-114.004900	1744900863	2025-04-17	14:41:03	Thu
McCormick Park	b8c5d1cd3e20b2bea1e924208fa47611e0e6a7c9	46.872300	-114.004720	1744911401	2025-04-17	17:36:41	Thu
McCormick Park	b8c5d1cd3e20b2bea1e924208fa47611e0e6a7c9	46.872300	-114.004720	1744911405	2025-04-17	17:36:45	Thu
McCormick Park	c70bffa4fe44ba52555d590c35bfac9df7d2cdf3	46.871170	-114.004240	1744856061	2025-04-17	02:14:21	Thu
McCormick Park	c70bffa4fe44ba52555d590c35bfac9df7d2cdf3	46.871170	-114.004250	1744856067	2025-04-17	02:14:27	Thu
McCormick Park	755060f0e81d8955cc40984a5fdb73af1873df4e	46.871784	-114.005310	1744927373	2025-04-17	22:02:53	Thu
McCormick Park	755060f0e81d8955cc40984a5fdb73af1873df4e	46.872032	-114.005066	1744927447	2025-04-17	22:04:07	Thu
McCormick Park	755060f0e81d8955cc40984a5fdb73af1873df4e	46.872040	-114.005050	1744927497	2025-04-17	22:04:57	Thu
McCormick Park	d597897b5a980fd0a4e40780840c10085960b59a	46.871350	-114.001900	1744880577	2025-04-17	09:02:57	Thu
McCormick Park	d597897b5a980fd0a4e40780840c10085960b59a	46.871310	-114.001900	1744880583	2025-04-17	09:03:03	Thu
McCormick Park	d597897b5a980fd0a4e40780840c10085960b59a	46.871480	-114.001980	1744880936	2025-04-17	09:08:56	Thu
McCormick Park	d597897b5a980fd0a4e40780840c10085960b59a	46.871380	-114.001940	1744880570	2025-04-17	09:02:50	Thu
McCormick Park	d597897b5a980fd0a4e40780840c10085960b59a	46.871370	-114.001900	1744880587	2025-04-17	09:03:07	Thu
McCormick Park	d597897b5a980fd0a4e40780840c10085960b59a	46.871450	-114.001910	1744880928	2025-04-17	09:08:48	Thu
McCormick Park	6426b10624fc19de977a9260622ede028046f6c1	46.872547	-114.003650	1744913391	2025-04-17	18:09:51	Thu
McCormick Park	6426b10624fc19de977a9260622ede028046f6c1	46.872590	-114.003600	1744913410	2025-04-17	18:10:10	Thu
McCormick Park	6426b10624fc19de977a9260622ede028046f6c1	46.871850	-114.003970	1744913446	2025-04-17	18:10:46	Thu
McCormick Park	6426b10624fc19de977a9260622ede028046f6c1	46.872150	-114.004105	1744913450	2025-04-17	18:10:50	Thu
McCormick Park	6426b10624fc19de977a9260622ede028046f6c1	46.872116	-114.004974	1744913491	2025-04-17	18:11:31	Thu
McCormick Park	2776d07a98ae8753b347010ded0e31bf5c2203a2	46.872610	-114.004740	1744913958	2025-04-17	18:19:18	Thu
McCormick Park	2776d07a98ae8753b347010ded0e31bf5c2203a2	46.872640	-114.004710	1744913958	2025-04-17	18:19:18	Thu
McCormick Park	2776d07a98ae8753b347010ded0e31bf5c2203a2	46.872620	-114.004740	1744913959	2025-04-17	18:19:19	Thu
McCormick Park	b6f53b9af0407fab9c8841da6137262eb5cb6ff9	46.872800	-114.004340	1744914340	2025-04-17	18:25:40	Thu
McCormick Park	095ef52ee7c27d86cb73f4b10ec8ecfb553a23ce	46.872696	-114.003716	1744856210	2025-04-17	02:16:50	Thu
McCormick Park	095ef52ee7c27d86cb73f4b10ec8ecfb553a23ce	46.872040	-114.004295	1744856338	2025-04-17	02:18:58	Thu
McCormick Park	80f650e0ece95dd0c1e15108ee4a838ba2bf62f9	46.872271	-114.004922	1744853991	2025-04-17	01:39:51	Thu
McCormick Park	80f650e0ece95dd0c1e15108ee4a838ba2bf62f9	46.872200	-114.004970	1744853995	2025-04-17	01:39:55	Thu
McCormick Park	274aadb1bc9233fa7b83de02d9756d9560c40b3e	46.873555	-114.003200	1744870018	2025-04-17	06:06:58	Thu
McCormick Park	274aadb1bc9233fa7b83de02d9756d9560c40b3e	46.873560	-114.003200	1744870013	2025-04-17	06:06:53	Thu
McCormick Park	81c6ce1672e039a8c310ccbf2154f96248da625c	46.872320	-114.004800	1744932626	2025-04-17	23:30:26	Thu
McCormick Park	03bcf90aef4bc9708d7e513b67b895cd55667a9d	46.871380	-114.001390	1747992161	2025-05-23	09:22:41	Fri
McCormick Park	77aa318fae1b5bc85e85bb4a6e745f8bb6f0415c	46.871310	-114.004600	1748021208	2025-05-23	17:26:48	Fri
McCormick Park	d6c8d70c5599bae9cb6e9be5cc20a4ed74beebd0	46.871720	-114.005620	1748039680	2025-05-23	22:34:40	Fri
McCormick Park	13850fc4f687c022646ed191a87b4c286ca39e78	46.871390	-114.001840	1748015628	2025-05-23	15:53:48	Fri
McCormick Park	a291ce37decdc1bde09d7c65d0eb5d1f0351c0b0	46.872810	-114.004900	1748022163	2025-05-23	17:42:43	Fri
McCormick Park	12c879e11244f56c7f896b135f7d7dbc40d26413	46.871020	-114.003320	1748010895	2025-05-23	14:34:55	Fri
McCormick Park	12c879e11244f56c7f896b135f7d7dbc40d26413	46.871030	-114.003430	1748010919	2025-05-23	14:35:19	Fri
McCormick Park	12c879e11244f56c7f896b135f7d7dbc40d26413	46.871060	-114.003320	1748011079	2025-05-23	14:37:59	Fri
McCormick Park	f3737e964ed22a43e92879c40343e5a85be674ea	46.870720	-114.002630	1748012057	2025-05-23	14:54:17	Fri
McCormick Park	b6b4069545bce5e67fcd9597da696f14d6fd53da	46.872870	-114.005740	1747960249	2025-05-23	00:30:49	Fri
McCormick Park	b6b4069545bce5e67fcd9597da696f14d6fd53da	46.872960	-114.005340	1747960607	2025-05-23	00:36:47	Fri
McCormick Park	b422335b054b34965614ee16eb3c1632635b62e0	46.874270	-114.004950	1747994117	2025-05-23	09:55:17	Fri
McCormick Park	09d2f74f5bf4df744a629bebb794fcb2f3b2fb69	46.871880	-114.006490	1747990609	2025-05-23	08:56:49	Fri
McCormick Park	1f1c1a152ef1e513644f671bb51122db49436634	46.871280	-114.004370	1747969350	2025-05-23	03:02:30	Fri
McCormick Park	4aade742ff7cf94c0e1fd7952138cf6100fccba5	46.872630	-114.003900	1748034996	2025-05-23	21:16:36	Fri
McCormick Park	4aade742ff7cf94c0e1fd7952138cf6100fccba5	46.872620	-114.003900	1748035032	2025-05-23	21:17:12	Fri
McCormick Park	74a2e3b528e423ae037c494c5ee78c198a7ca1b6	46.873260	-114.005350	1748044326	2025-05-23	23:52:06	Fri
McCormick Park	3536d16ba5b41a103722dfa06e0d758636f6d824	46.871100	-114.002340	1747959736	2025-05-23	00:22:16	Fri
McCormick Park	2bca6412e074d803d58ccdb719ac1bda94ea978c	46.870790	-114.002700	1748021823	2025-05-23	17:37:03	Fri
McCormick Park	8e9f714dde9706e0d765d4236b5cc859c191f1d5	46.870850	-114.002930	1747964166	2025-05-23	01:36:06	Fri
McCormick Park	6e85b5d4a7016d1e53f830a1dc9edff204b8816a	46.871060	-114.003440	1747997189	2025-05-23	10:46:29	Fri
McCormick Park	5065b6b6d88c44e727f4d34f1ffce22a214c0ca4	46.871370	-114.001870	1748039014	2025-05-23	22:23:34	Fri
McCormick Park	5436ebb4ffd7c00af10e56cfcceca10249ca90db	46.874320	-114.005070	1747959723	2025-05-23	00:22:03	Fri
McCormick Park	70d24a3748b3151bf975629986b7862a9e3f7d44	46.872950	-114.003980	1747987264	2025-05-23	08:01:04	Fri
McCormick Park	70d24a3748b3151bf975629986b7862a9e3f7d44	46.872930	-114.003930	1747987261	2025-05-23	08:01:01	Fri
McCormick Park	70d24a3748b3151bf975629986b7862a9e3f7d44	46.872450	-114.004380	1747987888	2025-05-23	08:11:28	Fri
McCormick Park	70d24a3748b3151bf975629986b7862a9e3f7d44	46.872290	-114.003610	1747989317	2025-05-23	08:35:17	Fri
McCormick Park	70d24a3748b3151bf975629986b7862a9e3f7d44	46.872420	-114.004300	1747990954	2025-05-23	09:02:34	Fri
McCormick Park	2930ba457294c3efebf772eb130008c8852ab0c2	46.872600	-114.005200	1747960200	2025-05-23	00:30:00	Fri
McCormick Park	ee53822d35fb81393833b07043f13b235bbeaefa	46.871010	-114.002280	1747964113	2025-05-23	01:35:13	Fri
McCormick Park	c5400cb6215a8526029ab81e2ba14df5c6ceab6b	46.871140	-114.002390	1748019119	2025-05-23	16:51:59	Fri
McCormick Park	2cbef178ce0af48f705de272f032924868de07d6	46.870730	-114.002860	1748031244	2025-05-23	20:14:04	Fri
McCormick Park	13a9b3efc65efa5bf9f729d6d7a01c0e727dd2db	46.871360	-114.001460	1748024505	2025-05-23	18:21:45	Fri
McCormick Park	d5984c269a4c9c82ee8806642f03471ec042fc5e	46.871080	-114.003380	1747981094	2025-05-23	06:18:14	Fri
McCormick Park	d5984c269a4c9c82ee8806642f03471ec042fc5e	46.871040	-114.003380	1747981097	2025-05-23	06:18:17	Fri
McCormick Park	5d5395aaf9aa0af09cca4ef07d4dbb26fccdc668	46.870890	-114.002940	1747961541	2025-05-23	00:52:21	Fri
McCormick Park	53fb069869f6413284bb58bd0a115c6e41c8a760	46.871140	-114.002260	1748023335	2025-05-23	18:02:15	Fri
McCormick Park	e13ff6ceb0359c0afd3291e2a17ea570e4ada056	46.871230	-114.001720	1748018672	2025-05-23	16:44:32	Fri
McCormick Park	7ebaf35bd271dcee3775573d2c83ab3e7c883c69	46.870823	-114.002386	1745946672	2025-04-29	17:11:12	Tue
McCormick Park	a73d4b3fefba4faeb3e47de3c6311155f06c4c65	46.872540	-114.004510	1745886231	2025-04-29	00:23:51	Tue
McCormick Park	a73d4b3fefba4faeb3e47de3c6311155f06c4c65	46.872670	-114.004340	1745886923	2025-04-29	00:35:23	Tue
McCormick Park	a73d4b3fefba4faeb3e47de3c6311155f06c4c65	46.872640	-114.004340	1745886924	2025-04-29	00:35:24	Tue
McCormick Park	a73d4b3fefba4faeb3e47de3c6311155f06c4c65	46.872540	-114.004510	1745889466	2025-04-29	01:17:46	Tue
McCormick Park	a73d4b3fefba4faeb3e47de3c6311155f06c4c65	46.872670	-114.004340	1745889859	2025-04-29	01:24:19	Tue
McCormick Park	ef60c80087765627d94b04db5ce677e7fbe54fb5	46.871857	-114.004838	1745938941	2025-04-29	15:02:21	Tue
McCormick Park	ef60c80087765627d94b04db5ce677e7fbe54fb5	46.871850	-114.004840	1745938941	2025-04-29	15:02:21	Tue
McCormick Park	023b2c753c76cfd8ffc7cb8d74dd3b4d19bc0b56	46.871342	-114.003187	1745958202	2025-04-29	20:23:22	Tue
McCormick Park	023b2c753c76cfd8ffc7cb8d74dd3b4d19bc0b56	46.871337	-114.003116	1745961383	2025-04-29	21:16:23	Tue
McCormick Park	023b2c753c76cfd8ffc7cb8d74dd3b4d19bc0b56	46.871342	-114.003187	1745961383	2025-04-29	21:16:23	Tue
McCormick Park	023b2c753c76cfd8ffc7cb8d74dd3b4d19bc0b56	46.871324	-114.003145	1745962125	2025-04-29	21:28:45	Tue
McCormick Park	023b2c753c76cfd8ffc7cb8d74dd3b4d19bc0b56	46.871312	-114.003187	1745962583	2025-04-29	21:36:23	Tue
McCormick Park	023b2c753c76cfd8ffc7cb8d74dd3b4d19bc0b56	46.871311	-114.003140	1745965454	2025-04-29	22:24:14	Tue
McCormick Park	023b2c753c76cfd8ffc7cb8d74dd3b4d19bc0b56	46.871324	-114.003145	1745965457	2025-04-29	22:24:17	Tue
McCormick Park	023b2c753c76cfd8ffc7cb8d74dd3b4d19bc0b56	46.871383	-114.003179	1745965511	2025-04-29	22:25:11	Tue
McCormick Park	ad013128eae87755080bea2b09dc20a6e6f7e969	46.870708	-114.002589	1745946109	2025-04-29	17:01:49	Tue
McCormick Park	ee8877570125d175fea559aba607ccf7dce55402	46.871357	-114.004554	1745885483	2025-04-29	00:11:23	Tue
McCormick Park	ee8877570125d175fea559aba607ccf7dce55402	46.871257	-114.004486	1745885643	2025-04-29	00:14:03	Tue
McCormick Park	ee8877570125d175fea559aba607ccf7dce55402	46.871247	-114.004408	1745885643	2025-04-29	00:14:03	Tue
McCormick Park	ee8877570125d175fea559aba607ccf7dce55402	46.871360	-114.004520	1745885485	2025-04-29	00:11:25	Tue
McCormick Park	ee8877570125d175fea559aba607ccf7dce55402	46.871250	-114.004420	1745885640	2025-04-29	00:14:00	Tue
McCormick Park	ee8877570125d175fea559aba607ccf7dce55402	46.871260	-114.004470	1745885648	2025-04-29	00:14:08	Tue
McCormick Park	ee8877570125d175fea559aba607ccf7dce55402	46.871350	-114.004560	1745885483	2025-04-29	00:11:23	Tue
McCormick Park	ee8877570125d175fea559aba607ccf7dce55402	46.871250	-114.004490	1745885643	2025-04-29	00:14:03	Tue
McCormick Park	a421bd0b33a3116b3d96889e5bdcf8fef37e1637	46.873028	-114.005135	1745946573	2025-04-29	17:09:33	Tue
McCormick Park	a421bd0b33a3116b3d96889e5bdcf8fef37e1637	46.873015	-114.005132	1745946591	2025-04-29	17:09:51	Tue
McCormick Park	a421bd0b33a3116b3d96889e5bdcf8fef37e1637	46.873074	-114.005169	1745946636	2025-04-29	17:10:36	Tue
McCormick Park	a421bd0b33a3116b3d96889e5bdcf8fef37e1637	46.873073	-114.005169	1745946680	2025-04-29	17:11:20	Tue
McCormick Park	a421bd0b33a3116b3d96889e5bdcf8fef37e1637	46.873024	-114.005100	1745946685	2025-04-29	17:11:25	Tue
McCormick Park	a421bd0b33a3116b3d96889e5bdcf8fef37e1637	46.873020	-114.005140	1745946583	2025-04-29	17:09:43	Tue
McCormick Park	a421bd0b33a3116b3d96889e5bdcf8fef37e1637	46.873050	-114.005160	1745946636	2025-04-29	17:10:36	Tue
McCormick Park	a421bd0b33a3116b3d96889e5bdcf8fef37e1637	46.873060	-114.005110	1745946673	2025-04-29	17:11:13	Tue
McCormick Park	f998ccdc16f10bb0d42b91a48246a82c8662118a	46.871970	-114.004963	1745944761	2025-04-29	16:39:21	Tue
McCormick Park	f998ccdc16f10bb0d42b91a48246a82c8662118a	46.871940	-114.004979	1745944762	2025-04-29	16:39:22	Tue
McCormick Park	b3288a2999381a6d54f39a6112e187f65c47e6c8	46.873100	-114.005300	1745939130	2025-04-29	15:05:30	Tue
McCormick Park	b3288a2999381a6d54f39a6112e187f65c47e6c8	46.873130	-114.005300	1745939136	2025-04-29	15:05:36	Tue
McCormick Park	417e1a172cef98c736e6e6785ae7f605de47bc77	46.871018	-114.003626	1745954068	2025-04-29	19:14:28	Tue
McCormick Park	417e1a172cef98c736e6e6785ae7f605de47bc77	46.871018	-114.003626	1745957160	2025-04-29	20:06:00	Tue
McCormick Park	417e1a172cef98c736e6e6785ae7f605de47bc77	46.871030	-114.003620	1745954061	2025-04-29	19:14:21	Tue
McCormick Park	417e1a172cef98c736e6e6785ae7f605de47bc77	46.871010	-114.003630	1745954068	2025-04-29	19:14:28	Tue
McCormick Park	417e1a172cef98c736e6e6785ae7f605de47bc77	46.871010	-114.003630	1745957160	2025-04-29	20:06:00	Tue
McCormick Park	e23ef68375c6e830c489e09ab8141b95a00be153	46.872254	-114.004810	1745951788	2025-04-29	18:36:28	Tue
McCormick Park	e23ef68375c6e830c489e09ab8141b95a00be153	46.872217	-114.004840	1745952149	2025-04-29	18:42:29	Tue
McCormick Park	e23ef68375c6e830c489e09ab8141b95a00be153	46.872256	-114.004800	1745952191	2025-04-29	18:43:11	Tue
McCormick Park	e23ef68375c6e830c489e09ab8141b95a00be153	46.872277	-114.004800	1745952194	2025-04-29	18:43:14	Tue
McCormick Park	e23ef68375c6e830c489e09ab8141b95a00be153	46.872270	-114.004880	1745951785	2025-04-29	18:36:25	Tue
McCormick Park	e23ef68375c6e830c489e09ab8141b95a00be153	46.872200	-114.004830	1745952141	2025-04-29	18:42:21	Tue
McCormick Park	e23ef68375c6e830c489e09ab8141b95a00be153	46.872220	-114.004800	1745952193	2025-04-29	18:43:13	Tue
McCormick Park	e23ef68375c6e830c489e09ab8141b95a00be153	46.872200	-114.004800	1745952196	2025-04-29	18:43:16	Tue
McCormick Park	e23ef68375c6e830c489e09ab8141b95a00be153	46.872250	-114.004810	1745951788	2025-04-29	18:36:28	Tue
McCormick Park	e23ef68375c6e830c489e09ab8141b95a00be153	46.872210	-114.004840	1745952149	2025-04-29	18:42:29	Tue
McCormick Park	84469089a88df73ae0bea0cf06f7010f36c703e4	46.871087	-114.003930	1745940460	2025-04-29	15:27:40	Tue
McCormick Park	a2cd5d22dce8d930428d3b6ad4869b88e5b9e936	46.872780	-114.005142	1745950338	2025-04-29	18:12:18	Tue
McCormick Park	a2cd5d22dce8d930428d3b6ad4869b88e5b9e936	46.872750	-114.005104	1745950338	2025-04-29	18:12:18	Tue
McCormick Park	a2cd5d22dce8d930428d3b6ad4869b88e5b9e936	46.872320	-114.004830	1745950681	2025-04-29	18:18:01	Tue
McCormick Park	a2cd5d22dce8d930428d3b6ad4869b88e5b9e936	46.872310	-114.004870	1745950683	2025-04-29	18:18:03	Tue
McCormick Park	a2cd5d22dce8d930428d3b6ad4869b88e5b9e936	46.872360	-114.004840	1745953610	2025-04-29	19:06:50	Tue
McCormick Park	a2cd5d22dce8d930428d3b6ad4869b88e5b9e936	46.872320	-114.004830	1745953611	2025-04-29	19:06:51	Tue
McCormick Park	a2cd5d22dce8d930428d3b6ad4869b88e5b9e936	46.872780	-114.005142	1745953670	2025-04-29	19:07:50	Tue
McCormick Park	a2cd5d22dce8d930428d3b6ad4869b88e5b9e936	46.871712	-114.004957	1745954489	2025-04-29	19:21:29	Tue
McCormick Park	9b56d47d34176b0aec0913f50d263a032cfb8472	46.872980	-114.005040	1745892584	2025-04-29	02:09:44	Tue
McCormick Park	9b56d47d34176b0aec0913f50d263a032cfb8472	46.872760	-114.004900	1745893509	2025-04-29	02:25:09	Tue
McCormick Park	9b56d47d34176b0aec0913f50d263a032cfb8472	46.872770	-114.004900	1745893626	2025-04-29	02:27:06	Tue
McCormick Park	9b56d47d34176b0aec0913f50d263a032cfb8472	46.872940	-114.005060	1745892584	2025-04-29	02:09:44	Tue
McCormick Park	9b56d47d34176b0aec0913f50d263a032cfb8472	46.872910	-114.005080	1745892585	2025-04-29	02:09:45	Tue
McCormick Park	9b56d47d34176b0aec0913f50d263a032cfb8472	46.872710	-114.004900	1745893501	2025-04-29	02:25:01	Tue
McCormick Park	9b56d47d34176b0aec0913f50d263a032cfb8472	46.872700	-114.004900	1745893507	2025-04-29	02:25:07	Tue
McCormick Park	9b56d47d34176b0aec0913f50d263a032cfb8472	46.872750	-114.004900	1745893625	2025-04-29	02:27:05	Tue
McCormick Park	9b56d47d34176b0aec0913f50d263a032cfb8472	46.872700	-114.004900	1745893626	2025-04-29	02:27:06	Tue
McCormick Park	4a41de03eba2766ecf7be93d08651ce77aec2986	46.873174	-114.003360	1745946270	2025-04-29	17:04:30	Tue
McCormick Park	4a41de03eba2766ecf7be93d08651ce77aec2986	46.873197	-114.003377	1745946277	2025-04-29	17:04:37	Tue
McCormick Park	4a41de03eba2766ecf7be93d08651ce77aec2986	46.873140	-114.003360	1745946275	2025-04-29	17:04:35	Tue
McCormick Park	d0e54b34054b8e9f56c8aaa42ac7365239e755ed	46.870970	-114.002190	1745888907	2025-04-29	01:08:27	Tue
McCormick Park	aa758dcff8fefcba501ba487747af2a19776c80f	46.871750	-114.004530	1745887676	2025-04-29	00:47:56	Tue
McCormick Park	aa758dcff8fefcba501ba487747af2a19776c80f	46.871710	-114.004510	1745887675	2025-04-29	00:47:55	Tue
McCormick Park	aa758dcff8fefcba501ba487747af2a19776c80f	46.871720	-114.004580	1745887675	2025-04-29	00:47:55	Tue
McCormick Park	cd3326f5fec78656c3538d56a77bd24bc954a749	46.872726	-114.005451	1745967742	2025-04-29	23:02:22	Tue
McCormick Park	cd3326f5fec78656c3538d56a77bd24bc954a749	46.872760	-114.005460	1745967747	2025-04-29	23:02:27	Tue
McCormick Park	cd3326f5fec78656c3538d56a77bd24bc954a749	46.872720	-114.005460	1745967742	2025-04-29	23:02:22	Tue
McCormick Park	cd3326f5fec78656c3538d56a77bd24bc954a749	46.872740	-114.005430	1745967747	2025-04-29	23:02:27	Tue
McCormick Park	0df84a260511d8020c8bb678ba3ef2af5dcaee21	46.872787	-114.004802	1745891121	2025-04-29	01:45:21	Tue
McCormick Park	0df84a260511d8020c8bb678ba3ef2af5dcaee21	46.872757	-114.004813	1745891126	2025-04-29	01:45:26	Tue
McCormick Park	0df84a260511d8020c8bb678ba3ef2af5dcaee21	46.872804	-114.005277	1745894013	2025-04-29	02:33:33	Tue
McCormick Park	0df84a260511d8020c8bb678ba3ef2af5dcaee21	46.872819	-114.005284	1745894042	2025-04-29	02:34:02	Tue
McCormick Park	0df84a260511d8020c8bb678ba3ef2af5dcaee21	46.872720	-114.004860	1745891110	2025-04-29	01:45:10	Tue
McCormick Park	0df84a260511d8020c8bb678ba3ef2af5dcaee21	46.872780	-114.004810	1745891121	2025-04-29	01:45:21	Tue
McCormick Park	1a015d1faa6abc34b66fa2a90c2764ba2f640424	46.872981	-114.005570	1745948015	2025-04-29	17:33:35	Tue
McCormick Park	1a015d1faa6abc34b66fa2a90c2764ba2f640424	46.873063	-114.005388	1745948924	2025-04-29	17:48:44	Tue
McCormick Park	1a015d1faa6abc34b66fa2a90c2764ba2f640424	46.872981	-114.005570	1745951251	2025-04-29	18:27:31	Tue
McCormick Park	1a015d1faa6abc34b66fa2a90c2764ba2f640424	46.873060	-114.005390	1745948924	2025-04-29	17:48:44	Tue
McCormick Park	1338dbb2a9ec19b53eb076b478897458829329dd	46.872270	-114.003120	1745892933	2025-04-29	02:15:33	Tue
McCormick Park	1338dbb2a9ec19b53eb076b478897458829329dd	46.872270	-114.003180	1745895130	2025-04-29	02:52:10	Tue
McCormick Park	1338dbb2a9ec19b53eb076b478897458829329dd	46.872265	-114.003150	1745892937	2025-04-29	02:15:37	Tue
McCormick Park	8a6dc85a97f5ea3d5fa409dc0c1c67247780b9a0	46.871362	-114.003181	1745906413	2025-04-29	06:00:13	Tue
McCormick Park	8a6dc85a97f5ea3d5fa409dc0c1c67247780b9a0	46.871308	-114.003111	1745906418	2025-04-29	06:00:18	Tue
McCormick Park	8a6dc85a97f5ea3d5fa409dc0c1c67247780b9a0	46.871386	-114.003116	1745906898	2025-04-29	06:08:18	Tue
McCormick Park	8a6dc85a97f5ea3d5fa409dc0c1c67247780b9a0	46.871301	-114.003167	1745906898	2025-04-29	06:08:18	Tue
McCormick Park	8a6dc85a97f5ea3d5fa409dc0c1c67247780b9a0	46.871345	-114.003179	1745908021	2025-04-29	06:27:01	Tue
McCormick Park	8a6dc85a97f5ea3d5fa409dc0c1c67247780b9a0	46.871318	-114.003155	1745909965	2025-04-29	06:59:25	Tue
McCormick Park	8a6dc85a97f5ea3d5fa409dc0c1c67247780b9a0	46.871351	-114.003173	1745911147	2025-04-29	07:19:07	Tue
McCormick Park	8a6dc85a97f5ea3d5fa409dc0c1c67247780b9a0	46.871354	-114.003166	1745913402	2025-04-29	07:56:42	Tue
McCormick Park	8a6dc85a97f5ea3d5fa409dc0c1c67247780b9a0	46.871386	-114.003187	1745913405	2025-04-29	07:56:45	Tue
McCormick Park	8a6dc85a97f5ea3d5fa409dc0c1c67247780b9a0	46.871316	-114.003122	1745913585	2025-04-29	07:59:45	Tue
McCormick Park	8a6dc85a97f5ea3d5fa409dc0c1c67247780b9a0	46.871389	-114.003121	1745913587	2025-04-29	07:59:47	Tue
McCormick Park	8a6dc85a97f5ea3d5fa409dc0c1c67247780b9a0	46.871375	-114.003100	1745914286	2025-04-29	08:11:26	Tue
McCormick Park	8a6dc85a97f5ea3d5fa409dc0c1c67247780b9a0	46.871325	-114.003159	1745914289	2025-04-29	08:11:29	Tue
McCormick Park	8a6dc85a97f5ea3d5fa409dc0c1c67247780b9a0	46.871311	-114.003127	1745914980	2025-04-29	08:23:00	Tue
McCormick Park	8a6dc85a97f5ea3d5fa409dc0c1c67247780b9a0	46.871343	-114.003186	1745914987	2025-04-29	08:23:07	Tue
McCormick Park	8a6dc85a97f5ea3d5fa409dc0c1c67247780b9a0	46.871317	-114.003174	1745915542	2025-04-29	08:32:22	Tue
McCormick Park	8a6dc85a97f5ea3d5fa409dc0c1c67247780b9a0	46.871388	-114.003185	1745915544	2025-04-29	08:32:24	Tue
McCormick Park	8a6dc85a97f5ea3d5fa409dc0c1c67247780b9a0	46.871320	-114.003148	1745915850	2025-04-29	08:37:30	Tue
McCormick Park	8a6dc85a97f5ea3d5fa409dc0c1c67247780b9a0	46.871308	-114.003161	1745915854	2025-04-29	08:37:34	Tue
McCormick Park	8a6dc85a97f5ea3d5fa409dc0c1c67247780b9a0	46.871303	-114.003144	1745915872	2025-04-29	08:37:52	Tue
McCormick Park	8a6dc85a97f5ea3d5fa409dc0c1c67247780b9a0	46.871316	-114.003152	1745915873	2025-04-29	08:37:53	Tue
McCormick Park	8a6dc85a97f5ea3d5fa409dc0c1c67247780b9a0	46.871332	-114.003149	1745916691	2025-04-29	08:51:31	Tue
McCormick Park	8a6dc85a97f5ea3d5fa409dc0c1c67247780b9a0	46.871384	-114.003153	1745916748	2025-04-29	08:52:28	Tue
McCormick Park	8a6dc85a97f5ea3d5fa409dc0c1c67247780b9a0	46.871327	-114.003189	1745918542	2025-04-29	09:22:22	Tue
McCormick Park	8a6dc85a97f5ea3d5fa409dc0c1c67247780b9a0	46.871333	-114.003127	1745919025	2025-04-29	09:30:25	Tue
McCormick Park	8a6dc85a97f5ea3d5fa409dc0c1c67247780b9a0	46.871370	-114.003190	1745906410	2025-04-29	06:00:10	Tue
McCormick Park	8a6dc85a97f5ea3d5fa409dc0c1c67247780b9a0	46.871340	-114.003110	1745906897	2025-04-29	06:08:17	Tue
McCormick Park	8a6dc85a97f5ea3d5fa409dc0c1c67247780b9a0	46.871300	-114.003110	1745908016	2025-04-29	06:26:56	Tue
McCormick Park	8a6dc85a97f5ea3d5fa409dc0c1c67247780b9a0	46.871330	-114.003170	1745908025	2025-04-29	06:27:05	Tue
McCormick Park	8a6dc85a97f5ea3d5fa409dc0c1c67247780b9a0	46.871320	-114.003190	1745909961	2025-04-29	06:59:21	Tue
McCormick Park	8a6dc85a97f5ea3d5fa409dc0c1c67247780b9a0	46.871380	-114.003180	1745911146	2025-04-29	07:19:06	Tue
McCormick Park	8a6dc85a97f5ea3d5fa409dc0c1c67247780b9a0	46.871350	-114.003180	1745913402	2025-04-29	07:56:42	Tue
McCormick Park	8a6dc85a97f5ea3d5fa409dc0c1c67247780b9a0	46.871350	-114.003160	1745913588	2025-04-29	07:59:48	Tue
McCormick Park	8a6dc85a97f5ea3d5fa409dc0c1c67247780b9a0	46.871320	-114.003140	1745914283	2025-04-29	08:11:23	Tue
McCormick Park	8a6dc85a97f5ea3d5fa409dc0c1c67247780b9a0	46.871330	-114.003130	1745914284	2025-04-29	08:11:24	Tue
McCormick Park	8a6dc85a97f5ea3d5fa409dc0c1c67247780b9a0	46.871300	-114.003190	1745914984	2025-04-29	08:23:04	Tue
McCormick Park	8a6dc85a97f5ea3d5fa409dc0c1c67247780b9a0	46.871300	-114.003190	1745915547	2025-04-29	08:32:27	Tue
McCormick Park	8a6dc85a97f5ea3d5fa409dc0c1c67247780b9a0	46.871380	-114.003130	1745915851	2025-04-29	08:37:31	Tue
McCormick Park	8a6dc85a97f5ea3d5fa409dc0c1c67247780b9a0	46.871320	-114.003150	1745915871	2025-04-29	08:37:51	Tue
McCormick Park	8a6dc85a97f5ea3d5fa409dc0c1c67247780b9a0	46.871320	-114.003170	1745915875	2025-04-29	08:37:55	Tue
McCormick Park	8a6dc85a97f5ea3d5fa409dc0c1c67247780b9a0	46.871370	-114.003180	1745916683	2025-04-29	08:51:23	Tue
McCormick Park	8a6dc85a97f5ea3d5fa409dc0c1c67247780b9a0	46.871380	-114.003150	1745916745	2025-04-29	08:52:25	Tue
McCormick Park	8a6dc85a97f5ea3d5fa409dc0c1c67247780b9a0	46.871320	-114.003130	1745918545	2025-04-29	09:22:25	Tue
McCormick Park	8a6dc85a97f5ea3d5fa409dc0c1c67247780b9a0	46.871370	-114.003150	1745919026	2025-04-29	09:30:26	Tue
McCormick Park	8a6dc85a97f5ea3d5fa409dc0c1c67247780b9a0	46.871300	-114.003120	1745906418	2025-04-29	06:00:18	Tue
McCormick Park	8a6dc85a97f5ea3d5fa409dc0c1c67247780b9a0	46.871300	-114.003170	1745906898	2025-04-29	06:08:18	Tue
McCormick Park	8a6dc85a97f5ea3d5fa409dc0c1c67247780b9a0	46.871310	-114.003160	1745909965	2025-04-29	06:59:25	Tue
McCormick Park	8a6dc85a97f5ea3d5fa409dc0c1c67247780b9a0	46.871310	-114.003180	1745911144	2025-04-29	07:19:04	Tue
McCormick Park	8a6dc85a97f5ea3d5fa409dc0c1c67247780b9a0	46.871350	-114.003180	1745911147	2025-04-29	07:19:07	Tue
McCormick Park	8a6dc85a97f5ea3d5fa409dc0c1c67247780b9a0	46.871350	-114.003170	1745913402	2025-04-29	07:56:42	Tue
McCormick Park	8a6dc85a97f5ea3d5fa409dc0c1c67247780b9a0	46.871380	-114.003190	1745915544	2025-04-29	08:32:24	Tue
McCormick Park	8a6dc85a97f5ea3d5fa409dc0c1c67247780b9a0	46.871300	-114.003170	1745915854	2025-04-29	08:37:34	Tue
McCormick Park	8a6dc85a97f5ea3d5fa409dc0c1c67247780b9a0	46.871330	-114.003150	1745916691	2025-04-29	08:51:31	Tue
McCormick Park	8a6dc85a97f5ea3d5fa409dc0c1c67247780b9a0	46.871380	-114.003160	1745916748	2025-04-29	08:52:28	Tue
McCormick Park	8a6dc85a97f5ea3d5fa409dc0c1c67247780b9a0	46.871330	-114.003130	1745919025	2025-04-29	09:30:25	Tue
McCormick Park	464f367d73fcb76921228c5d0e619beba8741b18	46.872200	-114.003060	1745892492	2025-04-29	02:08:12	Tue
McCormick Park	464f367d73fcb76921228c5d0e619beba8741b18	46.872200	-114.003060	1745895724	2025-04-29	03:02:04	Tue
McCormick Park	464f367d73fcb76921228c5d0e619beba8741b18	46.872200	-114.003060	1745895726	2025-04-29	03:02:06	Tue
McCormick Park	f5e773a8e7ad5d36373c43f102bddc8c9a3c0be9	46.871000	-114.003340	1745932931	2025-04-29	13:22:11	Tue
McCormick Park	f5e773a8e7ad5d36373c43f102bddc8c9a3c0be9	46.871000	-114.003340	1745936262	2025-04-29	14:17:42	Tue
McCormick Park	f5e773a8e7ad5d36373c43f102bddc8c9a3c0be9	46.871000	-114.003350	1745936266	2025-04-29	14:17:46	Tue
McCormick Park	f5e773a8e7ad5d36373c43f102bddc8c9a3c0be9	46.871050	-114.003310	1745942868	2025-04-29	16:07:48	Tue
McCormick Park	f5e773a8e7ad5d36373c43f102bddc8c9a3c0be9	46.871050	-114.003360	1745943861	2025-04-29	16:24:21	Tue
McCormick Park	f5e773a8e7ad5d36373c43f102bddc8c9a3c0be9	46.871030	-114.003350	1745943868	2025-04-29	16:24:28	Tue
McCormick Park	f5e773a8e7ad5d36373c43f102bddc8c9a3c0be9	46.871050	-114.003310	1745946421	2025-04-29	17:07:01	Tue
McCormick Park	f5e773a8e7ad5d36373c43f102bddc8c9a3c0be9	46.871000	-114.003320	1745946427	2025-04-29	17:07:07	Tue
McCormick Park	f5e773a8e7ad5d36373c43f102bddc8c9a3c0be9	46.871050	-114.003360	1745947103	2025-04-29	17:18:23	Tue
McCormick Park	f5e773a8e7ad5d36373c43f102bddc8c9a3c0be9	46.871000	-114.003300	1745948504	2025-04-29	17:41:44	Tue
McCormick Park	f5e773a8e7ad5d36373c43f102bddc8c9a3c0be9	46.871000	-114.003300	1745948509	2025-04-29	17:41:49	Tue
McCormick Park	f5e773a8e7ad5d36373c43f102bddc8c9a3c0be9	46.871000	-114.003300	1745951446	2025-04-29	18:30:46	Tue
McCormick Park	f5e773a8e7ad5d36373c43f102bddc8c9a3c0be9	46.871027	-114.003300	1745958526	2025-04-29	20:28:46	Tue
McCormick Park	f5e773a8e7ad5d36373c43f102bddc8c9a3c0be9	46.871027	-114.003300	1745961460	2025-04-29	21:17:40	Tue
McCormick Park	f5e773a8e7ad5d36373c43f102bddc8c9a3c0be9	46.871016	-114.003300	1745961467	2025-04-29	21:17:47	Tue
McCormick Park	f5e773a8e7ad5d36373c43f102bddc8c9a3c0be9	46.871000	-114.003340	1745932925	2025-04-29	13:22:05	Tue
McCormick Park	f5e773a8e7ad5d36373c43f102bddc8c9a3c0be9	46.871030	-114.003380	1745943864	2025-04-29	16:24:24	Tue
McCormick Park	f5e773a8e7ad5d36373c43f102bddc8c9a3c0be9	46.871080	-114.003330	1745946418	2025-04-29	17:06:58	Tue
McCormick Park	f5e773a8e7ad5d36373c43f102bddc8c9a3c0be9	46.871000	-114.003350	1745947107	2025-04-29	17:18:27	Tue
McCormick Park	f5e773a8e7ad5d36373c43f102bddc8c9a3c0be9	46.871000	-114.003300	1745948505	2025-04-29	17:41:45	Tue
McCormick Park	f5e773a8e7ad5d36373c43f102bddc8c9a3c0be9	46.871000	-114.003300	1745951441	2025-04-29	18:30:41	Tue
McCormick Park	f5e773a8e7ad5d36373c43f102bddc8c9a3c0be9	46.871020	-114.003300	1745958526	2025-04-29	20:28:46	Tue
McCormick Park	f5e773a8e7ad5d36373c43f102bddc8c9a3c0be9	46.871050	-114.003300	1745961451	2025-04-29	21:17:31	Tue
McCormick Park	c198bab0aa2bc758ed75bbb59471404cc2a463d7	46.871360	-114.003163	1745885806	2025-04-29	00:16:46	Tue
McCormick Park	c198bab0aa2bc758ed75bbb59471404cc2a463d7	46.871301	-114.003104	1745885933	2025-04-29	00:18:53	Tue
McCormick Park	c198bab0aa2bc758ed75bbb59471404cc2a463d7	46.871320	-114.003100	1745885993	2025-04-29	00:19:53	Tue
McCormick Park	c198bab0aa2bc758ed75bbb59471404cc2a463d7	46.871300	-114.003110	1745885933	2025-04-29	00:18:53	Tue
McCormick Park	937f101bd0f21069a9c4c9b90777cd82d48d16e7	46.874260	-114.004360	1745910618	2025-04-29	07:10:18	Tue
McCormick Park	3a574f2e83a4e27d21da1a2b83c5c787c74a8c4f	46.871450	-114.004910	1745888362	2025-04-29	00:59:22	Tue
McCormick Park	3a574f2e83a4e27d21da1a2b83c5c787c74a8c4f	46.871342	-114.002584	1745891748	2025-04-29	01:55:48	Tue
McCormick Park	3a574f2e83a4e27d21da1a2b83c5c787c74a8c4f	46.871355	-114.002547	1745891751	2025-04-29	01:55:51	Tue
McCormick Park	3a574f2e83a4e27d21da1a2b83c5c787c74a8c4f	46.871321	-114.002502	1745891910	2025-04-29	01:58:30	Tue
McCormick Park	3a574f2e83a4e27d21da1a2b83c5c787c74a8c4f	46.871334	-114.002585	1745891910	2025-04-29	01:58:30	Tue
McCormick Park	3a574f2e83a4e27d21da1a2b83c5c787c74a8c4f	46.871322	-114.002555	1745891924	2025-04-29	01:58:44	Tue
McCormick Park	3a574f2e83a4e27d21da1a2b83c5c787c74a8c4f	46.871362	-114.002567	1745891927	2025-04-29	01:58:47	Tue
McCormick Park	3a574f2e83a4e27d21da1a2b83c5c787c74a8c4f	46.871477	-114.002422	1745892074	2025-04-29	02:01:14	Tue
McCormick Park	3a574f2e83a4e27d21da1a2b83c5c787c74a8c4f	46.871355	-114.002505	1745892191	2025-04-29	02:03:11	Tue
McCormick Park	3a574f2e83a4e27d21da1a2b83c5c787c74a8c4f	46.871352	-114.002508	1745892197	2025-04-29	02:03:17	Tue
McCormick Park	3a574f2e83a4e27d21da1a2b83c5c787c74a8c4f	46.871340	-114.002590	1745891748	2025-04-29	01:55:48	Tue
McCormick Park	3a574f2e83a4e27d21da1a2b83c5c787c74a8c4f	46.871300	-114.002570	1745891754	2025-04-29	01:55:54	Tue
McCormick Park	3a574f2e83a4e27d21da1a2b83c5c787c74a8c4f	46.871330	-114.002550	1745891917	2025-04-29	01:58:37	Tue
McCormick Park	3a574f2e83a4e27d21da1a2b83c5c787c74a8c4f	46.871470	-114.002430	1745892074	2025-04-29	02:01:14	Tue
McCormick Park	3a574f2e83a4e27d21da1a2b83c5c787c74a8c4f	46.871410	-114.002470	1745892075	2025-04-29	02:01:15	Tue
McCormick Park	3a574f2e83a4e27d21da1a2b83c5c787c74a8c4f	46.871340	-114.002510	1745892198	2025-04-29	02:03:18	Tue
McCormick Park	8f995a3e81fcf43762488abffe890f956a4b9110	46.871440	-114.005050	1745887362	2025-04-29	00:42:42	Tue
McCormick Park	8f995a3e81fcf43762488abffe890f956a4b9110	46.871430	-114.005120	1745887473	2025-04-29	00:44:33	Tue
McCormick Park	aa3e5e16bbe9730f08e519b3e12ea08793b28db2	46.873685	-114.003385	1745950526	2025-04-29	18:15:26	Tue
McCormick Park	aa3e5e16bbe9730f08e519b3e12ea08793b28db2	46.873667	-114.003322	1745950529	2025-04-29	18:15:29	Tue
McCormick Park	aa3e5e16bbe9730f08e519b3e12ea08793b28db2	46.873600	-114.003370	1745950524	2025-04-29	18:15:24	Tue
McCormick Park	aa3e5e16bbe9730f08e519b3e12ea08793b28db2	46.873660	-114.003330	1745950529	2025-04-29	18:15:29	Tue
McCormick Park	d709a5ee89873375ba8cf9476267d1205b44ff61	46.872276	-114.004810	1745926344	2025-04-29	11:32:24	Tue
McCormick Park	d709a5ee89873375ba8cf9476267d1205b44ff61	46.872262	-114.004880	1745926491	2025-04-29	11:34:51	Tue
McCormick Park	d709a5ee89873375ba8cf9476267d1205b44ff61	46.872260	-114.004820	1745926346	2025-04-29	11:32:26	Tue
McCormick Park	d709a5ee89873375ba8cf9476267d1205b44ff61	46.872280	-114.004820	1745926348	2025-04-29	11:32:28	Tue
McCormick Park	d709a5ee89873375ba8cf9476267d1205b44ff61	46.872270	-114.004880	1745926494	2025-04-29	11:34:54	Tue
McCormick Park	d709a5ee89873375ba8cf9476267d1205b44ff61	46.872250	-114.004800	1745926498	2025-04-29	11:34:58	Tue
McCormick Park	d709a5ee89873375ba8cf9476267d1205b44ff61	46.872270	-114.004810	1745926344	2025-04-29	11:32:24	Tue
McCormick Park	d709a5ee89873375ba8cf9476267d1205b44ff61	46.872260	-114.004880	1745926491	2025-04-29	11:34:51	Tue
McCormick Park	94d7dd20aa2ce0c9e71a541288c22e9e3de7f69c	46.872582	-114.003786	1745948600	2025-04-29	17:43:20	Tue
McCormick Park	94d7dd20aa2ce0c9e71a541288c22e9e3de7f69c	46.872581	-114.003773	1745948609	2025-04-29	17:43:29	Tue
McCormick Park	94d7dd20aa2ce0c9e71a541288c22e9e3de7f69c	46.872500	-114.003770	1745948607	2025-04-29	17:43:27	Tue
McCormick Park	1739134cb2a0e66ab3a3b98790739fb63524241b	46.872442	-114.004177	1743977251	2025-04-06	22:07:31	Sun
McCormick Park	504b68c461cdec8fc46c6ad12e7f6163b9ae87bb	46.872460	-114.004170	1743905683	2025-04-06	02:14:43	Sun
McCormick Park	504b68c461cdec8fc46c6ad12e7f6163b9ae87bb	46.872410	-114.004120	1743905685	2025-04-06	02:14:45	Sun
McCormick Park	504b68c461cdec8fc46c6ad12e7f6163b9ae87bb	46.872400	-114.004120	1743905712	2025-04-06	02:15:12	Sun
McCormick Park	504b68c461cdec8fc46c6ad12e7f6163b9ae87bb	46.872410	-114.004160	1743905713	2025-04-06	02:15:13	Sun
McCormick Park	d6df6ded3e4f289e0d88100d50d82b88d66f9849	46.871439	-114.001969	1743983581	2025-04-06	23:53:01	Sun
McCormick Park	0a657f71fddb343256726db6fa89649c496f4d47	46.871502	-114.002160	1743914585	2025-04-06	04:43:05	Sun
McCormick Park	0a657f71fddb343256726db6fa89649c496f4d47	46.871560	-114.002255	1743914996	2025-04-06	04:49:56	Sun
McCormick Park	0a657f71fddb343256726db6fa89649c496f4d47	46.871150	-114.002490	1743915088	2025-04-06	04:51:28	Sun
McCormick Park	0a657f71fddb343256726db6fa89649c496f4d47	46.871594	-114.002180	1743915364	2025-04-06	04:56:04	Sun
McCormick Park	0a657f71fddb343256726db6fa89649c496f4d47	46.871378	-114.002320	1743915459	2025-04-06	04:57:39	Sun
McCormick Park	0a657f71fddb343256726db6fa89649c496f4d47	46.871335	-114.002453	1743915499	2025-04-06	04:58:19	Sun
McCormick Park	ab11f3c5c8cf121c0375e667266390f766fa2e4d	46.872560	-114.003160	1743956851	2025-04-06	16:27:31	Sun
McCormick Park	8a6dc85a97f5ea3d5fa409dc0c1c67247780b9a0	46.871351	-114.003186	1743967278	2025-04-06	19:21:18	Sun
McCormick Park	8a6dc85a97f5ea3d5fa409dc0c1c67247780b9a0	46.871364	-114.003106	1743967472	2025-04-06	19:24:32	Sun
McCormick Park	8a6dc85a97f5ea3d5fa409dc0c1c67247780b9a0	46.871304	-114.003100	1743972011	2025-04-06	20:40:11	Sun
McCormick Park	8a6dc85a97f5ea3d5fa409dc0c1c67247780b9a0	46.871385	-114.003180	1743972014	2025-04-06	20:40:14	Sun
McCormick Park	1ff77d2e8d4d74500f36e97d46b98c2e141ae727	46.871320	-114.003120	1743901750	2025-04-06	01:09:10	Sun
McCormick Park	1ff77d2e8d4d74500f36e97d46b98c2e141ae727	46.871370	-114.003100	1743901750	2025-04-06	01:09:10	Sun
McCormick Park	1ff77d2e8d4d74500f36e97d46b98c2e141ae727	46.871348	-114.003153	1743913251	2025-04-06	04:20:51	Sun
McCormick Park	1ff77d2e8d4d74500f36e97d46b98c2e141ae727	46.871380	-114.003110	1743901751	2025-04-06	01:09:11	Sun
McCormick Park	ea0a5f3bbcfc2afe1d07b06c05976105b9f92ddd	46.871330	-114.003140	1743903910	2025-04-06	01:45:10	Sun
McCormick Park	ea0a5f3bbcfc2afe1d07b06c05976105b9f92ddd	46.871300	-114.003170	1743904494	2025-04-06	01:54:54	Sun
McCormick Park	ea0a5f3bbcfc2afe1d07b06c05976105b9f92ddd	46.871309	-114.003102	1743904516	2025-04-06	01:55:16	Sun
McCormick Park	ea0a5f3bbcfc2afe1d07b06c05976105b9f92ddd	46.871306	-114.003182	1743904526	2025-04-06	01:55:26	Sun
McCormick Park	ea0a5f3bbcfc2afe1d07b06c05976105b9f92ddd	46.871360	-114.003111	1743905807	2025-04-06	02:16:47	Sun
McCormick Park	ea0a5f3bbcfc2afe1d07b06c05976105b9f92ddd	46.871346	-114.003150	1743906086	2025-04-06	02:21:26	Sun
McCormick Park	ea0a5f3bbcfc2afe1d07b06c05976105b9f92ddd	46.871356	-114.003180	1743906423	2025-04-06	02:27:03	Sun
McCormick Park	ea0a5f3bbcfc2afe1d07b06c05976105b9f92ddd	46.871366	-114.003154	1743906626	2025-04-06	02:30:26	Sun
McCormick Park	ea0a5f3bbcfc2afe1d07b06c05976105b9f92ddd	46.871324	-114.003158	1743906713	2025-04-06	02:31:53	Sun
McCormick Park	ea0a5f3bbcfc2afe1d07b06c05976105b9f92ddd	46.871380	-114.003116	1743908432	2025-04-06	03:00:32	Sun
McCormick Park	b66d55032c11789dd62cb7d9995da0c03ba0259a	46.872468	-114.004850	1742923621	2025-03-25	17:27:01	Tue
McCormick Park	b66d55032c11789dd62cb7d9995da0c03ba0259a	46.872467	-114.004850	1742923621	2025-03-25	17:27:01	Tue
McCormick Park	00cf30fd7e5ba2a7096ea8f1c0cb42b9a69ce914	46.872032	-114.002924	1742870615	2025-03-25	02:43:35	Tue
McCormick Park	79e027dc9d0a8a6cb564e56e75b1fa3c80aae478	46.872484	-114.002982	1742929931	2025-03-25	19:12:11	Tue
McCormick Park	79e027dc9d0a8a6cb564e56e75b1fa3c80aae478	46.872480	-114.002950	1742929934	2025-03-25	19:12:14	Tue
McCormick Park	468ee86523d4d6f1c059b692667b761f02cc40bb	46.872248	-114.005051	1742922364	2025-03-25	17:06:04	Tue
McCormick Park	468ee86523d4d6f1c059b692667b761f02cc40bb	46.872210	-114.005030	1742922403	2025-03-25	17:06:43	Tue
McCormick Park	3b095cb05bca9578536d0e7ec6c19ee803c1f490	46.872800	-114.004970	1742928712	2025-03-25	18:51:52	Tue
McCormick Park	e09ec3e21400f7757af2465dab75b4548ad891b9	46.873562	-114.003200	1742921836	2025-03-25	16:57:16	Tue
McCormick Park	54b18b77cc50270fa1d9dbd6c3092841d35f5129	46.872212	-114.002170	1742887413	2025-03-25	07:23:33	Tue
McCormick Park	85fce4971c16ed671aab9fffdc5909d16b8a7853	46.872480	-114.003800	1742872300	2025-03-25	03:11:40	Tue
McCormick Park	85fce4971c16ed671aab9fffdc5909d16b8a7853	46.872430	-114.003800	1742872322	2025-03-25	03:12:02	Tue
McCormick Park	85fce4971c16ed671aab9fffdc5909d16b8a7853	46.872420	-114.003810	1742872308	2025-03-25	03:11:48	Tue
McCormick Park	85fce4971c16ed671aab9fffdc5909d16b8a7853	46.872480	-114.003810	1742872320	2025-03-25	03:12:00	Tue
McCormick Park	83aff6d0900753402c227cde4bc5eef659998cce	46.872950	-114.005710	1742925021	2025-03-25	17:50:21	Tue
McCormick Park	d3bfdcb4e25744c9c4ef0e13162532b065154c10	46.870763	-114.002520	1742888017	2025-03-25	07:33:37	Tue
McCormick Park	854908b565f698f0862b82faaa19f6025e1f211b	46.872330	-114.005010	1742914157	2025-03-25	14:49:17	Tue
McCormick Park	854908b565f698f0862b82faaa19f6025e1f211b	46.872620	-114.003400	1742914217	2025-03-25	14:50:17	Tue
McCormick Park	854908b565f698f0862b82faaa19f6025e1f211b	46.872520	-114.003400	1742914254	2025-03-25	14:50:54	Tue
McCormick Park	3fdab5e78a9a3e9cbb4135a3f83f206ee5c12096	46.873110	-114.004020	1742915054	2025-03-25	15:04:14	Tue
McCormick Park	a27a66dfbb7d85e2901647ce8f92b0dd33d30aae	46.872121	-114.006560	1742929434	2025-03-25	19:03:54	Tue
McCormick Park	a27a66dfbb7d85e2901647ce8f92b0dd33d30aae	46.872140	-114.006510	1742929438	2025-03-25	19:03:58	Tue
McCormick Park	755060f0e81d8955cc40984a5fdb73af1873df4e	46.872317	-114.005038	1742928402	2025-03-25	18:46:42	Tue
McCormick Park	755060f0e81d8955cc40984a5fdb73af1873df4e	46.872105	-114.005425	1742928505	2025-03-25	18:48:25	Tue
McCormick Park	755060f0e81d8955cc40984a5fdb73af1873df4e	46.872308	-114.004280	1742928516	2025-03-25	18:48:36	Tue
McCormick Park	755060f0e81d8955cc40984a5fdb73af1873df4e	46.871937	-114.005253	1742928551	2025-03-25	18:49:11	Tue
McCormick Park	755060f0e81d8955cc40984a5fdb73af1873df4e	46.871933	-114.005287	1742928601	2025-03-25	18:50:01	Tue
McCormick Park	755060f0e81d8955cc40984a5fdb73af1873df4e	46.871684	-114.003878	1742930647	2025-03-25	19:24:07	Tue
McCormick Park	755060f0e81d8955cc40984a5fdb73af1873df4e	46.872320	-114.005090	1742928407	2025-03-25	18:46:47	Tue
McCormick Park	755060f0e81d8955cc40984a5fdb73af1873df4e	46.872120	-114.005410	1742928504	2025-03-25	18:48:24	Tue
McCormick Park	755060f0e81d8955cc40984a5fdb73af1873df4e	46.872330	-114.004280	1742928511	2025-03-25	18:48:31	Tue
McCormick Park	755060f0e81d8955cc40984a5fdb73af1873df4e	46.871900	-114.005230	1742928558	2025-03-25	18:49:18	Tue
McCormick Park	755060f0e81d8955cc40984a5fdb73af1873df4e	46.871960	-114.005210	1742928603	2025-03-25	18:50:03	Tue
McCormick Park	755060f0e81d8955cc40984a5fdb73af1873df4e	46.871670	-114.003830	1742930646	2025-03-25	19:24:06	Tue
McCormick Park	755060f0e81d8955cc40984a5fdb73af1873df4e	46.872105	-114.005424	1742928505	2025-03-25	18:48:25	Tue
McCormick Park	755060f0e81d8955cc40984a5fdb73af1873df4e	46.871933	-114.005290	1742928601	2025-03-25	18:50:01	Tue
McCormick Park	51dd6deb0f86005a7df7deec51036bbc024d966f	46.871460	-114.001910	1742861565	2025-03-25	00:12:45	Tue
McCormick Park	1cf4e8de6ad4d26f47ab17b3c2c47703a6700a8d	46.873450	-114.005360	1742867506	2025-03-25	01:51:46	Tue
McCormick Park	1cf4e8de6ad4d26f47ab17b3c2c47703a6700a8d	46.873410	-114.005310	1742867507	2025-03-25	01:51:47	Tue
McCormick Park	1cf4e8de6ad4d26f47ab17b3c2c47703a6700a8d	46.873470	-114.005370	1742867497	2025-03-25	01:51:37	Tue
McCormick Park	1cf4e8de6ad4d26f47ab17b3c2c47703a6700a8d	46.873480	-114.005320	1742867502	2025-03-25	01:51:42	Tue
McCormick Park	1cf4e8de6ad4d26f47ab17b3c2c47703a6700a8d	46.873420	-114.005340	1742867502	2025-03-25	01:51:42	Tue
McCormick Park	7e2c83bd6e3f891d9fbbc6f4f0575f84fa416abf	46.872030	-114.004112	1742895561	2025-03-25	09:39:21	Tue
McCormick Park	7e2c83bd6e3f891d9fbbc6f4f0575f84fa416abf	46.871920	-114.005070	1742895674	2025-03-25	09:41:14	Tue
McCormick Park	7e2c83bd6e3f891d9fbbc6f4f0575f84fa416abf	46.872050	-114.004120	1742895556	2025-03-25	09:39:16	Tue
McCormick Park	7e2c83bd6e3f891d9fbbc6f4f0575f84fa416abf	46.871980	-114.005020	1742895667	2025-03-25	09:41:07	Tue
McCormick Park	7e2c83bd6e3f891d9fbbc6f4f0575f84fa416abf	46.871970	-114.005060	1742895678	2025-03-25	09:41:18	Tue
McCormick Park	522a69cb26162a2965f3cbf606703d13fa7e4af3	46.871284	-114.004500	1742861416	2025-03-25	00:10:16	Tue
McCormick Park	1f48c1956de49efb57243671502c870f4e115ef0	46.872770	-114.004780	1742930418	2025-03-25	19:20:18	Tue
McCormick Park	1f48c1956de49efb57243671502c870f4e115ef0	46.872760	-114.004770	1742930436	2025-03-25	19:20:36	Tue
McCormick Park	1f48c1956de49efb57243671502c870f4e115ef0	46.872700	-114.004720	1742930416	2025-03-25	19:20:16	Tue
McCormick Park	1f48c1956de49efb57243671502c870f4e115ef0	46.872770	-114.004730	1742930433	2025-03-25	19:20:33	Tue
McCormick Park	8241c02d873455f0fe635b5e8c26a78bd565c785	46.871450	-114.001880	1742897881	2025-03-25	10:18:01	Tue
McCormick Park	8241c02d873455f0fe635b5e8c26a78bd565c785	46.871480	-114.001850	1742897886	2025-03-25	10:18:06	Tue
McCormick Park	1ff77d2e8d4d74500f36e97d46b98c2e141ae727	46.871387	-114.003116	1742863420	2025-03-25	00:43:40	Tue
McCormick Park	1ff77d2e8d4d74500f36e97d46b98c2e141ae727	46.871306	-114.003128	1742868071	2025-03-25	02:01:11	Tue
McCormick Park	1ff77d2e8d4d74500f36e97d46b98c2e141ae727	46.871365	-114.003187	1742868156	2025-03-25	02:02:36	Tue
McCormick Park	1ff77d2e8d4d74500f36e97d46b98c2e141ae727	46.871364	-114.003120	1742868493	2025-03-25	02:08:13	Tue
McCormick Park	1ff77d2e8d4d74500f36e97d46b98c2e141ae727	46.871301	-114.003110	1742869315	2025-03-25	02:21:55	Tue
McCormick Park	1ff77d2e8d4d74500f36e97d46b98c2e141ae727	46.871370	-114.003150	1742863428	2025-03-25	00:43:48	Tue
McCormick Park	1ff77d2e8d4d74500f36e97d46b98c2e141ae727	46.871370	-114.003180	1742869826	2025-03-25	02:30:26	Tue
McCormick Park	ab5de8a7ba63c6a076d3d6d45b97c5e834f86f98	46.871050	-114.002080	1742916152	2025-03-25	15:22:32	Tue
McCormick Park	58d1ef3376af121b8b75d04c8c2d6688cf2b5b01	46.872400	-114.003500	1742869226	2025-03-25	02:20:26	Tue
McCormick Park	58d1ef3376af121b8b75d04c8c2d6688cf2b5b01	46.871450	-114.002510	1742883980	2025-03-25	06:26:20	Tue
McCormick Park	58d1ef3376af121b8b75d04c8c2d6688cf2b5b01	46.871310	-114.002430	1742884015	2025-03-25	06:26:55	Tue
McCormick Park	58d1ef3376af121b8b75d04c8c2d6688cf2b5b01	46.872420	-114.003500	1742869226	2025-03-25	02:20:26	Tue
McCormick Park	58d1ef3376af121b8b75d04c8c2d6688cf2b5b01	46.871420	-114.002560	1742883983	2025-03-25	06:26:23	Tue
McCormick Park	58d1ef3376af121b8b75d04c8c2d6688cf2b5b01	46.871300	-114.002410	1742884018	2025-03-25	06:26:58	Tue
McCormick Park	53f7fdf263bf38c844d417419971377d972d6d18	46.874000	-114.004100	1742890523	2025-03-25	08:15:23	Tue
McCormick Park	53f7fdf263bf38c844d417419971377d972d6d18	46.874000	-114.004100	1742890526	2025-03-25	08:15:26	Tue
McCormick Park	50041116750fd685a158ced74bd038eebd9856a1	46.872416	-114.004650	1742922514	2025-03-25	17:08:34	Tue
McCormick Park	50041116750fd685a158ced74bd038eebd9856a1	46.872430	-114.004680	1742923800	2025-03-25	17:30:00	Tue
McCormick Park	50041116750fd685a158ced74bd038eebd9856a1	46.872420	-114.004630	1742923865	2025-03-25	17:31:05	Tue
McCormick Park	b3a707ffe8a339a102846f7a145b296a4bc305ff	46.871010	-114.003370	1748127414	2025-05-24	22:56:54	Sat
McCormick Park	1efef4d33fccac510267bb76ecb17af185f51ddb	46.870700	-114.002830	1748044853	2025-05-24	00:00:53	Sat
McCormick Park	b9077a0e477df4f448380770e4ef5121ea78aa8f	46.871310	-114.003150	1748060963	2025-05-24	04:29:23	Sat
McCormick Park	ca4ec5e781cdb9b6c6cfc497423be069a659a6e0	46.872220	-114.002670	1748123596	2025-05-24	21:53:16	Sat
McCormick Park	ca4ec5e781cdb9b6c6cfc497423be069a659a6e0	46.872500	-114.002850	1748124509	2025-05-24	22:08:29	Sat
McCormick Park	ca4ec5e781cdb9b6c6cfc497423be069a659a6e0	46.872630	-114.003970	1748124554	2025-05-24	22:09:14	Sat
McCormick Park	4e0fe4578f501201d88fc766bd17e76e25d87da7	46.872870	-114.005080	1748128364	2025-05-24	23:12:44	Sat
McCormick Park	4e0fe4578f501201d88fc766bd17e76e25d87da7	46.872860	-114.005590	1748128722	2025-05-24	23:18:42	Sat
McCormick Park	4e0fe4578f501201d88fc766bd17e76e25d87da7	46.872890	-114.005210	1748128785	2025-05-24	23:19:45	Sat
McCormick Park	4e0fe4578f501201d88fc766bd17e76e25d87da7	46.872940	-114.005210	1748128829	2025-05-24	23:20:29	Sat
McCormick Park	4e0fe4578f501201d88fc766bd17e76e25d87da7	46.872860	-114.005200	1748128897	2025-05-24	23:21:37	Sat
McCormick Park	03226f7fd860eb9e4d3b09d92c2fcd1c204551a7	46.872680	-114.003560	1748124131	2025-05-24	22:02:11	Sat
McCormick Park	03226f7fd860eb9e4d3b09d92c2fcd1c204551a7	46.872140	-114.005110	1748124137	2025-05-24	22:02:17	Sat
McCormick Park	03226f7fd860eb9e4d3b09d92c2fcd1c204551a7	46.872420	-114.004630	1748124112	2025-05-24	22:01:52	Sat
McCormick Park	03226f7fd860eb9e4d3b09d92c2fcd1c204551a7	46.872370	-114.004770	1748124118	2025-05-24	22:01:58	Sat
McCormick Park	03226f7fd860eb9e4d3b09d92c2fcd1c204551a7	46.872670	-114.003570	1748124126	2025-05-24	22:02:06	Sat
McCormick Park	03226f7fd860eb9e4d3b09d92c2fcd1c204551a7	46.872170	-114.005140	1748124135	2025-05-24	22:02:15	Sat
McCormick Park	03226f7fd860eb9e4d3b09d92c2fcd1c204551a7	46.872650	-114.003900	1748124182	2025-05-24	22:03:02	Sat
McCormick Park	be940be8ea3abc3f8c78bd7fc1cb75fd7f66ef20	46.872970	-114.005280	1748046586	2025-05-24	00:29:46	Sat
McCormick Park	44efc465772c9d89e2a9ba6ac43a5cdd650fd1e1	46.873710	-114.004100	1748067034	2025-05-24	06:10:34	Sat
McCormick Park	44efc465772c9d89e2a9ba6ac43a5cdd650fd1e1	46.873780	-114.004100	1748067036	2025-05-24	06:10:36	Sat
McCormick Park	5dcee517d454f3d5b8379acaae7c0ab494200ca9	46.870890	-114.002480	1748046860	2025-05-24	00:34:20	Sat
McCormick Park	ca741479656df830cd96bb1b63833ff9734c4331	46.872650	-114.005220	1748046435	2025-05-24	00:27:15	Sat
McCormick Park	ca741479656df830cd96bb1b63833ff9734c4331	46.872570	-114.005360	1748048935	2025-05-24	01:08:55	Sat
McCormick Park	563efd7c680e340495d292c33b31929f3cd01046	46.872660	-114.005550	1748045828	2025-05-24	00:17:08	Sat
McCormick Park	c865348329c07633103448caebed09a6221b8424	46.872660	-114.004200	1748127332	2025-05-24	22:55:32	Sat
McCormick Park	749e5e5f0c869cfbb4cb8f4e4d9a82320927cb3f	46.871580	-114.005570	1748057860	2025-05-24	03:37:40	Sat
McCormick Park	0a9a271113b19c75f7d876a4c74546bc39f79a27	46.870890	-114.003120	1748096204	2025-05-24	14:16:44	Sat
McCormick Park	987f8ae788c05a106861dd5f647e238ab368d76f	46.872510	-114.004630	1748115014	2025-05-24	19:30:14	Sat
McCormick Park	987f8ae788c05a106861dd5f647e238ab368d76f	46.873100	-114.005170	1748115416	2025-05-24	19:36:56	Sat
McCormick Park	38c9b1484bce032798edd7a2ddbc1d2b5c9d08f2	46.870720	-114.002850	1748096657	2025-05-24	14:24:17	Sat
McCormick Park	58534d85676efbafc61f5d7f453923aca05b81f5	46.871520	-114.005130	1748071506	2025-05-24	07:25:06	Sat
McCormick Park	58534d85676efbafc61f5d7f453923aca05b81f5	46.871580	-114.005820	1748071550	2025-05-24	07:25:50	Sat
McCormick Park	10be7a11ec76702211523fae9731659779748ab5	46.872450	-114.004360	1748048181	2025-05-24	00:56:21	Sat
McCormick Park	10be7a11ec76702211523fae9731659779748ab5	46.872300	-114.004860	1748051781	2025-05-24	01:56:21	Sat
McCormick Park	10be7a11ec76702211523fae9731659779748ab5	46.872060	-114.004960	1748057847	2025-05-24	03:37:27	Sat
McCormick Park	10be7a11ec76702211523fae9731659779748ab5	46.872030	-114.004630	1748056620	2025-05-24	03:17:00	Sat
McCormick Park	10be7a11ec76702211523fae9731659779748ab5	46.871960	-114.004860	1748059069	2025-05-24	03:57:49	Sat
McCormick Park	dc8ba530fe0308e37be5d0d3c5f33c0070d4478e	46.870690	-114.002880	1748050911	2025-05-24	01:41:51	Sat
McCormick Park	3ecfcb611bf5b792a7aef94ba68870c24754e0b9	46.871080	-114.002960	1748131182	2025-05-24	23:59:42	Sat
McCormick Park	78681468762d49a69d7bfbb15ce61f102212db8f	46.872650	-114.005350	1748117633	2025-05-24	20:13:53	Sat
McCormick Park	78681468762d49a69d7bfbb15ce61f102212db8f	46.872960	-114.005770	1748117847	2025-05-24	20:17:27	Sat
McCormick Park	78681468762d49a69d7bfbb15ce61f102212db8f	46.872710	-114.005280	1748123223	2025-05-24	21:47:03	Sat
McCormick Park	fecbf0d001be7cfb6ea03b0c6983e5b8776369b5	46.872190	-114.002720	1748068314	2025-05-24	06:31:54	Sat
McCormick Park	fecbf0d001be7cfb6ea03b0c6983e5b8776369b5	46.871550	-114.002720	1748094390	2025-05-24	13:46:30	Sat
McCormick Park	fecbf0d001be7cfb6ea03b0c6983e5b8776369b5	46.871580	-114.002700	1748094432	2025-05-24	13:47:12	Sat
McCormick Park	c198bab0aa2bc758ed75bbb59471404cc2a463d7	46.871070	-114.003370	1748049839	2025-05-24	01:23:59	Sat
McCormick Park	c198bab0aa2bc758ed75bbb59471404cc2a463d7	46.871240	-114.003270	1748058115	2025-05-24	03:41:55	Sat
McCormick Park	f59a72e988ce77ccdb725ae36b0bb9e2b7d6fa60	46.871370	-114.003670	1748045398	2025-05-24	00:09:58	Sat
McCormick Park	23ba357a6b113b771fa8e1ad7210826a7624d830	46.871600	-114.005970	1748125889	2025-05-24	22:31:29	Sat
McCormick Park	23ba357a6b113b771fa8e1ad7210826a7624d830	46.871600	-114.005960	1748125892	2025-05-24	22:31:32	Sat
McCormick Park	77e05384797317d5f36cd3c37f8d95e03c6b77fe	46.871450	-114.001610	1748125206	2025-05-24	22:20:06	Sat
McCormick Park	b75217924497c1f541e040e12abcca38c651e0a9	46.871660	-114.006240	1748056464	2025-05-24	03:14:24	Sat
McCormick Park	6e85b5d4a7016d1e53f830a1dc9edff204b8816a	46.871390	-114.003080	1748086346	2025-05-24	11:32:26	Sat
McCormick Park	6e85b5d4a7016d1e53f830a1dc9edff204b8816a	46.870980	-114.003360	1748086763	2025-05-24	11:39:23	Sat
McCormick Park	9fff7a37803dfd3692c75168114676cddb1ddd67	46.870890	-114.002410	1748111963	2025-05-24	18:39:23	Sat
McCormick Park	bb17af6058e12df20b9ce7dab630023c7342b6df	46.871560	-114.005750	1748075313	2025-05-24	08:28:33	Sat
McCormick Park	2a9dbbe6206924b6fb15818f71648a01f4fc2170	46.871940	-114.006480	1748093913	2025-05-24	13:38:33	Sat
McCormick Park	2a9dbbe6206924b6fb15818f71648a01f4fc2170	46.870840	-114.002870	1748093938	2025-05-24	13:38:58	Sat
McCormick Park	f89160cce6f1380d53d207b748fef993f0539d4f	46.871720	-114.004850	1748127654	2025-05-24	23:00:54	Sat
McCormick Park	f89160cce6f1380d53d207b748fef993f0539d4f	46.871910	-114.005690	1748128215	2025-05-24	23:10:15	Sat
McCormick Park	f89160cce6f1380d53d207b748fef993f0539d4f	46.872010	-114.005850	1748129373	2025-05-24	23:29:33	Sat
McCormick Park	f89160cce6f1380d53d207b748fef993f0539d4f	46.872650	-114.005050	1748130120	2025-05-24	23:42:00	Sat
McCormick Park	f89160cce6f1380d53d207b748fef993f0539d4f	46.872550	-114.005860	1748130580	2025-05-24	23:49:40	Sat
McCormick Park	f89160cce6f1380d53d207b748fef993f0539d4f	46.871620	-114.004760	1748131083	2025-05-24	23:58:03	Sat
McCormick Park	189a099121c15600c00fa93eb20caa7fe9b3a5f5	46.871400	-114.005020	1748109336	2025-05-24	17:55:36	Sat
McCormick Park	8da92c41f9bc09d9ad0ec76773a3b748dd999773	46.871190	-114.002640	1748117747	2025-05-24	20:15:47	Sat
McCormick Park	8da92c41f9bc09d9ad0ec76773a3b748dd999773	46.871040	-114.002610	1748118757	2025-05-24	20:32:37	Sat
McCormick Park	c1a80b4ecb36d45813562aa091e24fde51c51639	46.871330	-114.001560	1748105323	2025-05-24	16:48:43	Sat
McCormick Park	58e9c7e52060d8eccaacaa6add0546802bc4bfe2	46.870880	-114.002630	1748131087	2025-05-24	23:58:07	Sat
McCormick Park	6d699c6a0057bc757e69d95227bbb33ffe804892	46.872110	-114.002730	1748085789	2025-05-24	11:23:09	Sat
McCormick Park	d4ba9bed3e3338a3ba5fa5e1410356a3defd16fe	46.872740	-114.005430	1748113480	2025-05-24	19:04:40	Sat
McCormick Park	d4ba9bed3e3338a3ba5fa5e1410356a3defd16fe	46.873100	-114.005320	1748113997	2025-05-24	19:13:17	Sat
McCormick Park	d4ba9bed3e3338a3ba5fa5e1410356a3defd16fe	46.873040	-114.005260	1748114065	2025-05-24	19:14:25	Sat
McCormick Park	d4ba9bed3e3338a3ba5fa5e1410356a3defd16fe	46.872990	-114.005220	1748114514	2025-05-24	19:21:54	Sat
McCormick Park	dfe771bdbe59f79112e62eb521d6c2f8d162b88f	46.872643	-114.003815	1750168878	2025-06-17	14:01:18	Tue
McCormick Park	7f65b2b69bdf7297a62187dfba792fc2ea6fdff7	46.872470	-114.003940	1749084127	2025-06-05	00:42:07	Thu
McCormick Park	7f65b2b69bdf7297a62187dfba792fc2ea6fdff7	46.872510	-114.003740	1749084164	2025-06-05	00:42:44	Thu
McCormick Park	d6d65e3c536ddb57e5a79573bbb124c222a98d20	46.871280	-114.004500	1749085767	2025-06-05	01:09:27	Thu
McCormick Park	d6d65e3c536ddb57e5a79573bbb124c222a98d20	46.871250	-114.004120	1749088686	2025-06-05	01:58:06	Thu
McCormick Park	d6d65e3c536ddb57e5a79573bbb124c222a98d20	46.871250	-114.004550	1749085765	2025-06-05	01:09:25	Thu
McCormick Park	d6d65e3c536ddb57e5a79573bbb124c222a98d20	46.871210	-114.004110	1749088687	2025-06-05	01:58:07	Thu
McCormick Park	ce288457d43ca0b39febc39ecd5ec7483ec9473e	46.873880	-114.003550	1749082771	2025-06-05	00:19:31	Thu
McCormick Park	31ac28ecef5be585b493cba19fab5160cbced7fd	46.872500	-114.004640	1749154875	2025-06-05	20:21:15	Thu
McCormick Park	a41a1d7efac04b2af46a4da45e400aa7387042da	46.871600	-114.002970	1749131271	2025-06-05	13:47:51	Thu
McCormick Park	a41a1d7efac04b2af46a4da45e400aa7387042da	46.871600	-114.002970	1749131267	2025-06-05	13:47:47	Thu
McCormick Park	b943357cd4d9699de0531440ad32dd43759d273a	46.872560	-114.005070	1749158690	2025-06-05	21:24:50	Thu
McCormick Park	e7eb802b4a8a8b826c9c95d4a8fe8255b1fcf763	46.870940	-114.002220	1749093925	2025-06-05	03:25:25	Thu
McCormick Park	84ccd67681d6243ecfdc33d6c57587406561688e	46.870930	-114.002760	1749100848	2025-06-05	05:20:48	Thu
McCormick Park	b07a2fd2da1e9fa99adf477f2ac766821370c389	46.871530	-114.004510	1749084926	2025-06-05	00:55:26	Thu
McCormick Park	534895e09d06cf2e8f11cb0972e9237f43052188	46.871050	-114.002060	1749150023	2025-06-05	19:00:23	Thu
McCormick Park	819e66360bbdf986e411e65a1a039c13437197a7	46.871761	-114.005562	1749089194	2025-06-05	02:06:34	Thu
McCormick Park	819e66360bbdf986e411e65a1a039c13437197a7	46.871719	-114.005524	1749089208	2025-06-05	02:06:48	Thu
McCormick Park	819e66360bbdf986e411e65a1a039c13437197a7	46.871780	-114.005540	1749089188	2025-06-05	02:06:28	Thu
McCormick Park	819e66360bbdf986e411e65a1a039c13437197a7	46.871740	-114.005580	1749089207	2025-06-05	02:06:47	Thu
McCormick Park	819e66360bbdf986e411e65a1a039c13437197a7	46.871780	-114.005520	1749089207	2025-06-05	02:06:47	Thu
McCormick Park	819e66360bbdf986e411e65a1a039c13437197a7	46.871720	-114.005540	1749089204	2025-06-05	02:06:44	Thu
McCormick Park	fa9e25e6f3a2c06147de52aa715682bfae29cb1d	46.871250	-114.002200	1749144553	2025-06-05	17:29:13	Thu
McCormick Park	fa9e25e6f3a2c06147de52aa715682bfae29cb1d	46.870870	-114.002620	1749144561	2025-06-05	17:29:21	Thu
McCormick Park	d9d89ec410bf35baaa9b078d5a726292d9ed3d5f	46.871700	-114.001900	1749136764	2025-06-05	15:19:24	Thu
McCormick Park	6f267036b5b3ec32ec51c803b2526235d0274e77	46.872970	-114.005160	1749083886	2025-06-05	00:38:06	Thu
McCormick Park	6f267036b5b3ec32ec51c803b2526235d0274e77	46.872970	-114.004880	1749085140	2025-06-05	00:59:00	Thu
McCormick Park	500f9a32a893386ede74483d8a6a34d581c083ee	46.872170	-114.002760	1749100731	2025-06-05	05:18:51	Thu
McCormick Park	500f9a32a893386ede74483d8a6a34d581c083ee	46.872190	-114.002770	1749100731	2025-06-05	05:18:51	Thu
McCormick Park	500f9a32a893386ede74483d8a6a34d581c083ee	46.871560	-114.002700	1749131227	2025-06-05	13:47:07	Thu
McCormick Park	9d34ee1c6ee86210594dc5ea22386e52ab5efc8e	46.871340	-114.001780	1749097453	2025-06-05	04:24:13	Thu
McCormick Park	9d34ee1c6ee86210594dc5ea22386e52ab5efc8e	46.871320	-114.001720	1749097458	2025-06-05	04:24:18	Thu
McCormick Park	6640f8e1e6f05eb10149c49775ca83d04b720697	46.870840	-114.002810	1749097775	2025-06-05	04:29:35	Thu
McCormick Park	11bced96469aa6714cd880a1cd9f2fc71045f34b	46.871761	-114.001862	1749082216	2025-06-05	00:10:16	Thu
McCormick Park	11bced96469aa6714cd880a1cd9f2fc71045f34b	46.871720	-114.001830	1749082228	2025-06-05	00:10:28	Thu
McCormick Park	11bced96469aa6714cd880a1cd9f2fc71045f34b	46.870900	-114.003160	1749082254	2025-06-05	00:10:54	Thu
McCormick Park	11bced96469aa6714cd880a1cd9f2fc71045f34b	46.870899	-114.003159	1749082255	2025-06-05	00:10:55	Thu
McCormick Park	11bced96469aa6714cd880a1cd9f2fc71045f34b	46.871740	-114.001820	1749082215	2025-06-05	00:10:15	Thu
McCormick Park	11bced96469aa6714cd880a1cd9f2fc71045f34b	46.871730	-114.001870	1749082215	2025-06-05	00:10:15	Thu
McCormick Park	11bced96469aa6714cd880a1cd9f2fc71045f34b	46.871750	-114.001840	1749082227	2025-06-05	00:10:27	Thu
McCormick Park	11bced96469aa6714cd880a1cd9f2fc71045f34b	46.870900	-114.003120	1749082250	2025-06-05	00:10:50	Thu
McCormick Park	11bced96469aa6714cd880a1cd9f2fc71045f34b	46.870900	-114.003130	1749082251	2025-06-05	00:10:51	Thu
McCormick Park	11bced96469aa6714cd880a1cd9f2fc71045f34b	46.870830	-114.003180	1749082251	2025-06-05	00:10:51	Thu
McCormick Park	11bced96469aa6714cd880a1cd9f2fc71045f34b	46.871400	-114.001820	1749082216	2025-06-05	00:10:16	Thu
McCormick Park	11bced96469aa6714cd880a1cd9f2fc71045f34b	46.870900	-114.003160	1749082234	2025-06-05	00:10:34	Thu
McCormick Park	b3288a2999381a6d54f39a6112e187f65c47e6c8	46.872770	-114.005490	1749141407	2025-06-05	16:36:47	Thu
McCormick Park	098ad319a7beceac4d9ad6439c98733fca1c2f0d	46.871560	-114.001760	1749155542	2025-06-05	20:32:22	Thu
McCormick Park	b7b62a353aec1f8e8ae681455b3c515eaa02c270	46.870900	-114.002870	1749081898	2025-06-05	00:04:58	Thu
McCormick Park	b7b62a353aec1f8e8ae681455b3c515eaa02c270	46.870700	-114.002760	1749081954	2025-06-05	00:05:54	Thu
McCormick Park	b7b62a353aec1f8e8ae681455b3c515eaa02c270	46.871080	-114.002770	1749082023	2025-06-05	00:07:03	Thu
McCormick Park	c1a3ed6fd4c62498722f10b8de4a86ca5125ff14	46.873800	-114.003300	1749148634	2025-06-05	18:37:14	Thu
McCormick Park	a193ba7d679c417f7038508687c09b4d88c11824	46.870660	-114.002700	1749098093	2025-06-05	04:34:53	Thu
McCormick Park	a193ba7d679c417f7038508687c09b4d88c11824	46.870640	-114.002700	1749098095	2025-06-05	04:34:55	Thu
McCormick Park	7748e7c825a38bcb8246c0292f6c35beaf034361	46.871870	-114.002520	1749099227	2025-06-05	04:53:47	Thu
McCormick Park	a22e2f0565e5f5c9790e288889afbb3bd891c8c1	46.871200	-114.002340	1749084236	2025-06-05	00:43:56	Thu
McCormick Park	a22e2f0565e5f5c9790e288889afbb3bd891c8c1	46.871200	-114.002370	1749084234	2025-06-05	00:43:54	Thu
McCormick Park	a22e2f0565e5f5c9790e288889afbb3bd891c8c1	46.871240	-114.002160	1749084299	2025-06-05	00:44:59	Thu
McCormick Park	a22e2f0565e5f5c9790e288889afbb3bd891c8c1	46.870950	-114.002230	1749084317	2025-06-05	00:45:17	Thu
McCormick Park	20dc7011e22e0dd045282f09e96e6705babe1b44	46.871270	-114.001830	1749161118	2025-06-05	22:05:18	Thu
McCormick Park	9871a322b94b27e2de686181490c657ab12d212b	46.870680	-114.002910	1749086782	2025-06-05	01:26:22	Thu
McCormick Park	d1a94cf34c50ae6783ec2eee2a59ceb8d4c6c82b	46.871410	-114.001490	1749138974	2025-06-05	15:56:14	Thu
McCormick Park	675ac4419d6833e4c9505be2915abcad744e1cd3	46.872600	-114.004700	1749129529	2025-06-05	13:18:49	Thu
McCormick Park	675ac4419d6833e4c9505be2915abcad744e1cd3	46.872630	-114.004720	1749129521	2025-06-05	13:18:41	Thu
McCormick Park	88987a78346be9296a4f5b6bbbe2b307f1dc161c	46.872700	-114.005360	1749096698	2025-06-05	04:11:38	Thu
McCormick Park	88987a78346be9296a4f5b6bbbe2b307f1dc161c	46.872960	-114.005340	1749095195	2025-06-05	03:46:35	Thu
McCormick Park	88987a78346be9296a4f5b6bbbe2b307f1dc161c	46.872820	-114.005630	1749097912	2025-06-05	04:31:52	Thu
McCormick Park	085b85ac1965414731dc5c8131ec74c66c97d0ae	46.871410	-114.002740	1749165966	2025-06-05	23:26:06	Thu
McCormick Park	085b85ac1965414731dc5c8131ec74c66c97d0ae	46.872680	-114.004600	1749165498	2025-06-05	23:18:18	Thu
McCormick Park	085b85ac1965414731dc5c8131ec74c66c97d0ae	46.871410	-114.002780	1749165961	2025-06-05	23:26:01	Thu
McCormick Park	dba3b3b9ec938f822c67e424e53406be009ab3fb	46.874080	-114.004010	1749103717	2025-06-05	06:08:37	Thu
McCormick Park	b2c6cb3f8ed3d4c058fe70c431df0c158d4c0d6c	46.872700	-114.005348	1749156081	2025-06-05	20:41:21	Thu
McCormick Park	b2c6cb3f8ed3d4c058fe70c431df0c158d4c0d6c	46.872700	-114.005320	1749156085	2025-06-05	20:41:25	Thu
McCormick Park	b2c6cb3f8ed3d4c058fe70c431df0c158d4c0d6c	46.873268	-114.005112	1749157081	2025-06-05	20:58:01	Thu
McCormick Park	b2c6cb3f8ed3d4c058fe70c431df0c158d4c0d6c	46.873270	-114.005110	1749157081	2025-06-05	20:58:01	Thu
McCormick Park	b2c6cb3f8ed3d4c058fe70c431df0c158d4c0d6c	46.873260	-114.005160	1749157132	2025-06-05	20:58:52	Thu
McCormick Park	b2c6cb3f8ed3d4c058fe70c431df0c158d4c0d6c	46.872700	-114.005310	1749156086	2025-06-05	20:41:26	Thu
McCormick Park	b2c6cb3f8ed3d4c058fe70c431df0c158d4c0d6c	46.872410	-114.005350	1749162258	2025-06-05	22:24:18	Thu
McCormick Park	b2c6cb3f8ed3d4c058fe70c431df0c158d4c0d6c	46.873060	-114.005310	1749162280	2025-06-05	22:24:40	Thu
McCormick Park	2e144d01b82ae19513404ede5c4ba30546252487	46.871920	-114.002230	1749092754	2025-06-05	03:05:54	Thu
McCormick Park	93fe0462606898dbf77c7feb84274196ac5cd863	46.872600	-114.005370	1749164050	2025-06-05	22:54:10	Thu
McCormick Park	93fe0462606898dbf77c7feb84274196ac5cd863	46.872870	-114.005460	1749164236	2025-06-05	22:57:16	Thu
McCormick Park	7c096294a8b6a159472ad690c8e4ead68a40683b	46.872630	-114.004740	1749131519	2025-06-05	13:51:59	Thu
McCormick Park	7c096294a8b6a159472ad690c8e4ead68a40683b	46.872460	-114.005060	1749131511	2025-06-05	13:51:51	Thu
McCormick Park	7c096294a8b6a159472ad690c8e4ead68a40683b	46.872650	-114.005070	1749131611	2025-06-05	13:53:31	Thu
McCormick Park	9be992ae917413cdb98404c90a949ebc532d9921	46.871500	-114.005450	1749090654	2025-06-05	02:30:54	Thu
McCormick Park	2d82fcde973c8b4e9eb5de3a9ef53893a8509f6a	46.871090	-114.003480	1749138902	2025-06-05	15:55:02	Thu
McCormick Park	54de453e148a4440bfc102bd2f12ad50135152fb	46.871540	-114.004860	1749103895	2025-06-05	06:11:35	Thu
McCormick Park	f59433c033ca42c3c3dd6ea5658d6f5bae94cc72	46.871300	-114.001650	1749085734	2025-06-05	01:08:54	Thu
McCormick Park	f59433c033ca42c3c3dd6ea5658d6f5bae94cc72	46.871300	-114.001648	1749085740	2025-06-05	01:09:00	Thu
McCormick Park	f59433c033ca42c3c3dd6ea5658d6f5bae94cc72	46.871300	-114.001650	1749085740	2025-06-05	01:09:00	Thu
McCormick Park	f59433c033ca42c3c3dd6ea5658d6f5bae94cc72	46.871300	-114.001660	1749085749	2025-06-05	01:09:09	Thu
McCormick Park	f59433c033ca42c3c3dd6ea5658d6f5bae94cc72	46.871340	-114.001630	1749085752	2025-06-05	01:09:12	Thu
McCormick Park	f59433c033ca42c3c3dd6ea5658d6f5bae94cc72	46.871300	-114.001600	1749085760	2025-06-05	01:09:20	Thu
McCormick Park	f59433c033ca42c3c3dd6ea5658d6f5bae94cc72	46.871300	-114.001602	1749085760	2025-06-05	01:09:20	Thu
McCormick Park	f59433c033ca42c3c3dd6ea5658d6f5bae94cc72	46.871300	-114.001640	1749085740	2025-06-05	01:09:00	Thu
McCormick Park	b68e4a47637162d44476c5b1b66992e9f35a8b27	46.872610	-114.005330	1749151248	2025-06-05	19:20:48	Thu
McCormick Park	7793e682f5f963b6b555a25c70b2fc976870f9af	46.870670	-114.002920	1749109247	2025-06-05	07:40:47	Thu
McCormick Park	7535ea874e9d620e6f8aeca1b3563b6ec5c2a262	46.872830	-114.005030	1749088713	2025-06-05	01:58:33	Thu
McCormick Park	7535ea874e9d620e6f8aeca1b3563b6ec5c2a262	46.872830	-114.005100	1749088734	2025-06-05	01:58:54	Thu
McCormick Park	7535ea874e9d620e6f8aeca1b3563b6ec5c2a262	46.872830	-114.005350	1749086283	2025-06-05	01:18:03	Thu
McCormick Park	7535ea874e9d620e6f8aeca1b3563b6ec5c2a262	46.872860	-114.005160	1749087478	2025-06-05	01:37:58	Thu
McCormick Park	7535ea874e9d620e6f8aeca1b3563b6ec5c2a262	46.872900	-114.005770	1749087544	2025-06-05	01:39:04	Thu
McCormick Park	7535ea874e9d620e6f8aeca1b3563b6ec5c2a262	46.872840	-114.005070	1749088712	2025-06-05	01:58:32	Thu
McCormick Park	7535ea874e9d620e6f8aeca1b3563b6ec5c2a262	46.872860	-114.005100	1749088737	2025-06-05	01:58:57	Thu
McCormick Park	7535ea874e9d620e6f8aeca1b3563b6ec5c2a262	46.872620	-114.005170	1749089927	2025-06-05	02:18:47	Thu
McCormick Park	7535ea874e9d620e6f8aeca1b3563b6ec5c2a262	46.872810	-114.005570	1749089965	2025-06-05	02:19:25	Thu
McCormick Park	7535ea874e9d620e6f8aeca1b3563b6ec5c2a262	46.872960	-114.005380	1749091217	2025-06-05	02:40:17	Thu
McCormick Park	122912cf906bb15b1e728a0741323d90d5e4ce23	46.872840	-114.004890	1749087467	2025-06-05	01:37:47	Thu
McCormick Park	122912cf906bb15b1e728a0741323d90d5e4ce23	46.872910	-114.005440	1749088534	2025-06-05	01:55:34	Thu
McCormick Park	122912cf906bb15b1e728a0741323d90d5e4ce23	46.872820	-114.005380	1749091030	2025-06-05	02:37:10	Thu
McCormick Park	883764786b545aa920fe171bef12a79c3b461158	46.872200	-114.001880	1749150474	2025-06-05	19:07:54	Thu
McCormick Park	2daa0f51b2b9f81b0b269bfdff454f08fd205876	46.872460	-114.004950	1749137583	2025-06-05	15:33:03	Thu
McCormick Park	c662bda65c7bb9f8204431520c48ea6c32f60fab	46.872980	-114.005320	1749094806	2025-06-05	03:40:06	Thu
McCormick Park	c662bda65c7bb9f8204431520c48ea6c32f60fab	46.872220	-114.004910	1749094841	2025-06-05	03:40:41	Thu
McCormick Park	c662bda65c7bb9f8204431520c48ea6c32f60fab	46.872240	-114.003910	1749094796	2025-06-05	03:39:56	Thu
McCormick Park	c662bda65c7bb9f8204431520c48ea6c32f60fab	46.872900	-114.005360	1749094802	2025-06-05	03:40:02	Thu
McCormick Park	c662bda65c7bb9f8204431520c48ea6c32f60fab	46.872680	-114.003850	1749094968	2025-06-05	03:42:48	Thu
McCormick Park	fabe060f55708271e9da8b435e535de80ec15a9c	46.872200	-114.004900	1749151014	2025-06-05	19:16:54	Thu
McCormick Park	fabe060f55708271e9da8b435e535de80ec15a9c	46.872230	-114.004930	1749151012	2025-06-05	19:16:52	Thu
McCormick Park	d9542a22c50d8b30bf1b2d76d5e43afc18ffda59	46.870850	-114.002450	1749159115	2025-06-05	21:31:55	Thu
McCormick Park	e19cfd14d966b136305e25c58dd1561db57ff780	46.872210	-114.005300	1749083552	2025-06-05	00:32:32	Thu
McCormick Park	e19cfd14d966b136305e25c58dd1561db57ff780	46.872250	-114.005300	1749083554	2025-06-05	00:32:34	Thu
McCormick Park	e19cfd14d966b136305e25c58dd1561db57ff780	46.872450	-114.004780	1749083833	2025-06-05	00:37:13	Thu
McCormick Park	29461ff4f7f78aecea8a51e7640107cf09f06239	46.873500	-114.003180	1749097014	2025-06-05	04:16:54	Thu
McCormick Park	29461ff4f7f78aecea8a51e7640107cf09f06239	46.873500	-114.003174	1749097016	2025-06-05	04:16:56	Thu
McCormick Park	21e8c927f1f013f71704c1947161348689713ab5	46.872780	-114.004410	1749129196	2025-06-05	13:13:16	Thu
McCormick Park	21e8c927f1f013f71704c1947161348689713ab5	46.872761	-114.004402	1749129202	2025-06-05	13:13:22	Thu
McCormick Park	21e8c927f1f013f71704c1947161348689713ab5	46.872760	-114.004710	1749129065	2025-06-05	13:11:05	Thu
McCormick Park	21e8c927f1f013f71704c1947161348689713ab5	46.872770	-114.004440	1749129193	2025-06-05	13:13:13	Thu
McCormick Park	21e8c927f1f013f71704c1947161348689713ab5	46.872610	-114.004620	1749133060	2025-06-05	14:17:40	Thu
McCormick Park	21e8c927f1f013f71704c1947161348689713ab5	46.872510	-114.004810	1749133189	2025-06-05	14:19:49	Thu
McCormick Park	3172adb1f050820b6086a8133166c2811de4de8a	46.870980	-114.003610	1749162196	2025-06-05	22:23:16	Thu
McCormick Park	3172adb1f050820b6086a8133166c2811de4de8a	46.870980	-114.003510	1749166605	2025-06-05	23:36:45	Thu
McCormick Park	3172adb1f050820b6086a8133166c2811de4de8a	46.871230	-114.003550	1749165850	2025-06-05	23:24:10	Thu
McCormick Park	d640f92053281c1230c2dee13bbc7af107085759	46.871620	-114.005220	1749086340	2025-06-05	01:19:00	Thu
McCormick Park	d640f92053281c1230c2dee13bbc7af107085759	46.871610	-114.005280	1749086344	2025-06-05	01:19:04	Thu
McCormick Park	d640f92053281c1230c2dee13bbc7af107085759	46.871640	-114.004820	1749086746	2025-06-05	01:25:46	Thu
McCormick Park	d640f92053281c1230c2dee13bbc7af107085759	46.871860	-114.005280	1749085999	2025-06-05	01:13:19	Thu
McCormick Park	d640f92053281c1230c2dee13bbc7af107085759	46.871870	-114.004880	1749086026	2025-06-05	01:13:46	Thu
McCormick Park	d640f92053281c1230c2dee13bbc7af107085759	46.871800	-114.004800	1749086263	2025-06-05	01:17:43	Thu
McCormick Park	d640f92053281c1230c2dee13bbc7af107085759	46.871630	-114.004860	1749086295	2025-06-05	01:18:15	Thu
McCormick Park	d640f92053281c1230c2dee13bbc7af107085759	46.871620	-114.005220	1749086395	2025-06-05	01:19:55	Thu
McCormick Park	d640f92053281c1230c2dee13bbc7af107085759	46.871930	-114.004800	1749086489	2025-06-05	01:21:29	Thu
McCormick Park	d640f92053281c1230c2dee13bbc7af107085759	46.871810	-114.004800	1749086493	2025-06-05	01:21:33	Thu
McCormick Park	d640f92053281c1230c2dee13bbc7af107085759	46.871600	-114.005020	1749103902	2025-06-05	06:11:42	Thu
McCormick Park	ab1b9d9c8a900fe350cba4047d36b25e75b2d32f	46.870950	-114.002370	1749087396	2025-06-05	01:36:36	Thu
McCormick Park	7c62358ef5cba0f959386ba59fd3c5676ebdf9c0	46.872100	-114.003640	1749084146	2025-06-05	00:42:26	Thu
McCormick Park	f095cd4804c6c02d532172b7136f0357a315c458	46.871240	-114.003470	1749098669	2025-06-05	04:44:29	Thu
McCormick Park	1e4529f945bd39e134dfeff11cbff780ad1bb940	46.873300	-114.005410	1749144870	2025-06-05	17:34:30	Thu
McCormick Park	1e4529f945bd39e134dfeff11cbff780ad1bb940	46.872690	-114.005450	1749148262	2025-06-05	18:31:02	Thu
McCormick Park	1e4529f945bd39e134dfeff11cbff780ad1bb940	46.872970	-114.005640	1749151364	2025-06-05	19:22:44	Thu
McCormick Park	1e4529f945bd39e134dfeff11cbff780ad1bb940	46.872910	-114.005640	1749151367	2025-06-05	19:22:47	Thu
McCormick Park	22c1d4f3231a3bf94705580a5eb9b7426e1b6f32	46.871700	-114.005700	1749141818	2025-06-05	16:43:38	Thu
McCormick Park	73eb2fe7613f9d053e2bc6bb1d2eee5b6783d1d0	46.872400	-114.004200	1749155982	2025-06-05	20:39:42	Thu
McCormick Park	1545ad068347f55ae1751c5540a8b80e22b5db0a	46.872740	-114.004800	1749158668	2025-06-05	21:24:28	Thu
McCormick Park	1545ad068347f55ae1751c5540a8b80e22b5db0a	46.872720	-114.004880	1749158669	2025-06-05	21:24:29	Thu
McCormick Park	1545ad068347f55ae1751c5540a8b80e22b5db0a	46.872510	-114.004490	1749158681	2025-06-05	21:24:41	Thu
McCormick Park	1545ad068347f55ae1751c5540a8b80e22b5db0a	46.872480	-114.005350	1749159946	2025-06-05	21:45:46	Thu
McCormick Park	66afb0e0c270d6614db636073a5db21d9ba6f049	46.871400	-114.001780	1749148517	2025-06-05	18:35:17	Thu
McCormick Park	fe203b3592b2d9d3d39bcba1b32969d730d7b6e9	46.871590	-114.005300	1749159158	2025-06-05	21:32:38	Thu
McCormick Park	230ecba0d0b9dd43a88720149ccf0ddf9ac43bbd	46.871280	-114.001840	1749152312	2025-06-05	19:38:32	Thu
McCormick Park	230ecba0d0b9dd43a88720149ccf0ddf9ac43bbd	46.871850	-114.006710	1749152415	2025-06-05	19:40:15	Thu
McCormick Park	a70376047a6685c330de9bcd49eae17dc2e30220	46.872161	-114.005434	1746044829	2025-04-30	20:27:09	Wed
McCormick Park	1fb913e61998cd2a02033f922ceaec34ae7a3373	46.871487	-114.005500	1745976084	2025-04-30	01:21:24	Wed
McCormick Park	1fb913e61998cd2a02033f922ceaec34ae7a3373	46.871720	-114.005120	1745979629	2025-04-30	02:20:29	Wed
McCormick Park	69d80dde527ae91db055b393b50da5e0145f37d9	46.871360	-114.003126	1745972293	2025-04-30	00:18:13	Wed
McCormick Park	69d80dde527ae91db055b393b50da5e0145f37d9	46.871350	-114.003147	1745972294	2025-04-30	00:18:14	Wed
McCormick Park	69d80dde527ae91db055b393b50da5e0145f37d9	46.871370	-114.003170	1745972467	2025-04-30	00:21:07	Wed
McCormick Park	69d80dde527ae91db055b393b50da5e0145f37d9	46.871310	-114.003140	1745972620	2025-04-30	00:23:40	Wed
McCormick Park	69d80dde527ae91db055b393b50da5e0145f37d9	46.871320	-114.003170	1745972290	2025-04-30	00:18:10	Wed
McCormick Park	69d80dde527ae91db055b393b50da5e0145f37d9	46.871310	-114.003130	1745972292	2025-04-30	00:18:12	Wed
McCormick Park	69d80dde527ae91db055b393b50da5e0145f37d9	46.871300	-114.003110	1745972466	2025-04-30	00:21:06	Wed
McCormick Park	69d80dde527ae91db055b393b50da5e0145f37d9	46.871300	-114.003130	1745972623	2025-04-30	00:23:43	Wed
McCormick Park	69d80dde527ae91db055b393b50da5e0145f37d9	46.871350	-114.003150	1745972294	2025-04-30	00:18:14	Wed
McCormick Park	a780c659bf7f138f5f5669b8b4894c327dbcc239	46.871356	-114.003150	1745984573	2025-04-30	03:42:53	Wed
McCormick Park	a780c659bf7f138f5f5669b8b4894c327dbcc239	46.871335	-114.003160	1745984579	2025-04-30	03:42:59	Wed
McCormick Park	b3288a2999381a6d54f39a6112e187f65c47e6c8	46.872400	-114.004900	1746024574	2025-04-30	14:49:34	Wed
McCormick Park	b3288a2999381a6d54f39a6112e187f65c47e6c8	46.872410	-114.004900	1746024576	2025-04-30	14:49:36	Wed
McCormick Park	b3288a2999381a6d54f39a6112e187f65c47e6c8	46.873135	-114.005356	1746026473	2025-04-30	15:21:13	Wed
McCormick Park	b3288a2999381a6d54f39a6112e187f65c47e6c8	46.873125	-114.005364	1746026478	2025-04-30	15:21:18	Wed
McCormick Park	b3288a2999381a6d54f39a6112e187f65c47e6c8	46.873150	-114.005320	1746027802	2025-04-30	15:43:22	Wed
McCormick Park	b3288a2999381a6d54f39a6112e187f65c47e6c8	46.873170	-114.005350	1746027809	2025-04-30	15:43:29	Wed
McCormick Park	63d0ddff64e8d67f367fac215bd9b0ed5fb61162	46.871920	-114.006410	1746030270	2025-04-30	16:24:30	Wed
McCormick Park	63d0ddff64e8d67f367fac215bd9b0ed5fb61162	46.871910	-114.006420	1746030278	2025-04-30	16:24:38	Wed
McCormick Park	63d0ddff64e8d67f367fac215bd9b0ed5fb61162	46.871950	-114.006440	1746030287	2025-04-30	16:24:47	Wed
McCormick Park	63d0ddff64e8d67f367fac215bd9b0ed5fb61162	46.871980	-114.006420	1746030287	2025-04-30	16:24:47	Wed
McCormick Park	63d0ddff64e8d67f367fac215bd9b0ed5fb61162	46.871930	-114.006430	1746030272	2025-04-30	16:24:32	Wed
McCormick Park	63d0ddff64e8d67f367fac215bd9b0ed5fb61162	46.871960	-114.006430	1746030286	2025-04-30	16:24:46	Wed
McCormick Park	dfc4bb56396749799f59b8471d2d15a7b90b33b2	46.871560	-114.005800	1746031817	2025-04-30	16:50:17	Wed
McCormick Park	437be147ca17bf891e89266aa2280d9e0596754e	46.874120	-114.005280	1746043323	2025-04-30	20:02:03	Wed
McCormick Park	437be147ca17bf891e89266aa2280d9e0596754e	46.874120	-114.005280	1746043326	2025-04-30	20:02:06	Wed
McCormick Park	437be147ca17bf891e89266aa2280d9e0596754e	46.873920	-114.004630	1746044016	2025-04-30	20:13:36	Wed
McCormick Park	437be147ca17bf891e89266aa2280d9e0596754e	46.873610	-114.004630	1746044031	2025-04-30	20:13:51	Wed
McCormick Park	437be147ca17bf891e89266aa2280d9e0596754e	46.874140	-114.005260	1746043322	2025-04-30	20:02:02	Wed
McCormick Park	437be147ca17bf891e89266aa2280d9e0596754e	46.874160	-114.005220	1746043327	2025-04-30	20:02:07	Wed
McCormick Park	437be147ca17bf891e89266aa2280d9e0596754e	46.873980	-114.004640	1746044014	2025-04-30	20:13:34	Wed
McCormick Park	437be147ca17bf891e89266aa2280d9e0596754e	46.873660	-114.004660	1746044030	2025-04-30	20:13:50	Wed
McCormick Park	366ec62522ffcd3cc295b39ac88e9491c1b633cc	46.872800	-114.004620	1746054980	2025-04-30	23:16:20	Wed
McCormick Park	366ec62522ffcd3cc295b39ac88e9491c1b633cc	46.872800	-114.004610	1746054988	2025-04-30	23:16:28	Wed
McCormick Park	e46227a67defe16e8b94606ebf7d9685225e168f	46.873144	-114.005486	1745985684	2025-04-30	04:01:24	Wed
McCormick Park	e46227a67defe16e8b94606ebf7d9685225e168f	46.873130	-114.005420	1745985685	2025-04-30	04:01:25	Wed
McCormick Park	05279c4c18fa23e07894d3efadf3657b053f65b3	46.872455	-114.003375	1746038860	2025-04-30	18:47:40	Wed
McCormick Park	05279c4c18fa23e07894d3efadf3657b053f65b3	46.872082	-114.005535	1746040052	2025-04-30	19:07:32	Wed
McCormick Park	fb820292e247969452111b6b421abafd987463d6	46.873778	-114.003810	1746057499	2025-04-30	23:58:19	Wed
McCormick Park	fb820292e247969452111b6b421abafd987463d6	46.873750	-114.003840	1746057495	2025-04-30	23:58:15	Wed
McCormick Park	fb820292e247969452111b6b421abafd987463d6	46.873770	-114.003810	1746057499	2025-04-30	23:58:19	Wed
McCormick Park	e9cfdb05e3666dc8727adaa5213406c7dc5c4843	46.872720	-114.005400	1746042574	2025-04-30	19:49:34	Wed
McCormick Park	e9cfdb05e3666dc8727adaa5213406c7dc5c4843	46.872940	-114.005400	1746042588	2025-04-30	19:49:48	Wed
McCormick Park	e9cfdb05e3666dc8727adaa5213406c7dc5c4843	46.872910	-114.005400	1746042590	2025-04-30	19:49:50	Wed
McCormick Park	e9cfdb05e3666dc8727adaa5213406c7dc5c4843	46.872900	-114.005400	1746046132	2025-04-30	20:48:52	Wed
McCormick Park	e9cfdb05e3666dc8727adaa5213406c7dc5c4843	46.872940	-114.005400	1746046136	2025-04-30	20:48:56	Wed
McCormick Park	e9cfdb05e3666dc8727adaa5213406c7dc5c4843	46.872760	-114.005400	1746042574	2025-04-30	19:49:34	Wed
McCormick Park	e9cfdb05e3666dc8727adaa5213406c7dc5c4843	46.872960	-114.005400	1746042583	2025-04-30	19:49:43	Wed
McCormick Park	e9cfdb05e3666dc8727adaa5213406c7dc5c4843	46.872910	-114.005400	1746042594	2025-04-30	19:49:54	Wed
McCormick Park	e9cfdb05e3666dc8727adaa5213406c7dc5c4843	46.872980	-114.005400	1746046135	2025-04-30	20:48:55	Wed
McCormick Park	b461248346def8e89f88b5670ce0a277e545b63b	46.870830	-114.002650	1747017322	2025-05-12	02:35:22	Mon
McCormick Park	b3288a2999381a6d54f39a6112e187f65c47e6c8	46.873440	-114.005350	1747066691	2025-05-12	16:18:11	Mon
McCormick Park	ea320051ac7db685d1f79eeb5f6c5ddf58353cd0	46.871370	-114.001740	1747008007	2025-05-12	00:00:07	Mon
McCormick Park	824fbd37695be3817f074121bcf8a0f0f0f27c56	46.871030	-114.003620	1747077589	2025-05-12	19:19:49	Mon
McCormick Park	d03d65e60d85e985a12e1944c24dca44451ce9a7	46.872210	-114.004770	1747009656	2025-05-12	00:27:36	Mon
McCormick Park	33b6e45c03d7b3e867efa52ad9a06fb6fddae4a8	46.872520	-114.003650	1747080181	2025-05-12	20:03:01	Mon
McCormick Park	c20e7ccd0c5c15cd40ddbb1b9328170bef04b18b	46.872490	-114.003540	1747071956	2025-05-12	17:45:56	Mon
McCormick Park	c20e7ccd0c5c15cd40ddbb1b9328170bef04b18b	46.872470	-114.003230	1747071968	2025-05-12	17:46:08	Mon
McCormick Park	c20e7ccd0c5c15cd40ddbb1b9328170bef04b18b	46.872420	-114.003200	1747072055	2025-05-12	17:47:35	Mon
McCormick Park	c20e7ccd0c5c15cd40ddbb1b9328170bef04b18b	46.872150	-114.003510	1747072093	2025-05-12	17:48:13	Mon
McCormick Park	c20e7ccd0c5c15cd40ddbb1b9328170bef04b18b	46.872540	-114.003270	1747072140	2025-05-12	17:49:00	Mon
McCormick Park	c20e7ccd0c5c15cd40ddbb1b9328170bef04b18b	46.872550	-114.003250	1747072171	2025-05-12	17:49:31	Mon
McCormick Park	016af276ce41a57f6f9ad2a1fb9dfab13390cab5	46.872780	-114.004750	1745005820	2025-04-18	19:50:20	Fri
McCormick Park	d63c23ca967b683552b837bc7bca989e2b0e412e	46.871334	-114.003160	1744953153	2025-04-18	05:12:33	Fri
McCormick Park	b3288a2999381a6d54f39a6112e187f65c47e6c8	46.873165	-114.005486	1744987947	2025-04-18	14:52:27	Fri
McCormick Park	5f02f60278ed39e765c1267b26664eed6a2c0ace	46.872810	-114.004752	1744948005	2025-04-18	03:46:45	Fri
McCormick Park	5f02f60278ed39e765c1267b26664eed6a2c0ace	46.872830	-114.004710	1744948006	2025-04-18	03:46:46	Fri
McCormick Park	5f02f60278ed39e765c1267b26664eed6a2c0ace	46.872875	-114.004770	1744948003	2025-04-18	03:46:43	Fri
McCormick Park	9977ad624ea92f9b51d19262b938d7aa59c3c15d	46.871370	-114.001940	1745011641	2025-04-18	21:27:21	Fri
McCormick Park	a291ce37decdc1bde09d7c65d0eb5d1f0351c0b0	46.873134	-114.005386	1744995680	2025-04-18	17:01:20	Fri
McCormick Park	a291ce37decdc1bde09d7c65d0eb5d1f0351c0b0	46.873110	-114.005376	1744995685	2025-04-18	17:01:25	Fri
McCormick Park	a291ce37decdc1bde09d7c65d0eb5d1f0351c0b0	46.873120	-114.005390	1744995685	2025-04-18	17:01:25	Fri
McCormick Park	84b6763a4a1dfe62753908c8949d6e936f5a73db	46.872086	-114.004974	1744999102	2025-04-18	17:58:22	Fri
McCormick Park	84b6763a4a1dfe62753908c8949d6e936f5a73db	46.871655	-114.005010	1744999318	2025-04-18	18:01:58	Fri
McCormick Park	79ce256eaec21c177e140f317f7b085c6803c887	46.873135	-114.004103	1745014458	2025-04-18	22:14:18	Fri
McCormick Park	79ce256eaec21c177e140f317f7b085c6803c887	46.873135	-114.004103	1745014772	2025-04-18	22:19:32	Fri
McCormick Park	28f16555a8bab6abe7065583115e0ca788fe7b92	46.873544	-114.003200	1744983607	2025-04-18	13:40:07	Fri
McCormick Park	28f16555a8bab6abe7065583115e0ca788fe7b92	46.873580	-114.003200	1744983591	2025-04-18	13:39:51	Fri
McCormick Park	28f16555a8bab6abe7065583115e0ca788fe7b92	46.873505	-114.003200	1744983600	2025-04-18	13:40:00	Fri
McCormick Park	5de4baec29d2eeec50e9406e9b7b1088bbbb1541	46.872850	-114.004500	1745001044	2025-04-18	18:30:44	Fri
McCormick Park	5de4baec29d2eeec50e9406e9b7b1088bbbb1541	46.872850	-114.004500	1745001092	2025-04-18	18:31:32	Fri
McCormick Park	ef52730dc4435b5d9059719262e0ab54aa74e610	46.872700	-114.004830	1744943456	2025-04-18	02:30:56	Fri
McCormick Park	ef52730dc4435b5d9059719262e0ab54aa74e610	46.872700	-114.004860	1744943457	2025-04-18	02:30:57	Fri
McCormick Park	d7330ec8d88791b7f16c95f7f7012eb32abccfba	46.870990	-114.002150	1744984475	2025-04-18	13:54:35	Fri
McCormick Park	20b26be735c7cb3bd45f3a446a5050aa063547d6	46.872524	-114.004080	1744957226	2025-04-18	06:20:26	Fri
McCormick Park	20b26be735c7cb3bd45f3a446a5050aa063547d6	46.872585	-114.004380	1744957291	2025-04-18	06:21:31	Fri
McCormick Park	f59a72e988ce77ccdb725ae36b0bb9e2b7d6fa60	46.871360	-114.003100	1745019473	2025-04-18	23:37:53	Fri
McCormick Park	f59a72e988ce77ccdb725ae36b0bb9e2b7d6fa60	46.871300	-114.003160	1745019474	2025-04-18	23:37:54	Fri
McCormick Park	f59a72e988ce77ccdb725ae36b0bb9e2b7d6fa60	46.871360	-114.003150	1745019474	2025-04-18	23:37:54	Fri
McCormick Park	f59a72e988ce77ccdb725ae36b0bb9e2b7d6fa60	46.871310	-114.003160	1745019476	2025-04-18	23:37:56	Fri
McCormick Park	f59a72e988ce77ccdb725ae36b0bb9e2b7d6fa60	46.871320	-114.003100	1745019570	2025-04-18	23:39:30	Fri
McCormick Park	f59a72e988ce77ccdb725ae36b0bb9e2b7d6fa60	46.871370	-114.003170	1745019573	2025-04-18	23:39:33	Fri
McCormick Park	53f6b9599b88ad5fc21ace4864ab45437a0a3583	46.872900	-114.005430	1745012651	2025-04-18	21:44:11	Fri
McCormick Park	53f6b9599b88ad5fc21ace4864ab45437a0a3583	46.872950	-114.005480	1745012656	2025-04-18	21:44:16	Fri
McCormick Park	53f6b9599b88ad5fc21ace4864ab45437a0a3583	46.872900	-114.005420	1745012666	2025-04-18	21:44:26	Fri
McCormick Park	53f6b9599b88ad5fc21ace4864ab45437a0a3583	46.872940	-114.005410	1745012692	2025-04-18	21:44:52	Fri
McCormick Park	53f6b9599b88ad5fc21ace4864ab45437a0a3583	46.872900	-114.005410	1745012699	2025-04-18	21:44:59	Fri
McCormick Park	f89160cce6f1380d53d207b748fef993f0539d4f	46.871830	-114.003120	1745013195	2025-04-18	21:53:15	Fri
McCormick Park	f89160cce6f1380d53d207b748fef993f0539d4f	46.871940	-114.002350	1745013326	2025-04-18	21:55:26	Fri
McCormick Park	9f7c0adc5e817b40ad3353c8d8ce5fe894c95aec	46.871560	-114.001976	1744943195	2025-04-18	02:26:35	Fri
McCormick Park	bc7e7814c91d240006107f686be6e79c755d81ff	46.873000	-114.005210	1744988091	2025-04-18	14:54:51	Fri
McCormick Park	bc7e7814c91d240006107f686be6e79c755d81ff	46.873070	-114.005220	1744988093	2025-04-18	14:54:53	Fri
McCormick Park	fe0a40872b0d4f88977ddb4ac52cc7dca555cfac	46.871118	-114.001870	1745277687	2025-04-21	23:21:27	Mon
McCormick Park	b3288a2999381a6d54f39a6112e187f65c47e6c8	46.873160	-114.005330	1745247268	2025-04-21	14:54:28	Mon
McCormick Park	b3288a2999381a6d54f39a6112e187f65c47e6c8	46.872322	-114.005066	1745249623	2025-04-21	15:33:43	Mon
McCormick Park	c52d41bd4ce4ed2bb810ef1c90b02d30b15b5410	46.873816	-114.003435	1745231302	2025-04-21	10:28:22	Mon
McCormick Park	c52d41bd4ce4ed2bb810ef1c90b02d30b15b5410	46.873850	-114.003470	1745231302	2025-04-21	10:28:22	Mon
McCormick Park	c52d41bd4ce4ed2bb810ef1c90b02d30b15b5410	46.873820	-114.003410	1745231303	2025-04-21	10:28:23	Mon
McCormick Park	aa758dcff8fefcba501ba487747af2a19776c80f	46.871874	-114.002807	1745223782	2025-04-21	08:23:02	Mon
McCormick Park	aa758dcff8fefcba501ba487747af2a19776c80f	46.871860	-114.002840	1745223785	2025-04-21	08:23:05	Mon
McCormick Park	aa758dcff8fefcba501ba487747af2a19776c80f	46.871810	-114.002860	1745223787	2025-04-21	08:23:07	Mon
McCormick Park	ec943d558227ebfb323e080e1a6b24896ed41e44	46.870818	-114.003067	1745221667	2025-04-21	07:47:47	Mon
McCormick Park	ec943d558227ebfb323e080e1a6b24896ed41e44	46.870810	-114.003040	1745225887	2025-04-21	08:58:07	Mon
McCormick Park	ec943d558227ebfb323e080e1a6b24896ed41e44	46.870820	-114.003070	1745221667	2025-04-21	07:47:47	Mon
McCormick Park	c62eac4d072843a4a76317dab9805e989ca57ac0	46.873035	-114.005205	1745279593	2025-04-21	23:53:13	Mon
McCormick Park	c62eac4d072843a4a76317dab9805e989ca57ac0	46.873030	-114.005256	1745279597	2025-04-21	23:53:17	Mon
McCormick Park	c62eac4d072843a4a76317dab9805e989ca57ac0	46.873047	-114.005220	1745279651	2025-04-21	23:54:11	Mon
McCormick Park	c62eac4d072843a4a76317dab9805e989ca57ac0	46.873007	-114.005240	1745279652	2025-04-21	23:54:12	Mon
McCormick Park	c62eac4d072843a4a76317dab9805e989ca57ac0	46.873007	-114.005235	1745279692	2025-04-21	23:54:52	Mon
McCormick Park	c62eac4d072843a4a76317dab9805e989ca57ac0	46.873036	-114.005211	1745279698	2025-04-21	23:54:58	Mon
McCormick Park	c62eac4d072843a4a76317dab9805e989ca57ac0	46.873080	-114.005260	1745279598	2025-04-21	23:53:18	Mon
McCormick Park	c62eac4d072843a4a76317dab9805e989ca57ac0	46.873010	-114.005220	1745279658	2025-04-21	23:54:18	Mon
McCormick Park	c62eac4d072843a4a76317dab9805e989ca57ac0	46.873060	-114.005290	1745279698	2025-04-21	23:54:58	Mon
McCormick Park	8bb529e9db8522e1bf8e9631bd68f68d68cbff44	46.872600	-114.005080	1749418607	2025-06-08	21:36:47	Sun
McCormick Park	8bb529e9db8522e1bf8e9631bd68f68d68cbff44	46.872600	-114.005070	1749418608	2025-06-08	21:36:48	Sun
McCormick Park	30420db5c62637a5be27be0a0c19440cd7b118ab	46.872400	-114.002500	1749355813	2025-06-08	04:10:13	Sun
McCormick Park	9e6d0fe0232bb48f258f7eca1f96a10b21d49a95	46.870750	-114.002690	1749412359	2025-06-08	19:52:39	Sun
McCormick Park	84f44b21b1f2a92346f8d929a05972458ea18bdb	46.871310	-114.003650	1749426214	2025-06-08	23:43:34	Sun
McCormick Park	487e142510aa6920c93e1cfae5d4397273e0f40d	46.871000	-114.002300	1749398360	2025-06-08	15:59:20	Sun
McCormick Park	487e142510aa6920c93e1cfae5d4397273e0f40d	46.871000	-114.002300	1749398361	2025-06-08	15:59:21	Sun
McCormick Park	f81285e466b36e444c6535868363472d264e3d2a	46.872600	-114.005560	1749342149	2025-06-08	00:22:29	Sun
McCormick Park	f81285e466b36e444c6535868363472d264e3d2a	46.872600	-114.005540	1749342151	2025-06-08	00:22:31	Sun
McCormick Park	3b0e57b4181cd78bb4484090a14492578a8b7cca	46.871550	-114.005330	1749348592	2025-06-08	02:09:52	Sun
McCormick Park	65770230e8b3255a04269401c711330b3d1b9947	46.871520	-114.004770	1749425872	2025-06-08	23:37:52	Sun
McCormick Park	54368a7b464aa12d66faabb723872a23acc9f512	46.872400	-114.004660	1749356212	2025-06-08	04:16:52	Sun
McCormick Park	54368a7b464aa12d66faabb723872a23acc9f512	46.872700	-114.004570	1749356314	2025-06-08	04:18:34	Sun
McCormick Park	37438b72105f71d09234e03de68acc331b866f2d	46.872950	-114.005110	1749413119	2025-06-08	20:05:19	Sun
McCormick Park	37438b72105f71d09234e03de68acc331b866f2d	46.872970	-114.005100	1749413115	2025-06-08	20:05:15	Sun
McCormick Park	37438b72105f71d09234e03de68acc331b866f2d	46.872590	-114.005300	1749414280	2025-06-08	20:24:40	Sun
McCormick Park	37438b72105f71d09234e03de68acc331b866f2d	46.872880	-114.005390	1749418494	2025-06-08	21:34:54	Sun
McCormick Park	f9cddd3f19f5ba492148854ac67a76d48c9d784d	46.870940	-114.002380	1749341180	2025-06-08	00:06:20	Sun
McCormick Park	f9cddd3f19f5ba492148854ac67a76d48c9d784d	46.870910	-114.002350	1749341181	2025-06-08	00:06:21	Sun
McCormick Park	8d5761c071bb225ef7a1f02779cb88c89addbbc2	46.871280	-114.001590	1749353034	2025-06-08	03:23:54	Sun
McCormick Park	bd179643167ce6fe2bdab64cca97001e492d9379	46.871290	-114.004530	1749406238	2025-06-08	18:10:38	Sun
McCormick Park	5c7887c7dd84f4c543141418497fefaa7de4a57d	46.871610	-114.002174	1749357567	2025-06-08	04:39:27	Sun
McCormick Park	5c7887c7dd84f4c543141418497fefaa7de4a57d	46.871630	-114.002160	1749357562	2025-06-08	04:39:22	Sun
McCormick Park	7f44aa2539e381337c4574b1db8d100583a61068	46.873480	-114.004790	1749397557	2025-06-08	15:45:57	Sun
McCormick Park	dd59588a64f83de6122366b97de439662d67bb56	46.870960	-114.003530	1749362947	2025-06-08	06:09:07	Sun
McCormick Park	dd59588a64f83de6122366b97de439662d67bb56	46.871290	-114.003890	1749362525	2025-06-08	06:02:05	Sun
McCormick Park	d173785e9c65c803e607611a853619ed5baa3747	46.872390	-114.002280	1749397403	2025-06-08	15:43:23	Sun
McCormick Park	d870500e8b866bec88b1c07aa58eb637ecd5d44c	46.870740	-114.002900	1749426856	2025-06-08	23:54:16	Sun
McCormick Park	d870500e8b866bec88b1c07aa58eb637ecd5d44c	46.870700	-114.002900	1749426873	2025-06-08	23:54:33	Sun
McCormick Park	3cfd0bf2ec578511dd3fe7fb4b51b3e40770a62b	46.871410	-114.001470	1749407141	2025-06-08	18:25:41	Sun
McCormick Park	60b845291b012c4dba4a9100003c1a69ce6acf48	46.870780	-114.002550	1749400667	2025-06-08	16:37:47	Sun
McCormick Park	954ee6526ddde58b5590ba23fd3f864028d50749	46.872440	-114.004270	1749412472	2025-06-08	19:54:32	Sun
McCormick Park	842c0a0392804656a7fdc50f25fe8b1de1f0c4c9	46.871360	-114.001440	1749401373	2025-06-08	16:49:33	Sun
McCormick Park	25570ce63f0c33a42bbd3a8a8bec8b6128198de4	46.871290	-114.004720	1749422366	2025-06-08	22:39:26	Sun
McCormick Park	304034145ad83ab9b57f7ea7329920a722ae518e	46.871380	-114.004010	1749415338	2025-06-08	20:42:18	Sun
McCormick Park	c692bd20c60e6ca2ca5f5b2f971f5ae3a4a57e3f	46.872947	-114.005315	1749419040	2025-06-08	21:44:00	Sun
McCormick Park	c692bd20c60e6ca2ca5f5b2f971f5ae3a4a57e3f	46.872982	-114.005672	1749425875	2025-06-08	23:37:55	Sun
McCormick Park	c692bd20c60e6ca2ca5f5b2f971f5ae3a4a57e3f	46.872955	-114.005273	1749426307	2025-06-08	23:45:07	Sun
McCormick Park	c692bd20c60e6ca2ca5f5b2f971f5ae3a4a57e3f	46.872712	-114.004961	1749426455	2025-06-08	23:47:35	Sun
McCormick Park	c692bd20c60e6ca2ca5f5b2f971f5ae3a4a57e3f	46.872930	-114.005429	1749419160	2025-06-08	21:46:00	Sun
McCormick Park	c692bd20c60e6ca2ca5f5b2f971f5ae3a4a57e3f	46.872966	-114.005345	1749419446	2025-06-08	21:50:46	Sun
McCormick Park	c692bd20c60e6ca2ca5f5b2f971f5ae3a4a57e3f	46.872980	-114.005325	1749419523	2025-06-08	21:52:03	Sun
McCormick Park	c692bd20c60e6ca2ca5f5b2f971f5ae3a4a57e3f	46.872964	-114.005423	1749419718	2025-06-08	21:55:18	Sun
McCormick Park	c692bd20c60e6ca2ca5f5b2f971f5ae3a4a57e3f	46.872985	-114.005325	1749419796	2025-06-08	21:56:36	Sun
McCormick Park	c692bd20c60e6ca2ca5f5b2f971f5ae3a4a57e3f	46.873042	-114.005316	1749419803	2025-06-08	21:56:43	Sun
McCormick Park	c692bd20c60e6ca2ca5f5b2f971f5ae3a4a57e3f	46.873065	-114.005312	1749419804	2025-06-08	21:56:44	Sun
McCormick Park	c692bd20c60e6ca2ca5f5b2f971f5ae3a4a57e3f	46.872986	-114.005442	1749420122	2025-06-08	22:02:02	Sun
McCormick Park	c692bd20c60e6ca2ca5f5b2f971f5ae3a4a57e3f	46.872986	-114.005442	1749420425	2025-06-08	22:07:05	Sun
McCormick Park	c692bd20c60e6ca2ca5f5b2f971f5ae3a4a57e3f	46.872973	-114.005346	1749420724	2025-06-08	22:12:04	Sun
McCormick Park	c692bd20c60e6ca2ca5f5b2f971f5ae3a4a57e3f	46.872973	-114.005346	1749421094	2025-06-08	22:18:14	Sun
McCormick Park	c692bd20c60e6ca2ca5f5b2f971f5ae3a4a57e3f	46.872969	-114.005356	1749421264	2025-06-08	22:21:04	Sun
McCormick Park	c692bd20c60e6ca2ca5f5b2f971f5ae3a4a57e3f	46.872969	-114.005356	1749421627	2025-06-08	22:27:07	Sun
McCormick Park	c692bd20c60e6ca2ca5f5b2f971f5ae3a4a57e3f	46.872972	-114.005329	1749421866	2025-06-08	22:31:06	Sun
McCormick Park	c692bd20c60e6ca2ca5f5b2f971f5ae3a4a57e3f	46.872972	-114.005329	1749421988	2025-06-08	22:33:08	Sun
McCormick Park	c692bd20c60e6ca2ca5f5b2f971f5ae3a4a57e3f	46.872964	-114.005399	1749422162	2025-06-08	22:36:02	Sun
McCormick Park	c692bd20c60e6ca2ca5f5b2f971f5ae3a4a57e3f	46.872964	-114.005399	1749422529	2025-06-08	22:42:09	Sun
McCormick Park	c692bd20c60e6ca2ca5f5b2f971f5ae3a4a57e3f	46.872955	-114.005304	1749422753	2025-06-08	22:45:53	Sun
McCormick Park	c692bd20c60e6ca2ca5f5b2f971f5ae3a4a57e3f	46.872955	-114.005304	1749422894	2025-06-08	22:48:14	Sun
McCormick Park	c692bd20c60e6ca2ca5f5b2f971f5ae3a4a57e3f	46.872972	-114.005294	1749423304	2025-06-08	22:55:04	Sun
McCormick Park	c692bd20c60e6ca2ca5f5b2f971f5ae3a4a57e3f	46.872953	-114.005403	1749423305	2025-06-08	22:55:05	Sun
McCormick Park	c692bd20c60e6ca2ca5f5b2f971f5ae3a4a57e3f	46.872953	-114.005374	1749423312	2025-06-08	22:55:12	Sun
McCormick Park	c692bd20c60e6ca2ca5f5b2f971f5ae3a4a57e3f	46.872730	-114.005275	1749423313	2025-06-08	22:55:13	Sun
McCormick Park	c692bd20c60e6ca2ca5f5b2f971f5ae3a4a57e3f	46.872953	-114.005374	1749423674	2025-06-08	23:01:14	Sun
McCormick Park	c692bd20c60e6ca2ca5f5b2f971f5ae3a4a57e3f	46.872968	-114.005370	1749423907	2025-06-08	23:05:07	Sun
McCormick Park	c692bd20c60e6ca2ca5f5b2f971f5ae3a4a57e3f	46.872968	-114.005370	1749424091	2025-06-08	23:08:11	Sun
McCormick Park	c692bd20c60e6ca2ca5f5b2f971f5ae3a4a57e3f	46.872968	-114.005370	1749424453	2025-06-08	23:14:13	Sun
McCormick Park	c692bd20c60e6ca2ca5f5b2f971f5ae3a4a57e3f	46.872979	-114.005377	1749424454	2025-06-08	23:14:14	Sun
McCormick Park	c692bd20c60e6ca2ca5f5b2f971f5ae3a4a57e3f	46.872976	-114.005380	1749424460	2025-06-08	23:14:20	Sun
McCormick Park	c692bd20c60e6ca2ca5f5b2f971f5ae3a4a57e3f	46.872976	-114.005380	1749424825	2025-06-08	23:20:25	Sun
McCormick Park	c692bd20c60e6ca2ca5f5b2f971f5ae3a4a57e3f	46.872985	-114.005528	1749425062	2025-06-08	23:24:22	Sun
McCormick Park	c692bd20c60e6ca2ca5f5b2f971f5ae3a4a57e3f	46.872985	-114.005528	1749425233	2025-06-08	23:27:13	Sun
McCormick Park	c692bd20c60e6ca2ca5f5b2f971f5ae3a4a57e3f	46.872985	-114.005528	1749425594	2025-06-08	23:33:14	Sun
McCormick Park	c692bd20c60e6ca2ca5f5b2f971f5ae3a4a57e3f	46.872983	-114.005335	1749425603	2025-06-08	23:33:23	Sun
McCormick Park	c692bd20c60e6ca2ca5f5b2f971f5ae3a4a57e3f	46.872983	-114.005335	1749425844	2025-06-08	23:37:24	Sun
McCormick Park	c692bd20c60e6ca2ca5f5b2f971f5ae3a4a57e3f	46.872963	-114.005577	1749425864	2025-06-08	23:37:44	Sun
McCormick Park	c692bd20c60e6ca2ca5f5b2f971f5ae3a4a57e3f	46.873014	-114.005854	1749425879	2025-06-08	23:37:59	Sun
McCormick Park	c692bd20c60e6ca2ca5f5b2f971f5ae3a4a57e3f	46.873004	-114.005810	1749425880	2025-06-08	23:38:00	Sun
McCormick Park	c692bd20c60e6ca2ca5f5b2f971f5ae3a4a57e3f	46.873014	-114.005854	1749426173	2025-06-08	23:42:53	Sun
McCormick Park	03f761a2b578e6cc68e3c8bd443ff784c8b42450	46.873370	-114.002710	1749386121	2025-06-08	12:35:21	Sun
McCormick Park	824fbd37695be3817f074121bcf8a0f0f0f27c56	46.870930	-114.003120	1749408767	2025-06-08	18:52:47	Sun
McCormick Park	ea778c60791617c85ad1cd37fb01475c20aeed1e	46.871260	-114.004210	1749394269	2025-06-08	14:51:09	Sun
McCormick Park	02a86a6b2927316f8484c85952f416812a16aed1	46.872850	-114.004960	1749409521	2025-06-08	19:05:21	Sun
McCormick Park	02a86a6b2927316f8484c85952f416812a16aed1	46.871920	-114.005370	1749409699	2025-06-08	19:08:19	Sun
McCormick Park	02a86a6b2927316f8484c85952f416812a16aed1	46.872820	-114.004700	1749409470	2025-06-08	19:04:30	Sun
McCormick Park	02a86a6b2927316f8484c85952f416812a16aed1	46.872830	-114.004700	1749409474	2025-06-08	19:04:34	Sun
McCormick Park	02a86a6b2927316f8484c85952f416812a16aed1	46.873330	-114.004970	1749409521	2025-06-08	19:05:21	Sun
McCormick Park	02a86a6b2927316f8484c85952f416812a16aed1	46.873040	-114.004560	1749409532	2025-06-08	19:05:32	Sun
McCormick Park	02a86a6b2927316f8484c85952f416812a16aed1	46.872440	-114.004520	1749409671	2025-06-08	19:07:51	Sun
McCormick Park	02a86a6b2927316f8484c85952f416812a16aed1	46.872800	-114.005270	1749419490	2025-06-08	21:51:30	Sun
McCormick Park	02a86a6b2927316f8484c85952f416812a16aed1	46.872800	-114.005240	1749419494	2025-06-08	21:51:34	Sun
McCormick Park	d03d65e60d85e985a12e1944c24dca44451ce9a7	46.871800	-114.004960	1749426180	2025-06-08	23:43:00	Sun
McCormick Park	d03d65e60d85e985a12e1944c24dca44451ce9a7	46.871810	-114.005450	1749421206	2025-06-08	22:20:06	Sun
McCormick Park	d03d65e60d85e985a12e1944c24dca44451ce9a7	46.871850	-114.004700	1749426183	2025-06-08	23:43:03	Sun
McCormick Park	d03d65e60d85e985a12e1944c24dca44451ce9a7	46.871810	-114.004700	1749426193	2025-06-08	23:43:13	Sun
McCormick Park	53b35ec3d73f72383ebb53a34f67463c977ceb92	46.873030	-114.005930	1749348347	2025-06-08	02:05:47	Sun
McCormick Park	eb65107c491f62fd04fa7113b96bba1edb662390	46.872930	-114.004900	1749426601	2025-06-08	23:50:01	Sun
McCormick Park	3ecfcb611bf5b792a7aef94ba68870c24754e0b9	46.871040	-114.003563	1749346295	2025-06-08	01:31:35	Sun
McCormick Park	3ecfcb611bf5b792a7aef94ba68870c24754e0b9	46.871040	-114.003560	1749346295	2025-06-08	01:31:35	Sun
McCormick Park	3ecfcb611bf5b792a7aef94ba68870c24754e0b9	46.871040	-114.003570	1749346295	2025-06-08	01:31:35	Sun
McCormick Park	65022cfcca781e87a0bfa65d66ef079d1db19acb	46.872270	-114.004760	1749424708	2025-06-08	23:18:28	Sun
McCormick Park	65022cfcca781e87a0bfa65d66ef079d1db19acb	46.872280	-114.004760	1749424700	2025-06-08	23:18:20	Sun
McCormick Park	65022cfcca781e87a0bfa65d66ef079d1db19acb	46.872570	-114.005250	1749424558	2025-06-08	23:15:58	Sun
McCormick Park	54508c86c47294c11815cc078433f739798f3a6a	46.873920	-114.003610	1749409777	2025-06-08	19:09:37	Sun
McCormick Park	1f43aa92daadb621c20e5822a57b0cd05afeed19	46.873040	-114.005850	1749354512	2025-06-08	03:48:32	Sun
McCormick Park	490dd2bd742bc6eb9ea636bc2f6b31e2af64c702	46.871470	-114.004030	1749346331	2025-06-08	01:32:11	Sun
McCormick Park	490dd2bd742bc6eb9ea636bc2f6b31e2af64c702	46.871420	-114.004070	1749346342	2025-06-08	01:32:22	Sun
McCormick Park	490dd2bd742bc6eb9ea636bc2f6b31e2af64c702	46.871422	-114.004067	1749346342	2025-06-08	01:32:22	Sun
McCormick Park	490dd2bd742bc6eb9ea636bc2f6b31e2af64c702	46.871100	-114.004020	1749346372	2025-06-08	01:32:52	Sun
McCormick Park	490dd2bd742bc6eb9ea636bc2f6b31e2af64c702	46.871430	-114.004020	1749346340	2025-06-08	01:32:20	Sun
McCormick Park	afa566ab1042c4e223e49f500363ad21c855c2c7	46.871300	-114.003950	1749420825	2025-06-08	22:13:45	Sun
McCormick Park	d8f46c5f4e07bda3d71eeb0cfafc89a863d17399	46.872850	-114.004710	1749344725	2025-06-08	01:05:25	Sun
McCormick Park	d8f46c5f4e07bda3d71eeb0cfafc89a863d17399	46.872820	-114.004760	1749344720	2025-06-08	01:05:20	Sun
McCormick Park	39fda54f83382c99be6a21699abd9052857f3a02	46.871460	-114.004580	1749409010	2025-06-08	18:56:50	Sun
McCormick Park	b75217924497c1f541e040e12abcca38c651e0a9	46.871020	-114.002250	1749344981	2025-06-08	01:09:41	Sun
McCormick Park	c901dda0633223484ab3ca5f33287fa782b9a12c	46.871280	-114.001700	1749396330	2025-06-08	15:25:30	Sun
McCormick Park	198d9e7f7df969b4ceaf2658191e9489c7dad82b	46.871650	-114.005250	1749410951	2025-06-08	19:29:11	Sun
McCormick Park	ecf24102f33584b1f420d847c4173f5e3adda87f	46.873490	-114.005330	1749353188	2025-06-08	03:26:28	Sun
McCormick Park	ecf24102f33584b1f420d847c4173f5e3adda87f	46.872930	-114.005440	1749352107	2025-06-08	03:08:27	Sun
McCormick Park	ecf24102f33584b1f420d847c4173f5e3adda87f	46.873040	-114.004890	1749352671	2025-06-08	03:17:51	Sun
McCormick Park	ad0f340eae19b5e9aa23de0dca07fdc0f5f4ba6a	46.871230	-114.002440	1749353608	2025-06-08	03:33:28	Sun
McCormick Park	11919a332a2b55bcb89cd8523ef6c2bbafc4dcb7	46.871060	-114.002080	1749410000	2025-06-08	19:13:20	Sun
McCormick Park	d4999b1b88f96684a3ec9267508067b285ee13a3	46.871170	-114.001910	1749343098	2025-06-08	00:38:18	Sun
McCormick Park	1e4529f945bd39e134dfeff11cbff780ad1bb940	46.872640	-114.005710	1749344509	2025-06-08	01:01:49	Sun
McCormick Park	1e4529f945bd39e134dfeff11cbff780ad1bb940	46.873180	-114.005370	1749345726	2025-06-08	01:22:06	Sun
McCormick Park	1e4529f945bd39e134dfeff11cbff780ad1bb940	46.872600	-114.005560	1749419282	2025-06-08	21:48:02	Sun
McCormick Park	86cd725b8e002491d1f3409ca33d7fa58a85610a	46.871920	-114.005400	1749401673	2025-06-08	16:54:33	Sun
McCormick Park	6c680701b47344308cd6d0c04391a2a6e1b1056c	46.871520	-114.004500	1749410060	2025-06-08	19:14:20	Sun
McCormick Park	e8820492f1e9c266ce51d0b261431ec835b191df	46.871180	-114.003070	1749352919	2025-06-08	03:21:59	Sun
McCormick Park	2e369434f5b4d5e558bf9b7b60ca053201c92f5a	46.871760	-114.006490	1749342569	2025-06-08	00:29:29	Sun
McCormick Park	18a092c09b85edf87be08705e75424eafcc0ee6b	46.870730	-114.002630	1749408249	2025-06-08	18:44:09	Sun
McCormick Park	18a092c09b85edf87be08705e75424eafcc0ee6b	46.870700	-114.002600	1749408257	2025-06-08	18:44:17	Sun
McCormick Park	35acfc166f646b12d17070ba29475ebc8e707c39	46.870730	-114.002550	1749344894	2025-06-08	01:08:14	Sun
McCormick Park	35acfc166f646b12d17070ba29475ebc8e707c39	46.870731	-114.002548	1749344894	2025-06-08	01:08:14	Sun
McCormick Park	895d1c9cda3075defeea33df236a0d8892cf4972	46.872960	-114.005560	1749344462	2025-06-08	01:01:02	Sun
McCormick Park	38dd834326c752870a9b8e61125840cbec95977a	46.871440	-114.001550	1749359134	2025-06-08	05:05:34	Sun
McCormick Park	23abf4c6e5d969f05eace37b9654d5552f639e85	46.871810	-114.002730	1749390351	2025-06-08	13:45:51	Sun
McCormick Park	23abf4c6e5d969f05eace37b9654d5552f639e85	46.871860	-114.002770	1749390434	2025-06-08	13:47:14	Sun
McCormick Park	9f6857ae3e44e666f4388d4ce008f2308dfb099a	46.872330	-114.002920	1749401760	2025-06-08	16:56:00	Sun
McCormick Park	071551b96c0452f37f778640fd3fd066591a1879	46.870760	-114.002670	1748358183	2025-05-27	15:03:03	Tue
McCormick Park	ce288457d43ca0b39febc39ecd5ec7483ec9473e	46.871410	-114.004190	1748374042	2025-05-27	19:27:22	Tue
McCormick Park	c7a6cedd5cab89c05bcd688f4ad97355301dfdc6	46.870680	-114.002870	1748354565	2025-05-27	14:02:45	Tue
McCormick Park	564642b800f5a26d8425e547ed25c01ef3fb5f7a	46.871050	-114.003000	1748371718	2025-05-27	18:48:38	Tue
McCormick Park	687323dba3a5028ee5c9c792ae52d59b29bee504	46.870960	-114.002450	1748308317	2025-05-27	01:11:57	Tue
McCormick Park	687323dba3a5028ee5c9c792ae52d59b29bee504	46.870980	-114.002420	1748308313	2025-05-27	01:11:53	Tue
McCormick Park	3220e71a5d9d3ab2b3888e28698197acdb376211	46.870910	-114.002530	1748367754	2025-05-27	17:42:34	Tue
McCormick Park	301183ee0211d1bcc0c9fbf04ac6256a6ce3f764	46.872290	-114.002930	1748377387	2025-05-27	20:23:07	Tue
McCormick Park	301183ee0211d1bcc0c9fbf04ac6256a6ce3f764	46.871600	-114.004860	1748390038	2025-05-27	23:53:58	Tue
McCormick Park	2712a626bb70182b48c716835ffe0704dcfd5698	46.870650	-114.002730	1748377118	2025-05-27	20:18:38	Tue
McCormick Park	b3288a2999381a6d54f39a6112e187f65c47e6c8	46.872910	-114.005300	1748359299	2025-05-27	15:21:39	Tue
McCormick Park	b3288a2999381a6d54f39a6112e187f65c47e6c8	46.873127	-114.005270	1748359425	2025-05-27	15:23:45	Tue
McCormick Park	b3288a2999381a6d54f39a6112e187f65c47e6c8	46.873177	-114.005260	1748359426	2025-05-27	15:23:46	Tue
McCormick Park	b3288a2999381a6d54f39a6112e187f65c47e6c8	46.873080	-114.005280	1748359965	2025-05-27	15:32:45	Tue
McCormick Park	b3288a2999381a6d54f39a6112e187f65c47e6c8	46.873080	-114.005250	1748359532	2025-05-27	15:25:32	Tue
McCormick Park	b3288a2999381a6d54f39a6112e187f65c47e6c8	46.873080	-114.005270	1748360236	2025-05-27	15:37:16	Tue
McCormick Park	b3288a2999381a6d54f39a6112e187f65c47e6c8	46.873030	-114.005210	1748362587	2025-05-27	16:16:27	Tue
McCormick Park	b383d5b05137316f1a46ee5c2cf029abf12e625c	46.872460	-114.004340	1748381051	2025-05-27	21:24:11	Tue
McCormick Park	8ff1d975e8f24b1316a71b7a5b85780e01f5a31b	46.871680	-114.001830	1748320868	2025-05-27	04:41:08	Tue
McCormick Park	e23ef68375c6e830c489e09ab8141b95a00be153	46.871740	-114.004770	1748371400	2025-05-27	18:43:20	Tue
McCormick Park	e23ef68375c6e830c489e09ab8141b95a00be153	46.871760	-114.004710	1748371404	2025-05-27	18:43:24	Tue
McCormick Park	e23ef68375c6e830c489e09ab8141b95a00be153	46.871720	-114.004770	1748371410	2025-05-27	18:43:30	Tue
McCormick Park	6988f7accfc587e11e20f8fdf98cad583ab7cd66	46.870940	-114.002290	1748359119	2025-05-27	15:18:39	Tue
McCormick Park	6988f7accfc587e11e20f8fdf98cad583ab7cd66	46.870960	-114.002240	1748359111	2025-05-27	15:18:31	Tue
McCormick Park	00eed21e6d29f13d251236c9a0401498ad3d6e6a	46.870720	-114.002790	1748389864	2025-05-27	23:51:04	Tue
McCormick Park	7cb55604c1f3733775813523ad6afb1b0343732a	46.872830	-114.005360	1748368002	2025-05-27	17:46:42	Tue
McCormick Park	7cb55604c1f3733775813523ad6afb1b0343732a	46.872850	-114.005200	1748370938	2025-05-27	18:35:38	Tue
McCormick Park	675ac4419d6833e4c9505be2915abcad744e1cd3	46.873120	-114.004740	1748351604	2025-05-27	13:13:24	Tue
McCormick Park	675ac4419d6833e4c9505be2915abcad744e1cd3	46.872810	-114.005090	1748351542	2025-05-27	13:12:22	Tue
McCormick Park	aa758dcff8fefcba501ba487747af2a19776c80f	46.872080	-114.004100	1748306861	2025-05-27	00:47:41	Tue
McCormick Park	aa758dcff8fefcba501ba487747af2a19776c80f	46.872070	-114.004170	1748306861	2025-05-27	00:47:41	Tue
McCormick Park	abdd39e7017bd1184aa1011cffb5f9c956db2c07	46.872610	-114.003960	1748383911	2025-05-27	22:11:51	Tue
McCormick Park	48ededf46cc9040bed4f11e5564e2894f7e95b34	46.870700	-114.002710	1748310792	2025-05-27	01:53:12	Tue
McCormick Park	48ededf46cc9040bed4f11e5564e2894f7e95b34	46.870700	-114.002720	1748310798	2025-05-27	01:53:18	Tue
McCormick Park	7f38c49a8f1a75be0faea8e8187cb61e99f9a5eb	46.871700	-114.005280	1748385114	2025-05-27	22:31:54	Tue
McCormick Park	073f1cba3685dbeafff3b1e1701d0214328e1f53	46.870780	-114.002650	1748363280	2025-05-27	16:28:00	Tue
McCormick Park	073f1cba3685dbeafff3b1e1701d0214328e1f53	46.870750	-114.002610	1748363286	2025-05-27	16:28:06	Tue
McCormick Park	97e4470bc0d603284ce37731625f95532dfa4fcc	46.871350	-114.001500	1748313935	2025-05-27	02:45:35	Tue
McCormick Park	276abefc7a047874a01fbdd8ac00ae94bca8cc93	46.870750	-114.002630	1748389138	2025-05-27	23:38:58	Tue
McCormick Park	51e67c111a1a7346087d1147811af27688ffb38c	46.871090	-114.003360	1748306446	2025-05-27	00:40:46	Tue
McCormick Park	51e67c111a1a7346087d1147811af27688ffb38c	46.871350	-114.003100	1748306449	2025-05-27	00:40:49	Tue
McCormick Park	096d5b15cd825f5191054d8b78ac2b68f517d6a6	46.871070	-114.003360	1748331020	2025-05-27	07:30:20	Tue
McCormick Park	464f367d73fcb76921228c5d0e619beba8741b18	46.872220	-114.003260	1748311683	2025-05-27	02:08:03	Tue
McCormick Park	f5e773a8e7ad5d36373c43f102bddc8c9a3c0be9	46.870700	-114.002930	1748363068	2025-05-27	16:24:28	Tue
McCormick Park	0682c702088094a5e77597923efa2870f227886f	46.872970	-114.005220	1748387378	2025-05-27	23:09:38	Tue
McCormick Park	847d19d2a6d21f13e720a307835966f15432fadf	46.871609	-114.004924	1748309190	2025-05-27	01:26:30	Tue
McCormick Park	847d19d2a6d21f13e720a307835966f15432fadf	46.871892	-114.004921	1748309194	2025-05-27	01:26:34	Tue
McCormick Park	847d19d2a6d21f13e720a307835966f15432fadf	46.872061	-114.005101	1748309234	2025-05-27	01:27:14	Tue
McCormick Park	847d19d2a6d21f13e720a307835966f15432fadf	46.872131	-114.005498	1748309400	2025-05-27	01:30:00	Tue
McCormick Park	847d19d2a6d21f13e720a307835966f15432fadf	46.872030	-114.005801	1748309429	2025-05-27	01:30:29	Tue
McCormick Park	847d19d2a6d21f13e720a307835966f15432fadf	46.872120	-114.005624	1748310066	2025-05-27	01:41:06	Tue
McCormick Park	847d19d2a6d21f13e720a307835966f15432fadf	46.872056	-114.005869	1748310165	2025-05-27	01:42:45	Tue
McCormick Park	847d19d2a6d21f13e720a307835966f15432fadf	46.872013	-114.005918	1748310339	2025-05-27	01:45:39	Tue
McCormick Park	847d19d2a6d21f13e720a307835966f15432fadf	46.872067	-114.005717	1748310442	2025-05-27	01:47:22	Tue
McCormick Park	847d19d2a6d21f13e720a307835966f15432fadf	46.871909	-114.006089	1748310686	2025-05-27	01:51:26	Tue
McCormick Park	847d19d2a6d21f13e720a307835966f15432fadf	46.872057	-114.005841	1748310691	2025-05-27	01:51:31	Tue
McCormick Park	847d19d2a6d21f13e720a307835966f15432fadf	46.872064	-114.005837	1748311035	2025-05-27	01:57:15	Tue
McCormick Park	847d19d2a6d21f13e720a307835966f15432fadf	46.872075	-114.005060	1748311350	2025-05-27	02:02:30	Tue
McCormick Park	847d19d2a6d21f13e720a307835966f15432fadf	46.872044	-114.005089	1748311404	2025-05-27	02:03:24	Tue
McCormick Park	847d19d2a6d21f13e720a307835966f15432fadf	46.872068	-114.005011	1748311434	2025-05-27	02:03:54	Tue
McCormick Park	d8b3f0c1438b8d64308b77b2f5ac75a2fd651858	46.871270	-114.003810	1748378102	2025-05-27	20:35:02	Tue
McCormick Park	80bf90f52f3079a184abf445f3c2ecd913848b34	46.871650	-114.003140	1748307495	2025-05-27	00:58:15	Tue
McCormick Park	094dc5ecf01a965c97436afb72ab0d5a6b870b29	46.873760	-114.003810	1744237893	2025-04-09	22:31:33	Wed
McCormick Park	094dc5ecf01a965c97436afb72ab0d5a6b870b29	46.873770	-114.003820	1744237895	2025-04-09	22:31:35	Wed
McCormick Park	094dc5ecf01a965c97436afb72ab0d5a6b870b29	46.873810	-114.003700	1744239231	2025-04-09	22:53:51	Wed
McCormick Park	094dc5ecf01a965c97436afb72ab0d5a6b870b29	46.873840	-114.003740	1744239233	2025-04-09	22:53:53	Wed
McCormick Park	094dc5ecf01a965c97436afb72ab0d5a6b870b29	46.873860	-114.003750	1744239286	2025-04-09	22:54:46	Wed
McCormick Park	094dc5ecf01a965c97436afb72ab0d5a6b870b29	46.873710	-114.003880	1744237894	2025-04-09	22:31:34	Wed
McCormick Park	094dc5ecf01a965c97436afb72ab0d5a6b870b29	46.873820	-114.003750	1744239233	2025-04-09	22:53:53	Wed
McCormick Park	094dc5ecf01a965c97436afb72ab0d5a6b870b29	46.873820	-114.003730	1744239282	2025-04-09	22:54:42	Wed
McCormick Park	7c0c845804cf93564873a5f329788ee5e88fde86	46.871520	-114.002330	1744233131	2025-04-09	21:12:11	Wed
McCormick Park	7c0c845804cf93564873a5f329788ee5e88fde86	46.871530	-114.002320	1744233136	2025-04-09	21:12:16	Wed
McCormick Park	7c0c845804cf93564873a5f329788ee5e88fde86	46.871520	-114.002330	1744233135	2025-04-09	21:12:15	Wed
McCormick Park	b3288a2999381a6d54f39a6112e187f65c47e6c8	46.873070	-114.005480	1744213632	2025-04-09	15:47:12	Wed
McCormick Park	43664285e3925acbb98ae3b16255bb6e8d1642be	46.871600	-114.004580	1744165506	2025-04-09	02:25:06	Wed
McCormick Park	43664285e3925acbb98ae3b16255bb6e8d1642be	46.871600	-114.004520	1744165500	2025-04-09	02:25:00	Wed
McCormick Park	b85efc28be92a3928e7322485ea464275c47a7d3	46.872651	-114.003525	1744185732	2025-04-09	08:02:12	Wed
McCormick Park	20064f2ad230237d1522906eb5ede76e377729d6	46.870970	-114.002150	1744243162	2025-04-09	23:59:22	Wed
McCormick Park	30ffa84434f412b1662d5cdf8b76c51a8baf6a55	46.871030	-114.003614	1744216800	2025-04-09	16:40:00	Wed
McCormick Park	30ffa84434f412b1662d5cdf8b76c51a8baf6a55	46.871030	-114.003680	1744216804	2025-04-09	16:40:04	Wed
McCormick Park	271f69677d7453f5509aee7b9b02273c5df79dd2	46.870610	-114.002720	1744240672	2025-04-09	23:17:52	Wed
McCormick Park	271f69677d7453f5509aee7b9b02273c5df79dd2	46.870650	-114.002720	1744240681	2025-04-09	23:18:01	Wed
McCormick Park	271f69677d7453f5509aee7b9b02273c5df79dd2	46.870640	-114.002770	1744240687	2025-04-09	23:18:07	Wed
McCormick Park	271f69677d7453f5509aee7b9b02273c5df79dd2	46.870650	-114.002740	1744240672	2025-04-09	23:17:52	Wed
McCormick Park	271f69677d7453f5509aee7b9b02273c5df79dd2	46.870630	-114.002770	1744240687	2025-04-09	23:18:07	Wed
McCormick Park	43fbc61fd03e0363cc1e400785ff2120975f28a9	46.872634	-114.003171	1744157158	2025-04-09	00:05:58	Wed
McCormick Park	1ff77d2e8d4d74500f36e97d46b98c2e141ae727	46.871370	-114.003170	1744171688	2025-04-09	04:08:08	Wed
McCormick Park	e4c4275476d2009a2cc0c54802bfb10508119dbb	46.870800	-114.003060	1744180654	2025-04-09	06:37:34	Wed
McCormick Park	e4c4275476d2009a2cc0c54802bfb10508119dbb	46.870830	-114.003040	1744180850	2025-04-09	06:40:50	Wed
McCormick Park	e4c4275476d2009a2cc0c54802bfb10508119dbb	46.870872	-114.003040	1744181724	2025-04-09	06:55:24	Wed
McCormick Park	e4c4275476d2009a2cc0c54802bfb10508119dbb	46.870880	-114.003024	1744182001	2025-04-09	07:00:01	Wed
McCormick Park	e4c4275476d2009a2cc0c54802bfb10508119dbb	46.870867	-114.003077	1744182526	2025-04-09	07:08:46	Wed
McCormick Park	e4c4275476d2009a2cc0c54802bfb10508119dbb	46.870805	-114.003043	1744184268	2025-04-09	07:37:48	Wed
McCormick Park	e4c4275476d2009a2cc0c54802bfb10508119dbb	46.870870	-114.003020	1744184416	2025-04-09	07:40:16	Wed
McCormick Park	e4c4275476d2009a2cc0c54802bfb10508119dbb	46.870810	-114.003080	1744186001	2025-04-09	08:06:41	Wed
McCormick Park	e4c4275476d2009a2cc0c54802bfb10508119dbb	46.870866	-114.003017	1744188492	2025-04-09	08:48:12	Wed
McCormick Park	e4c4275476d2009a2cc0c54802bfb10508119dbb	46.870860	-114.003020	1744188961	2025-04-09	08:56:01	Wed
McCormick Park	a670cc878f2779b68c9497313228652c47a82598	46.871372	-114.002340	1744180691	2025-04-09	06:38:11	Wed
McCormick Park	e9cfdb05e3666dc8727adaa5213406c7dc5c4843	46.872930	-114.005400	1744223580	2025-04-09	18:33:00	Wed
McCormick Park	09f8b1b9a50a3e8ee14108cd8afb048293247c9f	46.873070	-114.005320	1746297570	2025-05-03	18:39:30	Sat
McCormick Park	09f8b1b9a50a3e8ee14108cd8afb048293247c9f	46.873390	-114.005320	1746297585	2025-05-03	18:39:45	Sat
McCormick Park	09f8b1b9a50a3e8ee14108cd8afb048293247c9f	46.871320	-114.004740	1746298041	2025-05-03	18:47:21	Sat
McCormick Park	3e89bb5086fa067703f04a313ddbbbc6b00ed686	46.871110	-114.002000	1746287715	2025-05-03	15:55:15	Sat
McCormick Park	3e89bb5086fa067703f04a313ddbbbc6b00ed686	46.871110	-114.002000	1746287718	2025-05-03	15:55:18	Sat
McCormick Park	3e89bb5086fa067703f04a313ddbbbc6b00ed686	46.871150	-114.002000	1746287710	2025-05-03	15:55:10	Sat
McCormick Park	3e89bb5086fa067703f04a313ddbbbc6b00ed686	46.871100	-114.002000	1746287713	2025-05-03	15:55:13	Sat
McCormick Park	3eac5c3c4e8ee0b590c38d3f683740bcef510c49	46.872330	-114.003800	1746310562	2025-05-03	22:16:02	Sat
McCormick Park	3eac5c3c4e8ee0b590c38d3f683740bcef510c49	46.872550	-114.003420	1746310575	2025-05-03	22:16:15	Sat
McCormick Park	ff8eb9f775f635bec171aaea40d94519cd5b9f19	46.872370	-114.006330	1746283482	2025-05-03	14:44:42	Sat
McCormick Park	ff8eb9f775f635bec171aaea40d94519cd5b9f19	46.872460	-114.006230	1746284812	2025-05-03	15:06:52	Sat
McCormick Park	ff8eb9f775f635bec171aaea40d94519cd5b9f19	46.872480	-114.006240	1746284820	2025-05-03	15:07:00	Sat
McCormick Park	ff8eb9f775f635bec171aaea40d94519cd5b9f19	46.874270	-114.005180	1746288145	2025-05-03	16:02:25	Sat
McCormick Park	ff8eb9f775f635bec171aaea40d94519cd5b9f19	46.871930	-114.003650	1746282779	2025-05-03	14:32:59	Sat
McCormick Park	ff8eb9f775f635bec171aaea40d94519cd5b9f19	46.872240	-114.003650	1746282790	2025-05-03	14:33:10	Sat
McCormick Park	ff8eb9f775f635bec171aaea40d94519cd5b9f19	46.872400	-114.006270	1746284823	2025-05-03	15:07:03	Sat
McCormick Park	e4acef1581337cdd912c681c2e5f239b88186a20	46.872580	-114.004060	1746308974	2025-05-03	21:49:34	Sat
McCormick Park	e4acef1581337cdd912c681c2e5f239b88186a20	46.872900	-114.004060	1746308982	2025-05-03	21:49:42	Sat
McCormick Park	e4acef1581337cdd912c681c2e5f239b88186a20	46.872260	-114.003600	1746309030	2025-05-03	21:50:30	Sat
McCormick Park	e4acef1581337cdd912c681c2e5f239b88186a20	46.872480	-114.003860	1746309052	2025-05-03	21:50:52	Sat
McCormick Park	e4acef1581337cdd912c681c2e5f239b88186a20	46.872530	-114.004070	1746308978	2025-05-03	21:49:38	Sat
McCormick Park	e4acef1581337cdd912c681c2e5f239b88186a20	46.872210	-114.003600	1746309032	2025-05-03	21:50:32	Sat
McCormick Park	6ddbfc5bd328546719fe8917ab0fe02b6d0f674c	46.870720	-114.002730	1746296063	2025-05-03	18:14:23	Sat
McCormick Park	3b7c931a4b2b45ded69935151bd533d258432218	46.871040	-114.002470	1746288243	2025-05-03	16:04:03	Sat
McCormick Park	b3288a2999381a6d54f39a6112e187f65c47e6c8	46.873130	-114.005630	1746282826	2025-05-03	14:33:46	Sat
McCormick Park	b3288a2999381a6d54f39a6112e187f65c47e6c8	46.873150	-114.005560	1746283735	2025-05-03	14:48:55	Sat
McCormick Park	bd757f9eed2aa77082104bbb473bb3239f19e7ab	46.873230	-114.005460	1746297464	2025-05-03	18:37:44	Sat
McCormick Park	b96c8111b2cc05ff9514e24b8c0beb46c052e22a	46.871260	-114.002870	1746238996	2025-05-03	02:23:16	Sat
McCormick Park	b96c8111b2cc05ff9514e24b8c0beb46c052e22a	46.870950	-114.002870	1746239000	2025-05-03	02:23:20	Sat
McCormick Park	b96c8111b2cc05ff9514e24b8c0beb46c052e22a	46.871438	-114.001803	1746239234	2025-05-03	02:27:14	Sat
McCormick Park	b96c8111b2cc05ff9514e24b8c0beb46c052e22a	46.871440	-114.001800	1746239249	2025-05-03	02:27:29	Sat
McCormick Park	b96c8111b2cc05ff9514e24b8c0beb46c052e22a	46.871020	-114.002880	1746239294	2025-05-03	02:28:14	Sat
McCormick Park	b96c8111b2cc05ff9514e24b8c0beb46c052e22a	46.871256	-114.002845	1746239308	2025-05-03	02:28:28	Sat
McCormick Park	b96c8111b2cc05ff9514e24b8c0beb46c052e22a	46.871420	-114.001820	1746239443	2025-05-03	02:30:43	Sat
McCormick Park	b96c8111b2cc05ff9514e24b8c0beb46c052e22a	46.871440	-114.001863	1746239452	2025-05-03	02:30:52	Sat
McCormick Park	b96c8111b2cc05ff9514e24b8c0beb46c052e22a	46.871420	-114.001816	1746239454	2025-05-03	02:30:54	Sat
McCormick Park	b96c8111b2cc05ff9514e24b8c0beb46c052e22a	46.871477	-114.001850	1746239675	2025-05-03	02:34:35	Sat
McCormick Park	b96c8111b2cc05ff9514e24b8c0beb46c052e22a	46.871480	-114.001850	1746239683	2025-05-03	02:34:43	Sat
McCormick Park	b96c8111b2cc05ff9514e24b8c0beb46c052e22a	46.871200	-114.001970	1746241972	2025-05-03	03:12:52	Sat
McCormick Park	b96c8111b2cc05ff9514e24b8c0beb46c052e22a	46.871220	-114.002810	1746247268	2025-05-03	04:41:08	Sat
McCormick Park	b96c8111b2cc05ff9514e24b8c0beb46c052e22a	46.871217	-114.002807	1746247282	2025-05-03	04:41:22	Sat
McCormick Park	b96c8111b2cc05ff9514e24b8c0beb46c052e22a	46.871253	-114.002800	1746247421	2025-05-03	04:43:41	Sat
McCormick Park	b96c8111b2cc05ff9514e24b8c0beb46c052e22a	46.870940	-114.002800	1746247423	2025-05-03	04:43:43	Sat
McCormick Park	b96c8111b2cc05ff9514e24b8c0beb46c052e22a	46.871254	-114.002882	1746247444	2025-05-03	04:44:04	Sat
McCormick Park	b96c8111b2cc05ff9514e24b8c0beb46c052e22a	46.871280	-114.002811	1746247513	2025-05-03	04:45:13	Sat
McCormick Park	b96c8111b2cc05ff9514e24b8c0beb46c052e22a	46.870940	-114.002830	1746238990	2025-05-03	02:23:10	Sat
McCormick Park	b96c8111b2cc05ff9514e24b8c0beb46c052e22a	46.871420	-114.001800	1746239248	2025-05-03	02:27:28	Sat
McCormick Park	b96c8111b2cc05ff9514e24b8c0beb46c052e22a	46.871030	-114.002840	1746239292	2025-05-03	02:28:12	Sat
McCormick Park	b96c8111b2cc05ff9514e24b8c0beb46c052e22a	46.871260	-114.002810	1746239300	2025-05-03	02:28:20	Sat
McCormick Park	b96c8111b2cc05ff9514e24b8c0beb46c052e22a	46.871450	-114.001840	1746239447	2025-05-03	02:30:47	Sat
McCormick Park	b96c8111b2cc05ff9514e24b8c0beb46c052e22a	46.871450	-114.001810	1746239454	2025-05-03	02:30:54	Sat
McCormick Park	b96c8111b2cc05ff9514e24b8c0beb46c052e22a	46.871410	-114.001880	1746239681	2025-05-03	02:34:41	Sat
McCormick Park	b96c8111b2cc05ff9514e24b8c0beb46c052e22a	46.871200	-114.001950	1746241976	2025-05-03	03:12:56	Sat
McCormick Park	b96c8111b2cc05ff9514e24b8c0beb46c052e22a	46.871240	-114.002800	1746247265	2025-05-03	04:41:05	Sat
McCormick Park	b96c8111b2cc05ff9514e24b8c0beb46c052e22a	46.870970	-114.002800	1746247427	2025-05-03	04:43:47	Sat
McCormick Park	b96c8111b2cc05ff9514e24b8c0beb46c052e22a	46.871280	-114.002850	1746247447	2025-05-03	04:44:07	Sat
McCormick Park	b96c8111b2cc05ff9514e24b8c0beb46c052e22a	46.871240	-114.002890	1746247518	2025-05-03	04:45:18	Sat
McCormick Park	b96c8111b2cc05ff9514e24b8c0beb46c052e22a	46.871437	-114.001800	1746239234	2025-05-03	02:27:14	Sat
McCormick Park	b96c8111b2cc05ff9514e24b8c0beb46c052e22a	46.871240	-114.002884	1746239305	2025-05-03	02:28:25	Sat
McCormick Park	b96c8111b2cc05ff9514e24b8c0beb46c052e22a	46.871204	-114.002870	1746247442	2025-05-03	04:44:02	Sat
McCormick Park	b96c8111b2cc05ff9514e24b8c0beb46c052e22a	46.871254	-114.002815	1746247516	2025-05-03	04:45:16	Sat
McCormick Park	a4761a5a89020e001b7f25774f6fb3beb19b879e	46.870860	-114.002370	1746233147	2025-05-03	00:45:47	Sat
McCormick Park	16c024c0ca07cc219c01a81cb881d7dda9bc3ef2	46.872700	-114.004610	1746294793	2025-05-03	17:53:13	Sat
McCormick Park	16c024c0ca07cc219c01a81cb881d7dda9bc3ef2	46.872610	-114.004870	1746294797	2025-05-03	17:53:17	Sat
McCormick Park	16c024c0ca07cc219c01a81cb881d7dda9bc3ef2	46.872700	-114.004620	1746294798	2025-05-03	17:53:18	Sat
McCormick Park	c7bd4a30ca615eea2ad47256e3d9af8d90834731	46.872640	-114.004830	1746309916	2025-05-03	22:05:16	Sat
McCormick Park	c7bd4a30ca615eea2ad47256e3d9af8d90834731	46.872430	-114.004900	1746309948	2025-05-03	22:05:48	Sat
McCormick Park	c7bd4a30ca615eea2ad47256e3d9af8d90834731	46.872340	-114.004900	1746309959	2025-05-03	22:05:59	Sat
McCormick Park	c7bd4a30ca615eea2ad47256e3d9af8d90834731	46.872300	-114.004900	1746309965	2025-05-03	22:06:05	Sat
McCormick Park	9367bf275bb9bd2b309acc0e2390104c4c110867	46.872770	-114.004860	1746295331	2025-05-03	18:02:11	Sat
McCormick Park	9367bf275bb9bd2b309acc0e2390104c4c110867	46.872770	-114.004860	1746295342	2025-05-03	18:02:22	Sat
McCormick Park	9367bf275bb9bd2b309acc0e2390104c4c110867	46.872720	-114.004820	1746295345	2025-05-03	18:02:25	Sat
McCormick Park	88b98b090bbf704c5914b79b79a2c3234bdac9a2	46.871380	-114.001380	1746232404	2025-05-03	00:33:24	Sat
McCormick Park	04a5976e7b18dbcdfd746983ad0fb4ace5fdf307	46.871160	-114.001890	1746291925	2025-05-03	17:05:25	Sat
McCormick Park	4329dc32c972da7eb45037c499793e50117d0e0e	46.871890	-114.006370	1746306157	2025-05-03	21:02:37	Sat
McCormick Park	a08428e3258c5535ecf37a5e6a7107931e838c64	46.870970	-114.002290	1746242647	2025-05-03	03:24:07	Sat
McCormick Park	76ca6e33cfcbb767fbf6f502bd4ff0e50dd1e960	46.871620	-114.003130	1746314770	2025-05-03	23:26:10	Sat
McCormick Park	76ca6e33cfcbb767fbf6f502bd4ff0e50dd1e960	46.871080	-114.003130	1746314777	2025-05-03	23:26:17	Sat
McCormick Park	76ca6e33cfcbb767fbf6f502bd4ff0e50dd1e960	46.871380	-114.003410	1746314798	2025-05-03	23:26:38	Sat
McCormick Park	76ca6e33cfcbb767fbf6f502bd4ff0e50dd1e960	46.871070	-114.003150	1746314801	2025-05-03	23:26:41	Sat
McCormick Park	76ca6e33cfcbb767fbf6f502bd4ff0e50dd1e960	46.871110	-114.003110	1746315483	2025-05-03	23:38:03	Sat
McCormick Park	76ca6e33cfcbb767fbf6f502bd4ff0e50dd1e960	46.871330	-114.003110	1746315474	2025-05-03	23:37:54	Sat
McCormick Park	9871a322b94b27e2de686181490c657ab12d212b	46.871340	-114.003120	1746237309	2025-05-03	01:55:09	Sat
McCormick Park	9871a322b94b27e2de686181490c657ab12d212b	46.871620	-114.003110	1746243872	2025-05-03	03:44:32	Sat
McCormick Park	9871a322b94b27e2de686181490c657ab12d212b	46.871370	-114.003120	1746312826	2025-05-03	22:53:46	Sat
McCormick Park	9871a322b94b27e2de686181490c657ab12d212b	46.871370	-114.003130	1746312827	2025-05-03	22:53:47	Sat
McCormick Park	9871a322b94b27e2de686181490c657ab12d212b	46.871340	-114.003110	1746313005	2025-05-03	22:56:45	Sat
McCormick Park	9871a322b94b27e2de686181490c657ab12d212b	46.871350	-114.003490	1746313007	2025-05-03	22:56:47	Sat
McCormick Park	9871a322b94b27e2de686181490c657ab12d212b	46.871380	-114.002790	1746313056	2025-05-03	22:57:36	Sat
McCormick Park	9871a322b94b27e2de686181490c657ab12d212b	46.871010	-114.003100	1746313149	2025-05-03	22:59:09	Sat
McCormick Park	9871a322b94b27e2de686181490c657ab12d212b	46.871330	-114.003100	1746313157	2025-05-03	22:59:17	Sat
McCormick Park	9871a322b94b27e2de686181490c657ab12d212b	46.871340	-114.003380	1746313448	2025-05-03	23:04:08	Sat
McCormick Park	9871a322b94b27e2de686181490c657ab12d212b	46.871110	-114.002800	1746313448	2025-05-03	23:04:08	Sat
McCormick Park	9871a322b94b27e2de686181490c657ab12d212b	46.871690	-114.003160	1746313516	2025-05-03	23:05:16	Sat
McCormick Park	9871a322b94b27e2de686181490c657ab12d212b	46.871370	-114.003160	1746312821	2025-05-03	22:53:41	Sat
McCormick Park	9871a322b94b27e2de686181490c657ab12d212b	46.871350	-114.003440	1746313006	2025-05-03	22:56:46	Sat
McCormick Park	9871a322b94b27e2de686181490c657ab12d212b	46.871360	-114.003100	1746313151	2025-05-03	22:59:11	Sat
McCormick Park	9871a322b94b27e2de686181490c657ab12d212b	46.871020	-114.003180	1746313442	2025-05-03	23:04:02	Sat
McCormick Park	9871a322b94b27e2de686181490c657ab12d212b	46.871050	-114.003190	1746313707	2025-05-03	23:08:27	Sat
McCormick Park	b663fa5402ed2dd6811c2b68d6a14d4ca59d0060	46.871160	-114.004070	1746240780	2025-05-03	02:53:00	Sat
McCormick Park	b663fa5402ed2dd6811c2b68d6a14d4ca59d0060	46.871160	-114.003690	1746240791	2025-05-03	02:53:11	Sat
McCormick Park	b663fa5402ed2dd6811c2b68d6a14d4ca59d0060	46.871130	-114.003620	1746240794	2025-05-03	02:53:14	Sat
McCormick Park	ead9615f35b1b16ed65e6d7473b847fceeeac590	46.872959	-114.005493	1746302900	2025-05-03	20:08:20	Sat
McCormick Park	ead9615f35b1b16ed65e6d7473b847fceeeac590	46.872936	-114.005455	1746302903	2025-05-03	20:08:23	Sat
McCormick Park	ead9615f35b1b16ed65e6d7473b847fceeeac590	46.872930	-114.005450	1746302891	2025-05-03	20:08:11	Sat
McCormick Park	304034145ad83ab9b57f7ea7329920a722ae518e	46.871800	-114.005450	1746300407	2025-05-03	19:26:47	Sat
McCormick Park	304034145ad83ab9b57f7ea7329920a722ae518e	46.871480	-114.005450	1746300409	2025-05-03	19:26:49	Sat
McCormick Park	304034145ad83ab9b57f7ea7329920a722ae518e	46.871800	-114.005470	1746300405	2025-05-03	19:26:45	Sat
McCormick Park	72e84b37f40c4517d0edb57e76efd30d1d8ddb52	46.872424	-114.003400	1746305738	2025-05-03	20:55:38	Sat
McCormick Park	72e84b37f40c4517d0edb57e76efd30d1d8ddb52	46.872450	-114.003400	1746306527	2025-05-03	21:08:47	Sat
McCormick Park	72e84b37f40c4517d0edb57e76efd30d1d8ddb52	46.873930	-114.004160	1746307068	2025-05-03	21:17:48	Sat
McCormick Park	72e84b37f40c4517d0edb57e76efd30d1d8ddb52	46.872440	-114.003400	1746305734	2025-05-03	20:55:34	Sat
McCormick Park	72e84b37f40c4517d0edb57e76efd30d1d8ddb52	46.872750	-114.004090	1746306449	2025-05-03	21:07:29	Sat
McCormick Park	72e84b37f40c4517d0edb57e76efd30d1d8ddb52	46.872750	-114.004090	1746306460	2025-05-03	21:07:40	Sat
McCormick Park	72e84b37f40c4517d0edb57e76efd30d1d8ddb52	46.872140	-114.003400	1746306523	2025-05-03	21:08:43	Sat
McCormick Park	72e84b37f40c4517d0edb57e76efd30d1d8ddb52	46.874250	-114.004540	1746307059	2025-05-03	21:17:39	Sat
McCormick Park	72e84b37f40c4517d0edb57e76efd30d1d8ddb52	46.873980	-114.004530	1746307075	2025-05-03	21:17:55	Sat
McCormick Park	7382efd9a9c7aa40420c5c427d955dd3c83cf925	46.872580	-114.004370	1746306483	2025-05-03	21:08:03	Sat
McCormick Park	7382efd9a9c7aa40420c5c427d955dd3c83cf925	46.872580	-114.004720	1746306472	2025-05-03	21:07:52	Sat
McCormick Park	b2942da459248c3eaff362fa3b040f1ff03084dd	46.870940	-114.003010	1746312336	2025-05-03	22:45:36	Sat
McCormick Park	32cf56fcf2e7f18b59f3974678080b74528cfea9	46.871600	-114.005620	1746292665	2025-05-03	17:17:45	Sat
McCormick Park	32cf56fcf2e7f18b59f3974678080b74528cfea9	46.871600	-114.005880	1746292690	2025-05-03	17:18:10	Sat
McCormick Park	32cf56fcf2e7f18b59f3974678080b74528cfea9	46.871550	-114.004570	1746292707	2025-05-03	17:18:27	Sat
McCormick Park	32cf56fcf2e7f18b59f3974678080b74528cfea9	46.871600	-114.005810	1746292697	2025-05-03	17:18:17	Sat
McCormick Park	f47c151d1776c669db5e30cd3a666ca7aef4d24b	46.871380	-114.003100	1746238694	2025-05-03	02:18:14	Sat
McCormick Park	f47c151d1776c669db5e30cd3a666ca7aef4d24b	46.871305	-114.003100	1746239008	2025-05-03	02:23:28	Sat
McCormick Park	f47c151d1776c669db5e30cd3a666ca7aef4d24b	46.871320	-114.003010	1746239471	2025-05-03	02:31:11	Sat
McCormick Park	f47c151d1776c669db5e30cd3a666ca7aef4d24b	46.871360	-114.003100	1746316270	2025-05-03	23:51:10	Sat
McCormick Park	f47c151d1776c669db5e30cd3a666ca7aef4d24b	46.871300	-114.003130	1746316326	2025-05-03	23:52:06	Sat
McCormick Park	f47c151d1776c669db5e30cd3a666ca7aef4d24b	46.871330	-114.003140	1746316450	2025-05-03	23:54:10	Sat
McCormick Park	f47c151d1776c669db5e30cd3a666ca7aef4d24b	46.871340	-114.003130	1746316458	2025-05-03	23:54:18	Sat
McCormick Park	f47c151d1776c669db5e30cd3a666ca7aef4d24b	46.871330	-114.003100	1746316757	2025-05-03	23:59:17	Sat
McCormick Park	f47c151d1776c669db5e30cd3a666ca7aef4d24b	46.871300	-114.003100	1746316797	2025-05-03	23:59:57	Sat
McCormick Park	f47c151d1776c669db5e30cd3a666ca7aef4d24b	46.871330	-114.003100	1746238694	2025-05-03	02:18:14	Sat
McCormick Park	f47c151d1776c669db5e30cd3a666ca7aef4d24b	46.871380	-114.003100	1746316753	2025-05-03	23:59:13	Sat
McCormick Park	f47c151d1776c669db5e30cd3a666ca7aef4d24b	46.871320	-114.002630	1746239489	2025-05-03	02:31:29	Sat
McCormick Park	83c0201912d434566678d991588652f8f512ec15	46.871730	-114.006430	1746282096	2025-05-03	14:21:36	Sat
McCormick Park	f59a72e988ce77ccdb725ae36b0bb9e2b7d6fa60	46.871350	-114.003100	1746231144	2025-05-03	00:12:24	Sat
McCormick Park	f59a72e988ce77ccdb725ae36b0bb9e2b7d6fa60	46.871030	-114.003140	1746231706	2025-05-03	00:21:46	Sat
McCormick Park	f59a72e988ce77ccdb725ae36b0bb9e2b7d6fa60	46.871300	-114.003170	1746231718	2025-05-03	00:21:58	Sat
McCormick Park	f59a72e988ce77ccdb725ae36b0bb9e2b7d6fa60	46.871380	-114.003100	1746231722	2025-05-03	00:22:02	Sat
McCormick Park	f59a72e988ce77ccdb725ae36b0bb9e2b7d6fa60	46.871300	-114.003520	1746231723	2025-05-03	00:22:03	Sat
McCormick Park	f59a72e988ce77ccdb725ae36b0bb9e2b7d6fa60	46.871300	-114.003520	1746231724	2025-05-03	00:22:04	Sat
McCormick Park	f59a72e988ce77ccdb725ae36b0bb9e2b7d6fa60	46.871700	-114.003360	1746231731	2025-05-03	00:22:11	Sat
McCormick Park	f59a72e988ce77ccdb725ae36b0bb9e2b7d6fa60	46.871250	-114.003400	1746231731	2025-05-03	00:22:11	Sat
McCormick Park	f59a72e988ce77ccdb725ae36b0bb9e2b7d6fa60	46.871700	-114.003300	1746231738	2025-05-03	00:22:18	Sat
McCormick Park	f59a72e988ce77ccdb725ae36b0bb9e2b7d6fa60	46.871690	-114.003380	1746231855	2025-05-03	00:24:15	Sat
McCormick Park	f59a72e988ce77ccdb725ae36b0bb9e2b7d6fa60	46.871380	-114.003100	1746231861	2025-05-03	00:24:21	Sat
McCormick Park	f59a72e988ce77ccdb725ae36b0bb9e2b7d6fa60	46.871380	-114.002720	1746231867	2025-05-03	00:24:27	Sat
McCormick Park	f59a72e988ce77ccdb725ae36b0bb9e2b7d6fa60	46.871650	-114.003100	1746231873	2025-05-03	00:24:33	Sat
McCormick Park	f59a72e988ce77ccdb725ae36b0bb9e2b7d6fa60	46.871380	-114.003060	1746231881	2025-05-03	00:24:41	Sat
McCormick Park	f59a72e988ce77ccdb725ae36b0bb9e2b7d6fa60	46.871330	-114.003100	1746231889	2025-05-03	00:24:49	Sat
McCormick Park	f59a72e988ce77ccdb725ae36b0bb9e2b7d6fa60	46.871300	-114.003550	1746231728	2025-05-03	00:22:08	Sat
McCormick Park	f59a72e988ce77ccdb725ae36b0bb9e2b7d6fa60	46.871700	-114.003380	1746231730	2025-05-03	00:22:10	Sat
McCormick Park	f59a72e988ce77ccdb725ae36b0bb9e2b7d6fa60	46.871680	-114.003100	1746231876	2025-05-03	00:24:36	Sat
McCormick Park	f59a72e988ce77ccdb725ae36b0bb9e2b7d6fa60	46.871380	-114.003320	1746231877	2025-05-03	00:24:37	Sat
McCormick Park	b7c83277e62a793a3d232eef01c5887b9ab792a2	46.871360	-114.001980	1746293985	2025-05-03	17:39:45	Sat
McCormick Park	b7c83277e62a793a3d232eef01c5887b9ab792a2	46.871330	-114.001900	1746293988	2025-05-03	17:39:48	Sat
McCormick Park	b7c83277e62a793a3d232eef01c5887b9ab792a2	46.871380	-114.001930	1746293982	2025-05-03	17:39:42	Sat
McCormick Park	b7c83277e62a793a3d232eef01c5887b9ab792a2	46.871380	-114.001960	1746293987	2025-05-03	17:39:47	Sat
McCormick Park	83f11c0bde04cd4a3599a25dd7fd424c45041870	46.870770	-114.002750	1746315597	2025-05-03	23:39:57	Sat
McCormick Park	566c4df8338e2e71bbd07989bc5f74d89f8114dd	46.872370	-114.002040	1746296157	2025-05-03	18:15:57	Sat
McCormick Park	9fd6b59f0f4308de80f9983d3c9d1ad09797addb	46.873035	-114.005271	1746314574	2025-05-03	23:22:54	Sat
McCormick Park	9fd6b59f0f4308de80f9983d3c9d1ad09797addb	46.872832	-114.005148	1746314621	2025-05-03	23:23:41	Sat
McCormick Park	7d704010c9ad75b7319decf5945d9d81cb5faeb8	46.871343	-114.003123	1746248400	2025-05-03	05:00:00	Sat
McCormick Park	7d704010c9ad75b7319decf5945d9d81cb5faeb8	46.871300	-114.003140	1746248418	2025-05-03	05:00:18	Sat
McCormick Park	7d704010c9ad75b7319decf5945d9d81cb5faeb8	46.871350	-114.003150	1746248540	2025-05-03	05:02:20	Sat
McCormick Park	7d704010c9ad75b7319decf5945d9d81cb5faeb8	46.871303	-114.003135	1746248542	2025-05-03	05:02:22	Sat
McCormick Park	7d704010c9ad75b7319decf5945d9d81cb5faeb8	46.871346	-114.003151	1746248543	2025-05-03	05:02:23	Sat
McCormick Park	7d704010c9ad75b7319decf5945d9d81cb5faeb8	46.871120	-114.003370	1746248546	2025-05-03	05:02:26	Sat
McCormick Park	7d704010c9ad75b7319decf5945d9d81cb5faeb8	46.871160	-114.003400	1746248927	2025-05-03	05:08:47	Sat
McCormick Park	7d704010c9ad75b7319decf5945d9d81cb5faeb8	46.871070	-114.003400	1746248927	2025-05-03	05:08:47	Sat
McCormick Park	7d704010c9ad75b7319decf5945d9d81cb5faeb8	46.871380	-114.003500	1746253570	2025-05-03	06:26:10	Sat
McCormick Park	7d704010c9ad75b7319decf5945d9d81cb5faeb8	46.871700	-114.003150	1746253575	2025-05-03	06:26:15	Sat
McCormick Park	7d704010c9ad75b7319decf5945d9d81cb5faeb8	46.871330	-114.003140	1746253628	2025-05-03	06:27:08	Sat
McCormick Park	7d704010c9ad75b7319decf5945d9d81cb5faeb8	46.871330	-114.003140	1746253646	2025-05-03	06:27:26	Sat
McCormick Park	7d704010c9ad75b7319decf5945d9d81cb5faeb8	46.871320	-114.002780	1746253985	2025-05-03	06:33:05	Sat
McCormick Park	7d704010c9ad75b7319decf5945d9d81cb5faeb8	46.871010	-114.003420	1746253996	2025-05-03	06:33:16	Sat
McCormick Park	7d704010c9ad75b7319decf5945d9d81cb5faeb8	46.871300	-114.003390	1746254003	2025-05-03	06:33:23	Sat
McCormick Park	7d704010c9ad75b7319decf5945d9d81cb5faeb8	46.871120	-114.003130	1746295120	2025-05-03	17:58:40	Sat
McCormick Park	7d704010c9ad75b7319decf5945d9d81cb5faeb8	46.871350	-114.003130	1746248396	2025-05-03	04:59:56	Sat
McCormick Park	7d704010c9ad75b7319decf5945d9d81cb5faeb8	46.871360	-114.003170	1746248540	2025-05-03	05:02:20	Sat
McCormick Park	7d704010c9ad75b7319decf5945d9d81cb5faeb8	46.871370	-114.003120	1746248540	2025-05-03	05:02:20	Sat
McCormick Park	7d704010c9ad75b7319decf5945d9d81cb5faeb8	46.871060	-114.003400	1746248926	2025-05-03	05:08:46	Sat
McCormick Park	7d704010c9ad75b7319decf5945d9d81cb5faeb8	46.871700	-114.003100	1746253574	2025-05-03	06:26:14	Sat
McCormick Park	7d704010c9ad75b7319decf5945d9d81cb5faeb8	46.871330	-114.003130	1746253621	2025-05-03	06:27:01	Sat
McCormick Park	7d704010c9ad75b7319decf5945d9d81cb5faeb8	46.871380	-114.002710	1746253986	2025-05-03	06:33:06	Sat
McCormick Park	7d704010c9ad75b7319decf5945d9d81cb5faeb8	46.871300	-114.003320	1746254002	2025-05-03	06:33:22	Sat
McCormick Park	7d704010c9ad75b7319decf5945d9d81cb5faeb8	46.871140	-114.003110	1746295112	2025-05-03	17:58:32	Sat
McCormick Park	7d704010c9ad75b7319decf5945d9d81cb5faeb8	46.871160	-114.003170	1746295115	2025-05-03	17:58:35	Sat
McCormick Park	7d704010c9ad75b7319decf5945d9d81cb5faeb8	46.871304	-114.003136	1746248407	2025-05-03	05:00:07	Sat
McCormick Park	7d704010c9ad75b7319decf5945d9d81cb5faeb8	46.871340	-114.003160	1746248543	2025-05-03	05:02:23	Sat
McCormick Park	0f0f03fccdbaf6b9cc9d744edce4d1f87194bb7f	46.873160	-114.005370	1746282063	2025-05-03	14:21:03	Sat
McCormick Park	532aed328be850af53effe977c8c0bb1381ce4c1	46.871590	-114.001500	1746231380	2025-05-03	00:16:20	Sat
McCormick Park	562de8fb406c33a5b5ede78ffaab6d9670d1fc1e	46.873530	-114.003170	1746290970	2025-05-03	16:49:30	Sat
McCormick Park	562de8fb406c33a5b5ede78ffaab6d9670d1fc1e	46.873500	-114.003130	1746290973	2025-05-03	16:49:33	Sat
McCormick Park	562de8fb406c33a5b5ede78ffaab6d9670d1fc1e	46.873530	-114.003110	1746290974	2025-05-03	16:49:34	Sat
McCormick Park	562de8fb406c33a5b5ede78ffaab6d9670d1fc1e	46.873530	-114.003170	1746290988	2025-05-03	16:49:48	Sat
McCormick Park	562de8fb406c33a5b5ede78ffaab6d9670d1fc1e	46.873510	-114.003100	1746290963	2025-05-03	16:49:23	Sat
McCormick Park	8b8c09e584645d4bef1c1943585c2e0a2ab81b9f	46.873135	-114.004642	1746292986	2025-05-03	17:23:06	Sat
McCormick Park	8b8c09e584645d4bef1c1943585c2e0a2ab81b9f	46.872887	-114.004671	1746293179	2025-05-03	17:26:19	Sat
McCormick Park	a0e1ad414c7beeb7675bd429c89d26348effaacf	46.872010	-114.002550	1747350562	2025-05-15	23:09:22	Thu
McCormick Park	84ccd67681d6243ecfdc33d6c57587406561688e	46.870940	-114.002230	1747286427	2025-05-15	05:20:27	Thu
McCormick Park	0ee42688e47f1c795964c3b13484acc8f1e9b1c0	46.872753	-114.004060	1747346860	2025-05-15	22:07:40	Thu
McCormick Park	0ee42688e47f1c795964c3b13484acc8f1e9b1c0	46.872702	-114.004080	1747346864	2025-05-15	22:07:44	Thu
McCormick Park	787dfc754cf9851353019a914be10ccc00ecfacc	46.871860	-114.006200	1747273407	2025-05-15	01:43:27	Thu
McCormick Park	787dfc754cf9851353019a914be10ccc00ecfacc	46.871550	-114.005500	1747273493	2025-05-15	01:44:53	Thu
McCormick Park	c4b48c4bbd4a94a2fa24a3bfdbc349cae295c6b0	46.871350	-114.003170	1747294198	2025-05-15	07:29:58	Thu
McCormick Park	4e135fb1f8368a3160489e6f7731b1e26a1905de	46.870930	-114.002430	1747283189	2025-05-15	04:26:29	Thu
McCormick Park	985970c7716679822152213a104bd1555da66db5	46.871680	-114.004640	1747321833	2025-05-15	15:10:33	Thu
McCormick Park	b7b62a353aec1f8e8ae681455b3c515eaa02c270	46.870900	-114.002500	1747267561	2025-05-15	00:06:01	Thu
McCormick Park	b7b62a353aec1f8e8ae681455b3c515eaa02c270	46.870980	-114.002500	1747267612	2025-05-15	00:06:52	Thu
McCormick Park	b7b62a353aec1f8e8ae681455b3c515eaa02c270	46.870720	-114.002580	1747267729	2025-05-15	00:08:49	Thu
McCormick Park	98b7897c903043d0b102febba20b37a2fcad98dd	46.871300	-114.003500	1747346400	2025-05-15	22:00:00	Thu
McCormick Park	98b7897c903043d0b102febba20b37a2fcad98dd	46.871320	-114.003460	1747347057	2025-05-15	22:10:57	Thu
McCormick Park	98b7897c903043d0b102febba20b37a2fcad98dd	46.871060	-114.003460	1747347157	2025-05-15	22:12:37	Thu
McCormick Park	98b7897c903043d0b102febba20b37a2fcad98dd	46.871350	-114.003170	1747347707	2025-05-15	22:21:47	Thu
McCormick Park	98b7897c903043d0b102febba20b37a2fcad98dd	46.870920	-114.003450	1747352737	2025-05-15	23:45:37	Thu
McCormick Park	7748e7c825a38bcb8246c0292f6c35beaf034361	46.871910	-114.002350	1747281846	2025-05-15	04:04:06	Thu
McCormick Park	7748e7c825a38bcb8246c0292f6c35beaf034361	46.872180	-114.003360	1747284795	2025-05-15	04:53:15	Thu
McCormick Park	7748e7c825a38bcb8246c0292f6c35beaf034361	46.872100	-114.002790	1747284886	2025-05-15	04:54:46	Thu
McCormick Park	3fc2d0b668394d21675f9385101dc634d7b33dd4	46.873090	-114.005160	1747273347	2025-05-15	01:42:27	Thu
McCormick Park	3fc2d0b668394d21675f9385101dc634d7b33dd4	46.873060	-114.005630	1747275700	2025-05-15	02:21:40	Thu
McCormick Park	3fc2d0b668394d21675f9385101dc634d7b33dd4	46.873030	-114.005180	1747352292	2025-05-15	23:38:12	Thu
McCormick Park	7d8f00009cbffc8453e87506b08092e70ed32f56	46.870710	-114.002550	1747270073	2025-05-15	00:47:53	Thu
McCormick Park	fabfac608ec64f416e264059fbcb6c3748cc119c	46.871290	-114.001710	1747325990	2025-05-15	16:19:50	Thu
McCormick Park	7b8957a43652a6bafadd607aaad5534fefcde860	46.870730	-114.002980	1747320734	2025-05-15	14:52:14	Thu
McCormick Park	8a35f7e53d7299051db98ccc7332508267eb4cc1	46.871150	-114.003510	1747283719	2025-05-15	04:35:19	Thu
McCormick Park	8a35f7e53d7299051db98ccc7332508267eb4cc1	46.871170	-114.003510	1747283715	2025-05-15	04:35:15	Thu
McCormick Park	6727e6bfe9a44a8828e77c27673d6cee88ee49a4	46.872750	-114.002480	1747328860	2025-05-15	17:07:40	Thu
McCormick Park	f59a72e988ce77ccdb725ae36b0bb9e2b7d6fa60	46.871040	-114.003100	1747285145	2025-05-15	04:59:05	Thu
McCormick Park	f59a72e988ce77ccdb725ae36b0bb9e2b7d6fa60	46.871360	-114.003090	1747285174	2025-05-15	04:59:34	Thu
McCormick Park	f59a72e988ce77ccdb725ae36b0bb9e2b7d6fa60	46.871330	-114.003130	1747285178	2025-05-15	04:59:38	Thu
McCormick Park	f9fd6df791c8090f1c769093dc961c7f0e80cf51	46.871390	-114.004250	1747347213	2025-05-15	22:13:33	Thu
McCormick Park	b11ccfc371b282d1d7a04f88480f6fd6134d9ecd	46.871110	-114.003930	1747326561	2025-05-15	16:29:21	Thu
McCormick Park	7a686bd0826ac9239e2e7df51256d9abcd2884ae	46.872960	-114.005500	1747353283	2025-05-15	23:54:43	Thu
McCormick Park	22c1d4f3231a3bf94705580a5eb9b7426e1b6f32	46.871780	-114.005700	1747327413	2025-05-15	16:43:33	Thu
McCormick Park	4bfc4170a47ee4da79d8fb0f7c12620c3f600e85	46.873050	-114.005370	1747341039	2025-05-15	20:30:39	Thu
McCormick Park	3caddf42e9ec076d1aae135def614575b0591cf3	46.872611	-114.004624	1743124877	2025-03-28	01:21:17	Fri
McCormick Park	f10da0fa2bc601efc4c4a7e03b9dcc8c067baa92	46.872933	-114.005577	1743130760	2025-03-28	02:59:20	Fri
McCormick Park	d3bfdcb4e25744c9c4ef0e13162532b065154c10	46.870742	-114.002576	1743150956	2025-03-28	08:35:56	Fri
McCormick Park	c320e622439bb0e31b945743a18ca4f118bfc4dd	46.872431	-114.004114	1743204806	2025-03-28	23:33:26	Fri
McCormick Park	c320e622439bb0e31b945743a18ca4f118bfc4dd	46.872493	-114.004152	1743204807	2025-03-28	23:33:27	Fri
McCormick Park	c320e622439bb0e31b945743a18ca4f118bfc4dd	46.872406	-114.004140	1743204860	2025-03-28	23:34:20	Fri
McCormick Park	c320e622439bb0e31b945743a18ca4f118bfc4dd	46.872467	-114.004192	1743204862	2025-03-28	23:34:22	Fri
McCormick Park	c320e622439bb0e31b945743a18ca4f118bfc4dd	46.872464	-114.004180	1743204885	2025-03-28	23:34:45	Fri
McCormick Park	c320e622439bb0e31b945743a18ca4f118bfc4dd	46.872452	-114.004170	1743204886	2025-03-28	23:34:46	Fri
McCormick Park	c320e622439bb0e31b945743a18ca4f118bfc4dd	46.872468	-114.004140	1743205193	2025-03-28	23:39:53	Fri
McCormick Park	c320e622439bb0e31b945743a18ca4f118bfc4dd	46.872464	-114.004180	1743205197	2025-03-28	23:39:57	Fri
McCormick Park	c320e622439bb0e31b945743a18ca4f118bfc4dd	46.872424	-114.004180	1743205236	2025-03-28	23:40:36	Fri
McCormick Park	c320e622439bb0e31b945743a18ca4f118bfc4dd	46.872464	-114.004180	1743205237	2025-03-28	23:40:37	Fri
McCormick Park	c320e622439bb0e31b945743a18ca4f118bfc4dd	46.872470	-114.004120	1743204805	2025-03-28	23:33:25	Fri
McCormick Park	c320e622439bb0e31b945743a18ca4f118bfc4dd	46.872480	-114.004190	1743204807	2025-03-28	23:33:27	Fri
McCormick Park	c320e622439bb0e31b945743a18ca4f118bfc4dd	46.872430	-114.004110	1743204860	2025-03-28	23:34:20	Fri
McCormick Park	c320e622439bb0e31b945743a18ca4f118bfc4dd	46.872420	-114.004180	1743204867	2025-03-28	23:34:27	Fri
McCormick Park	c320e622439bb0e31b945743a18ca4f118bfc4dd	46.872470	-114.004120	1743204885	2025-03-28	23:34:45	Fri
McCormick Park	c320e622439bb0e31b945743a18ca4f118bfc4dd	46.872420	-114.004130	1743204886	2025-03-28	23:34:46	Fri
McCormick Park	c320e622439bb0e31b945743a18ca4f118bfc4dd	46.872400	-114.004130	1743205193	2025-03-28	23:39:53	Fri
McCormick Park	c320e622439bb0e31b945743a18ca4f118bfc4dd	46.872450	-114.004180	1743205195	2025-03-28	23:39:55	Fri
McCormick Park	c320e622439bb0e31b945743a18ca4f118bfc4dd	46.872480	-114.004140	1743205232	2025-03-28	23:40:32	Fri
McCormick Park	c320e622439bb0e31b945743a18ca4f118bfc4dd	46.872410	-114.004150	1743205235	2025-03-28	23:40:35	Fri
McCormick Park	f6b5e73527546fc36129e2960d3f4380a600e2ec	46.872980	-114.005500	1743122341	2025-03-28	00:39:01	Fri
McCormick Park	f6b5e73527546fc36129e2960d3f4380a600e2ec	46.872950	-114.005500	1743122360	2025-03-28	00:39:20	Fri
McCormick Park	f6b5e73527546fc36129e2960d3f4380a600e2ec	46.872940	-114.005500	1743122346	2025-03-28	00:39:06	Fri
McCormick Park	f6b5e73527546fc36129e2960d3f4380a600e2ec	46.872900	-114.005520	1743122360	2025-03-28	00:39:20	Fri
McCormick Park	9be4e8cd73937e8a4a77f06717811567b4d03344	46.872423	-114.004923	1743176605	2025-03-28	15:43:25	Fri
McCormick Park	866f9313221976217f4116bf1bf6dd90cfe79540	46.872987	-114.005189	1743125541	2025-03-28	01:32:21	Fri
McCormick Park	02acf1ad9cceb162fcadd72d82cc1ad7c485ba76	46.872864	-114.005295	1743180595	2025-03-28	16:49:55	Fri
McCormick Park	10cff38a91f8534277ab1a88c609a69d30ed4440	46.871883	-114.005085	1743181296	2025-03-28	17:01:36	Fri
McCormick Park	dfa76a22637c185b546cf02d3606a006040434d7	46.871250	-114.001700	1743187568	2025-03-28	18:46:08	Fri
McCormick Park	dfa76a22637c185b546cf02d3606a006040434d7	46.871210	-114.001700	1743187563	2025-03-28	18:46:03	Fri
McCormick Park	451f75cd9422160e26c411538edf0a386f13f2a7	46.872420	-114.004740	1743185162	2025-03-28	18:06:02	Fri
McCormick Park	aa59b7082d6d54a616874bc02c91d28c22d4c254	46.871666	-114.005045	1743196770	2025-03-28	21:19:30	Fri
McCormick Park	aa59b7082d6d54a616874bc02c91d28c22d4c254	46.871653	-114.005050	1743196770	2025-03-28	21:19:30	Fri
McCormick Park	aa59b7082d6d54a616874bc02c91d28c22d4c254	46.871660	-114.005070	1743196762	2025-03-28	21:19:22	Fri
McCormick Park	4b55cdbc7c3b456662f6ff315813ce704ee73f8d	46.872535	-114.003620	1742216124	2025-03-17	12:55:24	Mon
McCormick Park	65b7e05fb8061699b1f92c29580b816e65209db0	46.872843	-114.003178	1742187198	2025-03-17	04:53:18	Mon
McCormick Park	65b7e05fb8061699b1f92c29580b816e65209db0	46.872860	-114.003140	1742187191	2025-03-17	04:53:11	Mon
McCormick Park	65b7e05fb8061699b1f92c29580b816e65209db0	46.872830	-114.003130	1742187191	2025-03-17	04:53:11	Mon
McCormick Park	65b7e05fb8061699b1f92c29580b816e65209db0	46.872410	-114.002980	1742187845	2025-03-17	05:04:05	Mon
McCormick Park	f1cfa0281dbcbbf7c7572dbf1c96f44e14a8ed81	46.871310	-114.003100	1742220923	2025-03-17	14:15:23	Mon
McCormick Park	f1cfa0281dbcbbf7c7572dbf1c96f44e14a8ed81	46.871340	-114.003100	1742220927	2025-03-17	14:15:27	Mon
McCormick Park	fb944c861f976e2a239824b2010f6dca54c51160	46.871080	-114.003920	1742184984	2025-03-17	04:16:24	Mon
McCormick Park	d0674a936ab9bf45e019d0eb8516803240dd7992	46.872870	-114.005630	1742170917	2025-03-17	00:21:57	Mon
McCormick Park	d0674a936ab9bf45e019d0eb8516803240dd7992	46.872830	-114.005630	1742170912	2025-03-17	00:21:52	Mon
McCormick Park	81cf973facacc7f37be259cab6268f9536d602b3	46.874040	-114.005040	1742244936	2025-03-17	20:55:36	Mon
McCormick Park	81cf973facacc7f37be259cab6268f9536d602b3	46.874100	-114.005330	1742244905	2025-03-17	20:55:05	Mon
McCormick Park	81cf973facacc7f37be259cab6268f9536d602b3	46.874000	-114.005040	1742244935	2025-03-17	20:55:35	Mon
McCormick Park	81cf973facacc7f37be259cab6268f9536d602b3	46.874040	-114.005020	1742244936	2025-03-17	20:55:36	Mon
McCormick Park	d72c0dd2d659c18c4499b604b8f70ab1fd1261f5	46.873184	-114.003772	1742185540	2025-03-17	04:25:40	Mon
McCormick Park	d72c0dd2d659c18c4499b604b8f70ab1fd1261f5	46.873150	-114.003760	1742185546	2025-03-17	04:25:46	Mon
McCormick Park	b5e5764f595a4ea8a3bca85046625055411289b5	46.873740	-114.003500	1742252411	2025-03-17	23:00:11	Mon
McCormick Park	986b867706635658bbfedb66f8f2a4519d1bfc8d	46.874320	-114.005190	1742174254	2025-03-17	01:17:34	Mon
McCormick Park	f2379374f1647992efa9aabb96518bd8adb03741	46.874140	-114.004280	1742249043	2025-03-17	22:04:03	Mon
McCormick Park	f2379374f1647992efa9aabb96518bd8adb03741	46.874150	-114.004200	1742249235	2025-03-17	22:07:15	Mon
McCormick Park	b73c8e3d71cc9e33f93cf03da6a86f2387589109	46.871470	-114.003970	1742226514	2025-03-17	15:48:34	Mon
McCormick Park	b73c8e3d71cc9e33f93cf03da6a86f2387589109	46.871410	-114.003970	1742226510	2025-03-17	15:48:30	Mon
McCormick Park	98ee14cdce38e81a917f3a0e168e7d336fddc4d4	46.871660	-114.005010	1742186532	2025-03-17	04:42:12	Mon
McCormick Park	aa3e5e16bbe9730f08e519b3e12ea08793b28db2	46.873645	-114.003386	1742235611	2025-03-17	18:20:11	Mon
McCormick Park	b39931b66b35c2f84443bd6e11d66ab14706b2fe	46.871330	-114.001950	1742199486	2025-03-17	08:18:06	Mon
McCormick Park	b39931b66b35c2f84443bd6e11d66ab14706b2fe	46.871300	-114.001920	1742199487	2025-03-17	08:18:07	Mon
McCormick Park	b39931b66b35c2f84443bd6e11d66ab14706b2fe	46.871330	-114.001830	1742199503	2025-03-17	08:18:23	Mon
McCormick Park	b39931b66b35c2f84443bd6e11d66ab14706b2fe	46.871350	-114.001860	1742199574	2025-03-17	08:19:34	Mon
McCormick Park	bcb70d7f73c2f534e375270bb39ff2100509864b	46.872438	-114.003160	1742234355	2025-03-17	17:59:15	Mon
McCormick Park	bcb70d7f73c2f534e375270bb39ff2100509864b	46.872413	-114.003110	1742234406	2025-03-17	18:00:06	Mon
McCormick Park	bcb70d7f73c2f534e375270bb39ff2100509864b	46.872470	-114.003160	1742234351	2025-03-17	17:59:11	Mon
McCormick Park	bcb70d7f73c2f534e375270bb39ff2100509864b	46.872400	-114.003100	1742234405	2025-03-17	18:00:05	Mon
McCormick Park	1d2addf928cd43e37f12e00b1ff34e9a430d4619	46.870800	-114.002520	1746388133	2025-05-04	19:48:53	Sun
McCormick Park	ef355b7daa282fc9737c27886b07d95c60a190c1	46.871800	-114.005280	1746319738	2025-05-04	00:48:58	Sun
McCormick Park	ef355b7daa282fc9737c27886b07d95c60a190c1	46.872620	-114.004870	1746319961	2025-05-04	00:52:41	Sun
McCormick Park	ef355b7daa282fc9737c27886b07d95c60a190c1	46.872670	-114.005200	1746320058	2025-05-04	00:54:18	Sun
McCormick Park	7f8b37f091753bcbecdd3de53471d32994cb3c52	46.871240	-114.001930	1746381245	2025-05-04	17:54:05	Sun
McCormick Park	6880cb68da36ed7d593c7517794af675cacea633	46.870910	-114.002900	1746318926	2025-05-04	00:35:26	Sun
McCormick Park	6880cb68da36ed7d593c7517794af675cacea633	46.870950	-114.002900	1746318926	2025-05-04	00:35:26	Sun
McCormick Park	6880cb68da36ed7d593c7517794af675cacea633	46.870960	-114.002900	1746318928	2025-05-04	00:35:28	Sun
McCormick Park	1c27236db1d82fd84ed699e807c0ca13154b4fe2	46.871920	-114.003620	1746397432	2025-05-04	22:23:52	Sun
McCormick Park	1c27236db1d82fd84ed699e807c0ca13154b4fe2	46.871600	-114.003620	1746397448	2025-05-04	22:24:08	Sun
McCormick Park	3c70657d93818c7474b47fe20b6726252e1d6145	46.871330	-114.003120	1746403036	2025-05-04	23:57:16	Sun
McCormick Park	3c70657d93818c7474b47fe20b6726252e1d6145	46.871040	-114.003180	1746403043	2025-05-04	23:57:23	Sun
McCormick Park	3c70657d93818c7474b47fe20b6726252e1d6145	46.871340	-114.003140	1746403034	2025-05-04	23:57:14	Sun
McCormick Park	3c70657d93818c7474b47fe20b6726252e1d6145	46.871030	-114.003140	1746403041	2025-05-04	23:57:21	Sun
McCormick Park	ba6ed8c3a362ada39a13ad44e97070409655c7b8	46.871450	-114.001400	1746377176	2025-05-04	16:46:16	Sun
McCormick Park	ba6ed8c3a362ada39a13ad44e97070409655c7b8	46.871420	-114.001370	1746377164	2025-05-04	16:46:04	Sun
McCormick Park	ba6ed8c3a362ada39a13ad44e97070409655c7b8	46.871460	-114.001400	1746377173	2025-05-04	16:46:13	Sun
McCormick Park	d127af0cf1ba7e8bdd95128319c8ac3138263cf1	46.871150	-114.002000	1746326826	2025-05-04	02:47:06	Sun
McCormick Park	351dfd6659e195be050399e340be33399853eab1	46.873220	-114.003160	1746388656	2025-05-04	19:57:36	Sun
McCormick Park	351dfd6659e195be050399e340be33399853eab1	46.873530	-114.002900	1746388659	2025-05-04	19:57:39	Sun
McCormick Park	351dfd6659e195be050399e340be33399853eab1	46.873510	-114.002900	1746388655	2025-05-04	19:57:35	Sun
McCormick Park	9edd0ccf6b698f6e7b18865055882036b7e22ad1	46.871400	-114.001400	1746342331	2025-05-04	07:05:31	Sun
McCormick Park	417e1a172cef98c736e6e6785ae7f605de47bc77	46.871040	-114.003300	1746386639	2025-05-04	19:23:59	Sun
McCormick Park	417e1a172cef98c736e6e6785ae7f605de47bc77	46.871050	-114.003620	1746386749	2025-05-04	19:25:49	Sun
McCormick Park	6f4dcf15b958fba226e5c24102491a92545c1c95	46.871750	-114.005960	1746384575	2025-05-04	18:49:35	Sun
McCormick Park	268c99a6b1c0dd24d01b9dfd4c13a5f372900bed	46.870970	-114.003530	1746329459	2025-05-04	03:30:59	Sun
McCormick Park	c557d2fe5c08312b8485031a7bee2ebde9b4398c	46.870610	-114.002740	1746321115	2025-05-04	01:11:55	Sun
McCormick Park	cf313f02442f586395d9925cb25aa7221b329254	46.871080	-114.002010	1746319132	2025-05-04	00:38:52	Sun
McCormick Park	dd43e02e4d4cbd9383e4fcce5c007bc66f217439	46.871320	-114.001610	1746362777	2025-05-04	12:46:17	Sun
McCormick Park	09222c4d55dbc3052e1470efb8f726791fb6c763	46.870840	-114.002700	1746331184	2025-05-04	03:59:44	Sun
McCormick Park	09222c4d55dbc3052e1470efb8f726791fb6c763	46.870810	-114.002700	1746331185	2025-05-04	03:59:45	Sun
McCormick Park	9871a322b94b27e2de686181490c657ab12d212b	46.871310	-114.003100	1746317248	2025-05-04	00:07:28	Sun
McCormick Park	9871a322b94b27e2de686181490c657ab12d212b	46.871330	-114.003060	1746317268	2025-05-04	00:07:48	Sun
McCormick Park	9871a322b94b27e2de686181490c657ab12d212b	46.871300	-114.003120	1746317309	2025-05-04	00:08:29	Sun
McCormick Park	9871a322b94b27e2de686181490c657ab12d212b	46.871330	-114.003110	1746317310	2025-05-04	00:08:30	Sun
McCormick Park	9871a322b94b27e2de686181490c657ab12d212b	46.871100	-114.003110	1746317315	2025-05-04	00:08:35	Sun
McCormick Park	9871a322b94b27e2de686181490c657ab12d212b	46.871330	-114.002760	1746317318	2025-05-04	00:08:38	Sun
McCormick Park	9871a322b94b27e2de686181490c657ab12d212b	46.871330	-114.003140	1746317316	2025-05-04	00:08:36	Sun
McCormick Park	cf54afefbe13fde55db1ca1a9b64090d2c4ff025	46.871070	-114.002420	1746317595	2025-05-04	00:13:15	Sun
McCormick Park	6005c4514c404a5e99c3d2c507142c7185983584	46.871750	-114.006570	1746397355	2025-05-04	22:22:35	Sun
McCormick Park	6005c4514c404a5e99c3d2c507142c7185983584	46.871790	-114.006510	1746401562	2025-05-04	23:32:42	Sun
McCormick Park	6005c4514c404a5e99c3d2c507142c7185983584	46.871740	-114.006160	1746402260	2025-05-04	23:44:20	Sun
McCormick Park	aa758dcff8fefcba501ba487747af2a19776c80f	46.871600	-114.002820	1746335244	2025-05-04	05:07:24	Sun
McCormick Park	aa758dcff8fefcba501ba487747af2a19776c80f	46.871820	-114.002820	1746335251	2025-05-04	05:07:31	Sun
McCormick Park	aa758dcff8fefcba501ba487747af2a19776c80f	46.871870	-114.002720	1746340402	2025-05-04	06:33:22	Sun
McCormick Park	aa758dcff8fefcba501ba487747af2a19776c80f	46.871800	-114.002810	1746335246	2025-05-04	05:07:26	Sun
McCormick Park	aa1ab3f5d5a2bd7d34495d0b59b5d7ab937a8038	46.872970	-114.005580	1746320928	2025-05-04	01:08:48	Sun
McCormick Park	aa1ab3f5d5a2bd7d34495d0b59b5d7ab937a8038	46.872970	-114.005930	1746320928	2025-05-04	01:08:48	Sun
McCormick Park	aa1ab3f5d5a2bd7d34495d0b59b5d7ab937a8038	46.871620	-114.005080	1746322222	2025-05-04	01:30:22	Sun
McCormick Park	aa1ab3f5d5a2bd7d34495d0b59b5d7ab937a8038	46.871620	-114.005080	1746322241	2025-05-04	01:30:41	Sun
McCormick Park	aa1ab3f5d5a2bd7d34495d0b59b5d7ab937a8038	46.872910	-114.005900	1746320928	2025-05-04	01:08:48	Sun
McCormick Park	aa1ab3f5d5a2bd7d34495d0b59b5d7ab937a8038	46.871630	-114.005020	1746322231	2025-05-04	01:30:31	Sun
McCormick Park	aa1ab3f5d5a2bd7d34495d0b59b5d7ab937a8038	46.871680	-114.005050	1746322234	2025-05-04	01:30:34	Sun
McCormick Park	4c1928051c9d73de87be95edbbab26f14240a93c	46.872550	-114.004530	1746384362	2025-05-04	18:46:02	Sun
McCormick Park	ed184612cbdfce0c359e05313397e1a413e41c4a	46.872500	-114.005170	1746325832	2025-05-04	02:30:32	Sun
McCormick Park	ed184612cbdfce0c359e05313397e1a413e41c4a	46.872640	-114.004150	1746328206	2025-05-04	03:10:06	Sun
McCormick Park	ed184612cbdfce0c359e05313397e1a413e41c4a	46.872410	-114.003880	1746329367	2025-05-04	03:29:27	Sun
McCormick Park	ed184612cbdfce0c359e05313397e1a413e41c4a	46.872500	-114.005100	1746325834	2025-05-04	02:30:34	Sun
McCormick Park	ed184612cbdfce0c359e05313397e1a413e41c4a	46.872610	-114.004130	1746328202	2025-05-04	03:10:02	Sun
McCormick Park	ed184612cbdfce0c359e05313397e1a413e41c4a	46.872420	-114.003840	1746329361	2025-05-04	03:29:21	Sun
McCormick Park	ed184612cbdfce0c359e05313397e1a413e41c4a	46.872180	-114.004910	1746325825	2025-05-04	02:30:25	Sun
McCormick Park	ed184612cbdfce0c359e05313397e1a413e41c4a	46.872640	-114.004150	1746328197	2025-05-04	03:09:57	Sun
McCormick Park	ed184612cbdfce0c359e05313397e1a413e41c4a	46.872410	-114.003880	1746329389	2025-05-04	03:29:49	Sun
McCormick Park	d03d65e60d85e985a12e1944c24dca44451ce9a7	46.872340	-114.005110	1746397467	2025-05-04	22:24:27	Sun
McCormick Park	d03d65e60d85e985a12e1944c24dca44451ce9a7	46.872660	-114.005110	1746397480	2025-05-04	22:24:40	Sun
McCormick Park	d03d65e60d85e985a12e1944c24dca44451ce9a7	46.872700	-114.005170	1746397492	2025-05-04	22:24:52	Sun
McCormick Park	d03d65e60d85e985a12e1944c24dca44451ce9a7	46.872380	-114.005520	1746397498	2025-05-04	22:24:58	Sun
McCormick Park	d03d65e60d85e985a12e1944c24dca44451ce9a7	46.872870	-114.005210	1746402178	2025-05-04	23:42:58	Sun
McCormick Park	d03d65e60d85e985a12e1944c24dca44451ce9a7	46.872870	-114.005210	1746402181	2025-05-04	23:43:01	Sun
McCormick Park	d03d65e60d85e985a12e1944c24dca44451ce9a7	46.872860	-114.004820	1746402220	2025-05-04	23:43:40	Sun
McCormick Park	d03d65e60d85e985a12e1944c24dca44451ce9a7	46.872550	-114.005200	1746402223	2025-05-04	23:43:43	Sun
McCormick Park	d03d65e60d85e985a12e1944c24dca44451ce9a7	46.872380	-114.004760	1746402227	2025-05-04	23:43:47	Sun
McCormick Park	d03d65e60d85e985a12e1944c24dca44451ce9a7	46.872600	-114.005140	1746402227	2025-05-04	23:43:47	Sun
McCormick Park	d03d65e60d85e985a12e1944c24dca44451ce9a7	46.872770	-114.005140	1746402244	2025-05-04	23:44:04	Sun
McCormick Park	d03d65e60d85e985a12e1944c24dca44451ce9a7	46.872770	-114.005140	1746402247	2025-05-04	23:44:07	Sun
McCormick Park	53b35ec3d73f72383ebb53a34f67463c977ceb92	46.873330	-114.005540	1746324313	2025-05-04	02:05:13	Sun
McCormick Park	a9fb3a207c6f58ba20301823ffcfe7a10cb7fd13	46.871920	-114.006640	1746335093	2025-05-04	05:04:53	Sun
McCormick Park	b7f8d3a6da51b8ecdea9b8903da9cfb880f01e9c	46.871677	-114.002240	1746391753	2025-05-04	20:49:13	Sun
McCormick Park	b7f8d3a6da51b8ecdea9b8903da9cfb880f01e9c	46.871618	-114.002210	1746391755	2025-05-04	20:49:15	Sun
McCormick Park	b7f8d3a6da51b8ecdea9b8903da9cfb880f01e9c	46.871630	-114.002200	1746391756	2025-05-04	20:49:16	Sun
McCormick Park	f9bd331c99a1d9dab49a86b6f950efdc76c87e85	46.871430	-114.004950	1746395342	2025-05-04	21:49:02	Sun
McCormick Park	5574b32428eb6f42f4b9b272d5740d19ba1ce483	46.871540	-114.004810	1746344518	2025-05-04	07:41:58	Sun
McCormick Park	c4e055227a7f9525d4171699b29e4491354b36e4	46.872210	-114.004100	1746322021	2025-05-04	01:27:01	Sun
McCormick Park	c4e055227a7f9525d4171699b29e4491354b36e4	46.872420	-114.004050	1746322027	2025-05-04	01:27:07	Sun
McCormick Park	c4e055227a7f9525d4171699b29e4491354b36e4	46.872210	-114.004480	1746322032	2025-05-04	01:27:12	Sun
McCormick Park	c4e055227a7f9525d4171699b29e4491354b36e4	46.872740	-114.004430	1746322040	2025-05-04	01:27:20	Sun
McCormick Park	c4e055227a7f9525d4171699b29e4491354b36e4	46.872100	-114.004940	1746322137	2025-05-04	01:28:57	Sun
McCormick Park	c4e055227a7f9525d4171699b29e4491354b36e4	46.872560	-114.004830	1746322202	2025-05-04	01:30:02	Sun
McCormick Park	c4e055227a7f9525d4171699b29e4491354b36e4	46.871920	-114.004990	1746322249	2025-05-04	01:30:49	Sun
McCormick Park	c4e055227a7f9525d4171699b29e4491354b36e4	46.872250	-114.004740	1746322215	2025-05-04	01:30:15	Sun
McCormick Park	c4e055227a7f9525d4171699b29e4491354b36e4	46.872140	-114.005250	1746322256	2025-05-04	01:30:56	Sun
McCormick Park	f47c151d1776c669db5e30cd3a666ca7aef4d24b	46.871310	-114.003160	1746316883	2025-05-04	00:01:23	Sun
McCormick Park	f47c151d1776c669db5e30cd3a666ca7aef4d24b	46.871350	-114.003380	1746317209	2025-05-04	00:06:49	Sun
McCormick Park	f47c151d1776c669db5e30cd3a666ca7aef4d24b	46.871160	-114.003310	1746317214	2025-05-04	00:06:54	Sun
McCormick Park	f47c151d1776c669db5e30cd3a666ca7aef4d24b	46.871340	-114.003130	1746317221	2025-05-04	00:07:01	Sun
McCormick Park	f47c151d1776c669db5e30cd3a666ca7aef4d24b	46.871310	-114.003150	1746317225	2025-05-04	00:07:05	Sun
McCormick Park	f47c151d1776c669db5e30cd3a666ca7aef4d24b	46.871140	-114.003040	1746317229	2025-05-04	00:07:09	Sun
McCormick Park	f47c151d1776c669db5e30cd3a666ca7aef4d24b	46.871300	-114.003110	1746317230	2025-05-04	00:07:10	Sun
McCormick Park	f47c151d1776c669db5e30cd3a666ca7aef4d24b	46.871010	-114.003170	1746317231	2025-05-04	00:07:11	Sun
McCormick Park	f47c151d1776c669db5e30cd3a666ca7aef4d24b	46.871310	-114.003150	1746317243	2025-05-04	00:07:23	Sun
McCormick Park	f47c151d1776c669db5e30cd3a666ca7aef4d24b	46.871330	-114.003450	1746317244	2025-05-04	00:07:24	Sun
McCormick Park	f47c151d1776c669db5e30cd3a666ca7aef4d24b	46.871330	-114.003190	1746317244	2025-05-04	00:07:24	Sun
McCormick Park	f47c151d1776c669db5e30cd3a666ca7aef4d24b	46.871300	-114.003110	1746317260	2025-05-04	00:07:40	Sun
McCormick Park	f47c151d1776c669db5e30cd3a666ca7aef4d24b	46.871300	-114.003160	1746317260	2025-05-04	00:07:40	Sun
McCormick Park	f47c151d1776c669db5e30cd3a666ca7aef4d24b	46.871560	-114.003160	1746317286	2025-05-04	00:08:06	Sun
McCormick Park	f47c151d1776c669db5e30cd3a666ca7aef4d24b	46.871340	-114.003100	1746317290	2025-05-04	00:08:10	Sun
McCormick Park	f47c151d1776c669db5e30cd3a666ca7aef4d24b	46.870990	-114.003510	1746317302	2025-05-04	00:08:22	Sun
McCormick Park	f47c151d1776c669db5e30cd3a666ca7aef4d24b	46.871570	-114.003140	1746317303	2025-05-04	00:08:23	Sun
McCormick Park	f47c151d1776c669db5e30cd3a666ca7aef4d24b	46.871050	-114.003100	1746317304	2025-05-04	00:08:24	Sun
McCormick Park	f47c151d1776c669db5e30cd3a666ca7aef4d24b	46.871370	-114.003160	1746317305	2025-05-04	00:08:25	Sun
McCormick Park	f47c151d1776c669db5e30cd3a666ca7aef4d24b	46.871080	-114.003160	1746317309	2025-05-04	00:08:29	Sun
McCormick Park	f47c151d1776c669db5e30cd3a666ca7aef4d24b	46.871120	-114.003450	1746317312	2025-05-04	00:08:32	Sun
McCormick Park	f47c151d1776c669db5e30cd3a666ca7aef4d24b	46.871170	-114.003470	1746317317	2025-05-04	00:08:37	Sun
McCormick Park	f47c151d1776c669db5e30cd3a666ca7aef4d24b	46.871030	-114.003140	1746317321	2025-05-04	00:08:41	Sun
McCormick Park	f47c151d1776c669db5e30cd3a666ca7aef4d24b	46.871370	-114.003160	1746317323	2025-05-04	00:08:43	Sun
McCormick Park	f47c151d1776c669db5e30cd3a666ca7aef4d24b	46.871380	-114.003500	1746317403	2025-05-04	00:10:03	Sun
McCormick Park	f47c151d1776c669db5e30cd3a666ca7aef4d24b	46.871370	-114.003400	1746317408	2025-05-04	00:10:08	Sun
McCormick Park	f47c151d1776c669db5e30cd3a666ca7aef4d24b	46.871300	-114.003180	1746317411	2025-05-04	00:10:11	Sun
McCormick Park	f47c151d1776c669db5e30cd3a666ca7aef4d24b	46.871300	-114.003500	1746317412	2025-05-04	00:10:12	Sun
McCormick Park	f47c151d1776c669db5e30cd3a666ca7aef4d24b	46.871330	-114.003170	1746317417	2025-05-04	00:10:17	Sun
McCormick Park	f47c151d1776c669db5e30cd3a666ca7aef4d24b	46.871330	-114.003170	1746317418	2025-05-04	00:10:18	Sun
McCormick Park	f47c151d1776c669db5e30cd3a666ca7aef4d24b	46.871380	-114.003500	1746317422	2025-05-04	00:10:22	Sun
McCormick Park	f47c151d1776c669db5e30cd3a666ca7aef4d24b	46.871100	-114.003140	1746317427	2025-05-04	00:10:27	Sun
McCormick Park	f47c151d1776c669db5e30cd3a666ca7aef4d24b	46.871330	-114.003430	1746317429	2025-05-04	00:10:29	Sun
McCormick Park	f47c151d1776c669db5e30cd3a666ca7aef4d24b	46.871300	-114.003410	1746317431	2025-05-04	00:10:31	Sun
McCormick Park	f47c151d1776c669db5e30cd3a666ca7aef4d24b	46.871110	-114.003170	1746317432	2025-05-04	00:10:32	Sun
McCormick Park	f47c151d1776c669db5e30cd3a666ca7aef4d24b	46.870990	-114.003150	1746317435	2025-05-04	00:10:35	Sun
McCormick Park	f47c151d1776c669db5e30cd3a666ca7aef4d24b	46.870990	-114.003440	1746317440	2025-05-04	00:10:40	Sun
McCormick Park	f47c151d1776c669db5e30cd3a666ca7aef4d24b	46.870980	-114.003420	1746317459	2025-05-04	00:10:59	Sun
McCormick Park	f47c151d1776c669db5e30cd3a666ca7aef4d24b	46.871360	-114.003300	1746317232	2025-05-04	00:07:12	Sun
McCormick Park	f47c151d1776c669db5e30cd3a666ca7aef4d24b	46.871300	-114.003110	1746317256	2025-05-04	00:07:36	Sun
McCormick Park	e0d8a3f6a6c76f04fc7e2239e4843b644b5049f1	46.871790	-114.005400	1746318000	2025-05-04	00:20:00	Sun
McCormick Park	7358f174f65ec234e1a4a15d2d5eebecd11723a6	46.871060	-114.002070	1746395682	2025-05-04	21:54:42	Sun
McCormick Park	11b96a22ab0795cff52fe3139326e1b64196b36b	46.871530	-114.004900	1746381706	2025-05-04	18:01:46	Sun
McCormick Park	11b96a22ab0795cff52fe3139326e1b64196b36b	46.873230	-114.004640	1746381807	2025-05-04	18:03:27	Sun
McCormick Park	11b96a22ab0795cff52fe3139326e1b64196b36b	46.872910	-114.004900	1746381811	2025-05-04	18:03:31	Sun
McCormick Park	df8196eac37cc3c67a42f2104ff4c9e3a5f6715f	46.872400	-114.005220	1746398275	2025-05-04	22:37:55	Sun
McCormick Park	df8196eac37cc3c67a42f2104ff4c9e3a5f6715f	46.872080	-114.004960	1746398275	2025-05-04	22:37:55	Sun
McCormick Park	df8196eac37cc3c67a42f2104ff4c9e3a5f6715f	46.872970	-114.004880	1746398607	2025-05-04	22:43:27	Sun
McCormick Park	df8196eac37cc3c67a42f2104ff4c9e3a5f6715f	46.872980	-114.005280	1746398662	2025-05-04	22:44:22	Sun
McCormick Park	df8196eac37cc3c67a42f2104ff4c9e3a5f6715f	46.872930	-114.005770	1746400523	2025-05-04	23:15:23	Sun
McCormick Park	df8196eac37cc3c67a42f2104ff4c9e3a5f6715f	46.873250	-114.005510	1746400526	2025-05-04	23:15:26	Sun
McCormick Park	df8196eac37cc3c67a42f2104ff4c9e3a5f6715f	46.872940	-114.005550	1746402574	2025-05-04	23:49:34	Sun
McCormick Park	df8196eac37cc3c67a42f2104ff4c9e3a5f6715f	46.872050	-114.004940	1746398278	2025-05-04	22:37:58	Sun
McCormick Park	df8196eac37cc3c67a42f2104ff4c9e3a5f6715f	46.872930	-114.005770	1746400525	2025-05-04	23:15:25	Sun
McCormick Park	df8196eac37cc3c67a42f2104ff4c9e3a5f6715f	46.872920	-114.005520	1746402571	2025-05-04	23:49:31	Sun
McCormick Park	df8196eac37cc3c67a42f2104ff4c9e3a5f6715f	46.872980	-114.004900	1746398671	2025-05-04	22:44:31	Sun
McCormick Park	df8196eac37cc3c67a42f2104ff4c9e3a5f6715f	46.872940	-114.005550	1746402592	2025-05-04	23:49:52	Sun
McCormick Park	9fd6b59f0f4308de80f9983d3c9d1ad09797addb	46.872499	-114.004783	1746317739	2025-05-04	00:15:39	Sun
McCormick Park	9fd6b59f0f4308de80f9983d3c9d1ad09797addb	46.872432	-114.004807	1746317758	2025-05-04	00:15:58	Sun
McCormick Park	9fd6b59f0f4308de80f9983d3c9d1ad09797addb	46.872461	-114.004781	1746317761	2025-05-04	00:16:01	Sun
McCormick Park	6caef492bbd9f0c78ef2508de99a02d7065a47f6	46.871030	-114.002280	1746402180	2025-05-04	23:43:00	Sun
McCormick Park	61f6af33c88cc4a1816dba64b75833d18299e46b	46.870750	-114.002670	1746400525	2025-05-04	23:15:25	Sun
McCormick Park	c0e95fd1b687b69fec441a6e03bf849a3a6262c1	46.871050	-114.003140	1746349642	2025-05-04	09:07:22	Sun
McCormick Park	5a5bda0ef56b31eff228e17a1b1902aaa2461520	46.871360	-114.003150	1746399409	2025-05-04	22:56:49	Sun
McCormick Park	5a5bda0ef56b31eff228e17a1b1902aaa2461520	46.871360	-114.003150	1746399413	2025-05-04	22:56:53	Sun
McCormick Park	5a5bda0ef56b31eff228e17a1b1902aaa2461520	46.871380	-114.003150	1746399404	2025-05-04	22:56:44	Sun
McCormick Park	531dbd66f5492b48b449570bc13b595aa42458e4	46.872800	-114.005370	1746382489	2025-05-04	18:14:49	Sun
McCormick Park	763191769798ad8330434bdc3ec98c60c778da33	46.871260	-114.004570	1746393642	2025-05-04	21:20:42	Sun
McCormick Park	763191769798ad8330434bdc3ec98c60c778da33	46.871230	-114.004140	1746400454	2025-05-04	23:14:14	Sun
McCormick Park	763191769798ad8330434bdc3ec98c60c778da33	46.871530	-114.004600	1746402031	2025-05-04	23:40:31	Sun
McCormick Park	763191769798ad8330434bdc3ec98c60c778da33	46.871240	-114.004500	1746403043	2025-05-04	23:57:23	Sun
McCormick Park	763191769798ad8330434bdc3ec98c60c778da33	46.871250	-114.004500	1746403045	2025-05-04	23:57:25	Sun
McCormick Park	763191769798ad8330434bdc3ec98c60c778da33	46.871230	-114.004510	1746393646	2025-05-04	21:20:46	Sun
McCormick Park	67f3a688dc821d13f2d1d7eeaf5cd31967c33794	46.872460	-114.002060	1749491738	2025-06-09	17:55:38	Mon
McCormick Park	67f3a688dc821d13f2d1d7eeaf5cd31967c33794	46.872460	-114.002040	1749491738	2025-06-09	17:55:38	Mon
McCormick Park	65fecc6352dde4f803ee42eca4032bdd5355db67	46.872970	-114.005220	1749507590	2025-06-09	22:19:50	Mon
McCormick Park	65fecc6352dde4f803ee42eca4032bdd5355db67	46.872580	-114.005340	1749507620	2025-06-09	22:20:20	Mon
McCormick Park	65fecc6352dde4f803ee42eca4032bdd5355db67	46.872830	-114.005450	1749507630	2025-06-09	22:20:30	Mon
McCormick Park	fe6822b1f1dfe71f79a7a27d06184c42307467a0	46.872290	-114.004630	1749502206	2025-06-09	20:50:06	Mon
McCormick Park	77de5130f2a3fedcd4eae12832e7252397dc5174	46.871360	-114.002580	1749492452	2025-06-09	18:07:32	Mon
McCormick Park	77de5130f2a3fedcd4eae12832e7252397dc5174	46.870740	-114.002500	1749492424	2025-06-09	18:07:04	Mon
McCormick Park	77de5130f2a3fedcd4eae12832e7252397dc5174	46.871210	-114.002530	1749492459	2025-06-09	18:07:39	Mon
McCormick Park	d61ab7445ba7e496c8a7db32cda6ea6376c88751	46.871100	-114.001950	1749435687	2025-06-09	02:21:27	Mon
McCormick Park	bdb7b269e2794068e052c02df8416357fde8e60a	46.872800	-114.005050	1749497857	2025-06-09	19:37:37	Mon
McCormick Park	bdb7b269e2794068e052c02df8416357fde8e60a	46.872800	-114.005010	1749497868	2025-06-09	19:37:48	Mon
McCormick Park	356b4ec0e49a2e8b147424ebbc7f72adc114eed9	46.870850	-114.002360	1749489692	2025-06-09	17:21:32	Mon
McCormick Park	ee00732751dce7df1f42ed1a945a74410751c8d6	46.870690	-114.002680	1749508384	2025-06-09	22:33:04	Mon
McCormick Park	39713b2ed79170ecd5828f8c0b3510c707ce1011	46.874360	-114.005020	1749457077	2025-06-09	08:17:57	Mon
McCormick Park	39713b2ed79170ecd5828f8c0b3510c707ce1011	46.873790	-114.005200	1749457001	2025-06-09	08:16:41	Mon
McCormick Park	a8d7c3e6eba7511cd357897ed550a154e605ade9	46.870750	-114.002550	1749483005	2025-06-09	15:30:05	Mon
McCormick Park	0411924f7ad1bae7842a43da180070ff56830d07	46.871020	-114.002110	1749431271	2025-06-09	01:07:51	Mon
McCormick Park	fb0c1ee6b2e7c87a4b0bf881660d3ef1241d2f3a	46.871400	-114.004660	1749433754	2025-06-09	01:49:14	Mon
McCormick Park	824af94ee4681d0951d66c729877656678831895	46.871580	-114.001720	1749427454	2025-06-09	00:04:14	Mon
McCormick Park	4ed4032e0034e6ff7617dac28af1fa995ad41240	46.870890	-114.002810	1749510417	2025-06-09	23:06:57	Mon
McCormick Park	aa6ad42fbfbd9cb433e65b2924e5fc6982cc03f5	46.872830	-114.003670	1749435051	2025-06-09	02:10:51	Mon
McCormick Park	1ccaca1e2a1670f70d8375cfecc68063094bf320	46.873750	-114.004600	1749511251	2025-06-09	23:20:51	Mon
McCormick Park	bd757f9eed2aa77082104bbb473bb3239f19e7ab	46.872900	-114.005600	1749491572	2025-06-09	17:52:52	Mon
McCormick Park	bd757f9eed2aa77082104bbb473bb3239f19e7ab	46.872910	-114.005260	1749494866	2025-06-09	18:47:46	Mon
McCormick Park	a43c3df650b8ad2aada88483fffa5e06eb287250	46.871860	-114.001820	1749429610	2025-06-09	00:40:10	Mon
McCormick Park	37438b72105f71d09234e03de68acc331b866f2d	46.872770	-114.005270	1749429127	2025-06-09	00:32:07	Mon
McCormick Park	2fd3efa9b16254e30ab0d663496e180389d2c82a	46.870920	-114.002360	1749496918	2025-06-09	19:21:58	Mon
McCormick Park	1739134cb2a0e66ab3a3b98790739fb63524241b	46.872200	-114.004610	1749427443	2025-06-09	00:04:03	Mon
McCormick Park	1d94ec3106762c514521234e2cdbc2c00f40764d	46.871730	-114.005580	1749441385	2025-06-09	03:56:25	Mon
McCormick Park	460c6cc009968a6ca04d1dc7085baa2a52947c9e	46.872450	-114.003400	1749439185	2025-06-09	03:19:45	Mon
McCormick Park	460c6cc009968a6ca04d1dc7085baa2a52947c9e	46.872730	-114.003020	1749439192	2025-06-09	03:19:52	Mon
McCormick Park	460c6cc009968a6ca04d1dc7085baa2a52947c9e	46.872470	-114.003400	1749439197	2025-06-09	03:19:57	Mon
McCormick Park	c3478d40d407f049768aa1b884a6d25d7f93f105	46.871100	-114.002430	1749502563	2025-06-09	20:56:03	Mon
McCormick Park	c3478d40d407f049768aa1b884a6d25d7f93f105	46.871100	-114.002440	1749502563	2025-06-09	20:56:03	Mon
McCormick Park	c3478d40d407f049768aa1b884a6d25d7f93f105	46.871100	-114.002470	1749502618	2025-06-09	20:56:58	Mon
McCormick Park	6140405c6e9943e753d86583691e0a6baab4efbb	46.871390	-114.004530	1749499778	2025-06-09	20:09:38	Mon
McCormick Park	1f5fb55b5f972839a83c7ce395e8ced39a6a5255	46.873670	-114.003360	1749490513	2025-06-09	17:35:13	Mon
McCormick Park	1f5fb55b5f972839a83c7ce395e8ced39a6a5255	46.873660	-114.003340	1749490516	2025-06-09	17:35:16	Mon
McCormick Park	42142141c284e53aebc8df57cadd64ec40d9ab35	46.871340	-114.004900	1749481302	2025-06-09	15:01:42	Mon
McCormick Park	e9c2d2619aaeb8f8797e6249bc8fbbda42b21bea	46.871320	-114.001800	1749504392	2025-06-09	21:26:32	Mon
McCormick Park	fb2c9c410ee671cf5cd7622750de8ef422f0c5b6	46.870700	-114.002730	1749501914	2025-06-09	20:45:14	Mon
McCormick Park	fb2c9c410ee671cf5cd7622750de8ef422f0c5b6	46.870700	-114.002770	1749501914	2025-06-09	20:45:14	Mon
McCormick Park	fb2c9c410ee671cf5cd7622750de8ef422f0c5b6	46.870700	-114.002700	1749501922	2025-06-09	20:45:22	Mon
McCormick Park	5b6f1eb0e98dd4a600ff88080dae05de590f619b	46.872370	-114.004730	1749428887	2025-06-09	00:28:07	Mon
McCormick Park	5b6f1eb0e98dd4a600ff88080dae05de590f619b	46.872370	-114.004740	1749428886	2025-06-09	00:28:06	Mon
McCormick Park	e173ac83f8f4e3c9e6b935e9332f7b3fad6bea59	46.871230	-114.001660	1749501086	2025-06-09	20:31:26	Mon
McCormick Park	58d1043f429bfc5384e41818aaf14c6f203b172f	46.871760	-114.002420	1749488355	2025-06-09	16:59:15	Mon
McCormick Park	58d1043f429bfc5384e41818aaf14c6f203b172f	46.871400	-114.001980	1749487674	2025-06-09	16:47:54	Mon
McCormick Park	58d1043f429bfc5384e41818aaf14c6f203b172f	46.871510	-114.002070	1749488382	2025-06-09	16:59:42	Mon
McCormick Park	58d1043f429bfc5384e41818aaf14c6f203b172f	46.871980	-114.002530	1749488531	2025-06-09	17:02:11	Mon
McCormick Park	009bb047c8083095ed146c947e1af066d0e8b85f	46.871640	-114.002080	1749427859	2025-06-09	00:10:59	Mon
McCormick Park	009bb047c8083095ed146c947e1af066d0e8b85f	46.872580	-114.003660	1749428138	2025-06-09	00:15:38	Mon
McCormick Park	7fc0e2549e12e467f98361a24f95e2bf16f86d10	46.872010	-114.002040	1749504350	2025-06-09	21:25:50	Mon
McCormick Park	7fc0e2549e12e467f98361a24f95e2bf16f86d10	46.872120	-114.002550	1749505803	2025-06-09	21:50:03	Mon
McCormick Park	0cad55b7733996d6cbb834277386378637bd1b70	46.871010	-114.002320	1749508051	2025-06-09	22:27:31	Mon
McCormick Park	0cad55b7733996d6cbb834277386378637bd1b70	46.871070	-114.002320	1749508060	2025-06-09	22:27:40	Mon
McCormick Park	0cad55b7733996d6cbb834277386378637bd1b70	46.871050	-114.002360	1749508070	2025-06-09	22:27:50	Mon
McCormick Park	a9075d3685cfb92d8760a30bf2c7e6ef16452eb8	46.870830	-114.002440	1749484526	2025-06-09	15:55:26	Mon
McCormick Park	24a82ce096c7aa21ace784eb89316e8a1dd3ce1f	46.871460	-114.001880	1749431319	2025-06-09	01:08:39	Mon
McCormick Park	460135a0c51b6da8c3956c7f1a20ea9b2f29f67a	46.872390	-114.002050	1749482752	2025-06-09	15:25:52	Mon
McCormick Park	eb65107c491f62fd04fa7113b96bba1edb662390	46.872900	-114.005570	1749428693	2025-06-09	00:24:53	Mon
McCormick Park	3d6364121a7f74a3b2f107a0fd07c7a4fa979856	46.870830	-114.003100	1749490354	2025-06-09	17:32:34	Mon
McCormick Park	1da0e141689dc1bead83e94eeaa8235435507888	46.872800	-114.004880	1749495495	2025-06-09	18:58:15	Mon
McCormick Park	7e0a9f076a9e4c8e95fb9d35f87af67131ee79dc	46.871310	-114.001930	1749442142	2025-06-09	04:09:02	Mon
McCormick Park	7e0a9f076a9e4c8e95fb9d35f87af67131ee79dc	46.871330	-114.001960	1749442193	2025-06-09	04:09:53	Mon
McCormick Park	7e0a9f076a9e4c8e95fb9d35f87af67131ee79dc	46.871320	-114.001940	1749442197	2025-06-09	04:09:57	Mon
McCormick Park	7e0a9f076a9e4c8e95fb9d35f87af67131ee79dc	46.871350	-114.001920	1749442216	2025-06-09	04:10:16	Mon
McCormick Park	7e0a9f076a9e4c8e95fb9d35f87af67131ee79dc	46.871110	-114.002230	1749442220	2025-06-09	04:10:20	Mon
McCormick Park	7e0a9f076a9e4c8e95fb9d35f87af67131ee79dc	46.871170	-114.002240	1749442220	2025-06-09	04:10:20	Mon
McCormick Park	7e0a9f076a9e4c8e95fb9d35f87af67131ee79dc	46.871090	-114.001990	1749442230	2025-06-09	04:10:30	Mon
McCormick Park	7e0a9f076a9e4c8e95fb9d35f87af67131ee79dc	46.871360	-114.001520	1749442233	2025-06-09	04:10:33	Mon
McCormick Park	7e0a9f076a9e4c8e95fb9d35f87af67131ee79dc	46.871420	-114.002190	1749443531	2025-06-09	04:32:11	Mon
McCormick Park	7e0a9f076a9e4c8e95fb9d35f87af67131ee79dc	46.871470	-114.001850	1749443535	2025-06-09	04:32:15	Mon
McCormick Park	7e0a9f076a9e4c8e95fb9d35f87af67131ee79dc	46.871480	-114.001850	1749443538	2025-06-09	04:32:18	Mon
McCormick Park	7e0a9f076a9e4c8e95fb9d35f87af67131ee79dc	46.871430	-114.001800	1749443543	2025-06-09	04:32:23	Mon
McCormick Park	7e0a9f076a9e4c8e95fb9d35f87af67131ee79dc	46.871700	-114.002100	1749443548	2025-06-09	04:32:28	Mon
McCormick Park	7e0a9f076a9e4c8e95fb9d35f87af67131ee79dc	46.871340	-114.001940	1749444842	2025-06-09	04:54:02	Mon
McCormick Park	7e0a9f076a9e4c8e95fb9d35f87af67131ee79dc	46.871370	-114.001970	1749444845	2025-06-09	04:54:05	Mon
McCormick Park	7e0a9f076a9e4c8e95fb9d35f87af67131ee79dc	46.871300	-114.001980	1749444895	2025-06-09	04:54:55	Mon
McCormick Park	7e0a9f076a9e4c8e95fb9d35f87af67131ee79dc	46.871400	-114.001920	1749445992	2025-06-09	05:13:12	Mon
McCormick Park	7e0a9f076a9e4c8e95fb9d35f87af67131ee79dc	46.871400	-114.001950	1749446005	2025-06-09	05:13:25	Mon
McCormick Park	7e0a9f076a9e4c8e95fb9d35f87af67131ee79dc	46.871180	-114.002220	1749442226	2025-06-09	04:10:26	Mon
McCormick Park	7e0a9f076a9e4c8e95fb9d35f87af67131ee79dc	46.871370	-114.001970	1749442228	2025-06-09	04:10:28	Mon
McCormick Park	7e0a9f076a9e4c8e95fb9d35f87af67131ee79dc	46.871230	-114.002130	1749443529	2025-06-09	04:32:09	Mon
McCormick Park	7e0a9f076a9e4c8e95fb9d35f87af67131ee79dc	46.871470	-114.001870	1749443532	2025-06-09	04:32:12	Mon
McCormick Park	7e0a9f076a9e4c8e95fb9d35f87af67131ee79dc	46.871460	-114.001820	1749443533	2025-06-09	04:32:13	Mon
McCormick Park	7e0a9f076a9e4c8e95fb9d35f87af67131ee79dc	46.871740	-114.002100	1749443536	2025-06-09	04:32:16	Mon
McCormick Park	7e0a9f076a9e4c8e95fb9d35f87af67131ee79dc	46.871410	-114.002180	1749443538	2025-06-09	04:32:18	Mon
McCormick Park	7e0a9f076a9e4c8e95fb9d35f87af67131ee79dc	46.871750	-114.002100	1749443539	2025-06-09	04:32:19	Mon
McCormick Park	7e0a9f076a9e4c8e95fb9d35f87af67131ee79dc	46.871480	-114.001840	1749443542	2025-06-09	04:32:22	Mon
McCormick Park	7e0a9f076a9e4c8e95fb9d35f87af67131ee79dc	46.871450	-114.001840	1749443546	2025-06-09	04:32:26	Mon
McCormick Park	7e0a9f076a9e4c8e95fb9d35f87af67131ee79dc	46.871460	-114.001880	1749443568	2025-06-09	04:32:48	Mon
McCormick Park	7e0a9f076a9e4c8e95fb9d35f87af67131ee79dc	46.871320	-114.001950	1749444842	2025-06-09	04:54:02	Mon
McCormick Park	7e0a9f076a9e4c8e95fb9d35f87af67131ee79dc	46.871330	-114.001910	1749444848	2025-06-09	04:54:08	Mon
McCormick Park	7e0a9f076a9e4c8e95fb9d35f87af67131ee79dc	46.871310	-114.002330	1749444850	2025-06-09	04:54:10	Mon
McCormick Park	7e0a9f076a9e4c8e95fb9d35f87af67131ee79dc	46.871640	-114.001930	1749444860	2025-06-09	04:54:20	Mon
McCormick Park	7e0a9f076a9e4c8e95fb9d35f87af67131ee79dc	46.871320	-114.001930	1749444889	2025-06-09	04:54:49	Mon
McCormick Park	7e0a9f076a9e4c8e95fb9d35f87af67131ee79dc	46.871510	-114.002280	1749445937	2025-06-09	05:12:17	Mon
McCormick Park	7e0a9f076a9e4c8e95fb9d35f87af67131ee79dc	46.871160	-114.001970	1749445982	2025-06-09	05:13:02	Mon
McCormick Park	7e0a9f076a9e4c8e95fb9d35f87af67131ee79dc	46.871120	-114.001910	1749445988	2025-06-09	05:13:08	Mon
McCormick Park	7e0a9f076a9e4c8e95fb9d35f87af67131ee79dc	46.871460	-114.002210	1749445991	2025-06-09	05:13:11	Mon
McCormick Park	7e0a9f076a9e4c8e95fb9d35f87af67131ee79dc	46.871400	-114.001970	1749446005	2025-06-09	05:13:25	Mon
McCormick Park	7e0a9f076a9e4c8e95fb9d35f87af67131ee79dc	46.871460	-114.001990	1749446014	2025-06-09	05:13:34	Mon
McCormick Park	7e0a9f076a9e4c8e95fb9d35f87af67131ee79dc	46.871430	-114.002240	1749446020	2025-06-09	05:13:40	Mon
McCormick Park	7e0a9f076a9e4c8e95fb9d35f87af67131ee79dc	46.871140	-114.001910	1749446022	2025-06-09	05:13:42	Mon
McCormick Park	7e0a9f076a9e4c8e95fb9d35f87af67131ee79dc	46.871420	-114.001900	1749446027	2025-06-09	05:13:47	Mon
McCormick Park	7e0a9f076a9e4c8e95fb9d35f87af67131ee79dc	46.871260	-114.001930	1749446916	2025-06-09	05:28:36	Mon
McCormick Park	7e0a9f076a9e4c8e95fb9d35f87af67131ee79dc	46.871200	-114.001910	1749446919	2025-06-09	05:28:39	Mon
McCormick Park	7e0a9f076a9e4c8e95fb9d35f87af67131ee79dc	46.871350	-114.001950	1749446921	2025-06-09	05:28:41	Mon
McCormick Park	7e0a9f076a9e4c8e95fb9d35f87af67131ee79dc	46.871310	-114.001950	1749446922	2025-06-09	05:28:42	Mon
McCormick Park	09779ff8e054796c2d5cced0ee8106ec93c636be	46.872290	-114.002200	1749470740	2025-06-09	12:05:40	Mon
McCormick Park	09779ff8e054796c2d5cced0ee8106ec93c636be	46.872260	-114.002200	1749470742	2025-06-09	12:05:42	Mon
McCormick Park	00f3b84bea316933d64326b2a2300cd3d9faa540	46.871770	-114.004500	1749429138	2025-06-09	00:32:18	Mon
McCormick Park	208ad11922bd51c355c3e6ba3b4f3412b70ec4bc	46.871260	-114.002010	1749439283	2025-06-09	03:21:23	Mon
McCormick Park	ac50ca4ee7506f11959dddff2d5db1513d6478d3	46.872630	-114.005300	1749435336	2025-06-09	02:15:36	Mon
McCormick Park	ac50ca4ee7506f11959dddff2d5db1513d6478d3	46.872690	-114.005300	1749435347	2025-06-09	02:15:47	Mon
McCormick Park	ac50ca4ee7506f11959dddff2d5db1513d6478d3	46.872800	-114.005380	1749433860	2025-06-09	01:51:00	Mon
McCormick Park	ac50ca4ee7506f11959dddff2d5db1513d6478d3	46.872860	-114.005340	1749433871	2025-06-09	01:51:11	Mon
McCormick Park	ac50ca4ee7506f11959dddff2d5db1513d6478d3	46.872670	-114.005300	1749435347	2025-06-09	02:15:47	Mon
McCormick Park	ac50ca4ee7506f11959dddff2d5db1513d6478d3	46.873210	-114.005700	1749438337	2025-06-09	03:05:37	Mon
McCormick Park	ac50ca4ee7506f11959dddff2d5db1513d6478d3	46.873230	-114.005740	1749438340	2025-06-09	03:05:40	Mon
McCormick Park	ac50ca4ee7506f11959dddff2d5db1513d6478d3	46.873200	-114.005700	1749438344	2025-06-09	03:05:44	Mon
McCormick Park	ac50ca4ee7506f11959dddff2d5db1513d6478d3	46.872800	-114.005610	1749438753	2025-06-09	03:12:33	Mon
McCormick Park	c39d1446df0ab741bdf84eb9a30504833a3105bd	46.870710	-114.002650	1749493921	2025-06-09	18:32:01	Mon
McCormick Park	b4772d075ad1a867b09307a5bfba7970918e9fb9	46.870780	-114.002840	1749484490	2025-06-09	15:54:50	Mon
McCormick Park	33ba7ee62572af84f1bbf77497a111352f055e46	46.872980	-114.005400	1749432401	2025-06-09	01:26:41	Mon
McCormick Park	33ba7ee62572af84f1bbf77497a111352f055e46	46.872860	-114.005110	1749432165	2025-06-09	01:22:45	Mon
McCormick Park	e61afaf443bf12e5b1f28f9e45973e9fb6276fff	46.871050	-114.003420	1749512494	2025-06-09	23:41:34	Mon
McCormick Park	3928a138dd8828f7784d4907ac4a0f43ca15e0a4	46.870880	-114.002380	1749509664	2025-06-09	22:54:24	Mon
McCormick Park	3e8230820f3a22c90d720e415641fcb751dd780f	46.870800	-114.002730	1749500879	2025-06-09	20:27:59	Mon
McCormick Park	89e399dce32b2641ad3709521dc3dc01eed8ec08	46.871630	-114.005040	1749504498	2025-06-09	21:28:18	Mon
McCormick Park	548a5e427d036c6365c21098ce29084d9ae22216	46.871150	-114.002470	1749478800	2025-06-09	14:20:00	Mon
McCormick Park	f095cd4804c6c02d532172b7136f0357a315c458	46.871310	-114.003860	1749475271	2025-06-09	13:21:11	Mon
McCormick Park	516ef8b39812470a23c13dcc5d161167e0711b6b	46.871220	-114.002330	1749443344	2025-06-09	04:29:04	Mon
McCormick Park	516ef8b39812470a23c13dcc5d161167e0711b6b	46.871240	-114.002350	1749443342	2025-06-09	04:29:02	Mon
McCormick Park	1e4529f945bd39e134dfeff11cbff780ad1bb940	46.872820	-114.004740	1749434766	2025-06-09	02:06:06	Mon
McCormick Park	1e4529f945bd39e134dfeff11cbff780ad1bb940	46.872750	-114.004340	1749502409	2025-06-09	20:53:29	Mon
McCormick Park	1e4529f945bd39e134dfeff11cbff780ad1bb940	46.872800	-114.004570	1749502411	2025-06-09	20:53:31	Mon
McCormick Park	1e4529f945bd39e134dfeff11cbff780ad1bb940	46.872800	-114.004360	1749502412	2025-06-09	20:53:32	Mon
McCormick Park	1e4529f945bd39e134dfeff11cbff780ad1bb940	46.872620	-114.005310	1749507079	2025-06-09	22:11:19	Mon
McCormick Park	193e74ba6bcd848bc21bcb0af68ab9577daa211c	46.870740	-114.002840	1749482858	2025-06-09	15:27:38	Mon
McCormick Park	10bcb225bbcbbbc47dbb588221fab3d41e452e82	46.871460	-114.001420	1749498423	2025-06-09	19:47:03	Mon
McCormick Park	1b40f1e777dc91f062101adc408368eb8aafe4dd	46.871400	-114.001830	1749505808	2025-06-09	21:50:08	Mon
McCormick Park	1b40f1e777dc91f062101adc408368eb8aafe4dd	46.871050	-114.002100	1749505821	2025-06-09	21:50:21	Mon
McCormick Park	43483735066276ebb0aa78ce6b5dcbc0adecffc2	46.871990	-114.006470	1749492497	2025-06-09	18:08:17	Mon
McCormick Park	20a7eaad7fceab1f1494263892605450086ba1a5	46.870920	-114.002670	1749493651	2025-06-09	18:27:31	Mon
McCormick Park	a6cb1bc769178a4cda575114ad35e8e91087898b	46.871520	-114.001440	1749490048	2025-06-09	17:27:28	Mon
McCormick Park	763191769798ad8330434bdc3ec98c60c778da33	46.871870	-114.004520	1749432659	2025-06-09	01:30:59	Mon
McCormick Park	763191769798ad8330434bdc3ec98c60c778da33	46.871560	-114.004510	1749432665	2025-06-09	01:31:05	Mon
McCormick Park	2270bced78a6405a340e49b6e7a1254dea43f931	46.871050	-114.002610	1749480299	2025-06-09	14:44:59	Mon
McCormick Park	2270bced78a6405a340e49b6e7a1254dea43f931	46.871070	-114.002620	1749480308	2025-06-09	14:45:08	Mon
McCormick Park	a7b51d603473b991146fdf642898442a7b81c5ee	46.871750	-114.005650	1749505087	2025-06-09	21:38:07	Mon
McCormick Park	a7b51d603473b991146fdf642898442a7b81c5ee	46.871770	-114.005880	1749497864	2025-06-09	19:37:44	Mon
McCormick Park	3563ff2a1f1016922d22d5a7d8e6ae481a66dd6f	46.872970	-114.005530	1747356348	2025-05-16	00:45:48	Fri
McCormick Park	5f02f60278ed39e765c1267b26664eed6a2c0ace	46.872520	-114.004700	1747369743	2025-05-16	04:29:03	Fri
McCormick Park	5f02f60278ed39e765c1267b26664eed6a2c0ace	46.872880	-114.004730	1747369774	2025-05-16	04:29:34	Fri
McCormick Park	1dcac7103b324048a44f183f609e41fd815eead7	46.873610	-114.003480	1747413044	2025-05-16	16:30:44	Fri
McCormick Park	c86f63481d97cab94422f29ca9cdef620b570490	46.872830	-114.005440	1747406234	2025-05-16	14:37:14	Fri
McCormick Park	a291ce37decdc1bde09d7c65d0eb5d1f0351c0b0	46.872810	-114.004930	1747417322	2025-05-16	17:42:02	Fri
McCormick Park	986f6ebc426c150bb31fbe68f70e1f158abb0cfb	46.871280	-114.004610	1747378220	2025-05-16	06:50:20	Fri
McCormick Park	986f6ebc426c150bb31fbe68f70e1f158abb0cfb	46.871260	-114.004200	1747378245	2025-05-16	06:50:45	Fri
McCormick Park	6005c4514c404a5e99c3d2c507142c7185983584	46.871800	-114.006510	1747435177	2025-05-16	22:39:37	Fri
McCormick Park	aa8ef584faee5758b389d182da2f55c4b2333e80	46.872130	-114.004980	1747361369	2025-05-16	02:09:29	Fri
McCormick Park	aa8ef584faee5758b389d182da2f55c4b2333e80	46.872180	-114.004960	1747361382	2025-05-16	02:09:42	Fri
McCormick Park	824fbd37695be3817f074121bcf8a0f0f0f27c56	46.871330	-114.004020	1747421982	2025-05-16	18:59:42	Fri
McCormick Park	20e2f9b3638d093a492d73a04388b7aae3047bd1	46.870790	-114.002980	1747433858	2025-05-16	22:17:38	Fri
McCormick Park	0d94fa1dce5a38d1c142bc1781821ca0b3b3a020	46.871370	-114.003940	1747424041	2025-05-16	19:34:01	Fri
McCormick Park	0a92bfa7912d54eb5a191eaab3f718d66122dab2	46.871030	-114.002510	1747407122	2025-05-16	14:52:02	Fri
McCormick Park	f89160cce6f1380d53d207b748fef993f0539d4f	46.872920	-114.004440	1747355763	2025-05-16	00:36:03	Fri
McCormick Park	f89160cce6f1380d53d207b748fef993f0539d4f	46.873170	-114.005040	1747356025	2025-05-16	00:40:25	Fri
McCormick Park	f89160cce6f1380d53d207b748fef993f0539d4f	46.873210	-114.004980	1747356443	2025-05-16	00:47:23	Fri
McCormick Park	f89160cce6f1380d53d207b748fef993f0539d4f	46.871690	-114.006050	1747357226	2025-05-16	01:00:26	Fri
McCormick Park	f89160cce6f1380d53d207b748fef993f0539d4f	46.872430	-114.005080	1747357376	2025-05-16	01:02:56	Fri
McCormick Park	f89160cce6f1380d53d207b748fef993f0539d4f	46.871710	-114.005020	1747357577	2025-05-16	01:06:17	Fri
McCormick Park	ee53822d35fb81393833b07043f13b235bbeaefa	46.871050	-114.002030	1747359326	2025-05-16	01:35:26	Fri
McCormick Park	a72938fcdab83167b3e8673a7083491c7597bec0	46.871430	-114.004970	1743280539	2025-03-29	20:35:39	Sat
McCormick Park	a72938fcdab83167b3e8673a7083491c7597bec0	46.871670	-114.004990	1743281135	2025-03-29	20:45:35	Sat
McCormick Park	54b18b77cc50270fa1d9dbd6c3092841d35f5129	46.872240	-114.002180	1743233012	2025-03-29	07:23:32	Sat
McCormick Park	b96c8111b2cc05ff9514e24b8c0beb46c052e22a	46.871443	-114.001950	1743219653	2025-03-29	03:40:53	Sat
McCormick Park	b96c8111b2cc05ff9514e24b8c0beb46c052e22a	46.871400	-114.001880	1743221484	2025-03-29	04:11:24	Sat
McCormick Park	027e9f0b99049bc887e098f9704f2d0fcbded2ce	46.871916	-114.005180	1743265201	2025-03-29	16:20:01	Sat
McCormick Park	027e9f0b99049bc887e098f9704f2d0fcbded2ce	46.871949	-114.005180	1743265204	2025-03-29	16:20:04	Sat
McCormick Park	32759ce9c8ae9d75ced5445cec768b336153ca1d	46.873805	-114.004930	1743254373	2025-03-29	13:19:33	Sat
McCormick Park	32759ce9c8ae9d75ced5445cec768b336153ca1d	46.873830	-114.004911	1743254378	2025-03-29	13:19:38	Sat
McCormick Park	32759ce9c8ae9d75ced5445cec768b336153ca1d	46.873870	-114.004910	1743254376	2025-03-29	13:19:36	Sat
McCormick Park	32759ce9c8ae9d75ced5445cec768b336153ca1d	46.873810	-114.004960	1743254377	2025-03-29	13:19:37	Sat
McCormick Park	32759ce9c8ae9d75ced5445cec768b336153ca1d	46.873830	-114.004910	1743254378	2025-03-29	13:19:38	Sat
McCormick Park	74599de2aa425ac1526744562b5b4bbad4a77cc4	46.872248	-114.003324	1743279530	2025-03-29	20:18:50	Sat
McCormick Park	74599de2aa425ac1526744562b5b4bbad4a77cc4	46.872257	-114.003330	1743279537	2025-03-29	20:18:57	Sat
McCormick Park	74599de2aa425ac1526744562b5b4bbad4a77cc4	46.872260	-114.003340	1743279541	2025-03-29	20:19:01	Sat
McCormick Park	74599de2aa425ac1526744562b5b4bbad4a77cc4	46.872240	-114.003350	1743279541	2025-03-29	20:19:01	Sat
McCormick Park	74599de2aa425ac1526744562b5b4bbad4a77cc4	46.872260	-114.003340	1743279590	2025-03-29	20:19:50	Sat
McCormick Park	74599de2aa425ac1526744562b5b4bbad4a77cc4	46.872250	-114.003370	1743279590	2025-03-29	20:19:50	Sat
McCormick Park	74599de2aa425ac1526744562b5b4bbad4a77cc4	46.872248	-114.003324	1743279593	2025-03-29	20:19:53	Sat
McCormick Park	74599de2aa425ac1526744562b5b4bbad4a77cc4	46.872202	-114.003318	1743279595	2025-03-29	20:19:55	Sat
McCormick Park	b364de28d7b72c244f31f8cd91796d5121f3f170	46.872876	-114.003722	1743282960	2025-03-29	21:16:00	Sat
McCormick Park	b364de28d7b72c244f31f8cd91796d5121f3f170	46.872825	-114.003749	1743282969	2025-03-29	21:16:09	Sat
McCormick Park	b364de28d7b72c244f31f8cd91796d5121f3f170	46.872933	-114.003746	1743283002	2025-03-29	21:16:42	Sat
McCormick Park	b364de28d7b72c244f31f8cd91796d5121f3f170	46.872977	-114.003766	1743283008	2025-03-29	21:16:48	Sat
McCormick Park	b364de28d7b72c244f31f8cd91796d5121f3f170	46.873077	-114.003745	1743283054	2025-03-29	21:17:34	Sat
McCormick Park	b364de28d7b72c244f31f8cd91796d5121f3f170	46.873046	-114.003751	1743283057	2025-03-29	21:17:37	Sat
McCormick Park	b364de28d7b72c244f31f8cd91796d5121f3f170	46.873011	-114.003672	1743283090	2025-03-29	21:18:10	Sat
McCormick Park	b364de28d7b72c244f31f8cd91796d5121f3f170	46.873044	-114.003686	1743283099	2025-03-29	21:18:19	Sat
McCormick Park	b364de28d7b72c244f31f8cd91796d5121f3f170	46.873023	-114.003742	1743283114	2025-03-29	21:18:34	Sat
McCormick Park	b364de28d7b72c244f31f8cd91796d5121f3f170	46.873020	-114.003702	1743283118	2025-03-29	21:18:38	Sat
McCormick Park	b364de28d7b72c244f31f8cd91796d5121f3f170	46.873109	-114.003843	1743284701	2025-03-29	21:45:01	Sat
McCormick Park	b364de28d7b72c244f31f8cd91796d5121f3f170	46.873175	-114.003874	1743284703	2025-03-29	21:45:03	Sat
McCormick Park	b364de28d7b72c244f31f8cd91796d5121f3f170	46.872840	-114.003760	1743282965	2025-03-29	21:16:05	Sat
McCormick Park	b364de28d7b72c244f31f8cd91796d5121f3f170	46.872980	-114.003790	1743283004	2025-03-29	21:16:44	Sat
McCormick Park	b364de28d7b72c244f31f8cd91796d5121f3f170	46.873020	-114.003710	1743283054	2025-03-29	21:17:34	Sat
McCormick Park	b364de28d7b72c244f31f8cd91796d5121f3f170	46.873040	-114.003610	1743283092	2025-03-29	21:18:12	Sat
McCormick Park	b364de28d7b72c244f31f8cd91796d5121f3f170	46.873080	-114.003790	1743283112	2025-03-29	21:18:32	Sat
McCormick Park	b364de28d7b72c244f31f8cd91796d5121f3f170	46.873160	-114.003880	1743284694	2025-03-29	21:44:54	Sat
McCormick Park	820b6a9099d10b7ca8034b5584a856120fab7532	46.872633	-114.003102	1743266570	2025-03-29	16:42:50	Sat
McCormick Park	820b6a9099d10b7ca8034b5584a856120fab7532	46.872616	-114.003139	1743266570	2025-03-29	16:42:50	Sat
McCormick Park	820b6a9099d10b7ca8034b5584a856120fab7532	46.872508	-114.003184	1743267254	2025-03-29	16:54:14	Sat
McCormick Park	820b6a9099d10b7ca8034b5584a856120fab7532	46.872597	-114.003157	1743267256	2025-03-29	16:54:16	Sat
McCormick Park	820b6a9099d10b7ca8034b5584a856120fab7532	46.872558	-114.003147	1743267298	2025-03-29	16:54:58	Sat
McCormick Park	820b6a9099d10b7ca8034b5584a856120fab7532	46.872591	-114.003165	1743267299	2025-03-29	16:54:59	Sat
McCormick Park	820b6a9099d10b7ca8034b5584a856120fab7532	46.872680	-114.003180	1743266575	2025-03-29	16:42:55	Sat
McCormick Park	820b6a9099d10b7ca8034b5584a856120fab7532	46.872540	-114.003150	1743267258	2025-03-29	16:54:18	Sat
McCormick Park	820b6a9099d10b7ca8034b5584a856120fab7532	46.872530	-114.003160	1743267304	2025-03-29	16:55:04	Sat
McCormick Park	440c733caf71ce3d0f3f5c5bfe9b585eae19278b	46.872270	-114.005061	1743229531	2025-03-29	06:25:31	Sat
McCormick Park	440c733caf71ce3d0f3f5c5bfe9b585eae19278b	46.872210	-114.005056	1743229586	2025-03-29	06:26:26	Sat
McCormick Park	440c733caf71ce3d0f3f5c5bfe9b585eae19278b	46.872110	-114.004984	1743229800	2025-03-29	06:30:00	Sat
McCormick Park	440c733caf71ce3d0f3f5c5bfe9b585eae19278b	46.872270	-114.005060	1743229536	2025-03-29	06:25:36	Sat
McCormick Park	440c733caf71ce3d0f3f5c5bfe9b585eae19278b	46.872280	-114.005010	1743229548	2025-03-29	06:25:48	Sat
McCormick Park	440c733caf71ce3d0f3f5c5bfe9b585eae19278b	46.872200	-114.005080	1743229581	2025-03-29	06:26:21	Sat
McCormick Park	440c733caf71ce3d0f3f5c5bfe9b585eae19278b	46.872220	-114.005060	1743229586	2025-03-29	06:26:26	Sat
McCormick Park	440c733caf71ce3d0f3f5c5bfe9b585eae19278b	46.872100	-114.004990	1743229800	2025-03-29	06:30:00	Sat
McCormick Park	440c733caf71ce3d0f3f5c5bfe9b585eae19278b	46.872150	-114.004970	1743229804	2025-03-29	06:30:04	Sat
McCormick Park	ced55ba8678ab5274793abc657730fdf862e1aef	46.872600	-114.003200	1743224974	2025-03-29	05:09:34	Sat
McCormick Park	ced55ba8678ab5274793abc657730fdf862e1aef	46.872687	-114.003210	1743225036	2025-03-29	05:10:36	Sat
McCormick Park	ced55ba8678ab5274793abc657730fdf862e1aef	46.872620	-114.003200	1743224978	2025-03-29	05:09:38	Sat
McCormick Park	ced55ba8678ab5274793abc657730fdf862e1aef	46.872670	-114.003210	1743225036	2025-03-29	05:10:36	Sat
McCormick Park	68be52debe256fa216ea0ca58981d87c20d7e9a6	46.870948	-114.003370	1743258770	2025-03-29	14:32:50	Sat
McCormick Park	68be52debe256fa216ea0ca58981d87c20d7e9a6	46.870907	-114.003370	1743258773	2025-03-29	14:32:53	Sat
McCormick Park	68be52debe256fa216ea0ca58981d87c20d7e9a6	46.871487	-114.004920	1743260100	2025-03-29	14:55:00	Sat
McCormick Park	68be52debe256fa216ea0ca58981d87c20d7e9a6	46.871418	-114.004980	1743260105	2025-03-29	14:55:05	Sat
McCormick Park	68be52debe256fa216ea0ca58981d87c20d7e9a6	46.871428	-114.004920	1743260111	2025-03-29	14:55:11	Sat
McCormick Park	68be52debe256fa216ea0ca58981d87c20d7e9a6	46.871425	-114.004900	1743260115	2025-03-29	14:55:15	Sat
McCormick Park	54f02a322bf49b6f70a07b6c46f52b496560ad57	46.870953	-114.002185	1743207633	2025-03-29	00:20:33	Sat
McCormick Park	ea0a5f3bbcfc2afe1d07b06c05976105b9f92ddd	46.871315	-114.003171	1743215849	2025-03-29	02:37:29	Sat
McCormick Park	ea0a5f3bbcfc2afe1d07b06c05976105b9f92ddd	46.871356	-114.003153	1743218612	2025-03-29	03:23:32	Sat
McCormick Park	ea0a5f3bbcfc2afe1d07b06c05976105b9f92ddd	46.871382	-114.003170	1743218682	2025-03-29	03:24:42	Sat
McCormick Park	ea0a5f3bbcfc2afe1d07b06c05976105b9f92ddd	46.871338	-114.003120	1743222026	2025-03-29	04:20:26	Sat
McCormick Park	023b2c753c76cfd8ffc7cb8d74dd3b4d19bc0b56	46.871350	-114.003153	1745353883	2025-04-22	20:31:23	Tue
McCormick Park	023b2c753c76cfd8ffc7cb8d74dd3b4d19bc0b56	46.871308	-114.003107	1745353889	2025-04-22	20:31:29	Tue
McCormick Park	023b2c753c76cfd8ffc7cb8d74dd3b4d19bc0b56	46.871371	-114.003106	1745358023	2025-04-22	21:40:23	Tue
McCormick Park	023b2c753c76cfd8ffc7cb8d74dd3b4d19bc0b56	46.871369	-114.003185	1745358025	2025-04-22	21:40:25	Tue
McCormick Park	3e89bb5086fa067703f04a313ddbbbc6b00ed686	46.870827	-114.002401	1745280102	2025-04-22	00:01:42	Tue
McCormick Park	3e89bb5086fa067703f04a313ddbbbc6b00ed686	46.870870	-114.002460	1745280101	2025-04-22	00:01:41	Tue
McCormick Park	88afc03efbcea2c0309361c324ec446da89b588d	46.870680	-114.002940	1745353544	2025-04-22	20:25:44	Tue
McCormick Park	b20fb2d2547d8f28a6caa97705cec315434592bf	46.872211	-114.005178	1745339004	2025-04-22	16:23:24	Tue
McCormick Park	b20fb2d2547d8f28a6caa97705cec315434592bf	46.872246	-114.005175	1745339005	2025-04-22	16:23:25	Tue
McCormick Park	b20fb2d2547d8f28a6caa97705cec315434592bf	46.872226	-114.005110	1745339007	2025-04-22	16:23:27	Tue
McCormick Park	b20fb2d2547d8f28a6caa97705cec315434592bf	46.872272	-114.005128	1745339007	2025-04-22	16:23:27	Tue
McCormick Park	b20fb2d2547d8f28a6caa97705cec315434592bf	46.872270	-114.005120	1745339004	2025-04-22	16:23:24	Tue
McCormick Park	b20fb2d2547d8f28a6caa97705cec315434592bf	46.872230	-114.005170	1745339007	2025-04-22	16:23:27	Tue
McCormick Park	417e1a172cef98c736e6e6785ae7f605de47bc77	46.871043	-114.003615	1745349601	2025-04-22	19:20:01	Tue
McCormick Park	9b56d47d34176b0aec0913f50d263a032cfb8472	46.872840	-114.005140	1745288526	2025-04-22	02:22:06	Tue
McCormick Park	9b56d47d34176b0aec0913f50d263a032cfb8472	46.872870	-114.005160	1745288528	2025-04-22	02:22:08	Tue
McCormick Park	9b56d47d34176b0aec0913f50d263a032cfb8472	46.872980	-114.005010	1745288561	2025-04-22	02:22:41	Tue
McCormick Park	9b56d47d34176b0aec0913f50d263a032cfb8472	46.872960	-114.005010	1745288567	2025-04-22	02:22:47	Tue
McCormick Park	9b56d47d34176b0aec0913f50d263a032cfb8472	46.872940	-114.005010	1745288576	2025-04-22	02:22:56	Tue
McCormick Park	9b56d47d34176b0aec0913f50d263a032cfb8472	46.872980	-114.005040	1745288577	2025-04-22	02:22:57	Tue
McCormick Park	9b56d47d34176b0aec0913f50d263a032cfb8472	46.872830	-114.005250	1745288754	2025-04-22	02:25:54	Tue
McCormick Park	9b56d47d34176b0aec0913f50d263a032cfb8472	46.872820	-114.005200	1745288754	2025-04-22	02:25:54	Tue
McCormick Park	9b56d47d34176b0aec0913f50d263a032cfb8472	46.872770	-114.004900	1745289610	2025-04-22	02:40:10	Tue
McCormick Park	9b56d47d34176b0aec0913f50d263a032cfb8472	46.872730	-114.004900	1745289611	2025-04-22	02:40:11	Tue
McCormick Park	9b56d47d34176b0aec0913f50d263a032cfb8472	46.872770	-114.004900	1745289670	2025-04-22	02:41:10	Tue
McCormick Park	9b56d47d34176b0aec0913f50d263a032cfb8472	46.872760	-114.004900	1745289677	2025-04-22	02:41:17	Tue
McCormick Park	9b56d47d34176b0aec0913f50d263a032cfb8472	46.872880	-114.005130	1745288524	2025-04-22	02:22:04	Tue
McCormick Park	9b56d47d34176b0aec0913f50d263a032cfb8472	46.872950	-114.005070	1745288552	2025-04-22	02:22:32	Tue
McCormick Park	9b56d47d34176b0aec0913f50d263a032cfb8472	46.872980	-114.005060	1745288570	2025-04-22	02:22:50	Tue
McCormick Park	9b56d47d34176b0aec0913f50d263a032cfb8472	46.872980	-114.005000	1745288577	2025-04-22	02:22:57	Tue
McCormick Park	9b56d47d34176b0aec0913f50d263a032cfb8472	46.872870	-114.005220	1745288754	2025-04-22	02:25:54	Tue
McCormick Park	9b56d47d34176b0aec0913f50d263a032cfb8472	46.872710	-114.004900	1745289617	2025-04-22	02:40:17	Tue
McCormick Park	9b56d47d34176b0aec0913f50d263a032cfb8472	46.872740	-114.004900	1745289661	2025-04-22	02:41:01	Tue
McCormick Park	9b56d47d34176b0aec0913f50d263a032cfb8472	46.872730	-114.004900	1745289677	2025-04-22	02:41:17	Tue
McCormick Park	8a6dc85a97f5ea3d5fa409dc0c1c67247780b9a0	46.871320	-114.003117	1745301855	2025-04-22	06:04:15	Tue
McCormick Park	8a6dc85a97f5ea3d5fa409dc0c1c67247780b9a0	46.871325	-114.003162	1745302132	2025-04-22	06:08:52	Tue
McCormick Park	8a6dc85a97f5ea3d5fa409dc0c1c67247780b9a0	46.871385	-114.003108	1745302452	2025-04-22	06:14:12	Tue
McCormick Park	8a6dc85a97f5ea3d5fa409dc0c1c67247780b9a0	46.871388	-114.003179	1745302453	2025-04-22	06:14:13	Tue
McCormick Park	8a6dc85a97f5ea3d5fa409dc0c1c67247780b9a0	46.871385	-114.003108	1745302453	2025-04-22	06:14:13	Tue
McCormick Park	8a6dc85a97f5ea3d5fa409dc0c1c67247780b9a0	46.871317	-114.003131	1745303645	2025-04-22	06:34:05	Tue
McCormick Park	8a6dc85a97f5ea3d5fa409dc0c1c67247780b9a0	46.871336	-114.003171	1745309184	2025-04-22	08:06:24	Tue
McCormick Park	8a6dc85a97f5ea3d5fa409dc0c1c67247780b9a0	46.871332	-114.003149	1745309188	2025-04-22	08:06:28	Tue
McCormick Park	8a6dc85a97f5ea3d5fa409dc0c1c67247780b9a0	46.871316	-114.003142	1745309242	2025-04-22	08:07:22	Tue
McCormick Park	8a6dc85a97f5ea3d5fa409dc0c1c67247780b9a0	46.871384	-114.003153	1745309245	2025-04-22	08:07:25	Tue
McCormick Park	8a6dc85a97f5ea3d5fa409dc0c1c67247780b9a0	46.871378	-114.003107	1745310339	2025-04-22	08:25:39	Tue
McCormick Park	8a6dc85a97f5ea3d5fa409dc0c1c67247780b9a0	46.871331	-114.003147	1745311041	2025-04-22	08:37:21	Tue
McCormick Park	8a6dc85a97f5ea3d5fa409dc0c1c67247780b9a0	46.871327	-114.003189	1745311041	2025-04-22	08:37:21	Tue
McCormick Park	8a6dc85a97f5ea3d5fa409dc0c1c67247780b9a0	46.871320	-114.003126	1745311272	2025-04-22	08:41:12	Tue
McCormick Park	8a6dc85a97f5ea3d5fa409dc0c1c67247780b9a0	46.871369	-114.003181	1745311512	2025-04-22	08:45:12	Tue
McCormick Park	8a6dc85a97f5ea3d5fa409dc0c1c67247780b9a0	46.871342	-114.003152	1745311516	2025-04-22	08:45:16	Tue
McCormick Park	8a6dc85a97f5ea3d5fa409dc0c1c67247780b9a0	46.871349	-114.003180	1745311748	2025-04-22	08:49:08	Tue
McCormick Park	8a6dc85a97f5ea3d5fa409dc0c1c67247780b9a0	46.871320	-114.003130	1745303645	2025-04-22	06:34:05	Tue
McCormick Park	8a6dc85a97f5ea3d5fa409dc0c1c67247780b9a0	46.871334	-114.003174	1745309184	2025-04-22	08:06:24	Tue
McCormick Park	8a6dc85a97f5ea3d5fa409dc0c1c67247780b9a0	46.871315	-114.003140	1745309242	2025-04-22	08:07:22	Tue
McCormick Park	464f367d73fcb76921228c5d0e619beba8741b18	46.872200	-114.003060	1745288225	2025-04-22	02:17:05	Tue
McCormick Park	464f367d73fcb76921228c5d0e619beba8741b18	46.872200	-114.003060	1745288227	2025-04-22	02:17:07	Tue
McCormick Park	464f367d73fcb76921228c5d0e619beba8741b18	46.872200	-114.003020	1745288228	2025-04-22	02:17:08	Tue
McCormick Park	17f8e28ba09ee674033482907498626074f578a2	46.872400	-114.003100	1745291608	2025-04-22	03:13:28	Tue
McCormick Park	bf79dae113017eca6459e6cce9700ae092a38d36	46.871085	-114.001941	1745311696	2025-04-22	08:48:16	Tue
McCormick Park	2f62becbc4d21d2f10074ca34952ea02b64408ac	46.872760	-114.003270	1744277272	2025-04-10	09:27:52	Thu
McCormick Park	2f62becbc4d21d2f10074ca34952ea02b64408ac	46.872720	-114.003200	1744277272	2025-04-10	09:27:52	Thu
McCormick Park	81ff2e44acf78ebf7bc5baca15ff370fa0852faa	46.870732	-114.002585	1744271157	2025-04-10	07:45:57	Thu
McCormick Park	81ff2e44acf78ebf7bc5baca15ff370fa0852faa	46.870770	-114.002580	1744271153	2025-04-10	07:45:53	Thu
McCormick Park	b8c5d1cd3e20b2bea1e924208fa47611e0e6a7c9	46.872300	-114.004720	1744303900	2025-04-10	16:51:40	Thu
McCormick Park	0f8ec967394d53e5b905733d9cf61b303e7b2e13	46.872721	-114.004814	1744292550	2025-04-10	13:42:30	Thu
McCormick Park	0f8ec967394d53e5b905733d9cf61b303e7b2e13	46.872771	-114.004858	1744292558	2025-04-10	13:42:38	Thu
McCormick Park	0f8ec967394d53e5b905733d9cf61b303e7b2e13	46.872780	-114.004800	1744292523	2025-04-10	13:42:03	Thu
McCormick Park	0f8ec967394d53e5b905733d9cf61b303e7b2e13	46.872740	-114.004840	1744292551	2025-04-10	13:42:31	Thu
McCormick Park	7748e7c825a38bcb8246c0292f6c35beaf034361	46.872180	-114.003150	1744252734	2025-04-10	02:38:54	Thu
McCormick Park	d597897b5a980fd0a4e40780840c10085960b59a	46.871340	-114.001950	1744273068	2025-04-10	08:17:48	Thu
McCormick Park	d597897b5a980fd0a4e40780840c10085960b59a	46.871370	-114.001910	1744273068	2025-04-10	08:17:48	Thu
McCormick Park	d597897b5a980fd0a4e40780840c10085960b59a	46.871380	-114.001920	1744273074	2025-04-10	08:17:54	Thu
McCormick Park	d597897b5a980fd0a4e40780840c10085960b59a	46.871300	-114.001980	1744273074	2025-04-10	08:17:54	Thu
McCormick Park	d597897b5a980fd0a4e40780840c10085960b59a	46.871310	-114.001930	1744273083	2025-04-10	08:18:03	Thu
McCormick Park	d597897b5a980fd0a4e40780840c10085960b59a	46.871370	-114.001910	1744273083	2025-04-10	08:18:03	Thu
McCormick Park	d597897b5a980fd0a4e40780840c10085960b59a	46.871310	-114.001980	1744273092	2025-04-10	08:18:12	Thu
McCormick Park	d597897b5a980fd0a4e40780840c10085960b59a	46.871380	-114.001920	1744273094	2025-04-10	08:18:14	Thu
McCormick Park	d597897b5a980fd0a4e40780840c10085960b59a	46.871370	-114.001890	1744273101	2025-04-10	08:18:21	Thu
McCormick Park	d597897b5a980fd0a4e40780840c10085960b59a	46.871370	-114.001870	1744273107	2025-04-10	08:18:27	Thu
McCormick Park	d597897b5a980fd0a4e40780840c10085960b59a	46.871380	-114.001880	1744273121	2025-04-10	08:18:41	Thu
McCormick Park	d597897b5a980fd0a4e40780840c10085960b59a	46.871310	-114.001850	1744273124	2025-04-10	08:18:44	Thu
McCormick Park	d597897b5a980fd0a4e40780840c10085960b59a	46.871370	-114.001870	1744273253	2025-04-10	08:20:53	Thu
McCormick Park	d597897b5a980fd0a4e40780840c10085960b59a	46.871360	-114.001840	1744273256	2025-04-10	08:20:56	Thu
McCormick Park	d597897b5a980fd0a4e40780840c10085960b59a	46.871370	-114.001870	1744273281	2025-04-10	08:21:21	Thu
McCormick Park	d597897b5a980fd0a4e40780840c10085960b59a	46.871300	-114.001840	1744273287	2025-04-10	08:21:27	Thu
McCormick Park	d597897b5a980fd0a4e40780840c10085960b59a	46.871460	-114.001920	1744273427	2025-04-10	08:23:47	Thu
McCormick Park	d597897b5a980fd0a4e40780840c10085960b59a	46.871380	-114.001940	1744273067	2025-04-10	08:17:47	Thu
McCormick Park	d597897b5a980fd0a4e40780840c10085960b59a	46.871340	-114.001920	1744273071	2025-04-10	08:17:51	Thu
McCormick Park	d597897b5a980fd0a4e40780840c10085960b59a	46.871310	-114.001930	1744273087	2025-04-10	08:18:07	Thu
McCormick Park	d597897b5a980fd0a4e40780840c10085960b59a	46.871310	-114.001960	1744273098	2025-04-10	08:18:18	Thu
McCormick Park	d597897b5a980fd0a4e40780840c10085960b59a	46.871320	-114.001870	1744273104	2025-04-10	08:18:24	Thu
McCormick Park	d597897b5a980fd0a4e40780840c10085960b59a	46.871300	-114.001810	1744273121	2025-04-10	08:18:41	Thu
McCormick Park	d597897b5a980fd0a4e40780840c10085960b59a	46.871360	-114.001860	1744273257	2025-04-10	08:20:57	Thu
McCormick Park	d597897b5a980fd0a4e40780840c10085960b59a	46.871340	-114.001820	1744273283	2025-04-10	08:21:23	Thu
McCormick Park	d597897b5a980fd0a4e40780840c10085960b59a	46.871480	-114.001930	1744273423	2025-04-10	08:23:43	Thu
McCormick Park	f2d453525df906e65738139db372be4d74d591d2	46.873197	-114.003377	1744299860	2025-04-10	15:44:20	Thu
McCormick Park	f2d453525df906e65738139db372be4d74d591d2	46.873119	-114.003377	1744299863	2025-04-10	15:44:23	Thu
McCormick Park	f2d453525df906e65738139db372be4d74d591d2	46.873100	-114.003340	1744299865	2025-04-10	15:44:25	Thu
McCormick Park	1bffc271b60eee9fdac2133d82bd9a42b5a3262d	46.872050	-114.004800	1744258510	2025-04-10	04:15:10	Thu
McCormick Park	1bffc271b60eee9fdac2133d82bd9a42b5a3262d	46.872010	-114.004870	1744258516	2025-04-10	04:15:16	Thu
McCormick Park	8a6dc85a97f5ea3d5fa409dc0c1c67247780b9a0	46.871321	-114.003174	1744303102	2025-04-10	16:38:22	Thu
McCormick Park	8a6dc85a97f5ea3d5fa409dc0c1c67247780b9a0	46.871383	-114.003111	1744308786	2025-04-10	18:13:06	Thu
McCormick Park	8a6dc85a97f5ea3d5fa409dc0c1c67247780b9a0	46.871358	-114.003137	1744312391	2025-04-10	19:13:11	Thu
McCormick Park	8a6dc85a97f5ea3d5fa409dc0c1c67247780b9a0	46.871354	-114.003164	1744312456	2025-04-10	19:14:16	Thu
McCormick Park	8a6dc85a97f5ea3d5fa409dc0c1c67247780b9a0	46.871385	-114.003181	1744312990	2025-04-10	19:23:10	Thu
McCormick Park	8a6dc85a97f5ea3d5fa409dc0c1c67247780b9a0	46.871368	-114.003176	1744313845	2025-04-10	19:37:25	Thu
McCormick Park	8a6dc85a97f5ea3d5fa409dc0c1c67247780b9a0	46.871338	-114.003118	1744313862	2025-04-10	19:37:42	Thu
McCormick Park	8a6dc85a97f5ea3d5fa409dc0c1c67247780b9a0	46.871352	-114.003113	1744314454	2025-04-10	19:47:34	Thu
McCormick Park	8a6dc85a97f5ea3d5fa409dc0c1c67247780b9a0	46.871370	-114.003120	1744303108	2025-04-10	16:38:28	Thu
McCormick Park	8a6dc85a97f5ea3d5fa409dc0c1c67247780b9a0	46.871340	-114.003110	1744308785	2025-04-10	18:13:05	Thu
McCormick Park	8a6dc85a97f5ea3d5fa409dc0c1c67247780b9a0	46.871340	-114.003120	1744312390	2025-04-10	19:13:10	Thu
McCormick Park	8a6dc85a97f5ea3d5fa409dc0c1c67247780b9a0	46.871330	-114.003170	1744312450	2025-04-10	19:14:10	Thu
McCormick Park	8a6dc85a97f5ea3d5fa409dc0c1c67247780b9a0	46.871350	-114.003110	1744312995	2025-04-10	19:23:15	Thu
McCormick Park	8a6dc85a97f5ea3d5fa409dc0c1c67247780b9a0	46.871360	-114.003140	1744313848	2025-04-10	19:37:28	Thu
McCormick Park	8a6dc85a97f5ea3d5fa409dc0c1c67247780b9a0	46.871380	-114.003160	1744313861	2025-04-10	19:37:41	Thu
McCormick Park	8a6dc85a97f5ea3d5fa409dc0c1c67247780b9a0	46.871320	-114.003130	1744314451	2025-04-10	19:47:31	Thu
McCormick Park	2776d07a98ae8753b347010ded0e31bf5c2203a2	46.872610	-114.004740	1744306412	2025-04-10	17:33:32	Thu
McCormick Park	2776d07a98ae8753b347010ded0e31bf5c2203a2	46.872660	-114.004790	1744306415	2025-04-10	17:33:35	Thu
McCormick Park	2776d07a98ae8753b347010ded0e31bf5c2203a2	46.872630	-114.004720	1744306462	2025-04-10	17:34:22	Thu
McCormick Park	2776d07a98ae8753b347010ded0e31bf5c2203a2	46.872650	-114.004790	1744306468	2025-04-10	17:34:28	Thu
McCormick Park	2776d07a98ae8753b347010ded0e31bf5c2203a2	46.872650	-114.004730	1744306413	2025-04-10	17:33:33	Thu
McCormick Park	2776d07a98ae8753b347010ded0e31bf5c2203a2	46.872620	-114.004740	1744306461	2025-04-10	17:34:21	Thu
McCormick Park	1ff77d2e8d4d74500f36e97d46b98c2e141ae727	46.871303	-114.003132	1744253846	2025-04-10	02:57:26	Thu
McCormick Park	1ff77d2e8d4d74500f36e97d46b98c2e141ae727	46.871351	-114.003185	1744255535	2025-04-10	03:25:35	Thu
McCormick Park	1ff77d2e8d4d74500f36e97d46b98c2e141ae727	46.871380	-114.003150	1744253175	2025-04-10	02:46:15	Thu
McCormick Park	1ff77d2e8d4d74500f36e97d46b98c2e141ae727	46.871340	-114.003110	1744253846	2025-04-10	02:57:26	Thu
McCormick Park	1ff77d2e8d4d74500f36e97d46b98c2e141ae727	46.871330	-114.003140	1744255535	2025-04-10	03:25:35	Thu
McCormick Park	6dc8634b2d25d4adc2826a234769edac9a8f8d60	46.872430	-114.006320	1744260834	2025-04-10	04:53:54	Thu
McCormick Park	6dc8634b2d25d4adc2826a234769edac9a8f8d60	46.872522	-114.004460	1744262663	2025-04-10	05:24:23	Thu
McCormick Park	6dc8634b2d25d4adc2826a234769edac9a8f8d60	46.872505	-114.004430	1744262665	2025-04-10	05:24:25	Thu
McCormick Park	6dc8634b2d25d4adc2826a234769edac9a8f8d60	46.872536	-114.004450	1744266111	2025-04-10	06:21:51	Thu
McCormick Park	6dc8634b2d25d4adc2826a234769edac9a8f8d60	46.872536	-114.004490	1744266117	2025-04-10	06:21:57	Thu
McCormick Park	6dc8634b2d25d4adc2826a234769edac9a8f8d60	46.872566	-114.004230	1744267100	2025-04-10	06:38:20	Thu
McCormick Park	6dc8634b2d25d4adc2826a234769edac9a8f8d60	46.872547	-114.004240	1744267101	2025-04-10	06:38:21	Thu
McCormick Park	6dc8634b2d25d4adc2826a234769edac9a8f8d60	46.872420	-114.004520	1744276902	2025-04-10	09:21:42	Thu
McCormick Park	6dc8634b2d25d4adc2826a234769edac9a8f8d60	46.872430	-114.004550	1744276908	2025-04-10	09:21:48	Thu
McCormick Park	6dc8634b2d25d4adc2826a234769edac9a8f8d60	46.871146	-114.003610	1744278821	2025-04-10	09:53:41	Thu
McCormick Park	6dc8634b2d25d4adc2826a234769edac9a8f8d60	46.871147	-114.003640	1744278823	2025-04-10	09:53:43	Thu
McCormick Park	6dc8634b2d25d4adc2826a234769edac9a8f8d60	46.872438	-114.004530	1744279725	2025-04-10	10:08:45	Thu
McCormick Park	6dc8634b2d25d4adc2826a234769edac9a8f8d60	46.872456	-114.004550	1744279729	2025-04-10	10:08:49	Thu
McCormick Park	6dc8634b2d25d4adc2826a234769edac9a8f8d60	46.872456	-114.004550	1744292655	2025-04-10	13:44:15	Thu
McCormick Park	6dc8634b2d25d4adc2826a234769edac9a8f8d60	46.872474	-114.004540	1744292656	2025-04-10	13:44:16	Thu
McCormick Park	6dc8634b2d25d4adc2826a234769edac9a8f8d60	46.872463	-114.004520	1744293121	2025-04-10	13:52:01	Thu
McCormick Park	6dc8634b2d25d4adc2826a234769edac9a8f8d60	46.872488	-114.004500	1744293121	2025-04-10	13:52:01	Thu
McCormick Park	d7c46e8a4263bff409133d2aaa2449a0447539a4	46.872200	-114.003270	1744244851	2025-04-10	00:27:31	Thu
McCormick Park	d7c46e8a4263bff409133d2aaa2449a0447539a4	46.872290	-114.003240	1744244852	2025-04-10	00:27:32	Thu
McCormick Park	80f650e0ece95dd0c1e15108ee4a838ba2bf62f9	46.872766	-114.004876	1744246442	2025-04-10	00:54:02	Thu
McCormick Park	d6d65e3c536ddb57e5a79573bbb124c222a98d20	46.871540	-114.004510	1748467226	2025-05-28	21:20:26	Wed
McCormick Park	d6d65e3c536ddb57e5a79573bbb124c222a98d20	46.871280	-114.004580	1748467267	2025-05-28	21:21:07	Wed
McCormick Park	0110d05cb392b394e98915d9acd33534120dcbc8	46.872680	-114.003520	1748400413	2025-05-28	02:46:53	Wed
McCormick Park	0110d05cb392b394e98915d9acd33534120dcbc8	46.872730	-114.004300	1748400425	2025-05-28	02:47:05	Wed
McCormick Park	0110d05cb392b394e98915d9acd33534120dcbc8	46.872410	-114.003910	1748400586	2025-05-28	02:49:46	Wed
McCormick Park	0110d05cb392b394e98915d9acd33534120dcbc8	46.872740	-114.004260	1748400682	2025-05-28	02:51:22	Wed
McCormick Park	a41a1d7efac04b2af46a4da45e400aa7387042da	46.872170	-114.002730	1748409529	2025-05-28	05:18:49	Wed
McCormick Park	a41a1d7efac04b2af46a4da45e400aa7387042da	46.871820	-114.002730	1748439955	2025-05-28	13:45:55	Wed
McCormick Park	47e7c38a0487977547ee2fe55317f24a20191e12	46.871180	-114.001750	1748395390	2025-05-28	01:23:10	Wed
McCormick Park	e3ad539866c53e43a07f5478e0e0e2e866bf1855	46.874040	-114.004060	1748412629	2025-05-28	06:10:29	Wed
McCormick Park	eeef18b637382ff8f34e18c73bdc811ddc78120e	46.871200	-114.002050	1748445383	2025-05-28	15:16:23	Wed
McCormick Park	6f267036b5b3ec32ec51c803b2526235d0274e77	46.872770	-114.005610	1748476260	2025-05-28	23:51:00	Wed
McCormick Park	ab31f6a1dcef2b63449cffd63589781b80a6d63b	46.871390	-114.001630	1748474253	2025-05-28	23:17:33	Wed
McCormick Park	e3f5cb6fa400ece31d3fb6174dc85795906292e1	46.870780	-114.002790	1748447611	2025-05-28	15:53:31	Wed
McCormick Park	b3288a2999381a6d54f39a6112e187f65c47e6c8	46.873024	-114.005220	1748445382	2025-05-28	15:16:22	Wed
McCormick Park	e90d297520143d82ac0f84c5a89e61e744cfcc0f	46.871190	-114.001720	1748460409	2025-05-28	19:26:49	Wed
McCormick Park	f0751620761aa8c521f04ddc5e6f48fde21c624e	46.872580	-114.004710	1748412003	2025-05-28	06:00:03	Wed
McCormick Park	495f4d6e1d0722e335eddfb7690d5348330be1f6	46.870890	-114.003130	1748401464	2025-05-28	03:04:24	Wed
McCormick Park	5e8d47b47d88bb524a7bfa94e761844f4e685089	46.870860	-114.002380	1748443261	2025-05-28	14:41:01	Wed
McCormick Park	a6699f6046567c0b652d02e3066a52e51b2b2455	46.870770	-114.002610	1748416782	2025-05-28	07:19:42	Wed
McCormick Park	a6699f6046567c0b652d02e3066a52e51b2b2455	46.870870	-114.002360	1748416786	2025-05-28	07:19:46	Wed
McCormick Park	a6699f6046567c0b652d02e3066a52e51b2b2455	46.870880	-114.002620	1748435003	2025-05-28	12:23:23	Wed
McCormick Park	a6699f6046567c0b652d02e3066a52e51b2b2455	46.870750	-114.002690	1748435019	2025-05-28	12:23:39	Wed
McCormick Park	33f896fcda25c806dc7d5b23ebf71736d81eed64	46.871840	-114.005870	1748412304	2025-05-28	06:05:04	Wed
McCormick Park	842c0a0392804656a7fdc50f25fe8b1de1f0c4c9	46.870800	-114.002720	1748409796	2025-05-28	05:23:16	Wed
McCormick Park	70b27dd377a2fe287b64bd5205fb52d1a0312363	46.871300	-114.003100	1748443097	2025-05-28	14:38:17	Wed
McCormick Park	d8445ea95eef4ab0c8af1e68b2b27f4b3876f607	46.871180	-114.001780	1748405849	2025-05-28	04:17:29	Wed
McCormick Park	fe2ee77c36be2ea75af65539c7f1fa8b13c2bfa6	46.870670	-114.002690	1748407825	2025-05-28	04:50:25	Wed
McCormick Park	98d0f87dd1495a7b00cce6508d9ebd0ef6b9f5f5	46.870920	-114.002330	1748396935	2025-05-28	01:48:55	Wed
McCormick Park	cf48c740e9837410cb9e2b838e27e3faa75dd2fb	46.872720	-114.004870	1748454689	2025-05-28	17:51:29	Wed
McCormick Park	cf48c740e9837410cb9e2b838e27e3faa75dd2fb	46.873090	-114.004830	1748457515	2025-05-28	18:38:35	Wed
McCormick Park	cf48c740e9837410cb9e2b838e27e3faa75dd2fb	46.872820	-114.004940	1748458376	2025-05-28	18:52:56	Wed
McCormick Park	cf48c740e9837410cb9e2b838e27e3faa75dd2fb	46.873240	-114.005460	1748458924	2025-05-28	19:02:04	Wed
McCormick Park	cf48c740e9837410cb9e2b838e27e3faa75dd2fb	46.872830	-114.005360	1748459807	2025-05-28	19:16:47	Wed
McCormick Park	cf48c740e9837410cb9e2b838e27e3faa75dd2fb	46.873180	-114.005360	1748460966	2025-05-28	19:36:06	Wed
McCormick Park	89ece3ba1da6e4993d62f09017f1894a14516366	46.873120	-114.005370	1748393379	2025-05-28	00:49:39	Wed
McCormick Park	8fc9661fa8636e6a04b7eee93e26b654b0ad3ec1	46.871760	-114.005540	1748446943	2025-05-28	15:42:23	Wed
McCormick Park	039f80d8b71bf213fc6867f2ac9e5ef44bdf0efa	46.871460	-114.001400	1748396192	2025-05-28	01:36:32	Wed
McCormick Park	039f80d8b71bf213fc6867f2ac9e5ef44bdf0efa	46.871340	-114.001770	1748396611	2025-05-28	01:43:31	Wed
McCormick Park	2ecf0fe72d4f02763b9e0b87d1247e6339a72436	46.871140	-114.002230	1748463226	2025-05-28	20:13:46	Wed
McCormick Park	b294ed9e5c1f63dfc2440becd16d19ea085a7923	46.873880	-114.003610	1748455037	2025-05-28	17:57:17	Wed
McCormick Park	1f1c1a152ef1e513644f671bb51122db49436634	46.872440	-114.004860	1748401209	2025-05-28	03:00:09	Wed
McCormick Park	1f1c1a152ef1e513644f671bb51122db49436634	46.872240	-114.003170	1748401378	2025-05-28	03:02:58	Wed
McCormick Park	eb5521a0aac630b32b3c3a0cdfb9bbcde9b2023d	46.871170	-114.001820	1748472625	2025-05-28	22:50:25	Wed
McCormick Park	e423c9b003d9f0e0f212ab0447b28faf4431d1c8	46.871430	-114.001550	1748456007	2025-05-28	18:13:27	Wed
McCormick Park	0682c702088094a5e77597923efa2870f227886f	46.872830	-114.005200	1748391085	2025-05-28	00:11:25	Wed
McCormick Park	0682c702088094a5e77597923efa2870f227886f	46.872780	-114.004910	1748392692	2025-05-28	00:38:12	Wed
McCormick Park	0682c702088094a5e77597923efa2870f227886f	46.872770	-114.004610	1748392787	2025-05-28	00:39:47	Wed
McCormick Park	43a8bc5b0db7ea0a854730a4e95b3dee9baf5e97	46.872650	-114.005210	1748391263	2025-05-28	00:14:23	Wed
McCormick Park	6602519ec7bbc9a1731aadf9fabe4b53b6bb526c	46.873950	-114.004170	1748469750	2025-05-28	22:02:30	Wed
McCormick Park	b6ebaa8830600d092351e9848e2e82e7c2a5256d	46.873240	-114.005500	1748476580	2025-05-28	23:56:20	Wed
McCormick Park	9de64d63b8a592c2b674617ce9f8b9c26d893e73	46.871260	-114.001660	1748443060	2025-05-28	14:37:40	Wed
McCormick Park	aa3e5e16bbe9730f08e519b3e12ea08793b28db2	46.873400	-114.003350	1748453714	2025-05-28	17:35:14	Wed
McCormick Park	aa3e5e16bbe9730f08e519b3e12ea08793b28db2	46.871160	-114.001850	1748468866	2025-05-28	21:47:46	Wed
McCormick Park	2153b62ba130b951df62e5793b73a451d97b8ae5	46.871770	-114.006660	1748407970	2025-05-28	04:52:50	Wed
McCormick Park	4eb046e1fd45dfdd59b8580f0b30faa5a7aff0a2	46.871590	-114.005010	1748394370	2025-05-28	01:06:10	Wed
McCormick Park	7cbdad4f69bde944271ccf6fbfce59ea41bda389	46.871890	-114.006630	1748390467	2025-05-28	00:01:07	Wed
McCormick Park	afff8de9807b4adc8aaa32e56efc9988a1414a3b	46.871780	-114.006300	1748394254	2025-05-28	01:04:14	Wed
McCormick Park	1a48935bda6e328d170ebddf5e1861833f23bfda	46.870980	-114.002360	1748473902	2025-05-28	23:11:42	Wed
McCormick Park	21523de6f0f67bb009017f8bec5c268425ea10bc	46.871107	-114.001890	1748468082	2025-05-28	21:34:42	Wed
McCormick Park	8b8c09e584645d4bef1c1943585c2e0a2ab81b9f	46.872019	-114.005856	1748450153	2025-05-28	16:35:53	Wed
McCormick Park	e9cfdb05e3666dc8727adaa5213406c7dc5c4843	46.872620	-114.005000	1748461686	2025-05-28	19:48:06	Wed
McCormick Park	e9cfdb05e3666dc8727adaa5213406c7dc5c4843	46.872680	-114.005000	1748461739	2025-05-28	19:48:59	Wed
McCormick Park	e9cfdb05e3666dc8727adaa5213406c7dc5c4843	46.872670	-114.005000	1748461743	2025-05-28	19:49:03	Wed
McCormick Park	e9cfdb05e3666dc8727adaa5213406c7dc5c4843	46.872630	-114.005740	1748461775	2025-05-28	19:49:35	Wed
McCormick Park	e9cfdb05e3666dc8727adaa5213406c7dc5c4843	46.872680	-114.005000	1748461681	2025-05-28	19:48:01	Wed
McCormick Park	e9cfdb05e3666dc8727adaa5213406c7dc5c4843	46.872650	-114.005000	1748461745	2025-05-28	19:49:05	Wed
McCormick Park	e9cfdb05e3666dc8727adaa5213406c7dc5c4843	46.872620	-114.005000	1748461748	2025-05-28	19:49:08	Wed
McCormick Park	e9cfdb05e3666dc8727adaa5213406c7dc5c4843	46.872640	-114.005710	1748461775	2025-05-28	19:49:35	Wed
McCormick Park	e9cfdb05e3666dc8727adaa5213406c7dc5c4843	46.872900	-114.005410	1748461670	2025-05-28	19:47:50	Wed
McCormick Park	e9cfdb05e3666dc8727adaa5213406c7dc5c4843	46.872870	-114.006030	1748461675	2025-05-28	19:47:55	Wed
McCormick Park	e9cfdb05e3666dc8727adaa5213406c7dc5c4843	46.872670	-114.005780	1748461686	2025-05-28	19:48:06	Wed
McCormick Park	e9cfdb05e3666dc8727adaa5213406c7dc5c4843	46.871780	-114.005780	1748461724	2025-05-28	19:48:44	Wed
McCormick Park	e9cfdb05e3666dc8727adaa5213406c7dc5c4843	46.873220	-114.004700	1748461732	2025-05-28	19:48:52	Wed
McCormick Park	e9cfdb05e3666dc8727adaa5213406c7dc5c4843	46.872430	-114.005760	1748461734	2025-05-28	19:48:54	Wed
McCormick Park	e9cfdb05e3666dc8727adaa5213406c7dc5c4843	46.872900	-114.005320	1748461745	2025-05-28	19:49:05	Wed
McCormick Park	e9cfdb05e3666dc8727adaa5213406c7dc5c4843	46.873280	-114.005540	1748461777	2025-05-28	19:49:37	Wed
McCormick Park	e9cfdb05e3666dc8727adaa5213406c7dc5c4843	46.872670	-114.005370	1748461787	2025-05-28	19:49:47	Wed
McCormick Park	e9cfdb05e3666dc8727adaa5213406c7dc5c4843	46.872630	-114.005770	1748461789	2025-05-28	19:49:49	Wed
McCormick Park	e9cfdb05e3666dc8727adaa5213406c7dc5c4843	46.872600	-114.005420	1748461796	2025-05-28	19:49:56	Wed
McCormick Park	e9cfdb05e3666dc8727adaa5213406c7dc5c4843	46.872920	-114.005770	1748461802	2025-05-28	19:50:02	Wed
McCormick Park	e9cfdb05e3666dc8727adaa5213406c7dc5c4843	46.872900	-114.005040	1748461814	2025-05-28	19:50:14	Wed
McCormick Park	e9cfdb05e3666dc8727adaa5213406c7dc5c4843	46.872900	-114.005100	1748461821	2025-05-28	19:50:21	Wed
McCormick Park	5a182a87beab42fb8cd22d94a5b440f3d23b9b62	46.872932	-114.005550	1744331873	2025-04-11	00:37:53	Fri
McCormick Park	5a182a87beab42fb8cd22d94a5b440f3d23b9b62	46.872860	-114.005230	1744334060	2025-04-11	01:14:20	Fri
McCormick Park	24313203dfcec05a5d5290ce1aaad9adbbed223e	46.870610	-114.002730	1744347369	2025-04-11	04:56:09	Fri
McCormick Park	0c95d6541506e4c783b1bf9beece072939287048	46.872650	-114.004480	1744386420	2025-04-11	15:47:00	Fri
McCormick Park	0c95d6541506e4c783b1bf9beece072939287048	46.872604	-114.004456	1744386429	2025-04-11	15:47:09	Fri
McCormick Park	a291ce37decdc1bde09d7c65d0eb5d1f0351c0b0	46.873110	-114.005376	1744386271	2025-04-11	15:44:31	Fri
McCormick Park	a291ce37decdc1bde09d7c65d0eb5d1f0351c0b0	46.873110	-114.005376	1744386871	2025-04-11	15:54:31	Fri
McCormick Park	a291ce37decdc1bde09d7c65d0eb5d1f0351c0b0	46.873110	-114.005376	1744388184	2025-04-11	16:16:24	Fri
McCormick Park	a291ce37decdc1bde09d7c65d0eb5d1f0351c0b0	46.873108	-114.005380	1744386271	2025-04-11	15:44:31	Fri
McCormick Park	a291ce37decdc1bde09d7c65d0eb5d1f0351c0b0	46.873108	-114.005380	1744386871	2025-04-11	15:54:31	Fri
McCormick Park	a291ce37decdc1bde09d7c65d0eb5d1f0351c0b0	46.873108	-114.005380	1744388184	2025-04-11	16:16:24	Fri
McCormick Park	8f0c6458080c62b29e38e1873dede895ef8383ce	46.872524	-114.003390	1744397021	2025-04-11	18:43:41	Fri
McCormick Park	8f0c6458080c62b29e38e1873dede895ef8383ce	46.872503	-114.003330	1744397021	2025-04-11	18:43:41	Fri
McCormick Park	8f0c6458080c62b29e38e1873dede895ef8383ce	46.872540	-114.003310	1744397020	2025-04-11	18:43:40	Fri
McCormick Park	1ed7edd96622e45d6a66deb0eea8db6212d70eb7	46.872340	-114.002887	1744403152	2025-04-11	20:25:52	Fri
McCormick Park	1ed7edd96622e45d6a66deb0eea8db6212d70eb7	46.872314	-114.002820	1744403158	2025-04-11	20:25:58	Fri
McCormick Park	42e51885f6ed6a6b9bf7ae4a4a0d6cd2e6cfca8b	46.871357	-114.002471	1744352891	2025-04-11	06:28:11	Fri
McCormick Park	42e51885f6ed6a6b9bf7ae4a4a0d6cd2e6cfca8b	46.871384	-114.002464	1744352898	2025-04-11	06:28:18	Fri
McCormick Park	36985b86a6b96c6e4380dac84ab1ca642380dc44	46.872612	-114.004210	1744395348	2025-04-11	18:15:48	Fri
McCormick Park	8a6dc85a97f5ea3d5fa409dc0c1c67247780b9a0	46.871352	-114.003107	1744340798	2025-04-11	03:06:38	Fri
McCormick Park	8a6dc85a97f5ea3d5fa409dc0c1c67247780b9a0	46.871371	-114.003175	1744341542	2025-04-11	03:19:02	Fri
McCormick Park	8a6dc85a97f5ea3d5fa409dc0c1c67247780b9a0	46.871380	-114.003170	1744340794	2025-04-11	03:06:34	Fri
McCormick Park	8a6dc85a97f5ea3d5fa409dc0c1c67247780b9a0	46.871340	-114.003130	1744341548	2025-04-11	03:19:08	Fri
McCormick Park	8a6dc85a97f5ea3d5fa409dc0c1c67247780b9a0	46.871350	-114.003190	1744349137	2025-04-11	05:25:37	Fri
McCormick Park	8a6dc85a97f5ea3d5fa409dc0c1c67247780b9a0	46.871357	-114.003120	1744340793	2025-04-11	03:06:33	Fri
McCormick Park	bf4f2b731b6285970270c5e7cbae01a65cae454e	46.872013	-114.004950	1744395077	2025-04-11	18:11:17	Fri
McCormick Park	bf4f2b731b6285970270c5e7cbae01a65cae454e	46.872020	-114.005135	1744396360	2025-04-11	18:32:40	Fri
McCormick Park	c1535160e2f4885c048ed01486963fa932efcb9c	46.872352	-114.003347	1744403043	2025-04-11	20:24:03	Fri
McCormick Park	c1535160e2f4885c048ed01486963fa932efcb9c	46.872370	-114.003370	1744403044	2025-04-11	20:24:04	Fri
McCormick Park	c1535160e2f4885c048ed01486963fa932efcb9c	46.872330	-114.003330	1744403106	2025-04-11	20:25:06	Fri
McCormick Park	c1535160e2f4885c048ed01486963fa932efcb9c	46.872303	-114.003380	1744403102	2025-04-11	20:25:02	Fri
McCormick Park	73dcf9b1ca339cdc40171c8606eabe2b6f2db6db	46.872440	-114.002170	1744387154	2025-04-11	15:59:14	Fri
McCormick Park	73dcf9b1ca339cdc40171c8606eabe2b6f2db6db	46.872480	-114.002130	1744387150	2025-04-11	15:59:10	Fri
McCormick Park	dfa76a22637c185b546cf02d3606a006040434d7	46.871230	-114.001700	1744402622	2025-04-11	20:17:02	Fri
McCormick Park	dfa76a22637c185b546cf02d3606a006040434d7	46.871200	-114.001700	1744402614	2025-04-11	20:16:54	Fri
McCormick Park	dfa76a22637c185b546cf02d3606a006040434d7	46.871210	-114.001700	1744402621	2025-04-11	20:17:01	Fri
McCormick Park	79e027dc9d0a8a6cb564e56e75b1fa3c80aae478	46.872488	-114.002977	1742322421	2025-03-18	18:27:01	Tue
McCormick Park	79e027dc9d0a8a6cb564e56e75b1fa3c80aae478	46.872634	-114.003270	1742322474	2025-03-18	18:27:54	Tue
McCormick Park	79e027dc9d0a8a6cb564e56e75b1fa3c80aae478	46.872601	-114.003250	1742322487	2025-03-18	18:28:07	Tue
McCormick Park	79e027dc9d0a8a6cb564e56e75b1fa3c80aae478	46.872450	-114.002980	1742322424	2025-03-18	18:27:04	Tue
McCormick Park	79e027dc9d0a8a6cb564e56e75b1fa3c80aae478	46.872610	-114.003200	1742322472	2025-03-18	18:27:52	Tue
McCormick Park	79e027dc9d0a8a6cb564e56e75b1fa3c80aae478	46.872660	-114.003210	1742322488	2025-03-18	18:28:08	Tue
McCormick Park	468ee86523d4d6f1c059b692667b761f02cc40bb	46.872051	-114.005147	1742311076	2025-03-18	15:17:56	Tue
McCormick Park	468ee86523d4d6f1c059b692667b761f02cc40bb	46.872271	-114.005085	1742314898	2025-03-18	16:21:38	Tue
McCormick Park	468ee86523d4d6f1c059b692667b761f02cc40bb	46.872262	-114.005009	1742314914	2025-03-18	16:21:54	Tue
McCormick Park	468ee86523d4d6f1c059b692667b761f02cc40bb	46.872010	-114.005130	1742311070	2025-03-18	15:17:50	Tue
McCormick Park	468ee86523d4d6f1c059b692667b761f02cc40bb	46.872050	-114.005160	1742311091	2025-03-18	15:18:11	Tue
McCormick Park	468ee86523d4d6f1c059b692667b761f02cc40bb	46.872200	-114.005060	1742314893	2025-03-18	16:21:33	Tue
McCormick Park	468ee86523d4d6f1c059b692667b761f02cc40bb	46.872250	-114.005090	1742314914	2025-03-18	16:21:54	Tue
McCormick Park	3b095cb05bca9578536d0e7ec6c19ee803c1f490	46.873360	-114.004600	1742321131	2025-03-18	18:05:31	Tue
McCormick Park	3b095cb05bca9578536d0e7ec6c19ee803c1f490	46.872800	-114.004920	1742321207	2025-03-18	18:06:47	Tue
McCormick Park	ea51a63cefa68a2a0386d4ac39bd915f0babb4f9	46.870985	-114.003567	1742305782	2025-03-18	13:49:42	Tue
McCormick Park	ea51a63cefa68a2a0386d4ac39bd915f0babb4f9	46.870980	-114.003560	1742305781	2025-03-18	13:49:41	Tue
McCormick Park	a27a66dfbb7d85e2901647ce8f92b0dd33d30aae	46.872132	-114.006550	1742321930	2025-03-18	18:18:50	Tue
McCormick Park	a27a66dfbb7d85e2901647ce8f92b0dd33d30aae	46.872171	-114.006520	1742321936	2025-03-18	18:18:56	Tue
McCormick Park	a27a66dfbb7d85e2901647ce8f92b0dd33d30aae	46.872110	-114.006560	1742321933	2025-03-18	18:18:53	Tue
McCormick Park	a27a66dfbb7d85e2901647ce8f92b0dd33d30aae	46.872100	-114.006500	1742321938	2025-03-18	18:18:58	Tue
McCormick Park	675ac4419d6833e4c9505be2915abcad744e1cd3	46.872700	-114.004750	1742302485	2025-03-18	12:54:45	Tue
McCormick Park	755060f0e81d8955cc40984a5fdb73af1873df4e	46.872067	-114.005320	1742319146	2025-03-18	17:32:26	Tue
McCormick Park	755060f0e81d8955cc40984a5fdb73af1873df4e	46.871930	-114.005200	1742321108	2025-03-18	18:05:08	Tue
McCormick Park	755060f0e81d8955cc40984a5fdb73af1873df4e	46.872000	-114.005380	1742319142	2025-03-18	17:32:22	Tue
McCormick Park	755060f0e81d8955cc40984a5fdb73af1873df4e	46.871920	-114.005250	1742321090	2025-03-18	18:04:50	Tue
McCormick Park	c925af8fe2d046421cc30bc8c389f12b1880e457	46.872950	-114.005380	1742269982	2025-03-18	03:53:02	Tue
McCormick Park	08806d0c4e73a44e618b17fc484276bb82c38a60	46.872950	-114.005300	1742313901	2025-03-18	16:05:01	Tue
McCormick Park	44e1c072ba28858060392bb376de0ff203b13775	46.872950	-114.005500	1742341290	2025-03-18	23:41:30	Tue
McCormick Park	44e1c072ba28858060392bb376de0ff203b13775	46.872980	-114.005570	1742341305	2025-03-18	23:41:45	Tue
McCormick Park	44e1c072ba28858060392bb376de0ff203b13775	46.872970	-114.005520	1742341404	2025-03-18	23:43:24	Tue
McCormick Park	44e1c072ba28858060392bb376de0ff203b13775	46.872970	-114.005560	1742341434	2025-03-18	23:43:54	Tue
McCormick Park	44e1c072ba28858060392bb376de0ff203b13775	46.872900	-114.005500	1742341293	2025-03-18	23:41:33	Tue
McCormick Park	44e1c072ba28858060392bb376de0ff203b13775	46.872980	-114.005510	1742341306	2025-03-18	23:41:46	Tue
McCormick Park	44e1c072ba28858060392bb376de0ff203b13775	46.872960	-114.005560	1742341408	2025-03-18	23:43:28	Tue
McCormick Park	44e1c072ba28858060392bb376de0ff203b13775	46.872920	-114.005550	1742341437	2025-03-18	23:43:57	Tue
McCormick Park	0e5ad20a7d3d504af11c0b93e43f01f83bcdc2b9	46.872802	-114.005662	1742273396	2025-03-18	04:49:56	Tue
McCormick Park	1f48c1956de49efb57243671502c870f4e115ef0	46.872750	-114.004710	1742322928	2025-03-18	18:35:28	Tue
McCormick Park	1f48c1956de49efb57243671502c870f4e115ef0	46.872720	-114.005150	1742323536	2025-03-18	18:45:36	Tue
McCormick Park	1f48c1956de49efb57243671502c870f4e115ef0	46.872730	-114.004710	1742322924	2025-03-18	18:35:24	Tue
McCormick Park	1f48c1956de49efb57243671502c870f4e115ef0	46.872770	-114.005110	1742323533	2025-03-18	18:45:33	Tue
McCormick Park	1f48c1956de49efb57243671502c870f4e115ef0	46.872810	-114.004880	1742324252	2025-03-18	18:57:32	Tue
McCormick Park	677ce768e142073b3f898abb50cfb65809cb5d98	46.872787	-114.004856	1742306241	2025-03-18	13:57:21	Tue
McCormick Park	677ce768e142073b3f898abb50cfb65809cb5d98	46.872760	-114.004870	1742306242	2025-03-18	13:57:22	Tue
McCormick Park	ab5de8a7ba63c6a076d3d6d45b97c5e834f86f98	46.871010	-114.002080	1742308660	2025-03-18	14:37:40	Tue
McCormick Park	ab5de8a7ba63c6a076d3d6d45b97c5e834f86f98	46.871010	-114.002080	1742308666	2025-03-18	14:37:46	Tue
McCormick Park	1c59151025075a89c9ffef11d4f4c4601ec99aca	46.872930	-114.005510	1742329448	2025-03-18	20:24:08	Tue
McCormick Park	1c59151025075a89c9ffef11d4f4c4601ec99aca	46.872900	-114.005550	1742329443	2025-03-18	20:24:03	Tue
McCormick Park	cd5fb9a6e41f4f628c0118b5693e0ebef27f7ff1	46.872464	-114.002315	1742324691	2025-03-18	19:04:51	Tue
McCormick Park	cd5fb9a6e41f4f628c0118b5693e0ebef27f7ff1	46.872400	-114.002320	1742324690	2025-03-18	19:04:50	Tue
McCormick Park	21c671a94c8ef6d43abfd302e98f44f5949f4f6b	46.871280	-114.002550	1742337005	2025-03-18	22:30:05	Tue
McCormick Park	21c671a94c8ef6d43abfd302e98f44f5949f4f6b	46.871130	-114.002600	1742337055	2025-03-18	22:30:55	Tue
McCormick Park	21c671a94c8ef6d43abfd302e98f44f5949f4f6b	46.871150	-114.002600	1742336945	2025-03-18	22:29:05	Tue
McCormick Park	21c671a94c8ef6d43abfd302e98f44f5949f4f6b	46.871260	-114.002560	1742337003	2025-03-18	22:30:03	Tue
McCormick Park	21c671a94c8ef6d43abfd302e98f44f5949f4f6b	46.871150	-114.002600	1742337057	2025-03-18	22:30:57	Tue
McCormick Park	50041116750fd685a158ced74bd038eebd9856a1	46.872411	-114.004640	1742316346	2025-03-18	16:45:46	Tue
McCormick Park	50041116750fd685a158ced74bd038eebd9856a1	46.872430	-114.004670	1742316367	2025-03-18	16:46:07	Tue
McCormick Park	50041116750fd685a158ced74bd038eebd9856a1	46.872434	-114.004650	1742316408	2025-03-18	16:46:48	Tue
McCormick Park	d13e4bfcc214ae14607f5c00eef9924eba4d0aae	46.871630	-114.001800	1742335303	2025-03-18	22:01:43	Tue
McCormick Park	d13e4bfcc214ae14607f5c00eef9924eba4d0aae	46.873100	-114.002540	1742335430	2025-03-18	22:03:50	Tue
McCormick Park	d13e4bfcc214ae14607f5c00eef9924eba4d0aae	46.874040	-114.004880	1742335580	2025-03-18	22:06:20	Tue
McCormick Park	d13e4bfcc214ae14607f5c00eef9924eba4d0aae	46.873820	-114.004070	1742336001	2025-03-18	22:13:21	Tue
McCormick Park	d13e4bfcc214ae14607f5c00eef9924eba4d0aae	46.873100	-114.002700	1742336161	2025-03-18	22:16:01	Tue
McCormick Park	d13e4bfcc214ae14607f5c00eef9924eba4d0aae	46.871640	-114.001820	1742336305	2025-03-18	22:18:25	Tue
McCormick Park	55fe636138b92bee4633735cce35ef869381347f	46.872466	-114.004887	1742313166	2025-03-18	15:52:46	Tue
McCormick Park	55fe636138b92bee4633735cce35ef869381347f	46.873078	-114.004067	1742313434	2025-03-18	15:57:14	Tue
McCormick Park	55fe636138b92bee4633735cce35ef869381347f	46.872450	-114.004840	1742313164	2025-03-18	15:52:44	Tue
McCormick Park	55fe636138b92bee4633735cce35ef869381347f	46.873080	-114.004010	1742313423	2025-03-18	15:57:03	Tue
McCormick Park	55fe636138b92bee4633735cce35ef869381347f	46.873000	-114.004080	1742313438	2025-03-18	15:57:18	Tue
McCormick Park	ab11f3c5c8cf121c0375e667266390f766fa2e4d	46.872550	-114.003120	1743349346	2025-03-30	15:42:26	Sun
McCormick Park	ab11f3c5c8cf121c0375e667266390f766fa2e4d	46.872550	-114.003160	1743349348	2025-03-30	15:42:28	Sun
McCormick Park	ab11f3c5c8cf121c0375e667266390f766fa2e4d	46.871380	-114.002777	1743350543	2025-03-30	16:02:23	Sun
McCormick Park	ab11f3c5c8cf121c0375e667266390f766fa2e4d	46.871380	-114.002763	1743350546	2025-03-30	16:02:26	Sun
McCormick Park	b3d433aa030bab47995646bc102c73cb3f99da57	46.872050	-114.004680	1743362384	2025-03-30	19:19:44	Sun
McCormick Park	f89160cce6f1380d53d207b748fef993f0539d4f	46.871930	-114.001820	1743366745	2025-03-30	20:32:25	Sun
McCormick Park	f89160cce6f1380d53d207b748fef993f0539d4f	46.873170	-114.004970	1743367277	2025-03-30	20:41:17	Sun
McCormick Park	f89160cce6f1380d53d207b748fef993f0539d4f	46.872750	-114.004390	1743367707	2025-03-30	20:48:27	Sun
McCormick Park	ea0a5f3bbcfc2afe1d07b06c05976105b9f92ddd	46.871300	-114.003180	1743296988	2025-03-30	01:09:48	Sun
McCormick Park	ea0a5f3bbcfc2afe1d07b06c05976105b9f92ddd	46.871309	-114.003163	1743297012	2025-03-30	01:10:12	Sun
McCormick Park	ea0a5f3bbcfc2afe1d07b06c05976105b9f92ddd	46.871378	-114.003129	1743297018	2025-03-30	01:10:18	Sun
McCormick Park	ea0a5f3bbcfc2afe1d07b06c05976105b9f92ddd	46.871326	-114.003125	1743298927	2025-03-30	01:42:07	Sun
McCormick Park	ea0a5f3bbcfc2afe1d07b06c05976105b9f92ddd	46.871312	-114.003144	1743298929	2025-03-30	01:42:09	Sun
McCormick Park	ea0a5f3bbcfc2afe1d07b06c05976105b9f92ddd	46.871312	-114.003180	1743299022	2025-03-30	01:43:42	Sun
McCormick Park	ea0a5f3bbcfc2afe1d07b06c05976105b9f92ddd	46.871328	-114.003130	1743299027	2025-03-30	01:43:47	Sun
McCormick Park	ea0a5f3bbcfc2afe1d07b06c05976105b9f92ddd	46.871373	-114.003161	1743300925	2025-03-30	02:15:25	Sun
McCormick Park	ea0a5f3bbcfc2afe1d07b06c05976105b9f92ddd	46.871386	-114.003131	1743300929	2025-03-30	02:15:29	Sun
McCormick Park	c02a57b2bca7c343146dcd05cb0a2ee800f309c9	46.872867	-114.005232	1747526114	2025-05-17	23:55:14	Sat
McCormick Park	c02a57b2bca7c343146dcd05cb0a2ee800f309c9	46.872879	-114.005241	1747526116	2025-05-17	23:55:16	Sat
McCormick Park	c02a57b2bca7c343146dcd05cb0a2ee800f309c9	46.872886	-114.005220	1747526141	2025-05-17	23:55:41	Sat
McCormick Park	c02a57b2bca7c343146dcd05cb0a2ee800f309c9	46.872879	-114.005241	1747526142	2025-05-17	23:55:42	Sat
McCormick Park	c02a57b2bca7c343146dcd05cb0a2ee800f309c9	46.872870	-114.005260	1747526110	2025-05-17	23:55:10	Sat
McCormick Park	c02a57b2bca7c343146dcd05cb0a2ee800f309c9	46.872880	-114.005280	1747526144	2025-05-17	23:55:44	Sat
McCormick Park	c02a57b2bca7c343146dcd05cb0a2ee800f309c9	46.872390	-114.004890	1747518846	2025-05-17	21:54:06	Sat
McCormick Park	c02a57b2bca7c343146dcd05cb0a2ee800f309c9	46.872730	-114.005210	1747518983	2025-05-17	21:56:23	Sat
McCormick Park	f89160cce6f1380d53d207b748fef993f0539d4f	46.871530	-114.004070	1747526183	2025-05-17	23:56:23	Sat
McCormick Park	7f65b2b69bdf7297a62187dfba792fc2ea6fdff7	46.872460	-114.003940	1748479331	2025-05-29	00:42:11	Thu
McCormick Park	7f65b2b69bdf7297a62187dfba792fc2ea6fdff7	46.872550	-114.003710	1748479322	2025-05-29	00:42:02	Thu
McCormick Park	7f65b2b69bdf7297a62187dfba792fc2ea6fdff7	46.872420	-114.003950	1748479332	2025-05-29	00:42:12	Thu
McCormick Park	d6d65e3c536ddb57e5a79573bbb124c222a98d20	46.871290	-114.004570	1748482291	2025-05-29	01:31:31	Thu
McCormick Park	d6d65e3c536ddb57e5a79573bbb124c222a98d20	46.871270	-114.004160	1748483897	2025-05-29	01:58:17	Thu
McCormick Park	31ac28ecef5be585b493cba19fab5160cbced7fd	46.871190	-114.004200	1748557481	2025-05-29	22:24:41	Thu
McCormick Park	31ac28ecef5be585b493cba19fab5160cbced7fd	46.873130	-114.004840	1748557524	2025-05-29	22:25:24	Thu
McCormick Park	31ac28ecef5be585b493cba19fab5160cbced7fd	46.872610	-114.004880	1748557560	2025-05-29	22:26:00	Thu
McCormick Park	31ac28ecef5be585b493cba19fab5160cbced7fd	46.872770	-114.004450	1748557892	2025-05-29	22:31:32	Thu
McCormick Park	31ac28ecef5be585b493cba19fab5160cbced7fd	46.872860	-114.005010	1748557906	2025-05-29	22:31:46	Thu
McCormick Park	31ac28ecef5be585b493cba19fab5160cbced7fd	46.872790	-114.004760	1748557958	2025-05-29	22:32:38	Thu
McCormick Park	31ac28ecef5be585b493cba19fab5160cbced7fd	46.872640	-114.004480	1748557988	2025-05-29	22:33:08	Thu
McCormick Park	a41a1d7efac04b2af46a4da45e400aa7387042da	46.871600	-114.002760	1748526422	2025-05-29	13:47:02	Thu
McCormick Park	b943357cd4d9699de0531440ad32dd43759d273a	46.872820	-114.005450	1748553847	2025-05-29	21:24:07	Thu
McCormick Park	84ccd67681d6243ecfdc33d6c57587406561688e	46.870930	-114.002530	1748495990	2025-05-29	05:19:50	Thu
McCormick Park	84ccd67681d6243ecfdc33d6c57587406561688e	46.870980	-114.002500	1748496003	2025-05-29	05:20:03	Thu
McCormick Park	84ccd67681d6243ecfdc33d6c57587406561688e	46.870980	-114.002820	1748496049	2025-05-29	05:20:49	Thu
McCormick Park	b07a2fd2da1e9fa99adf477f2ac766821370c389	46.871510	-114.004580	1748480137	2025-05-29	00:55:37	Thu
McCormick Park	b07a2fd2da1e9fa99adf477f2ac766821370c389	46.871590	-114.004560	1748480132	2025-05-29	00:55:32	Thu
McCormick Park	fa9e25e6f3a2c06147de52aa715682bfae29cb1d	46.871210	-114.002220	1748539787	2025-05-29	17:29:47	Thu
McCormick Park	d9d89ec410bf35baaa9b078d5a726292d9ed3d5f	46.871790	-114.001970	1748531986	2025-05-29	15:19:46	Thu
McCormick Park	d9d89ec410bf35baaa9b078d5a726292d9ed3d5f	46.871750	-114.001900	1748531970	2025-05-29	15:19:30	Thu
McCormick Park	d9d89ec410bf35baaa9b078d5a726292d9ed3d5f	46.871720	-114.001920	1748531986	2025-05-29	15:19:46	Thu
McCormick Park	6f267036b5b3ec32ec51c803b2526235d0274e77	46.872980	-114.005120	1748479108	2025-05-29	00:38:28	Thu
McCormick Park	6f267036b5b3ec32ec51c803b2526235d0274e77	46.872640	-114.005380	1748477233	2025-05-29	00:07:13	Thu
McCormick Park	6f267036b5b3ec32ec51c803b2526235d0274e77	46.872940	-114.005570	1748477528	2025-05-29	00:12:08	Thu
McCormick Park	6f267036b5b3ec32ec51c803b2526235d0274e77	46.872920	-114.005290	1748480362	2025-05-29	00:59:22	Thu
McCormick Park	787dfc754cf9851353019a914be10ccc00ecfacc	46.872170	-114.006200	1748483022	2025-05-29	01:43:42	Thu
McCormick Park	aa8d73f47af4bf3c2bc52fb295c6f0472abd0b79	46.870760	-114.002680	1748550645	2025-05-29	20:30:45	Thu
McCormick Park	cd3ef0c860ff14bbf7bf6b99519e1f70ad74c8e4	46.870960	-114.002280	1748553882	2025-05-29	21:24:42	Thu
McCormick Park	8e6a1368a3cfc6f4f11dcc61ddb8d67ef292ea8a	46.870760	-114.002690	1748544861	2025-05-29	18:54:21	Thu
McCormick Park	11bced96469aa6714cd880a1cd9f2fc71045f34b	46.870900	-114.002950	1748477407	2025-05-29	00:10:07	Thu
McCormick Park	11bced96469aa6714cd880a1cd9f2fc71045f34b	46.871400	-114.001840	1748477442	2025-05-29	00:10:42	Thu
McCormick Park	b3288a2999381a6d54f39a6112e187f65c47e6c8	46.872740	-114.005220	1748536671	2025-05-29	16:37:51	Thu
McCormick Park	ca7b835481315d27558bafe08ebb4837f9401b7a	46.870960	-114.002330	1748526560	2025-05-29	13:49:20	Thu
McCormick Park	78a40da0c1a512832be9fac3d95ab7bb9a90e3e4	46.870620	-114.002800	1748478344	2025-05-29	00:25:44	Thu
McCormick Park	b7b62a353aec1f8e8ae681455b3c515eaa02c270	46.871030	-114.002510	1748477251	2025-05-29	00:07:31	Thu
McCormick Park	b7b62a353aec1f8e8ae681455b3c515eaa02c270	46.871050	-114.002530	1748477251	2025-05-29	00:07:31	Thu
McCormick Park	b7b62a353aec1f8e8ae681455b3c515eaa02c270	46.870940	-114.002810	1748477122	2025-05-29	00:05:22	Thu
McCormick Park	b7b62a353aec1f8e8ae681455b3c515eaa02c270	46.870900	-114.002500	1748477124	2025-05-29	00:05:24	Thu
McCormick Park	10e340b6418f8c6f744f1d0f5af32b33153fc86b	46.871460	-114.001430	1748493069	2025-05-29	04:31:09	Thu
McCormick Park	7748e7c825a38bcb8246c0292f6c35beaf034361	46.872100	-114.003330	1748494390	2025-05-29	04:53:10	Thu
McCormick Park	7748e7c825a38bcb8246c0292f6c35beaf034361	46.872130	-114.003300	1748494394	2025-05-29	04:53:14	Thu
McCormick Park	7748e7c825a38bcb8246c0292f6c35beaf034361	46.871880	-114.002320	1748494445	2025-05-29	04:54:05	Thu
McCormick Park	7748e7c825a38bcb8246c0292f6c35beaf034361	46.872500	-114.002740	1748494449	2025-05-29	04:54:09	Thu
McCormick Park	837795c9681442ae1c684ddf4544fea6e5bc8a6b	46.871250	-114.002050	1748562450	2025-05-29	23:47:30	Thu
McCormick Park	a22e2f0565e5f5c9790e288889afbb3bd891c8c1	46.871200	-114.002360	1748479498	2025-05-29	00:44:58	Thu
McCormick Park	675ac4419d6833e4c9505be2915abcad744e1cd3	46.871420	-114.004580	1748524110	2025-05-29	13:08:30	Thu
McCormick Park	675ac4419d6833e4c9505be2915abcad744e1cd3	46.872660	-114.004730	1748524528	2025-05-29	13:15:28	Thu
McCormick Park	675ac4419d6833e4c9505be2915abcad744e1cd3	46.872660	-114.004730	1748524794	2025-05-29	13:19:54	Thu
McCormick Park	023286658f642f2b9f9cb53d12986988371cab4a	46.871150	-114.003370	1748490508	2025-05-29	03:48:28	Thu
McCormick Park	97c4ab1425af6084e85e5641031f1dc333792b4e	46.870770	-114.002620	1748492349	2025-05-29	04:19:09	Thu
McCormick Park	335cc6d37e387f82f24a22b4db4867303262d126	46.872980	-114.005370	1748562423	2025-05-29	23:47:03	Thu
McCormick Park	085b85ac1965414731dc5c8131ec74c66c97d0ae	46.872670	-114.004660	1748560723	2025-05-29	23:18:43	Thu
McCormick Park	085b85ac1965414731dc5c8131ec74c66c97d0ae	46.871640	-114.002710	1748561180	2025-05-29	23:26:20	Thu
McCormick Park	b2c6cb3f8ed3d4c058fe70c431df0c158d4c0d6c	46.872720	-114.005390	1748557451	2025-05-29	22:24:11	Thu
McCormick Park	b2c6cb3f8ed3d4c058fe70c431df0c158d4c0d6c	46.872700	-114.005350	1748551292	2025-05-29	20:41:32	Thu
McCormick Park	b2c6cb3f8ed3d4c058fe70c431df0c158d4c0d6c	46.872910	-114.005320	1748551312	2025-05-29	20:41:52	Thu
McCormick Park	b2c6cb3f8ed3d4c058fe70c431df0c158d4c0d6c	46.872930	-114.005190	1748552391	2025-05-29	20:59:51	Thu
McCormick Park	b2c6cb3f8ed3d4c058fe70c431df0c158d4c0d6c	46.872710	-114.005330	1748557444	2025-05-29	22:24:04	Thu
McCormick Park	951b631d27652c78ae95cfe872cc0fd43bf18531	46.870900	-114.002290	1748498826	2025-05-29	06:07:06	Thu
McCormick Park	93fe0462606898dbf77c7feb84274196ac5cd863	46.872840	-114.005410	1748559439	2025-05-29	22:57:19	Thu
McCormick Park	93fe0462606898dbf77c7feb84274196ac5cd863	46.872600	-114.005760	1748559254	2025-05-29	22:54:14	Thu
McCormick Park	93fe0462606898dbf77c7feb84274196ac5cd863	46.872800	-114.005480	1748559444	2025-05-29	22:57:24	Thu
McCormick Park	7c096294a8b6a159472ad690c8e4ead68a40683b	46.872650	-114.005040	1748526813	2025-05-29	13:53:33	Thu
McCormick Park	7c096294a8b6a159472ad690c8e4ead68a40683b	46.872630	-114.005070	1748526776	2025-05-29	13:52:56	Thu
McCormick Park	7c096294a8b6a159472ad690c8e4ead68a40683b	46.872660	-114.004710	1748526780	2025-05-29	13:53:00	Thu
McCormick Park	8815175fc02435c505329a6e7f22dd2b547af7c5	46.870820	-114.002610	1748557791	2025-05-29	22:29:51	Thu
McCormick Park	d63889672d0a83351b50f4ca3375e03ae7cca731	46.871240	-114.002050	1748553973	2025-05-29	21:26:13	Thu
McCormick Park	54de453e148a4440bfc102bd2f12ad50135152fb	46.871530	-114.004810	1748499064	2025-05-29	06:11:04	Thu
McCormick Park	ea5bed41505a07980f78c31feefce831f1c1ef1e	46.872860	-114.005020	1748551722	2025-05-29	20:48:42	Thu
McCormick Park	6faf571fb1779c8b8ef8fc6aa082811b963b4fdb	46.871260	-114.004360	1748482826	2025-05-29	01:40:26	Thu
McCormick Park	c489bbf9e33dc5552e0a6fe3d9db288366f2fe00	46.871380	-114.001490	1748537069	2025-05-29	16:44:29	Thu
McCormick Park	2bdf49d47574a94995d4e75015e35874215dcf19	46.871470	-114.004460	1748557553	2025-05-29	22:25:53	Thu
McCormick Park	fdb562353cc74278064a2ce413c584c23bf322c4	46.871460	-114.004260	1748510892	2025-05-29	09:28:12	Thu
McCormick Park	6727e6bfe9a44a8828e77c27673d6cee88ee49a4	46.874180	-114.004750	1748532929	2025-05-29	15:35:29	Thu
McCormick Park	e19cfd14d966b136305e25c58dd1561db57ff780	46.872280	-114.005300	1748478758	2025-05-29	00:32:38	Thu
McCormick Park	e19cfd14d966b136305e25c58dd1561db57ff780	46.872210	-114.005300	1748478758	2025-05-29	00:32:38	Thu
McCormick Park	e19cfd14d966b136305e25c58dd1561db57ff780	46.872070	-114.004950	1748479013	2025-05-29	00:36:53	Thu
McCormick Park	e19cfd14d966b136305e25c58dd1561db57ff780	46.872430	-114.004420	1748479048	2025-05-29	00:37:28	Thu
McCormick Park	6e85b5d4a7016d1e53f830a1dc9edff204b8816a	46.871390	-114.003660	1748530141	2025-05-29	14:49:01	Thu
McCormick Park	d640f92053281c1230c2dee13bbc7af107085759	46.871880	-114.005220	1748481224	2025-05-29	01:13:44	Thu
McCormick Park	d640f92053281c1230c2dee13bbc7af107085759	46.871830	-114.005220	1748481548	2025-05-29	01:19:08	Thu
McCormick Park	d640f92053281c1230c2dee13bbc7af107085759	46.872130	-114.004800	1748481706	2025-05-29	01:21:46	Thu
McCormick Park	d640f92053281c1230c2dee13bbc7af107085759	46.871850	-114.004810	1748482013	2025-05-29	01:26:53	Thu
McCormick Park	d640f92053281c1230c2dee13bbc7af107085759	46.871880	-114.004830	1748481294	2025-05-29	01:14:54	Thu
McCormick Park	d640f92053281c1230c2dee13bbc7af107085759	46.871840	-114.004830	1748481457	2025-05-29	01:17:37	Thu
McCormick Park	d640f92053281c1230c2dee13bbc7af107085759	46.871620	-114.004840	1748481522	2025-05-29	01:18:42	Thu
McCormick Park	d640f92053281c1230c2dee13bbc7af107085759	46.871240	-114.004360	1748496120	2025-05-29	05:22:00	Thu
McCormick Park	d640f92053281c1230c2dee13bbc7af107085759	46.871220	-114.004330	1748496325	2025-05-29	05:25:25	Thu
McCormick Park	d640f92053281c1230c2dee13bbc7af107085759	46.871600	-114.004780	1748499065	2025-05-29	06:11:05	Thu
McCormick Park	651b9f7b6265e66550de7b2c6b5ffc0ee9f2623e	46.870740	-114.002840	1748530169	2025-05-29	14:49:29	Thu
McCormick Park	7c62358ef5cba0f959386ba59fd3c5676ebdf9c0	46.872450	-114.003680	1748479351	2025-05-29	00:42:31	Thu
McCormick Park	7c62358ef5cba0f959386ba59fd3c5676ebdf9c0	46.872480	-114.003620	1748479354	2025-05-29	00:42:34	Thu
McCormick Park	f095cd4804c6c02d532172b7136f0357a315c458	46.870940	-114.003030	1748492965	2025-05-29	04:29:25	Thu
McCormick Park	f095cd4804c6c02d532172b7136f0357a315c458	46.870830	-114.003190	1748517903	2025-05-29	11:25:03	Thu
McCormick Park	52a06fcbf4493535b0e0b4a8cf27f4a2728bc671	46.871230	-114.001960	1748481052	2025-05-29	01:10:52	Thu
McCormick Park	aa3e5e16bbe9730f08e519b3e12ea08793b28db2	46.870960	-114.002350	1748552327	2025-05-29	20:58:47	Thu
McCormick Park	22c1d4f3231a3bf94705580a5eb9b7426e1b6f32	46.871740	-114.005380	1748537015	2025-05-29	16:43:35	Thu
McCormick Park	22c1d4f3231a3bf94705580a5eb9b7426e1b6f32	46.871730	-114.005720	1748537017	2025-05-29	16:43:37	Thu
McCormick Park	73eb2fe7613f9d053e2bc6bb1d2eee5b6783d1d0	46.872480	-114.004210	1748551086	2025-05-29	20:38:06	Thu
McCormick Park	73eb2fe7613f9d053e2bc6bb1d2eee5b6783d1d0	46.872410	-114.004200	1748551146	2025-05-29	20:39:06	Thu
McCormick Park	73eb2fe7613f9d053e2bc6bb1d2eee5b6783d1d0	46.872410	-114.004160	1748551806	2025-05-29	20:50:06	Thu
McCormick Park	73eb2fe7613f9d053e2bc6bb1d2eee5b6783d1d0	46.872480	-114.003990	1748551843	2025-05-29	20:50:43	Thu
McCormick Park	1545ad068347f55ae1751c5540a8b80e22b5db0a	46.872770	-114.004850	1748553875	2025-05-29	21:24:35	Thu
McCormick Park	1545ad068347f55ae1751c5540a8b80e22b5db0a	46.872740	-114.004800	1748553878	2025-05-29	21:24:38	Thu
McCormick Park	1545ad068347f55ae1751c5540a8b80e22b5db0a	46.872700	-114.005380	1748555105	2025-05-29	21:45:05	Thu
McCormick Park	1545ad068347f55ae1751c5540a8b80e22b5db0a	46.872770	-114.004810	1748553878	2025-05-29	21:24:38	Thu
McCormick Park	1545ad068347f55ae1751c5540a8b80e22b5db0a	46.872700	-114.005360	1748555108	2025-05-29	21:45:08	Thu
McCormick Park	051ca9a76ab48a4d7c540a29124c14bba70a5dc7	46.870760	-114.002550	1748477474	2025-05-29	00:11:14	Thu
McCormick Park	77ce4475be0952935e5bd74cb34182dd41266820	46.871430	-114.005090	1748558635	2025-05-29	22:43:55	Thu
McCormick Park	fe203b3592b2d9d3d39bcba1b32969d730d7b6e9	46.872560	-114.004380	1748554395	2025-05-29	21:33:15	Thu
McCormick Park	fe203b3592b2d9d3d39bcba1b32969d730d7b6e9	46.871910	-114.005300	1748554325	2025-05-29	21:32:05	Thu
McCormick Park	44cca752b05f1e4969ab59ef6cda80986745c79a	46.870730	-114.002590	1748531009	2025-05-29	15:03:29	Thu
McCormick Park	763191769798ad8330434bdc3ec98c60c778da33	46.871370	-114.004910	1748488179	2025-05-29	03:09:39	Thu
McCormick Park	92bae865dfa438ce811e14fb329f1f5db17c8978	46.871230	-114.001670	1748560502	2025-05-29	23:15:02	Thu
McCormick Park	76f9fd2064e8b66c610fa0345c4c44ff9703bb18	46.870880	-114.002740	1748559646	2025-05-29	23:00:46	Thu
McCormick Park	a3bc730f3ad38444ed588e079013d6e843cc0ba2	46.871280	-114.004500	1749519219	2025-06-10	01:33:39	Tue
McCormick Park	c76735461e5b73baaeb6e4a7e23e85e683cfaf4a	46.870920	-114.003200	1749521878	2025-06-10	02:17:58	Tue
McCormick Park	c76735461e5b73baaeb6e4a7e23e85e683cfaf4a	46.872730	-114.005300	1749521134	2025-06-10	02:05:34	Tue
McCormick Park	8ac296227d191871fc98c100a25c809f4a633d3c	46.872600	-114.004880	1749585317	2025-06-10	19:55:17	Tue
McCormick Park	8ac296227d191871fc98c100a25c809f4a633d3c	46.872600	-114.004840	1749585325	2025-06-10	19:55:25	Tue
McCormick Park	8ac296227d191871fc98c100a25c809f4a633d3c	46.872740	-114.005060	1749585574	2025-06-10	19:59:34	Tue
McCormick Park	8ac296227d191871fc98c100a25c809f4a633d3c	46.872710	-114.005000	1749585577	2025-06-10	19:59:37	Tue
McCormick Park	8ac296227d191871fc98c100a25c809f4a633d3c	46.872600	-114.004840	1749585310	2025-06-10	19:55:10	Tue
McCormick Park	8ac296227d191871fc98c100a25c809f4a633d3c	46.872600	-114.004830	1749585312	2025-06-10	19:55:12	Tue
McCormick Park	8ac296227d191871fc98c100a25c809f4a633d3c	46.872760	-114.005000	1749585572	2025-06-10	19:59:32	Tue
McCormick Park	8ac296227d191871fc98c100a25c809f4a633d3c	46.872710	-114.005000	1749585578	2025-06-10	19:59:38	Tue
McCormick Park	8ac296227d191871fc98c100a25c809f4a633d3c	46.873100	-114.004760	1749585528	2025-06-10	19:58:48	Tue
McCormick Park	8ac296227d191871fc98c100a25c809f4a633d3c	46.872740	-114.004710	1749585585	2025-06-10	19:59:45	Tue
McCormick Park	8ac296227d191871fc98c100a25c809f4a633d3c	46.873120	-114.004760	1749587827	2025-06-10	20:37:07	Tue
McCormick Park	8ac296227d191871fc98c100a25c809f4a633d3c	46.873200	-114.004700	1749587830	2025-06-10	20:37:10	Tue
McCormick Park	8ac296227d191871fc98c100a25c809f4a633d3c	46.872600	-114.004780	1749587831	2025-06-10	20:37:11	Tue
McCormick Park	8ac296227d191871fc98c100a25c809f4a633d3c	46.872820	-114.004720	1749587843	2025-06-10	20:37:23	Tue
McCormick Park	75e73c25a3a544d807c336dd642dadc011808109	46.871400	-114.002420	1749521684	2025-06-10	02:14:44	Tue
McCormick Park	7ff3e505a2d88802cf12db2b892220fa44b7c1d2	46.873310	-114.005270	1749521306	2025-06-10	02:08:26	Tue
McCormick Park	cfb2f3521f8f0c0307663639b10d9ba48974842c	46.870860	-114.002410	1749599260	2025-06-10	23:47:40	Tue
McCormick Park	804ecbedda0a29dc25ea3879f3124b0fe2f7fff6	46.871380	-114.001540	1749598512	2025-06-10	23:35:12	Tue
McCormick Park	29d9bc4f0e4ebd96d9797f0d2a75cea907f73061	46.872870	-114.005630	1749586685	2025-06-10	20:18:05	Tue
McCormick Park	29d9bc4f0e4ebd96d9797f0d2a75cea907f73061	46.872810	-114.005690	1749586688	2025-06-10	20:18:08	Tue
McCormick Park	29d9bc4f0e4ebd96d9797f0d2a75cea907f73061	46.872610	-114.004920	1749565175	2025-06-10	14:19:35	Tue
McCormick Park	29d9bc4f0e4ebd96d9797f0d2a75cea907f73061	46.872850	-114.005680	1749586683	2025-06-10	20:18:03	Tue
McCormick Park	29d9bc4f0e4ebd96d9797f0d2a75cea907f73061	46.872710	-114.005300	1749588998	2025-06-10	20:56:38	Tue
McCormick Park	322256a44232e2983c3ff1e18464f32aa8dc5e10	46.871550	-114.004960	1749526871	2025-06-10	03:41:11	Tue
McCormick Park	322256a44232e2983c3ff1e18464f32aa8dc5e10	46.872760	-114.004370	1749526938	2025-06-10	03:42:18	Tue
McCormick Park	322256a44232e2983c3ff1e18464f32aa8dc5e10	46.873710	-114.003660	1749527086	2025-06-10	03:44:46	Tue
McCormick Park	322256a44232e2983c3ff1e18464f32aa8dc5e10	46.873810	-114.003920	1749527375	2025-06-10	03:49:35	Tue
McCormick Park	322256a44232e2983c3ff1e18464f32aa8dc5e10	46.873810	-114.003650	1749527450	2025-06-10	03:50:50	Tue
McCormick Park	322256a44232e2983c3ff1e18464f32aa8dc5e10	46.870760	-114.003010	1749577989	2025-06-10	17:53:09	Tue
McCormick Park	2d00ef6354bcb824bc67bf7fcf719c404ab07204	46.872470	-114.004710	1749583118	2025-06-10	19:18:38	Tue
McCormick Park	2d00ef6354bcb824bc67bf7fcf719c404ab07204	46.872870	-114.004740	1749583618	2025-06-10	19:26:58	Tue
McCormick Park	84f44b21b1f2a92346f8d929a05972458ea18bdb	46.871280	-114.001650	1749515287	2025-06-10	00:28:07	Tue
McCormick Park	2a45273bb0dbfd00f11bdf0518553bf82f7a6831	46.871340	-114.004450	1749517766	2025-06-10	01:09:26	Tue
McCormick Park	d63c23ca967b683552b837bc7bca989e2b0e412e	46.871240	-114.002975	1749541898	2025-06-10	07:51:38	Tue
McCormick Park	d63c23ca967b683552b837bc7bca989e2b0e412e	46.870870	-114.002940	1749575393	2025-06-10	17:09:53	Tue
McCormick Park	b20fb2d2547d8f28a6caa97705cec315434592bf	46.872158	-114.004814	1749570103	2025-06-10	15:41:43	Tue
McCormick Park	b20fb2d2547d8f28a6caa97705cec315434592bf	46.872118	-114.004825	1749570104	2025-06-10	15:41:44	Tue
McCormick Park	b20fb2d2547d8f28a6caa97705cec315434592bf	46.872160	-114.004890	1749570100	2025-06-10	15:41:40	Tue
McCormick Park	a9c736af7205d2204c4bd235b70474fdbd8f9055	46.870860	-114.003030	1749517939	2025-06-10	01:12:19	Tue
McCormick Park	a9c736af7205d2204c4bd235b70474fdbd8f9055	46.870810	-114.003010	1749517942	2025-06-10	01:12:22	Tue
McCormick Park	c31aa8bd6a1274e6a7ac75c1466450abef71ab98	46.871460	-114.001710	1749516381	2025-06-10	00:46:21	Tue
McCormick Park	dbe7378db4f808420104e1fd7444468d303383a2	46.872310	-114.003960	1749593273	2025-06-10	22:07:53	Tue
McCormick Park	dbe7378db4f808420104e1fd7444468d303383a2	46.872550	-114.003560	1749593380	2025-06-10	22:09:40	Tue
McCormick Park	e23ef68375c6e830c489e09ab8141b95a00be153	46.871770	-114.005060	1749580987	2025-06-10	18:43:07	Tue
McCormick Park	e23ef68375c6e830c489e09ab8141b95a00be153	46.871750	-114.005060	1749580988	2025-06-10	18:43:08	Tue
McCormick Park	e23ef68375c6e830c489e09ab8141b95a00be153	46.871710	-114.005080	1749580982	2025-06-10	18:43:02	Tue
McCormick Park	e23ef68375c6e830c489e09ab8141b95a00be153	46.871780	-114.005020	1749580987	2025-06-10	18:43:07	Tue
McCormick Park	f74fff5805c5824ace648eeb19c6a1823aefb399	46.873104	-114.005390	1749588790	2025-06-10	20:53:10	Tue
McCormick Park	f74fff5805c5824ace648eeb19c6a1823aefb399	46.873120	-114.005360	1749588871	2025-06-10	20:54:31	Tue
McCormick Park	f74fff5805c5824ace648eeb19c6a1823aefb399	46.873120	-114.005360	1749589184	2025-06-10	20:59:44	Tue
McCormick Park	f74fff5805c5824ace648eeb19c6a1823aefb399	46.873120	-114.005360	1749589435	2025-06-10	21:03:55	Tue
McCormick Park	29ce77f7e80a5f0bc40667ce21c158b9c6682b2d	46.871760	-114.005450	1749581463	2025-06-10	18:51:03	Tue
McCormick Park	7d7930793e4f4da7f55e0cc71508d64a27271f6a	46.872807	-114.004601	1749576902	2025-06-10	17:35:02	Tue
McCormick Park	7d26bd181a343c61c680b95f8935d74f8d62326c	46.872610	-114.005060	1749580624	2025-06-10	18:37:04	Tue
McCormick Park	7d26bd181a343c61c680b95f8935d74f8d62326c	46.872970	-114.005710	1749584368	2025-06-10	19:39:28	Tue
McCormick Park	7d26bd181a343c61c680b95f8935d74f8d62326c	46.872970	-114.005720	1749584391	2025-06-10	19:39:51	Tue
McCormick Park	7d26bd181a343c61c680b95f8935d74f8d62326c	46.872960	-114.005780	1749584392	2025-06-10	19:39:52	Tue
McCormick Park	7d26bd181a343c61c680b95f8935d74f8d62326c	46.872970	-114.004980	1749586833	2025-06-10	20:20:33	Tue
McCormick Park	1f5fb55b5f972839a83c7ce395e8ced39a6a5255	46.872110	-114.002220	1749583947	2025-06-10	19:32:27	Tue
McCormick Park	12c879e11244f56c7f896b135f7d7dbc40d26413	46.870810	-114.003080	1749533183	2025-06-10	05:26:23	Tue
McCormick Park	675ac4419d6833e4c9505be2915abcad744e1cd3	46.872570	-114.004930	1749560975	2025-06-10	13:09:35	Tue
McCormick Park	609870906f55dc17c3238710eaa9ab4ff19a0ae7	46.873660	-114.004300	1749519205	2025-06-10	01:33:25	Tue
McCormick Park	f37ca12865f1e6f59b45bf1179914c630dada8b1	46.870990	-114.003500	1749593339	2025-06-10	22:08:59	Tue
McCormick Park	ed15cc9a2e8d6995648e8f3eb364040b16918cb9	46.872470	-114.004350	1749571633	2025-06-10	16:07:13	Tue
McCormick Park	ed15cc9a2e8d6995648e8f3eb364040b16918cb9	46.872450	-114.004320	1749571646	2025-06-10	16:07:26	Tue
McCormick Park	ed15cc9a2e8d6995648e8f3eb364040b16918cb9	46.872450	-114.003310	1749582955	2025-06-10	19:15:55	Tue
McCormick Park	ed15cc9a2e8d6995648e8f3eb364040b16918cb9	46.872360	-114.003440	1749583041	2025-06-10	19:17:21	Tue
McCormick Park	ed15cc9a2e8d6995648e8f3eb364040b16918cb9	46.873150	-114.004870	1749571723	2025-06-10	16:08:43	Tue
McCormick Park	ed15cc9a2e8d6995648e8f3eb364040b16918cb9	46.872460	-114.003340	1749582953	2025-06-10	19:15:53	Tue
McCormick Park	ed15cc9a2e8d6995648e8f3eb364040b16918cb9	46.872150	-114.003370	1749583021	2025-06-10	19:17:01	Tue
McCormick Park	ed15cc9a2e8d6995648e8f3eb364040b16918cb9	46.872340	-114.003410	1749583041	2025-06-10	19:17:21	Tue
McCormick Park	ed15cc9a2e8d6995648e8f3eb364040b16918cb9	46.872250	-114.002170	1749584453	2025-06-10	19:40:53	Tue
McCormick Park	ed15cc9a2e8d6995648e8f3eb364040b16918cb9	46.870680	-114.002880	1749585082	2025-06-10	19:51:22	Tue
McCormick Park	c19c41b417cf99b1124b99ad75f81632ddd160fc	46.871330	-114.001700	1749588457	2025-06-10	20:47:37	Tue
McCormick Park	c19c41b417cf99b1124b99ad75f81632ddd160fc	46.871380	-114.001710	1749588468	2025-06-10	20:47:48	Tue
McCormick Park	c19c41b417cf99b1124b99ad75f81632ddd160fc	46.871330	-114.001750	1749588460	2025-06-10	20:47:40	Tue
McCormick Park	c19c41b417cf99b1124b99ad75f81632ddd160fc	46.871320	-114.001710	1749588467	2025-06-10	20:47:47	Tue
McCormick Park	c19c41b417cf99b1124b99ad75f81632ddd160fc	46.870880	-114.002620	1749588350	2025-06-10	20:45:50	Tue
McCormick Park	f62a9bc4ec8194b121da8d59b01fa48e5b4c995e	46.871180	-114.001800	1749518410	2025-06-10	01:20:10	Tue
McCormick Park	3bb45e85b35673c68647d15a49092ced836ae3c8	46.871340	-114.004120	1749572263	2025-06-10	16:17:43	Tue
McCormick Park	eed1ade677a863e01747a108540805edef3d9499	46.872860	-114.004620	1749586986	2025-06-10	20:23:06	Tue
McCormick Park	eed1ade677a863e01747a108540805edef3d9499	46.872720	-114.004980	1749587138	2025-06-10	20:25:38	Tue
McCormick Park	eed1ade677a863e01747a108540805edef3d9499	46.872610	-114.004980	1749587306	2025-06-10	20:28:26	Tue
McCormick Park	eed1ade677a863e01747a108540805edef3d9499	46.872700	-114.004640	1749587388	2025-06-10	20:29:48	Tue
McCormick Park	58d1043f429bfc5384e41818aaf14c6f203b172f	46.871360	-114.004880	1749513636	2025-06-10	00:00:36	Tue
McCormick Park	58d1043f429bfc5384e41818aaf14c6f203b172f	46.871380	-114.004810	1749513643	2025-06-10	00:00:43	Tue
McCormick Park	58d1043f429bfc5384e41818aaf14c6f203b172f	46.871670	-114.004720	1749513601	2025-06-10	00:00:01	Tue
McCormick Park	58d1043f429bfc5384e41818aaf14c6f203b172f	46.871380	-114.004820	1749513708	2025-06-10	00:01:48	Tue
McCormick Park	fea72d8b5ef9ab41c07403b4ed10eb58bb2fc512	46.870870	-114.002420	1749514484	2025-06-10	00:14:44	Tue
McCormick Park	fea72d8b5ef9ab41c07403b4ed10eb58bb2fc512	46.870840	-114.002420	1749514488	2025-06-10	00:14:48	Tue
McCormick Park	032afdf01258474e6bb1f1808fe4ea70f3f98bae	46.872720	-114.004600	1749583444	2025-06-10	19:24:04	Tue
McCormick Park	ba8fab76ccbaf640bd0876ee80c3d0f453d2d1f3	46.872800	-114.004520	1749523799	2025-06-10	02:49:59	Tue
McCormick Park	ba8fab76ccbaf640bd0876ee80c3d0f453d2d1f3	46.872800	-114.004580	1749523805	2025-06-10	02:50:05	Tue
McCormick Park	54de453e148a4440bfc102bd2f12ad50135152fb	46.871890	-114.005910	1749529156	2025-06-10	04:19:16	Tue
McCormick Park	1a9ed02b9246b12fb5e2c2dff7e3da8340cadee9	46.873680	-114.003360	1749520055	2025-06-10	01:47:35	Tue
McCormick Park	51e67c111a1a7346087d1147811af27688ffb38c	46.871080	-114.003650	1749516014	2025-06-10	00:40:14	Tue
McCormick Park	51e67c111a1a7346087d1147811af27688ffb38c	46.871080	-114.003620	1749516012	2025-06-10	00:40:12	Tue
McCormick Park	c489bbf9e33dc5552e0a6fe3d9db288366f2fe00	46.871770	-114.005300	1749518647	2025-06-10	01:24:07	Tue
McCormick Park	3464c1879e8e201dbdff442b17898b121f890527	46.870830	-114.002570	1749514574	2025-06-10	00:16:14	Tue
McCormick Park	3464c1879e8e201dbdff442b17898b121f890527	46.870830	-114.002560	1749514580	2025-06-10	00:16:20	Tue
McCormick Park	3464c1879e8e201dbdff442b17898b121f890527	46.870800	-114.002650	1749514553	2025-06-10	00:15:53	Tue
McCormick Park	3464c1879e8e201dbdff442b17898b121f890527	46.870800	-114.002620	1749514558	2025-06-10	00:15:58	Tue
McCormick Park	3464c1879e8e201dbdff442b17898b121f890527	46.870810	-114.002480	1749514566	2025-06-10	00:16:06	Tue
McCormick Park	3464c1879e8e201dbdff442b17898b121f890527	46.870830	-114.002560	1749514576	2025-06-10	00:16:16	Tue
McCormick Park	cf356941d3f06ee70de3122569d167f5b151915d	46.872670	-114.003670	1749588819	2025-06-10	20:53:39	Tue
McCormick Park	d0c9e5a19c5fe4e9f6cd1eecce85e3bbcd16bbdc	46.872510	-114.002170	1749531301	2025-06-10	04:55:01	Tue
McCormick Park	afa5647219f2f2518d317342d8a034db004f234d	46.872870	-114.005660	1749523710	2025-06-10	02:48:30	Tue
McCormick Park	afa5647219f2f2518d317342d8a034db004f234d	46.872970	-114.005800	1749526897	2025-06-10	03:41:37	Tue
McCormick Park	afa5647219f2f2518d317342d8a034db004f234d	46.872920	-114.005610	1749527295	2025-06-10	03:48:15	Tue
McCormick Park	afa5647219f2f2518d317342d8a034db004f234d	46.872960	-114.004900	1749527581	2025-06-10	03:53:01	Tue
McCormick Park	afa5647219f2f2518d317342d8a034db004f234d	46.872910	-114.005420	1749530754	2025-06-10	04:45:54	Tue
McCormick Park	afa5647219f2f2518d317342d8a034db004f234d	46.872670	-114.004720	1749532246	2025-06-10	05:10:46	Tue
McCormick Park	afa5647219f2f2518d317342d8a034db004f234d	46.873100	-114.005200	1749523299	2025-06-10	02:41:39	Tue
McCormick Park	afa5647219f2f2518d317342d8a034db004f234d	46.873180	-114.005580	1749523335	2025-06-10	02:42:15	Tue
McCormick Park	afa5647219f2f2518d317342d8a034db004f234d	46.872850	-114.005450	1749523681	2025-06-10	02:48:01	Tue
McCormick Park	afa5647219f2f2518d317342d8a034db004f234d	46.872830	-114.005660	1749523707	2025-06-10	02:48:27	Tue
McCormick Park	afa5647219f2f2518d317342d8a034db004f234d	46.872940	-114.005240	1749524229	2025-06-10	02:57:09	Tue
McCormick Park	afa5647219f2f2518d317342d8a034db004f234d	46.872970	-114.005670	1749527292	2025-06-10	03:48:12	Tue
McCormick Park	afa5647219f2f2518d317342d8a034db004f234d	46.872950	-114.004900	1749527582	2025-06-10	03:53:02	Tue
McCormick Park	afa5647219f2f2518d317342d8a034db004f234d	46.872810	-114.005320	1749528181	2025-06-10	04:03:01	Tue
McCormick Park	afa5647219f2f2518d317342d8a034db004f234d	46.872700	-114.005810	1749530670	2025-06-10	04:44:30	Tue
McCormick Park	afa5647219f2f2518d317342d8a034db004f234d	46.872950	-114.005240	1749530678	2025-06-10	04:44:38	Tue
McCormick Park	afa5647219f2f2518d317342d8a034db004f234d	46.872970	-114.005440	1749530750	2025-06-10	04:45:50	Tue
McCormick Park	f7f2f98820ec76cead6f2236579d7f70d8a2ba0e	46.871609	-114.005467	1749598234	2025-06-10	23:30:34	Tue
McCormick Park	f7f2f98820ec76cead6f2236579d7f70d8a2ba0e	46.871609	-114.005455	1749598236	2025-06-10	23:30:36	Tue
McCormick Park	f7f2f98820ec76cead6f2236579d7f70d8a2ba0e	46.871680	-114.005460	1749598241	2025-06-10	23:30:41	Tue
McCormick Park	5f73834c3e41761e78c4c5772fc618caf6038994	46.871380	-114.004400	1749527593	2025-06-10	03:53:13	Tue
McCormick Park	5f73834c3e41761e78c4c5772fc618caf6038994	46.871330	-114.004450	1749527596	2025-06-10	03:53:16	Tue
McCormick Park	5f73834c3e41761e78c4c5772fc618caf6038994	46.871360	-114.004400	1749527590	2025-06-10	03:53:10	Tue
McCormick Park	5f73834c3e41761e78c4c5772fc618caf6038994	46.871300	-114.004450	1749527603	2025-06-10	03:53:23	Tue
McCormick Park	3ef1586e7bee8e1a8711ba4e94975ceff5c30947	46.873820	-114.003580	1749579325	2025-06-10	18:15:25	Tue
McCormick Park	3ef1586e7bee8e1a8711ba4e94975ceff5c30947	46.873810	-114.003510	1749579326	2025-06-10	18:15:26	Tue
McCormick Park	464f367d73fcb76921228c5d0e619beba8741b18	46.872600	-114.003810	1749521271	2025-06-10	02:07:51	Tue
McCormick Park	464f367d73fcb76921228c5d0e619beba8741b18	46.872600	-114.003850	1749521275	2025-06-10	02:07:55	Tue
McCormick Park	464f367d73fcb76921228c5d0e619beba8741b18	46.872600	-114.003850	1749521226	2025-06-10	02:07:06	Tue
McCormick Park	464f367d73fcb76921228c5d0e619beba8741b18	46.872600	-114.003830	1749521227	2025-06-10	02:07:07	Tue
McCormick Park	464f367d73fcb76921228c5d0e619beba8741b18	46.872600	-114.003830	1749521272	2025-06-10	02:07:52	Tue
McCormick Park	464f367d73fcb76921228c5d0e619beba8741b18	46.872600	-114.003840	1749521277	2025-06-10	02:07:57	Tue
McCormick Park	f5e773a8e7ad5d36373c43f102bddc8c9a3c0be9	46.871010	-114.003250	1749572643	2025-06-10	16:24:03	Tue
McCormick Park	f5e773a8e7ad5d36373c43f102bddc8c9a3c0be9	46.871000	-114.003200	1749572643	2025-06-10	16:24:03	Tue
McCormick Park	7fbe69ba74c1990bc4860f33f309811a0dfa3089	46.870830	-114.002900	1749563123	2025-06-10	13:45:23	Tue
McCormick Park	b4955fe8a7d6789ed3f450563267f48c0e59ab1e	46.870920	-114.002240	1749514890	2025-06-10	00:21:30	Tue
McCormick Park	b0bfb09d466449c57a7bf017ec05d7b15c4cdf70	46.872180	-114.004310	1749587935	2025-06-10	20:38:55	Tue
McCormick Park	b0bfb09d466449c57a7bf017ec05d7b15c4cdf70	46.872470	-114.004140	1749588624	2025-06-10	20:50:24	Tue
McCormick Park	b0bfb09d466449c57a7bf017ec05d7b15c4cdf70	46.872550	-114.004310	1749588640	2025-06-10	20:50:40	Tue
McCormick Park	3f1659fdb28cf38ad6b7dbb8b925836705282b8b	46.872170	-114.004830	1749526161	2025-06-10	03:29:21	Tue
McCormick Park	cd5fcf61522fe86f1e726907960b2bd163895d47	46.871050	-114.002110	1749574278	2025-06-10	16:51:18	Tue
McCormick Park	cd5fcf61522fe86f1e726907960b2bd163895d47	46.871020	-114.002200	1749574299	2025-06-10	16:51:39	Tue
McCormick Park	79747cc5462239acadde26e85ca4e965b6883518	46.871680	-114.006200	1749527824	2025-06-10	03:57:04	Tue
McCormick Park	735bb13dbb4bc047a9effce813e0666c2343b13f	46.871070	-114.002120	1749541596	2025-06-10	07:46:36	Tue
McCormick Park	138072e8d0b582def448106593a74bc5c5134f5b	46.871720	-114.006420	1749588364	2025-06-10	20:46:04	Tue
McCormick Park	1e4529f945bd39e134dfeff11cbff780ad1bb940	46.872860	-114.004930	1749518261	2025-06-10	01:17:41	Tue
McCormick Park	1e4529f945bd39e134dfeff11cbff780ad1bb940	46.872410	-114.004770	1749595888	2025-06-10	22:51:28	Tue
McCormick Park	1e4529f945bd39e134dfeff11cbff780ad1bb940	46.872700	-114.004880	1749595893	2025-06-10	22:51:33	Tue
McCormick Park	bef225ee92a45160940d0195bf09b46217563179	46.872829	-114.004585	1749563280	2025-06-10	13:48:00	Tue
McCormick Park	bef225ee92a45160940d0195bf09b46217563179	46.872829	-114.004585	1749563312	2025-06-10	13:48:32	Tue
McCormick Park	4b4b13cdc5b9f37c8e6510a4a6319d1ae3a667fd	46.870920	-114.002340	1749576590	2025-06-10	17:29:50	Tue
McCormick Park	4b4b13cdc5b9f37c8e6510a4a6319d1ae3a667fd	46.870940	-114.002300	1749576588	2025-06-10	17:29:48	Tue
McCormick Park	dde9a9e034e76fd4693edc1b62fe93e4c54bd2b4	46.871940	-114.006200	1749545595	2025-06-10	08:53:15	Tue
McCormick Park	c858df3d809dcd13f865e1e5e953f7dec0b8cda9	46.872800	-114.005450	1749519221	2025-06-10	01:33:41	Tue
McCormick Park	c858df3d809dcd13f865e1e5e953f7dec0b8cda9	46.872850	-114.005580	1749519708	2025-06-10	01:41:48	Tue
McCormick Park	c858df3d809dcd13f865e1e5e953f7dec0b8cda9	46.872530	-114.005630	1749519788	2025-06-10	01:43:08	Tue
McCormick Park	c858df3d809dcd13f865e1e5e953f7dec0b8cda9	46.872560	-114.005620	1749519835	2025-06-10	01:43:55	Tue
McCormick Park	c858df3d809dcd13f865e1e5e953f7dec0b8cda9	46.872550	-114.005630	1749519836	2025-06-10	01:43:56	Tue
McCormick Park	c858df3d809dcd13f865e1e5e953f7dec0b8cda9	46.872760	-114.004420	1749517980	2025-06-10	01:13:00	Tue
McCormick Park	c858df3d809dcd13f865e1e5e953f7dec0b8cda9	46.872460	-114.004800	1749517981	2025-06-10	01:13:01	Tue
McCormick Park	c858df3d809dcd13f865e1e5e953f7dec0b8cda9	46.872700	-114.005130	1749517991	2025-06-10	01:13:11	Tue
McCormick Park	c858df3d809dcd13f865e1e5e953f7dec0b8cda9	46.872530	-114.004690	1749518048	2025-06-10	01:14:08	Tue
McCormick Park	c858df3d809dcd13f865e1e5e953f7dec0b8cda9	46.873120	-114.005440	1749519216	2025-06-10	01:33:36	Tue
McCormick Park	2007dabc3e33e443c9cbccfafa44fdd24d1c1ee6	46.870910	-114.002280	1749598678	2025-06-10	23:37:58	Tue
McCormick Park	73a57c53d516aae9c83b1360f7cf480757836888	46.871750	-114.004100	1749524947	2025-06-10	03:09:07	Tue
McCormick Park	73a57c53d516aae9c83b1360f7cf480757836888	46.871730	-114.004100	1749524947	2025-06-10	03:09:07	Tue
McCormick Park	1c994a191da5676f7f542b824d5edb07c9a0d9b4	46.870870	-114.002500	1749593814	2025-06-10	22:16:54	Tue
McCormick Park	1c994a191da5676f7f542b824d5edb07c9a0d9b4	46.870840	-114.002500	1749593818	2025-06-10	22:16:58	Tue
McCormick Park	1c994a191da5676f7f542b824d5edb07c9a0d9b4	46.870840	-114.002500	1749593814	2025-06-10	22:16:54	Tue
McCormick Park	1c994a191da5676f7f542b824d5edb07c9a0d9b4	46.870810	-114.002500	1749593818	2025-06-10	22:16:58	Tue
McCormick Park	f0b64a2904c24a5cfa7a997ca21e2541fd749299	46.872790	-114.003960	1749515112	2025-06-10	00:25:12	Tue
McCormick Park	f0b64a2904c24a5cfa7a997ca21e2541fd749299	46.872700	-114.003970	1749515113	2025-06-10	00:25:13	Tue
McCormick Park	f0b64a2904c24a5cfa7a997ca21e2541fd749299	46.872730	-114.003970	1749515125	2025-06-10	00:25:25	Tue
McCormick Park	9c0864a437151d181f5942786e246459e95fdce9	46.872550	-114.004260	1749522013	2025-06-10	02:20:13	Tue
McCormick Park	122ffb73d8932a2e4a5d51fdf39f722940d6223e	46.871010	-114.002200	1749567233	2025-06-10	14:53:53	Tue
McCormick Park	69b3366a67830084659e9e3c56b2d0fbdd7835c0	46.871170	-114.001900	1749581062	2025-06-10	18:44:22	Tue
McCormick Park	e48a177c912a4601e2ed531219b43ce24ca5eaf9	46.873960	-114.005330	1745444894	2025-04-23	21:48:14	Wed
McCormick Park	e48a177c912a4601e2ed531219b43ce24ca5eaf9	46.872990	-114.005550	1745445619	2025-04-23	22:00:19	Wed
McCormick Park	e48a177c912a4601e2ed531219b43ce24ca5eaf9	46.872780	-114.004460	1745445860	2025-04-23	22:04:20	Wed
McCormick Park	e48a177c912a4601e2ed531219b43ce24ca5eaf9	46.872850	-114.002340	1745446779	2025-04-23	22:19:39	Wed
McCormick Park	e48a177c912a4601e2ed531219b43ce24ca5eaf9	46.872770	-114.003630	1745447749	2025-04-23	22:35:49	Wed
McCormick Park	941f8854bb89bd1fa80bc8f09b06f4739ee6e512	46.871280	-114.004600	1745373234	2025-04-23	01:53:54	Wed
McCormick Park	a70376047a6685c330de9bcd49eae17dc2e30220	46.872168	-114.005400	1745440813	2025-04-23	20:40:13	Wed
McCormick Park	a70376047a6685c330de9bcd49eae17dc2e30220	46.872144	-114.005400	1745440813	2025-04-23	20:40:13	Wed
McCormick Park	a70376047a6685c330de9bcd49eae17dc2e30220	46.872168	-114.005400	1745440818	2025-04-23	20:40:18	Wed
McCormick Park	a70376047a6685c330de9bcd49eae17dc2e30220	46.872180	-114.005400	1745440811	2025-04-23	20:40:11	Wed
McCormick Park	a70376047a6685c330de9bcd49eae17dc2e30220	46.872150	-114.005400	1745440816	2025-04-23	20:40:16	Wed
McCormick Park	a70376047a6685c330de9bcd49eae17dc2e30220	46.872120	-114.005400	1745440816	2025-04-23	20:40:16	Wed
McCormick Park	a70376047a6685c330de9bcd49eae17dc2e30220	46.872110	-114.005400	1745440818	2025-04-23	20:40:18	Wed
McCormick Park	1fb913e61998cd2a02033f922ceaec34ae7a3373	46.871487	-114.005500	1745372128	2025-04-23	01:35:28	Wed
McCormick Park	69d80dde527ae91db055b393b50da5e0145f37d9	46.871315	-114.003145	1745366988	2025-04-23	00:09:48	Wed
McCormick Park	69d80dde527ae91db055b393b50da5e0145f37d9	46.871350	-114.003147	1745367723	2025-04-23	00:22:03	Wed
McCormick Park	69d80dde527ae91db055b393b50da5e0145f37d9	46.871370	-114.003170	1745368200	2025-04-23	00:30:00	Wed
McCormick Park	69d80dde527ae91db055b393b50da5e0145f37d9	46.871340	-114.003180	1745366982	2025-04-23	00:09:42	Wed
McCormick Park	69d80dde527ae91db055b393b50da5e0145f37d9	46.871370	-114.003150	1745366988	2025-04-23	00:09:48	Wed
McCormick Park	69d80dde527ae91db055b393b50da5e0145f37d9	46.871300	-114.003160	1745367724	2025-04-23	00:22:04	Wed
McCormick Park	69d80dde527ae91db055b393b50da5e0145f37d9	46.871370	-114.003130	1745367726	2025-04-23	00:22:06	Wed
McCormick Park	69d80dde527ae91db055b393b50da5e0145f37d9	46.871320	-114.003130	1745368195	2025-04-23	00:29:55	Wed
McCormick Park	69d80dde527ae91db055b393b50da5e0145f37d9	46.871320	-114.003120	1745368205	2025-04-23	00:30:05	Wed
McCormick Park	b3288a2999381a6d54f39a6112e187f65c47e6c8	46.872930	-114.005370	1745422553	2025-04-23	15:35:53	Wed
McCormick Park	437be147ca17bf891e89266aa2280d9e0596754e	46.873980	-114.004620	1745439321	2025-04-23	20:15:21	Wed
McCormick Park	437be147ca17bf891e89266aa2280d9e0596754e	46.873920	-114.004630	1745439327	2025-04-23	20:15:27	Wed
McCormick Park	437be147ca17bf891e89266aa2280d9e0596754e	46.874120	-114.005280	1745439370	2025-04-23	20:16:10	Wed
McCormick Park	437be147ca17bf891e89266aa2280d9e0596754e	46.874140	-114.005290	1745439372	2025-04-23	20:16:12	Wed
McCormick Park	437be147ca17bf891e89266aa2280d9e0596754e	46.874120	-114.005240	1745439425	2025-04-23	20:17:05	Wed
McCormick Park	437be147ca17bf891e89266aa2280d9e0596754e	46.873910	-114.004610	1745439325	2025-04-23	20:15:25	Wed
McCormick Park	437be147ca17bf891e89266aa2280d9e0596754e	46.874140	-114.005250	1745439375	2025-04-23	20:16:15	Wed
McCormick Park	437be147ca17bf891e89266aa2280d9e0596754e	46.874120	-114.005200	1745439423	2025-04-23	20:17:03	Wed
McCormick Park	366ec62522ffcd3cc295b39ac88e9491c1b633cc	46.872800	-114.004610	1745451157	2025-04-23	23:32:37	Wed
McCormick Park	e46227a67defe16e8b94606ebf7d9685225e168f	46.873128	-114.005485	1745381421	2025-04-23	04:10:21	Wed
McCormick Park	e46227a67defe16e8b94606ebf7d9685225e168f	46.873148	-114.005406	1745381427	2025-04-23	04:10:27	Wed
McCormick Park	e46227a67defe16e8b94606ebf7d9685225e168f	46.873140	-114.005440	1745381423	2025-04-23	04:10:23	Wed
McCormick Park	c7fdacfa236767761c719e101281196c345e6cd5	46.872408	-114.003052	1745400934	2025-04-23	09:35:34	Wed
McCormick Park	c7fdacfa236767761c719e101281196c345e6cd5	46.872450	-114.003070	1745400937	2025-04-23	09:35:37	Wed
McCormick Park	c198bab0aa2bc758ed75bbb59471404cc2a463d7	46.871330	-114.003120	1745377434	2025-04-23	03:03:54	Wed
McCormick Park	c198bab0aa2bc758ed75bbb59471404cc2a463d7	46.871330	-114.003120	1745377552	2025-04-23	03:05:52	Wed
McCormick Park	c198bab0aa2bc758ed75bbb59471404cc2a463d7	46.871380	-114.003150	1745377434	2025-04-23	03:03:54	Wed
McCormick Park	c198bab0aa2bc758ed75bbb59471404cc2a463d7	46.871360	-114.003160	1745377435	2025-04-23	03:03:55	Wed
McCormick Park	c198bab0aa2bc758ed75bbb59471404cc2a463d7	46.871360	-114.003130	1745377551	2025-04-23	03:05:51	Wed
McCormick Park	c198bab0aa2bc758ed75bbb59471404cc2a463d7	46.871380	-114.003100	1745377554	2025-04-23	03:05:54	Wed
McCormick Park	05279c4c18fa23e07894d3efadf3657b053f65b3	46.872447	-114.003387	1745434491	2025-04-23	18:54:51	Wed
McCormick Park	05279c4c18fa23e07894d3efadf3657b053f65b3	46.872477	-114.003315	1745434494	2025-04-23	18:54:54	Wed
McCormick Park	05279c4c18fa23e07894d3efadf3657b053f65b3	46.872028	-114.005515	1745435932	2025-04-23	19:18:52	Wed
McCormick Park	05279c4c18fa23e07894d3efadf3657b053f65b3	46.872081	-114.005567	1745435934	2025-04-23	19:18:54	Wed
McCormick Park	71e1b2f35c920623a5549cf5a734675ba76571cc	46.872417	-114.003937	1745428988	2025-04-23	17:23:08	Wed
McCormick Park	71e1b2f35c920623a5549cf5a734675ba76571cc	46.872486	-114.003944	1745429066	2025-04-23	17:24:26	Wed
McCormick Park	649fadd22c96b4921e6187e99ae5550de5874a5c	46.870804	-114.002610	1745446405	2025-04-23	22:13:25	Wed
McCormick Park	649fadd22c96b4921e6187e99ae5550de5874a5c	46.870880	-114.002640	1745446406	2025-04-23	22:13:26	Wed
McCormick Park	fb820292e247969452111b6b421abafd987463d6	46.873780	-114.003810	1745448367	2025-04-23	22:46:07	Wed
McCormick Park	fb820292e247969452111b6b421abafd987463d6	46.873786	-114.003870	1745448575	2025-04-23	22:49:35	Wed
McCormick Park	fb820292e247969452111b6b421abafd987463d6	46.873752	-114.003810	1745448577	2025-04-23	22:49:37	Wed
McCormick Park	fb820292e247969452111b6b421abafd987463d6	46.873705	-114.003800	1745449704	2025-04-23	23:08:24	Wed
McCormick Park	fb820292e247969452111b6b421abafd987463d6	46.873768	-114.003860	1745451009	2025-04-23	23:30:09	Wed
McCormick Park	fb820292e247969452111b6b421abafd987463d6	46.873730	-114.003840	1745451150	2025-04-23	23:32:30	Wed
McCormick Park	fb820292e247969452111b6b421abafd987463d6	46.873726	-114.003850	1745451182	2025-04-23	23:33:02	Wed
McCormick Park	fb820292e247969452111b6b421abafd987463d6	46.873731	-114.003880	1745451183	2025-04-23	23:33:03	Wed
McCormick Park	fb820292e247969452111b6b421abafd987463d6	46.873732	-114.003870	1745451237	2025-04-23	23:33:57	Wed
McCormick Park	fb820292e247969452111b6b421abafd987463d6	46.873714	-114.003830	1745451242	2025-04-23	23:34:02	Wed
McCormick Park	fb820292e247969452111b6b421abafd987463d6	46.873707	-114.003810	1745451323	2025-04-23	23:35:23	Wed
McCormick Park	fb820292e247969452111b6b421abafd987463d6	46.873773	-114.003820	1745451324	2025-04-23	23:35:24	Wed
McCormick Park	fb820292e247969452111b6b421abafd987463d6	46.873725	-114.003800	1745451359	2025-04-23	23:35:59	Wed
McCormick Park	fb820292e247969452111b6b421abafd987463d6	46.873772	-114.003810	1745451417	2025-04-23	23:36:57	Wed
McCormick Park	fb820292e247969452111b6b421abafd987463d6	46.873730	-114.003850	1745451485	2025-04-23	23:38:05	Wed
McCormick Park	fb820292e247969452111b6b421abafd987463d6	46.873751	-114.003800	1745451776	2025-04-23	23:42:56	Wed
McCormick Park	fb820292e247969452111b6b421abafd987463d6	46.873776	-114.003880	1745451777	2025-04-23	23:42:57	Wed
McCormick Park	fb820292e247969452111b6b421abafd987463d6	46.873746	-114.003870	1745451783	2025-04-23	23:43:03	Wed
McCormick Park	fb820292e247969452111b6b421abafd987463d6	46.873707	-114.003840	1745451972	2025-04-23	23:46:12	Wed
McCormick Park	fb820292e247969452111b6b421abafd987463d6	46.873785	-114.003850	1745451975	2025-04-23	23:46:15	Wed
McCormick Park	fb820292e247969452111b6b421abafd987463d6	46.873732	-114.003830	1745452020	2025-04-23	23:47:00	Wed
McCormick Park	fb820292e247969452111b6b421abafd987463d6	46.873780	-114.003880	1745452023	2025-04-23	23:47:03	Wed
McCormick Park	fb820292e247969452111b6b421abafd987463d6	46.873754	-114.003800	1745452056	2025-04-23	23:47:36	Wed
McCormick Park	fb820292e247969452111b6b421abafd987463d6	46.873766	-114.003800	1745452343	2025-04-23	23:52:23	Wed
McCormick Park	fb820292e247969452111b6b421abafd987463d6	46.873707	-114.003800	1745452348	2025-04-23	23:52:28	Wed
McCormick Park	fb820292e247969452111b6b421abafd987463d6	46.873702	-114.003800	1745452440	2025-04-23	23:54:00	Wed
McCormick Park	fb820292e247969452111b6b421abafd987463d6	46.873715	-114.003800	1745452446	2025-04-23	23:54:06	Wed
McCormick Park	fb820292e247969452111b6b421abafd987463d6	46.873710	-114.003870	1745448365	2025-04-23	22:46:05	Wed
McCormick Park	fb820292e247969452111b6b421abafd987463d6	46.873710	-114.003820	1745448570	2025-04-23	22:49:30	Wed
McCormick Park	fb820292e247969452111b6b421abafd987463d6	46.873780	-114.003850	1745448578	2025-04-23	22:49:38	Wed
McCormick Park	fb820292e247969452111b6b421abafd987463d6	46.873760	-114.003800	1745449704	2025-04-23	23:08:24	Wed
McCormick Park	fb820292e247969452111b6b421abafd987463d6	46.873730	-114.003880	1745451002	2025-04-23	23:30:02	Wed
McCormick Park	fb820292e247969452111b6b421abafd987463d6	46.873780	-114.003820	1745451141	2025-04-23	23:32:21	Wed
McCormick Park	fb820292e247969452111b6b421abafd987463d6	46.873730	-114.003860	1745451186	2025-04-23	23:33:06	Wed
McCormick Park	fb820292e247969452111b6b421abafd987463d6	46.873700	-114.003880	1745451235	2025-04-23	23:33:55	Wed
McCormick Park	fb820292e247969452111b6b421abafd987463d6	46.873700	-114.003850	1745451241	2025-04-23	23:34:01	Wed
McCormick Park	fb820292e247969452111b6b421abafd987463d6	46.873700	-114.003800	1745451325	2025-04-23	23:35:25	Wed
McCormick Park	fb820292e247969452111b6b421abafd987463d6	46.873730	-114.003800	1745451353	2025-04-23	23:35:53	Wed
McCormick Park	fb820292e247969452111b6b421abafd987463d6	46.873730	-114.003850	1745451411	2025-04-23	23:36:51	Wed
McCormick Park	fb820292e247969452111b6b421abafd987463d6	46.873750	-114.003850	1745451485	2025-04-23	23:38:05	Wed
McCormick Park	fb820292e247969452111b6b421abafd987463d6	46.873780	-114.003840	1745451771	2025-04-23	23:42:51	Wed
McCormick Park	fb820292e247969452111b6b421abafd987463d6	46.873720	-114.003810	1745451776	2025-04-23	23:42:56	Wed
McCormick Park	fb820292e247969452111b6b421abafd987463d6	46.873780	-114.003870	1745451782	2025-04-23	23:43:02	Wed
McCormick Park	fb820292e247969452111b6b421abafd987463d6	46.873750	-114.003840	1745451974	2025-04-23	23:46:14	Wed
McCormick Park	fb820292e247969452111b6b421abafd987463d6	46.873730	-114.003860	1745451976	2025-04-23	23:46:16	Wed
McCormick Park	fb820292e247969452111b6b421abafd987463d6	46.873720	-114.003850	1745452015	2025-04-23	23:46:55	Wed
McCormick Park	fb820292e247969452111b6b421abafd987463d6	46.873740	-114.003880	1745452024	2025-04-23	23:47:04	Wed
McCormick Park	fb820292e247969452111b6b421abafd987463d6	46.873710	-114.003800	1745452057	2025-04-23	23:47:37	Wed
McCormick Park	fb820292e247969452111b6b421abafd987463d6	46.873780	-114.003800	1745452346	2025-04-23	23:52:26	Wed
McCormick Park	fb820292e247969452111b6b421abafd987463d6	46.873740	-114.003800	1745452346	2025-04-23	23:52:26	Wed
McCormick Park	fb820292e247969452111b6b421abafd987463d6	46.873700	-114.003800	1745452445	2025-04-23	23:54:05	Wed
McCormick Park	fb820292e247969452111b6b421abafd987463d6	46.873750	-114.003810	1745448577	2025-04-23	22:49:37	Wed
McCormick Park	fb820292e247969452111b6b421abafd987463d6	46.873730	-114.003870	1745451237	2025-04-23	23:33:57	Wed
McCormick Park	fb820292e247969452111b6b421abafd987463d6	46.873710	-114.003830	1745451242	2025-04-23	23:34:02	Wed
McCormick Park	fb820292e247969452111b6b421abafd987463d6	46.873700	-114.003810	1745451323	2025-04-23	23:35:23	Wed
McCormick Park	fb820292e247969452111b6b421abafd987463d6	46.873770	-114.003880	1745451777	2025-04-23	23:42:57	Wed
McCormick Park	fb820292e247969452111b6b421abafd987463d6	46.873740	-114.003870	1745451783	2025-04-23	23:43:03	Wed
McCormick Park	fb820292e247969452111b6b421abafd987463d6	46.873750	-114.003800	1745452056	2025-04-23	23:47:36	Wed
McCormick Park	81c6ce1672e039a8c310ccbf2154f96248da625c	46.872550	-114.003010	1745441762	2025-04-23	20:56:02	Wed
McCormick Park	e9cfdb05e3666dc8727adaa5213406c7dc5c4843	46.872940	-114.005400	1745438632	2025-04-23	20:03:52	Wed
McCormick Park	e9cfdb05e3666dc8727adaa5213406c7dc5c4843	46.872960	-114.005400	1745438636	2025-04-23	20:03:56	Wed
McCormick Park	e9cfdb05e3666dc8727adaa5213406c7dc5c4843	46.872900	-114.005400	1745438634	2025-04-23	20:03:54	Wed
McCormick Park	f1cfa0281dbcbbf7c7572dbf1c96f44e14a8ed81	46.871060	-114.002800	1746435529	2025-05-05	08:58:49	Mon
McCormick Park	f1cfa0281dbcbbf7c7572dbf1c96f44e14a8ed81	46.871360	-114.003400	1746435553	2025-05-05	08:59:13	Mon
McCormick Park	f1cfa0281dbcbbf7c7572dbf1c96f44e14a8ed81	46.871680	-114.003390	1746435558	2025-05-05	08:59:18	Mon
McCormick Park	f1cfa0281dbcbbf7c7572dbf1c96f44e14a8ed81	46.871030	-114.003460	1746435572	2025-05-05	08:59:32	Mon
McCormick Park	f1cfa0281dbcbbf7c7572dbf1c96f44e14a8ed81	46.871300	-114.003150	1746435589	2025-05-05	08:59:49	Mon
McCormick Park	f1cfa0281dbcbbf7c7572dbf1c96f44e14a8ed81	46.871360	-114.003150	1746435645	2025-05-05	09:00:45	Mon
McCormick Park	5f1e5bc7746ba2848aa3766c1036a031d9423d98	46.870860	-114.002370	1746417311	2025-05-05	03:55:11	Mon
McCormick Park	1c27236db1d82fd84ed699e807c0ca13154b4fe2	46.872070	-114.004930	1746404464	2025-05-05	00:21:04	Mon
McCormick Park	b3288a2999381a6d54f39a6112e187f65c47e6c8	46.873118	-114.005350	1746461908	2025-05-05	16:18:28	Mon
McCormick Park	1739134cb2a0e66ab3a3b98790739fb63524241b	46.871970	-114.005230	1746485900	2025-05-05	22:58:20	Mon
McCormick Park	91247c67db11c9359e214202ee675978cc3484b2	46.870900	-114.002760	1746481284	2025-05-05	21:41:24	Mon
McCormick Park	d767314e7330fe6b67394208c60b28a2723bece6	46.870880	-114.002770	1746488955	2025-05-05	23:49:15	Mon
McCormick Park	4a33d862b2ee7caf944a23d6c9664f4fb5e1d102	46.870820	-114.002580	1746454252	2025-05-05	14:10:52	Mon
McCormick Park	c52d41bd4ce4ed2bb810ef1c90b02d30b15b5410	46.873510	-114.003430	1746440677	2025-05-05	10:24:37	Mon
McCormick Park	76ca6e33cfcbb767fbf6f502bd4ff0e50dd1e960	46.871100	-114.003450	1746408382	2025-05-05	01:26:22	Mon
McCormick Park	76ca6e33cfcbb767fbf6f502bd4ff0e50dd1e960	46.871310	-114.003150	1746408397	2025-05-05	01:26:37	Mon
McCormick Park	76ca6e33cfcbb767fbf6f502bd4ff0e50dd1e960	46.871360	-114.003420	1746408418	2025-05-05	01:26:58	Mon
McCormick Park	76ca6e33cfcbb767fbf6f502bd4ff0e50dd1e960	46.871680	-114.003160	1746408421	2025-05-05	01:27:01	Mon
McCormick Park	76ca6e33cfcbb767fbf6f502bd4ff0e50dd1e960	46.871350	-114.003110	1746408437	2025-05-05	01:27:17	Mon
McCormick Park	76ca6e33cfcbb767fbf6f502bd4ff0e50dd1e960	46.871380	-114.003360	1746408508	2025-05-05	01:28:28	Mon
McCormick Park	76ca6e33cfcbb767fbf6f502bd4ff0e50dd1e960	46.871370	-114.003110	1746408569	2025-05-05	01:29:29	Mon
McCormick Park	76ca6e33cfcbb767fbf6f502bd4ff0e50dd1e960	46.871370	-114.003110	1746408578	2025-05-05	01:29:38	Mon
McCormick Park	76ca6e33cfcbb767fbf6f502bd4ff0e50dd1e960	46.871300	-114.003150	1746408581	2025-05-05	01:29:41	Mon
McCormick Park	76ca6e33cfcbb767fbf6f502bd4ff0e50dd1e960	46.871380	-114.003100	1746408519	2025-05-05	01:28:39	Mon
McCormick Park	76ca6e33cfcbb767fbf6f502bd4ff0e50dd1e960	46.871310	-114.003170	1746408563	2025-05-05	01:29:23	Mon
McCormick Park	76ca6e33cfcbb767fbf6f502bd4ff0e50dd1e960	46.871300	-114.003150	1746408566	2025-05-05	01:29:26	Mon
McCormick Park	271d1b86ab612c1115dad20706a3585f0c106736	46.870950	-114.002700	1746474723	2025-05-05	19:52:03	Mon
McCormick Park	824fbd37695be3817f074121bcf8a0f0f0f27c56	46.871050	-114.003650	1746472742	2025-05-05	19:19:02	Mon
McCormick Park	6b76fb558f427722ef8ff12f2264f294aff586aa	46.870810	-114.002480	1746406443	2025-05-05	00:54:03	Mon
McCormick Park	12f471090254f08c4cb9aae7348caf9e31b6059d	46.871300	-114.003370	1746486443	2025-05-05	23:07:23	Mon
McCormick Park	12f471090254f08c4cb9aae7348caf9e31b6059d	46.871300	-114.003380	1746486446	2025-05-05	23:07:26	Mon
McCormick Park	12f471090254f08c4cb9aae7348caf9e31b6059d	46.871300	-114.003330	1746486442	2025-05-05	23:07:22	Mon
McCormick Park	d03d65e60d85e985a12e1944c24dca44451ce9a7	46.872270	-114.004740	1746404857	2025-05-05	00:27:37	Mon
McCormick Park	d03d65e60d85e985a12e1944c24dca44451ce9a7	46.872270	-114.004740	1746404865	2025-05-05	00:27:45	Mon
McCormick Park	f20f8c576d1fc7ba4a1eb21789b0c47475849ee5	46.872879	-114.005373	1746489093	2025-05-05	23:51:33	Mon
McCormick Park	1dd92670be4806579886b8b870f991bbf553fc73	46.870970	-114.002220	1746449613	2025-05-05	12:53:33	Mon
McCormick Park	fa76be2c4b219d7cfd53f681bdb5d178022e5953	46.874170	-114.004810	1746466593	2025-05-05	17:36:33	Mon
McCormick Park	fa76be2c4b219d7cfd53f681bdb5d178022e5953	46.874140	-114.004830	1746466592	2025-05-05	17:36:32	Mon
McCormick Park	fa76be2c4b219d7cfd53f681bdb5d178022e5953	46.871780	-114.005640	1746469328	2025-05-05	18:22:08	Mon
McCormick Park	f0583ccb420c593a21ba7f803c4f214860e2d810	46.872960	-114.005770	1746478053	2025-05-05	20:47:33	Mon
McCormick Park	f0583ccb420c593a21ba7f803c4f214860e2d810	46.872910	-114.005500	1746478455	2025-05-05	20:54:15	Mon
McCormick Park	33b6e45c03d7b3e867efa52ad9a06fb6fddae4a8	46.872550	-114.003620	1746475402	2025-05-05	20:03:22	Mon
McCormick Park	33b6e45c03d7b3e867efa52ad9a06fb6fddae4a8	46.872560	-114.003580	1746475407	2025-05-05	20:03:27	Mon
McCormick Park	33b6e45c03d7b3e867efa52ad9a06fb6fddae4a8	46.872580	-114.003610	1746475409	2025-05-05	20:03:29	Mon
McCormick Park	33b6e45c03d7b3e867efa52ad9a06fb6fddae4a8	46.872560	-114.003660	1746475405	2025-05-05	20:03:25	Mon
McCormick Park	21523de6f0f67bb009017f8bec5c268425ea10bc	46.870781	-114.002475	1746450627	2025-05-05	13:10:27	Mon
McCormick Park	c20e7ccd0c5c15cd40ddbb1b9328170bef04b18b	46.872486	-114.003280	1746467173	2025-05-05	17:46:13	Mon
McCormick Park	c20e7ccd0c5c15cd40ddbb1b9328170bef04b18b	46.872414	-114.003220	1746467179	2025-05-05	17:46:19	Mon
McCormick Park	c20e7ccd0c5c15cd40ddbb1b9328170bef04b18b	46.872541	-114.003270	1746467357	2025-05-05	17:49:17	Mon
McCormick Park	c20e7ccd0c5c15cd40ddbb1b9328170bef04b18b	46.872578	-114.003210	1746467359	2025-05-05	17:49:19	Mon
McCormick Park	eeedf9cb55e688fd08d1a5ec143819338a8cf2e4	46.871990	-114.005060	1747611311	2025-05-18	23:35:11	Sun
McCormick Park	c02a57b2bca7c343146dcd05cb0a2ee800f309c9	46.872340	-114.004930	1747526976	2025-05-18	00:09:36	Sun
McCormick Park	4b55cdbc7c3b456662f6ff315813ce704ee73f8d	46.872530	-114.003629	1743425727	2025-03-31	12:55:27	Mon
McCormick Park	65b7e05fb8061699b1f92c29580b816e65209db0	46.872803	-114.003140	1743396791	2025-03-31	04:53:11	Mon
McCormick Park	65b7e05fb8061699b1f92c29580b816e65209db0	46.872813	-114.003107	1743396797	2025-03-31	04:53:17	Mon
McCormick Park	65b7e05fb8061699b1f92c29580b816e65209db0	46.872830	-114.003130	1743396798	2025-03-31	04:53:18	Mon
McCormick Park	d7ff869c5dfa21b5986d3afc9188dbe211cd35fb	46.872108	-114.004956	1743383006	2025-03-31	01:03:26	Mon
McCormick Park	81cf973facacc7f37be259cab6268f9536d602b3	46.874020	-114.005050	1743454522	2025-03-31	20:55:22	Mon
McCormick Park	81cf973facacc7f37be259cab6268f9536d602b3	46.874060	-114.005070	1743454522	2025-03-31	20:55:22	Mon
McCormick Park	81cf973facacc7f37be259cab6268f9536d602b3	46.874080	-114.005070	1743454521	2025-03-31	20:55:21	Mon
McCormick Park	69d80dde527ae91db055b393b50da5e0145f37d9	46.871310	-114.003150	1743389964	2025-03-31	02:59:24	Mon
McCormick Park	046201192d3a1e865098606b490dbbe7f088db5f	46.872900	-114.005310	1743427044	2025-03-31	13:17:24	Mon
McCormick Park	f2379374f1647992efa9aabb96518bd8adb03741	46.874140	-114.004270	1743464234	2025-03-31	23:37:14	Mon
McCormick Park	b73c8e3d71cc9e33f93cf03da6a86f2387589109	46.871480	-114.003950	1743441525	2025-03-31	17:18:45	Mon
McCormick Park	b73c8e3d71cc9e33f93cf03da6a86f2387589109	46.871460	-114.003960	1743441523	2025-03-31	17:18:43	Mon
McCormick Park	29577d9ca6b789ffaaff7786288ec1a6720c33d1	46.873140	-114.005380	1743465141	2025-03-31	23:52:21	Mon
McCormick Park	b39931b66b35c2f84443bd6e11d66ab14706b2fe	46.871340	-114.001830	1743411812	2025-03-31	09:03:32	Mon
McCormick Park	b39931b66b35c2f84443bd6e11d66ab14706b2fe	46.871360	-114.001840	1743411816	2025-03-31	09:03:36	Mon
McCormick Park	b39931b66b35c2f84443bd6e11d66ab14706b2fe	46.871330	-114.001800	1743411822	2025-03-31	09:03:42	Mon
McCormick Park	b39931b66b35c2f84443bd6e11d66ab14706b2fe	46.871350	-114.001800	1743411824	2025-03-31	09:03:44	Mon
McCormick Park	b39931b66b35c2f84443bd6e11d66ab14706b2fe	46.871300	-114.001860	1743411828	2025-03-31	09:03:48	Mon
McCormick Park	b39931b66b35c2f84443bd6e11d66ab14706b2fe	46.871380	-114.001800	1743411882	2025-03-31	09:04:42	Mon
McCormick Park	b39931b66b35c2f84443bd6e11d66ab14706b2fe	46.871320	-114.001800	1743411810	2025-03-31	09:03:30	Mon
McCormick Park	b39931b66b35c2f84443bd6e11d66ab14706b2fe	46.871360	-114.001820	1743411813	2025-03-31	09:03:33	Mon
McCormick Park	b39931b66b35c2f84443bd6e11d66ab14706b2fe	46.871310	-114.001860	1743411821	2025-03-31	09:03:41	Mon
McCormick Park	b39931b66b35c2f84443bd6e11d66ab14706b2fe	46.871340	-114.001800	1743411821	2025-03-31	09:03:41	Mon
McCormick Park	b39931b66b35c2f84443bd6e11d66ab14706b2fe	46.871330	-114.001870	1743411823	2025-03-31	09:03:43	Mon
McCormick Park	b39931b66b35c2f84443bd6e11d66ab14706b2fe	46.871370	-114.001800	1743411884	2025-03-31	09:04:44	Mon
McCormick Park	b39931b66b35c2f84443bd6e11d66ab14706b2fe	46.871330	-114.001880	1743411884	2025-03-31	09:04:44	Mon
McCormick Park	b39931b66b35c2f84443bd6e11d66ab14706b2fe	46.871360	-114.001800	1743411887	2025-03-31	09:04:47	Mon
McCormick Park	b39931b66b35c2f84443bd6e11d66ab14706b2fe	46.871330	-114.001840	1743414537	2025-03-31	09:48:57	Mon
McCormick Park	a311be2c9b05b0be7cd90c9b6061a058a2f195af	46.872710	-114.004480	1748640993	2025-05-30	21:36:33	Fri
McCormick Park	a311be2c9b05b0be7cd90c9b6061a058a2f195af	46.872440	-114.004400	1748641025	2025-05-30	21:37:05	Fri
McCormick Park	25164ba1675f6dc65d3c845a1e2df9002c49b699	46.871120	-114.003830	1748563461	2025-05-30	00:04:21	Fri
McCormick Park	bc4931d08e720c1afbc000b519dd7f91a934b3c3	46.872430	-114.004380	1748577646	2025-05-30	04:00:46	Fri
McCormick Park	8864df3a6dcf892661ed4797b4ac6c50b763bcc9	46.870930	-114.002390	1748568718	2025-05-30	01:31:58	Fri
McCormick Park	370473d1ef95bd7feaf56c54e044a75ad725cc9f	46.870910	-114.002400	1748648217	2025-05-30	23:36:57	Fri
McCormick Park	bae65f7e4172a355f5b4c4ded12f0983eb3f2080	46.871470	-114.001530	1748572508	2025-05-30	02:35:08	Fri
McCormick Park	13850fc4f687c022646ed191a87b4c286ca39e78	46.871380	-114.001500	1748620412	2025-05-30	15:53:32	Fri
McCormick Park	12c879e11244f56c7f896b135f7d7dbc40d26413	46.871080	-114.003450	1748615712	2025-05-30	14:35:12	Fri
McCormick Park	eacc429328b82ad0d18a8e2a9852353115dbe69e	46.871500	-114.004980	1748577328	2025-05-30	03:55:28	Fri
McCormick Park	51de66369b755f19301ab75c6d64944bcf60564e	46.870830	-114.002800	1748575450	2025-05-30	03:24:10	Fri
McCormick Park	6b4f05ff772923a8eaad4fa70a22b3836da2ad1a	46.871760	-114.004500	1748645745	2025-05-30	22:55:45	Fri
McCormick Park	6b4f05ff772923a8eaad4fa70a22b3836da2ad1a	46.871780	-114.004500	1748645684	2025-05-30	22:54:44	Fri
McCormick Park	8853b21d63d1cc5d51ee85c2e0abe98106cf36e4	46.871440	-114.001420	1748565184	2025-05-30	00:33:04	Fri
McCormick Park	4aade742ff7cf94c0e1fd7952138cf6100fccba5	46.872650	-114.003900	1748639789	2025-05-30	21:16:29	Fri
McCormick Park	4aade742ff7cf94c0e1fd7952138cf6100fccba5	46.872640	-114.003900	1748639782	2025-05-30	21:16:22	Fri
McCormick Park	4aade742ff7cf94c0e1fd7952138cf6100fccba5	46.872650	-114.004250	1748639831	2025-05-30	21:17:11	Fri
McCormick Park	20524e698a75cde3b66240420d4d04e8da62244b	46.871500	-114.001670	1748578517	2025-05-30	04:15:17	Fri
McCormick Park	f6c98e88981f153940783321e40171f13bf49281	46.870860	-114.002610	1748627526	2025-05-30	17:52:06	Fri
McCormick Park	d640f92053281c1230c2dee13bbc7af107085759	46.871850	-114.004470	1748567706	2025-05-30	01:15:06	Fri
McCormick Park	d640f92053281c1230c2dee13bbc7af107085759	46.871570	-114.004830	1748567866	2025-05-30	01:17:46	Fri
McCormick Park	d640f92053281c1230c2dee13bbc7af107085759	46.871840	-114.004850	1748567946	2025-05-30	01:19:06	Fri
McCormick Park	d640f92053281c1230c2dee13bbc7af107085759	46.871860	-114.004870	1748568299	2025-05-30	01:24:59	Fri
McCormick Park	d640f92053281c1230c2dee13bbc7af107085759	46.871880	-114.004420	1748569237	2025-05-30	01:40:37	Fri
McCormick Park	d640f92053281c1230c2dee13bbc7af107085759	46.871870	-114.004810	1748570223	2025-05-30	01:57:03	Fri
McCormick Park	d640f92053281c1230c2dee13bbc7af107085759	46.871820	-114.004450	1748570994	2025-05-30	02:09:54	Fri
McCormick Park	d640f92053281c1230c2dee13bbc7af107085759	46.871890	-114.004470	1748567810	2025-05-30	01:16:50	Fri
McCormick Park	d640f92053281c1230c2dee13bbc7af107085759	46.871400	-114.005030	1748567969	2025-05-30	01:19:29	Fri
McCormick Park	d640f92053281c1230c2dee13bbc7af107085759	46.871620	-114.004870	1748568002	2025-05-30	01:20:02	Fri
McCormick Park	d640f92053281c1230c2dee13bbc7af107085759	46.871830	-114.004810	1748568393	2025-05-30	01:26:33	Fri
McCormick Park	d640f92053281c1230c2dee13bbc7af107085759	46.872170	-114.004490	1748570828	2025-05-30	02:07:08	Fri
McCormick Park	d640f92053281c1230c2dee13bbc7af107085759	46.871890	-114.004840	1748570933	2025-05-30	02:08:53	Fri
McCormick Park	d640f92053281c1230c2dee13bbc7af107085759	46.871880	-114.005130	1748570995	2025-05-30	02:09:55	Fri
McCormick Park	d640f92053281c1230c2dee13bbc7af107085759	46.871800	-114.004870	1748571071	2025-05-30	02:11:11	Fri
McCormick Park	d640f92053281c1230c2dee13bbc7af107085759	46.871560	-114.005200	1748571109	2025-05-30	02:11:49	Fri
McCormick Park	5436ebb4ffd7c00af10e56cfcceca10249ca90db	46.874320	-114.005060	1748564557	2025-05-30	00:22:37	Fri
McCormick Park	5436ebb4ffd7c00af10e56cfcceca10249ca90db	46.874300	-114.005040	1748564553	2025-05-30	00:22:33	Fri
McCormick Park	f79ab8d6a10385f113eb484e8401890818d7a7eb	46.871380	-114.001460	1748612785	2025-05-30	13:46:25	Fri
McCormick Park	f095cd4804c6c02d532172b7136f0357a315c458	46.870990	-114.003500	1748616884	2025-05-30	14:54:44	Fri
McCormick Park	503a07d95fc3ba37f78b621c6c6cdc608638a463	46.872210	-114.004560	1748577779	2025-05-30	04:02:59	Fri
McCormick Park	503a07d95fc3ba37f78b621c6c6cdc608638a463	46.872260	-114.004500	1748577772	2025-05-30	04:02:52	Fri
McCormick Park	503a07d95fc3ba37f78b621c6c6cdc608638a463	46.872240	-114.005250	1748579151	2025-05-30	04:25:51	Fri
McCormick Park	503a07d95fc3ba37f78b621c6c6cdc608638a463	46.872580	-114.004910	1748582848	2025-05-30	05:27:28	Fri
McCormick Park	42aacb86366b923a0feb92188f67d94ad5c438c7	46.871400	-114.001430	1748637827	2025-05-30	20:43:47	Fri
McCormick Park	18012bcaecea32b9518f86f2fdb35ac08d75f955	46.871040	-114.002120	1748637329	2025-05-30	20:35:29	Fri
McCormick Park	558d4a4d1ffc397312f28674d0fa7017c378323c	46.870740	-114.002880	1748632975	2025-05-30	19:22:55	Fri
McCormick Park	895d1c9cda3075defeea33df236a0d8892cf4972	46.872920	-114.005240	1748646993	2025-05-30	23:16:33	Fri
McCormick Park	895d1c9cda3075defeea33df236a0d8892cf4972	46.872980	-114.005200	1748647001	2025-05-30	23:16:41	Fri
McCormick Park	895d1c9cda3075defeea33df236a0d8892cf4972	46.872910	-114.005250	1748646995	2025-05-30	23:16:35	Fri
McCormick Park	895d1c9cda3075defeea33df236a0d8892cf4972	46.872980	-114.005250	1748647008	2025-05-30	23:16:48	Fri
McCormick Park	895d1c9cda3075defeea33df236a0d8892cf4972	46.873100	-114.005480	1748631132	2025-05-30	18:52:12	Fri
McCormick Park	8f2f12bae83b17d5b46bb7d8ecdb0cb2b549f295	46.873063	-114.005184	1745533416	2025-04-24	22:23:36	Thu
McCormick Park	8f2f12bae83b17d5b46bb7d8ecdb0cb2b549f295	46.873073	-114.005158	1745533514	2025-04-24	22:25:14	Thu
McCormick Park	8f2f12bae83b17d5b46bb7d8ecdb0cb2b549f295	46.872850	-114.005630	1745538520	2025-04-24	23:48:40	Thu
McCormick Park	8f2f12bae83b17d5b46bb7d8ecdb0cb2b549f295	46.872840	-114.005680	1745538522	2025-04-24	23:48:42	Thu
McCormick Park	0ecb2bdf59890ad38d7972d4ae018561aeaba971	46.873601	-114.003536	1745519141	2025-04-24	18:25:41	Thu
McCormick Park	0ecb2bdf59890ad38d7972d4ae018561aeaba971	46.873652	-114.003586	1745519145	2025-04-24	18:25:45	Thu
McCormick Park	0ecb2bdf59890ad38d7972d4ae018561aeaba971	46.873658	-114.003581	1745519147	2025-04-24	18:25:47	Thu
McCormick Park	0ecb2bdf59890ad38d7972d4ae018561aeaba971	46.873612	-114.003567	1745519148	2025-04-24	18:25:48	Thu
McCormick Park	0ecb2bdf59890ad38d7972d4ae018561aeaba971	46.873630	-114.003530	1745519181	2025-04-24	18:26:21	Thu
McCormick Park	0ecb2bdf59890ad38d7972d4ae018561aeaba971	46.873630	-114.003515	1745519181	2025-04-24	18:26:21	Thu
McCormick Park	0ecb2bdf59890ad38d7972d4ae018561aeaba971	46.873660	-114.003570	1745519183	2025-04-24	18:26:23	Thu
McCormick Park	0ecb2bdf59890ad38d7972d4ae018561aeaba971	46.873640	-114.003520	1745519187	2025-04-24	18:26:27	Thu
McCormick Park	0ecb2bdf59890ad38d7972d4ae018561aeaba971	46.873620	-114.003570	1745519140	2025-04-24	18:25:40	Thu
McCormick Park	0ecb2bdf59890ad38d7972d4ae018561aeaba971	46.873650	-114.003590	1745519145	2025-04-24	18:25:45	Thu
McCormick Park	0ecb2bdf59890ad38d7972d4ae018561aeaba971	46.873630	-114.003590	1745519146	2025-04-24	18:25:46	Thu
McCormick Park	0ecb2bdf59890ad38d7972d4ae018561aeaba971	46.873630	-114.003520	1745519181	2025-04-24	18:26:21	Thu
McCormick Park	0ecb2bdf59890ad38d7972d4ae018561aeaba971	46.873630	-114.003560	1745519184	2025-04-24	18:26:24	Thu
McCormick Park	094dc5ecf01a965c97436afb72ab0d5a6b870b29	46.873830	-114.003750	1745454107	2025-04-24	00:21:47	Thu
McCormick Park	094dc5ecf01a965c97436afb72ab0d5a6b870b29	46.873820	-114.003700	1745454108	2025-04-24	00:21:48	Thu
McCormick Park	094dc5ecf01a965c97436afb72ab0d5a6b870b29	46.873870	-114.003700	1745454101	2025-04-24	00:21:41	Thu
McCormick Park	094dc5ecf01a965c97436afb72ab0d5a6b870b29	46.873810	-114.003710	1745454102	2025-04-24	00:21:42	Thu
McCormick Park	d4adbadd89a344d12a49b2bed34a7b9cce431219	46.872870	-114.005110	1745453407	2025-04-24	00:10:07	Thu
McCormick Park	b3288a2999381a6d54f39a6112e187f65c47e6c8	46.873120	-114.005330	1745511463	2025-04-24	16:17:43	Thu
McCormick Park	b3288a2999381a6d54f39a6112e187f65c47e6c8	46.873118	-114.005447	1745513862	2025-04-24	16:57:42	Thu
McCormick Park	b3288a2999381a6d54f39a6112e187f65c47e6c8	46.873113	-114.005426	1745515487	2025-04-24	17:24:47	Thu
McCormick Park	b3288a2999381a6d54f39a6112e187f65c47e6c8	46.873110	-114.005450	1745513862	2025-04-24	16:57:42	Thu
McCormick Park	b3288a2999381a6d54f39a6112e187f65c47e6c8	46.873110	-114.005490	1745513865	2025-04-24	16:57:45	Thu
McCormick Park	985970c7716679822152213a104bd1555da66db5	46.871680	-114.004900	1745508365	2025-04-24	15:26:05	Thu
McCormick Park	985970c7716679822152213a104bd1555da66db5	46.871650	-114.004900	1745508368	2025-04-24	15:26:08	Thu
McCormick Park	985970c7716679822152213a104bd1555da66db5	46.871660	-114.004900	1745508413	2025-04-24	15:26:53	Thu
McCormick Park	b8c5d1cd3e20b2bea1e924208fa47611e0e6a7c9	46.872300	-114.004760	1745518894	2025-04-24	18:21:34	Thu
McCormick Park	b8c5d1cd3e20b2bea1e924208fa47611e0e6a7c9	46.872300	-114.004730	1745518894	2025-04-24	18:21:34	Thu
McCormick Park	b8c5d1cd3e20b2bea1e924208fa47611e0e6a7c9	46.872300	-114.004730	1745518899	2025-04-24	18:21:39	Thu
McCormick Park	b8c5d1cd3e20b2bea1e924208fa47611e0e6a7c9	46.872300	-114.004740	1745518909	2025-04-24	18:21:49	Thu
McCormick Park	7748e7c825a38bcb8246c0292f6c35beaf034361	46.872100	-114.003100	1745467680	2025-04-24	04:08:00	Thu
McCormick Park	7748e7c825a38bcb8246c0292f6c35beaf034361	46.872120	-114.003150	1745467689	2025-04-24	04:08:09	Thu
McCormick Park	7748e7c825a38bcb8246c0292f6c35beaf034361	46.872160	-114.003110	1745467688	2025-04-24	04:08:08	Thu
McCormick Park	755060f0e81d8955cc40984a5fdb73af1873df4e	46.871766	-114.005310	1745534823	2025-04-24	22:47:03	Thu
McCormick Park	d597897b5a980fd0a4e40780840c10085960b59a	46.871320	-114.001900	1745488072	2025-04-24	09:47:52	Thu
McCormick Park	d597897b5a980fd0a4e40780840c10085960b59a	46.871300	-114.001900	1745488075	2025-04-24	09:47:55	Thu
McCormick Park	d597897b5a980fd0a4e40780840c10085960b59a	46.871360	-114.001900	1745488076	2025-04-24	09:47:56	Thu
McCormick Park	d597897b5a980fd0a4e40780840c10085960b59a	46.871350	-114.001900	1745488078	2025-04-24	09:47:58	Thu
McCormick Park	d597897b5a980fd0a4e40780840c10085960b59a	46.871320	-114.001900	1745488080	2025-04-24	09:48:00	Thu
McCormick Park	d597897b5a980fd0a4e40780840c10085960b59a	46.871350	-114.001900	1745488080	2025-04-24	09:48:00	Thu
McCormick Park	d597897b5a980fd0a4e40780840c10085960b59a	46.871340	-114.001900	1745488082	2025-04-24	09:48:02	Thu
McCormick Park	d597897b5a980fd0a4e40780840c10085960b59a	46.871310	-114.001900	1745488086	2025-04-24	09:48:06	Thu
McCormick Park	d597897b5a980fd0a4e40780840c10085960b59a	46.871360	-114.001810	1745488271	2025-04-24	09:51:11	Thu
McCormick Park	d597897b5a980fd0a4e40780840c10085960b59a	46.871480	-114.001980	1745488380	2025-04-24	09:53:00	Thu
McCormick Park	d597897b5a980fd0a4e40780840c10085960b59a	46.871480	-114.001950	1745488431	2025-04-24	09:53:51	Thu
McCormick Park	d597897b5a980fd0a4e40780840c10085960b59a	46.871400	-114.001930	1745488437	2025-04-24	09:53:57	Thu
McCormick Park	d597897b5a980fd0a4e40780840c10085960b59a	46.871480	-114.001980	1745488439	2025-04-24	09:53:59	Thu
McCormick Park	d597897b5a980fd0a4e40780840c10085960b59a	46.871300	-114.001900	1745488071	2025-04-24	09:47:51	Thu
McCormick Park	d597897b5a980fd0a4e40780840c10085960b59a	46.871330	-114.001900	1745488073	2025-04-24	09:47:53	Thu
McCormick Park	d597897b5a980fd0a4e40780840c10085960b59a	46.871330	-114.001900	1745488075	2025-04-24	09:47:55	Thu
McCormick Park	d597897b5a980fd0a4e40780840c10085960b59a	46.871300	-114.001900	1745488080	2025-04-24	09:48:00	Thu
McCormick Park	d597897b5a980fd0a4e40780840c10085960b59a	46.871370	-114.001900	1745488084	2025-04-24	09:48:04	Thu
McCormick Park	d597897b5a980fd0a4e40780840c10085960b59a	46.871320	-114.001900	1745488088	2025-04-24	09:48:08	Thu
McCormick Park	d597897b5a980fd0a4e40780840c10085960b59a	46.871330	-114.001850	1745488271	2025-04-24	09:51:11	Thu
McCormick Park	d597897b5a980fd0a4e40780840c10085960b59a	46.871420	-114.001980	1745488382	2025-04-24	09:53:02	Thu
McCormick Park	d597897b5a980fd0a4e40780840c10085960b59a	46.871450	-114.001970	1745488430	2025-04-24	09:53:50	Thu
McCormick Park	d597897b5a980fd0a4e40780840c10085960b59a	46.871400	-114.001960	1745488433	2025-04-24	09:53:53	Thu
McCormick Park	d597897b5a980fd0a4e40780840c10085960b59a	46.871410	-114.001900	1745488433	2025-04-24	09:53:53	Thu
McCormick Park	cd9180d66f917682deaa39aa757aa7445be6775c	46.873870	-114.003450	1745493120	2025-04-24	11:12:00	Thu
McCormick Park	cd9180d66f917682deaa39aa757aa7445be6775c	46.873810	-114.003460	1745493125	2025-04-24	11:12:05	Thu
McCormick Park	42bc4047c1d6cf3355433b408f48652f0b2e5c68	46.872614	-114.003380	1745529572	2025-04-24	21:19:32	Thu
McCormick Park	42bc4047c1d6cf3355433b408f48652f0b2e5c68	46.872646	-114.003340	1745529576	2025-04-24	21:19:36	Thu
McCormick Park	42bc4047c1d6cf3355433b408f48652f0b2e5c68	46.872610	-114.003380	1745529570	2025-04-24	21:19:30	Thu
McCormick Park	cdf94f4c6b14cb1e7720fb94210789050a4079a1	46.872700	-114.004900	1745502860	2025-04-24	13:54:20	Thu
McCormick Park	cdf94f4c6b14cb1e7720fb94210789050a4079a1	46.872710	-114.004940	1745502868	2025-04-24	13:54:28	Thu
McCormick Park	cdf94f4c6b14cb1e7720fb94210789050a4079a1	46.872710	-114.004940	1745502854	2025-04-24	13:54:14	Thu
McCormick Park	cdf94f4c6b14cb1e7720fb94210789050a4079a1	46.872710	-114.004910	1745502864	2025-04-24	13:54:24	Thu
McCormick Park	05f2193cde06b2059ad0749d431cb804b4fde92d	46.871372	-114.003163	1745535343	2025-04-24	22:55:43	Thu
McCormick Park	05f2193cde06b2059ad0749d431cb804b4fde92d	46.871343	-114.003172	1745536308	2025-04-24	23:11:48	Thu
McCormick Park	05f2193cde06b2059ad0749d431cb804b4fde92d	46.871340	-114.003170	1745536335	2025-04-24	23:12:15	Thu
McCormick Park	05f2193cde06b2059ad0749d431cb804b4fde92d	46.871320	-114.003140	1745535345	2025-04-24	22:55:45	Thu
McCormick Park	05f2193cde06b2059ad0749d431cb804b4fde92d	46.871340	-114.003174	1745536308	2025-04-24	23:11:48	Thu
McCormick Park	05f2193cde06b2059ad0749d431cb804b4fde92d	46.871330	-114.003160	1745536332	2025-04-24	23:12:12	Thu
McCormick Park	f59a72e988ce77ccdb725ae36b0bb9e2b7d6fa60	46.871380	-114.003170	1745470993	2025-04-24	05:03:13	Thu
McCormick Park	f59a72e988ce77ccdb725ae36b0bb9e2b7d6fa60	46.871330	-114.003100	1745470994	2025-04-24	05:03:14	Thu
McCormick Park	204f997219185b239debff10667582272be614d1	46.871683	-114.006300	1745524077	2025-04-24	19:47:57	Thu
McCormick Park	aad3ac55f5a118bdbd104d905e8e44008a925e11	46.871210	-114.004450	1745467736	2025-04-24	04:08:56	Thu
McCormick Park	fb820292e247969452111b6b421abafd987463d6	46.873778	-114.003810	1745452810	2025-04-24	00:00:10	Thu
McCormick Park	fb820292e247969452111b6b421abafd987463d6	46.873736	-114.003800	1745452817	2025-04-24	00:00:17	Thu
McCormick Park	fb820292e247969452111b6b421abafd987463d6	46.873736	-114.003830	1745452877	2025-04-24	00:01:17	Thu
McCormick Park	fb820292e247969452111b6b421abafd987463d6	46.873753	-114.003800	1745453018	2025-04-24	00:03:38	Thu
McCormick Park	fb820292e247969452111b6b421abafd987463d6	46.873714	-114.003870	1745453127	2025-04-24	00:05:27	Thu
McCormick Park	fb820292e247969452111b6b421abafd987463d6	46.873732	-114.003830	1745453129	2025-04-24	00:05:29	Thu
McCormick Park	fb820292e247969452111b6b421abafd987463d6	46.873740	-114.003800	1745452818	2025-04-24	00:00:18	Thu
McCormick Park	fb820292e247969452111b6b421abafd987463d6	46.873740	-114.003860	1745452878	2025-04-24	00:01:18	Thu
McCormick Park	fb820292e247969452111b6b421abafd987463d6	46.873720	-114.003800	1745453010	2025-04-24	00:03:30	Thu
McCormick Park	fb820292e247969452111b6b421abafd987463d6	46.873730	-114.003880	1745453123	2025-04-24	00:05:23	Thu
McCormick Park	fb820292e247969452111b6b421abafd987463d6	46.873740	-114.003800	1745453136	2025-04-24	00:05:36	Thu
McCormick Park	fb820292e247969452111b6b421abafd987463d6	46.873730	-114.003800	1745452817	2025-04-24	00:00:17	Thu
McCormick Park	fb820292e247969452111b6b421abafd987463d6	46.873730	-114.003830	1745452877	2025-04-24	00:01:17	Thu
McCormick Park	fb820292e247969452111b6b421abafd987463d6	46.873750	-114.003800	1745453018	2025-04-24	00:03:38	Thu
McCormick Park	fb820292e247969452111b6b421abafd987463d6	46.873730	-114.003830	1745453129	2025-04-24	00:05:29	Thu
McCormick Park	4b4b13cdc5b9f37c8e6510a4a6319d1ae3a667fd	46.871260	-114.002366	1745518494	2025-04-24	18:14:54	Thu
McCormick Park	4b4b13cdc5b9f37c8e6510a4a6319d1ae3a667fd	46.871270	-114.002321	1745518498	2025-04-24	18:14:58	Thu
McCormick Park	4b4b13cdc5b9f37c8e6510a4a6319d1ae3a667fd	46.872662	-114.005350	1745532592	2025-04-24	22:09:52	Thu
McCormick Park	4b4b13cdc5b9f37c8e6510a4a6319d1ae3a667fd	46.872688	-114.005330	1745532597	2025-04-24	22:09:57	Thu
McCormick Park	4b4b13cdc5b9f37c8e6510a4a6319d1ae3a667fd	46.872680	-114.005320	1745532590	2025-04-24	22:09:50	Thu
McCormick Park	4b4b13cdc5b9f37c8e6510a4a6319d1ae3a667fd	46.872600	-114.005350	1745532595	2025-04-24	22:09:55	Thu
McCormick Park	80f650e0ece95dd0c1e15108ee4a838ba2bf62f9	46.872221	-114.004969	1745461443	2025-04-24	02:24:03	Thu
McCormick Park	80f650e0ece95dd0c1e15108ee4a838ba2bf62f9	46.872203	-114.004958	1745461446	2025-04-24	02:24:06	Thu
McCormick Park	80f650e0ece95dd0c1e15108ee4a838ba2bf62f9	46.872626	-114.004875	1745461530	2025-04-24	02:25:30	Thu
McCormick Park	80f650e0ece95dd0c1e15108ee4a838ba2bf62f9	46.872640	-114.004874	1745461539	2025-04-24	02:25:39	Thu
McCormick Park	80f650e0ece95dd0c1e15108ee4a838ba2bf62f9	46.872200	-114.004960	1745461446	2025-04-24	02:24:06	Thu
McCormick Park	80f650e0ece95dd0c1e15108ee4a838ba2bf62f9	46.872640	-114.004880	1745461539	2025-04-24	02:25:39	Thu
McCormick Park	274aadb1bc9233fa7b83de02d9756d9560c40b3e	46.873527	-114.003200	1745477460	2025-04-24	06:51:00	Thu
McCormick Park	274aadb1bc9233fa7b83de02d9756d9560c40b3e	46.873571	-114.003200	1745477462	2025-04-24	06:51:02	Thu
McCormick Park	274aadb1bc9233fa7b83de02d9756d9560c40b3e	46.873520	-114.003230	1745477463	2025-04-24	06:51:03	Thu
McCormick Park	274aadb1bc9233fa7b83de02d9756d9560c40b3e	46.873500	-114.003200	1745477468	2025-04-24	06:51:08	Thu
McCormick Park	274aadb1bc9233fa7b83de02d9756d9560c40b3e	46.873580	-114.003200	1745477465	2025-04-24	06:51:05	Thu
McCormick Park	763191769798ad8330434bdc3ec98c60c778da33	46.871280	-114.004600	1745464719	2025-04-24	03:18:39	Thu
McCormick Park	8b43eb6c116f9fe2c9fd3ed71ea7174eb051c2fc	46.871280	-114.004700	1742355041	2025-03-19	03:30:41	Wed
McCormick Park	b1840b85c2ef45227c3534927da726e2e3a92fdb	46.872280	-114.004830	1742343973	2025-03-19	00:26:13	Wed
McCormick Park	b1840b85c2ef45227c3534927da726e2e3a92fdb	46.872300	-114.004830	1742344527	2025-03-19	00:35:27	Wed
McCormick Park	7c0c845804cf93564873a5f329788ee5e88fde86	46.871400	-114.002560	1742423748	2025-03-19	22:35:48	Wed
McCormick Park	7c0c845804cf93564873a5f329788ee5e88fde86	46.871570	-114.002380	1742426852	2025-03-19	23:27:32	Wed
McCormick Park	7c0c845804cf93564873a5f329788ee5e88fde86	46.871400	-114.002530	1742423747	2025-03-19	22:35:47	Wed
McCormick Park	7c0c845804cf93564873a5f329788ee5e88fde86	46.871570	-114.002380	1742426857	2025-03-19	23:27:37	Wed
McCormick Park	c64d749e0cd3682c2de90e63542b788b5ff96085	46.872909	-114.005414	1742418301	2025-03-19	21:05:01	Wed
McCormick Park	c64d749e0cd3682c2de90e63542b788b5ff96085	46.872959	-114.005470	1742418309	2025-03-19	21:05:09	Wed
McCormick Park	c64d749e0cd3682c2de90e63542b788b5ff96085	46.872973	-114.005422	1742418336	2025-03-19	21:05:36	Wed
McCormick Park	c64d749e0cd3682c2de90e63542b788b5ff96085	46.872959	-114.005470	1742418342	2025-03-19	21:05:42	Wed
McCormick Park	c64d749e0cd3682c2de90e63542b788b5ff96085	46.872956	-114.005486	1742418346	2025-03-19	21:05:46	Wed
McCormick Park	c64d749e0cd3682c2de90e63542b788b5ff96085	46.872952	-114.005462	1742418347	2025-03-19	21:05:47	Wed
McCormick Park	c64d749e0cd3682c2de90e63542b788b5ff96085	46.872940	-114.005417	1742418351	2025-03-19	21:05:51	Wed
McCormick Park	c64d749e0cd3682c2de90e63542b788b5ff96085	46.872944	-114.005481	1742418354	2025-03-19	21:05:54	Wed
McCormick Park	c64d749e0cd3682c2de90e63542b788b5ff96085	46.872930	-114.005440	1742418302	2025-03-19	21:05:02	Wed
McCormick Park	c64d749e0cd3682c2de90e63542b788b5ff96085	46.872960	-114.005430	1742418317	2025-03-19	21:05:17	Wed
McCormick Park	c64d749e0cd3682c2de90e63542b788b5ff96085	46.872980	-114.005410	1742418336	2025-03-19	21:05:36	Wed
McCormick Park	c64d749e0cd3682c2de90e63542b788b5ff96085	46.872970	-114.005420	1742418344	2025-03-19	21:05:44	Wed
McCormick Park	c64d749e0cd3682c2de90e63542b788b5ff96085	46.872970	-114.005460	1742418346	2025-03-19	21:05:46	Wed
McCormick Park	c64d749e0cd3682c2de90e63542b788b5ff96085	46.872950	-114.005430	1742418351	2025-03-19	21:05:51	Wed
McCormick Park	c64d749e0cd3682c2de90e63542b788b5ff96085	46.872960	-114.005460	1742418356	2025-03-19	21:05:56	Wed
McCormick Park	c64d749e0cd3682c2de90e63542b788b5ff96085	46.872910	-114.005420	1742418301	2025-03-19	21:05:01	Wed
McCormick Park	c64d749e0cd3682c2de90e63542b788b5ff96085	46.872960	-114.005470	1742418309	2025-03-19	21:05:09	Wed
McCormick Park	c64d749e0cd3682c2de90e63542b788b5ff96085	46.872960	-114.005470	1742418342	2025-03-19	21:05:42	Wed
McCormick Park	c64d749e0cd3682c2de90e63542b788b5ff96085	46.872955	-114.005486	1742418346	2025-03-19	21:05:46	Wed
McCormick Park	c64d749e0cd3682c2de90e63542b788b5ff96085	46.872950	-114.005460	1742418347	2025-03-19	21:05:47	Wed
McCormick Park	a780c659bf7f138f5f5669b8b4894c327dbcc239	46.871375	-114.003180	1742361230	2025-03-19	05:13:50	Wed
McCormick Park	a780c659bf7f138f5f5669b8b4894c327dbcc239	46.871380	-114.003170	1742361236	2025-03-19	05:13:56	Wed
McCormick Park	a0c0df94e9b26fc7cd5a74f00088b89afa3e19d9	46.872566	-114.003380	1742356760	2025-03-19	03:59:20	Wed
McCormick Park	a0c0df94e9b26fc7cd5a74f00088b89afa3e19d9	46.872643	-114.003252	1742357695	2025-03-19	04:14:55	Wed
McCormick Park	a0c0df94e9b26fc7cd5a74f00088b89afa3e19d9	46.872570	-114.003360	1742356764	2025-03-19	03:59:24	Wed
McCormick Park	a0c0df94e9b26fc7cd5a74f00088b89afa3e19d9	46.872650	-114.003260	1742357695	2025-03-19	04:14:55	Wed
McCormick Park	43664285e3925acbb98ae3b16255bb6e8d1642be	46.871650	-114.004510	1742342997	2025-03-19	00:09:57	Wed
McCormick Park	43664285e3925acbb98ae3b16255bb6e8d1642be	46.871930	-114.004420	1742343252	2025-03-19	00:14:12	Wed
McCormick Park	43664285e3925acbb98ae3b16255bb6e8d1642be	46.872120	-114.004700	1742344077	2025-03-19	00:27:57	Wed
McCormick Park	1d20689c1e0e011f9a4df53989b041d336882086	46.872946	-114.005415	1742425885	2025-03-19	23:11:25	Wed
McCormick Park	0796a21d912508730eccc950cb0117298dbb5513	46.873113	-114.005374	1742406348	2025-03-19	17:45:48	Wed
McCormick Park	0796a21d912508730eccc950cb0117298dbb5513	46.873110	-114.005390	1742406348	2025-03-19	17:45:48	Wed
McCormick Park	995d836589ab10fa03a4c3316a9dbd76932f7ab2	46.871560	-114.005500	1742393471	2025-03-19	14:11:11	Wed
McCormick Park	e964dec70bef5ac212fb5c2318f173bd776cf6ad	46.871270	-114.001660	1742402032	2025-03-19	16:33:52	Wed
McCormick Park	e964dec70bef5ac212fb5c2318f173bd776cf6ad	46.871280	-114.001770	1742402046	2025-03-19	16:34:06	Wed
McCormick Park	793fd7c4369b5ba6d48872124cb56b330ff2c599	46.872630	-114.004300	1742345943	2025-03-19	00:59:03	Wed
McCormick Park	793fd7c4369b5ba6d48872124cb56b330ff2c599	46.872850	-114.004570	1742345984	2025-03-19	00:59:44	Wed
McCormick Park	793fd7c4369b5ba6d48872124cb56b330ff2c599	46.872820	-114.004420	1742346033	2025-03-19	01:00:33	Wed
McCormick Park	b0f8cb15f86c63dd4db063786c51b47690f941e7	46.871850	-114.004810	1742352377	2025-03-19	02:46:17	Wed
McCormick Park	b0f8cb15f86c63dd4db063786c51b47690f941e7	46.871970	-114.004540	1742351317	2025-03-19	02:28:37	Wed
McCormick Park	b0f8cb15f86c63dd4db063786c51b47690f941e7	46.871880	-114.004850	1742352378	2025-03-19	02:46:18	Wed
McCormick Park	424887915991a18b74e80bf21d1f31c67deca7ae	46.871407	-114.001580	1742419231	2025-03-19	21:20:31	Wed
McCormick Park	128f09421af72cac4030edb1ddc125ba06d61609	46.871772	-114.004920	1742358677	2025-03-19	04:31:17	Wed
McCormick Park	128f09421af72cac4030edb1ddc125ba06d61609	46.871770	-114.004900	1742358660	2025-03-19	04:31:00	Wed
McCormick Park	40421b63ac08b2370916f73a12538118ed554f33	46.871330	-114.003100	1742347977	2025-03-19	01:32:57	Wed
McCormick Park	40421b63ac08b2370916f73a12538118ed554f33	46.871320	-114.003100	1742348146	2025-03-19	01:35:46	Wed
McCormick Park	40421b63ac08b2370916f73a12538118ed554f33	46.871380	-114.003180	1742348271	2025-03-19	01:37:51	Wed
McCormick Park	40421b63ac08b2370916f73a12538118ed554f33	46.871380	-114.003150	1742348391	2025-03-19	01:39:51	Wed
McCormick Park	40421b63ac08b2370916f73a12538118ed554f33	46.871380	-114.003130	1742348594	2025-03-19	01:43:14	Wed
McCormick Park	40421b63ac08b2370916f73a12538118ed554f33	46.871360	-114.003160	1742348797	2025-03-19	01:46:37	Wed
McCormick Park	40421b63ac08b2370916f73a12538118ed554f33	46.871370	-114.003170	1742349100	2025-03-19	01:51:40	Wed
McCormick Park	40421b63ac08b2370916f73a12538118ed554f33	46.871310	-114.003110	1742349154	2025-03-19	01:52:34	Wed
McCormick Park	40421b63ac08b2370916f73a12538118ed554f33	46.871380	-114.003120	1742349220	2025-03-19	01:53:40	Wed
McCormick Park	40421b63ac08b2370916f73a12538118ed554f33	46.871310	-114.003150	1742349234	2025-03-19	01:53:54	Wed
McCormick Park	40421b63ac08b2370916f73a12538118ed554f33	46.871330	-114.003180	1742349318	2025-03-19	01:55:18	Wed
McCormick Park	40421b63ac08b2370916f73a12538118ed554f33	46.871300	-114.003160	1742349836	2025-03-19	02:03:56	Wed
McCormick Park	40421b63ac08b2370916f73a12538118ed554f33	46.871320	-114.003150	1742349926	2025-03-19	02:05:26	Wed
McCormick Park	40421b63ac08b2370916f73a12538118ed554f33	46.871380	-114.003100	1742350077	2025-03-19	02:07:57	Wed
McCormick Park	40421b63ac08b2370916f73a12538118ed554f33	46.871380	-114.003130	1742350180	2025-03-19	02:09:40	Wed
McCormick Park	40421b63ac08b2370916f73a12538118ed554f33	46.871380	-114.003130	1742350271	2025-03-19	02:11:11	Wed
McCormick Park	40421b63ac08b2370916f73a12538118ed554f33	46.871300	-114.003110	1742350354	2025-03-19	02:12:34	Wed
McCormick Park	40421b63ac08b2370916f73a12538118ed554f33	46.871360	-114.003120	1742350378	2025-03-19	02:12:58	Wed
McCormick Park	40421b63ac08b2370916f73a12538118ed554f33	46.871310	-114.003140	1742350441	2025-03-19	02:14:01	Wed
McCormick Park	54b0bdc6643b377a80352c095c2a133e91ece0aa	46.873900	-114.003830	1742349024	2025-03-19	01:50:24	Wed
McCormick Park	54b0bdc6643b377a80352c095c2a133e91ece0aa	46.873960	-114.003800	1742349016	2025-03-19	01:50:16	Wed
McCormick Park	54b0bdc6643b377a80352c095c2a133e91ece0aa	46.873930	-114.003840	1742349023	2025-03-19	01:50:23	Wed
McCormick Park	301983d53490eeb7f69c67755dc3094084620f81	46.870660	-114.002660	1742406455	2025-03-19	17:47:35	Wed
McCormick Park	45a86b96dc8a0b33602c302393875c6f65976c76	46.871983	-114.004975	1742424418	2025-03-19	22:46:58	Wed
McCormick Park	00994fcec0759d1bc2a824a830bebde770900db6	46.872418	-114.003484	1742356600	2025-03-19	03:56:40	Wed
McCormick Park	2ede1c04e890d9a698c003f6068fd890790e2049	46.872840	-114.005315	1742424706	2025-03-19	22:51:46	Wed
McCormick Park	2ede1c04e890d9a698c003f6068fd890790e2049	46.872850	-114.005390	1742424696	2025-03-19	22:51:36	Wed
McCormick Park	2ede1c04e890d9a698c003f6068fd890790e2049	46.872850	-114.005380	1742424702	2025-03-19	22:51:42	Wed
McCormick Park	fadc37301abaa90cae1120c39b16c3d8e2d404bc	46.871430	-114.001420	1742428524	2025-03-19	23:55:24	Wed
McCormick Park	aa3e5e16bbe9730f08e519b3e12ea08793b28db2	46.873660	-114.003380	1742408376	2025-03-19	18:19:36	Wed
McCormick Park	0ae5b707ea0fabf665130149dc36a86359925853	46.872000	-114.005556	1742421877	2025-03-19	22:04:37	Wed
McCormick Park	878027e557dbcd4fcf2cfc198cb15cb9ac468d1e	46.872942	-114.005450	1742420854	2025-03-19	21:47:34	Wed
McCormick Park	d25ac2e95f3fda99c91f19fbed75ee6c72f0dcb6	46.873000	-114.005230	1742419813	2025-03-19	21:30:13	Wed
McCormick Park	d25ac2e95f3fda99c91f19fbed75ee6c72f0dcb6	46.873000	-114.005250	1742419818	2025-03-19	21:30:18	Wed
McCormick Park	0110d05cb392b394e98915d9acd33534120dcbc8	46.873030	-114.004530	1749610274	2025-06-11	02:51:14	Wed
McCormick Park	7c534a291f8bf86932bbdba8529e851938cb86e0	46.871720	-114.005400	1749613031	2025-06-11	03:37:11	Wed
McCormick Park	a41a1d7efac04b2af46a4da45e400aa7387042da	46.872120	-114.002750	1749619094	2025-06-11	05:18:14	Wed
McCormick Park	57e48f25167c7778e21484741d186e1acd9ce372	46.870620	-114.002700	1749654864	2025-06-11	15:14:24	Wed
McCormick Park	183c96047f2eaa79454718da8ff29461a542e4ee	46.872660	-114.005380	1749675616	2025-06-11	21:00:16	Wed
McCormick Park	183c96047f2eaa79454718da8ff29461a542e4ee	46.872640	-114.005560	1749675635	2025-06-11	21:00:35	Wed
McCormick Park	183c96047f2eaa79454718da8ff29461a542e4ee	46.872710	-114.005310	1749675638	2025-06-11	21:00:38	Wed
McCormick Park	29d9bc4f0e4ebd96d9797f0d2a75cea907f73061	46.872880	-114.005160	1749661298	2025-06-11	17:01:38	Wed
McCormick Park	29d9bc4f0e4ebd96d9797f0d2a75cea907f73061	46.872860	-114.005160	1749661308	2025-06-11	17:01:48	Wed
McCormick Park	29d9bc4f0e4ebd96d9797f0d2a75cea907f73061	46.872930	-114.005300	1749671348	2025-06-11	19:49:08	Wed
McCormick Park	29d9bc4f0e4ebd96d9797f0d2a75cea907f73061	46.872940	-114.005300	1749671392	2025-06-11	19:49:52	Wed
McCormick Park	29d9bc4f0e4ebd96d9797f0d2a75cea907f73061	46.872960	-114.005300	1749671397	2025-06-11	19:49:57	Wed
McCormick Park	29d9bc4f0e4ebd96d9797f0d2a75cea907f73061	46.872820	-114.005100	1749661304	2025-06-11	17:01:44	Wed
McCormick Park	29d9bc4f0e4ebd96d9797f0d2a75cea907f73061	46.872920	-114.005300	1749671391	2025-06-11	19:49:51	Wed
McCormick Park	ceea0f3ae99f5bda680d76a31c99abc3afc1c4fc	46.870740	-114.002580	1749608394	2025-06-11	02:19:54	Wed
McCormick Park	217771a5fa6b07fb6b0d239b4b6f97d07cc076be	46.870980	-114.003450	1749653269	2025-06-11	14:47:49	Wed
McCormick Park	39da96e8bdc1fc2c4af86f2b265ac4c893740088	46.870920	-114.002290	1749660671	2025-06-11	16:51:11	Wed
McCormick Park	7ca1354aa86e7745ec97fbd27597587827645cce	46.873790	-114.003300	1749666747	2025-06-11	18:32:27	Wed
McCormick Park	d63c23ca967b683552b837bc7bca989e2b0e412e	46.871220	-114.003730	1749633024	2025-06-11	09:10:24	Wed
McCormick Park	a401e7a1c80f4b9f51ecd333deedbb3210bd8025	46.872720	-114.004870	1749674394	2025-06-11	20:39:54	Wed
McCormick Park	a401e7a1c80f4b9f51ecd333deedbb3210bd8025	46.872510	-114.005310	1749674473	2025-06-11	20:41:13	Wed
McCormick Park	a401e7a1c80f4b9f51ecd333deedbb3210bd8025	46.872780	-114.005360	1749674498	2025-06-11	20:41:38	Wed
McCormick Park	8a4bce0a8696e4cc5a0a1a23c764dd9f2a224349	46.872210	-114.003480	1749674513	2025-06-11	20:41:53	Wed
McCormick Park	8a4bce0a8696e4cc5a0a1a23c764dd9f2a224349	46.872360	-114.003650	1749676733	2025-06-11	21:18:53	Wed
McCormick Park	8a4bce0a8696e4cc5a0a1a23c764dd9f2a224349	46.872680	-114.003670	1749676826	2025-06-11	21:20:26	Wed
McCormick Park	454e7916c1703d0790b30b2a6be2242b1ea330d4	46.871120	-114.003700	1749646306	2025-06-11	12:51:46	Wed
McCormick Park	4d5f29d5e3ac2225dedc2e7809c909c1a4354775	46.872450	-114.005160	1749681860	2025-06-11	22:44:20	Wed
McCormick Park	4d5f29d5e3ac2225dedc2e7809c909c1a4354775	46.872210	-114.004670	1749681829	2025-06-11	22:43:49	Wed
McCormick Park	4d5f29d5e3ac2225dedc2e7809c909c1a4354775	46.872590	-114.003470	1749681969	2025-06-11	22:46:09	Wed
McCormick Park	98f3a6509fe35d8bd7a09ac450602189401daea5	46.871030	-114.003320	1749614613	2025-06-11	04:03:33	Wed
McCormick Park	6582d45de4f20cdfa9ad32911efff8761dc80c68	46.870860	-114.002430	1749671464	2025-06-11	19:51:04	Wed
McCormick Park	7bb052c38164b1ac174a10454727e4d2fa4bee95	46.871300	-114.004400	1749671354	2025-06-11	19:49:14	Wed
McCormick Park	7bb052c38164b1ac174a10454727e4d2fa4bee95	46.871320	-114.004460	1749671363	2025-06-11	19:49:23	Wed
McCormick Park	7bb052c38164b1ac174a10454727e4d2fa4bee95	46.872600	-114.004830	1749671430	2025-06-11	19:50:30	Wed
McCormick Park	7bb052c38164b1ac174a10454727e4d2fa4bee95	46.872580	-114.006010	1749678031	2025-06-11	21:40:31	Wed
McCormick Park	7bb052c38164b1ac174a10454727e4d2fa4bee95	46.872550	-114.006050	1749678047	2025-06-11	21:40:47	Wed
McCormick Park	7bb052c38164b1ac174a10454727e4d2fa4bee95	46.871370	-114.004440	1749671357	2025-06-11	19:49:17	Wed
McCormick Park	7bb052c38164b1ac174a10454727e4d2fa4bee95	46.871100	-114.002010	1749671410	2025-06-11	19:50:10	Wed
McCormick Park	7bb052c38164b1ac174a10454727e4d2fa4bee95	46.871170	-114.002370	1749671419	2025-06-11	19:50:19	Wed
McCormick Park	7bb052c38164b1ac174a10454727e4d2fa4bee95	46.872600	-114.004810	1749671438	2025-06-11	19:50:38	Wed
McCormick Park	7bb052c38164b1ac174a10454727e4d2fa4bee95	46.872260	-114.006050	1749677992	2025-06-11	21:39:52	Wed
McCormick Park	7bb052c38164b1ac174a10454727e4d2fa4bee95	46.872570	-114.006050	1749678048	2025-06-11	21:40:48	Wed
McCormick Park	c7bd4a30ca615eea2ad47256e3d9af8d90834731	46.873200	-114.005210	1749603277	2025-06-11	00:54:37	Wed
McCormick Park	c7bd4a30ca615eea2ad47256e3d9af8d90834731	46.873280	-114.005260	1749603283	2025-06-11	00:54:43	Wed
McCormick Park	c7bd4a30ca615eea2ad47256e3d9af8d90834731	46.873260	-114.005240	1749603268	2025-06-11	00:54:28	Wed
McCormick Park	c7bd4a30ca615eea2ad47256e3d9af8d90834731	46.873270	-114.005220	1749603281	2025-06-11	00:54:41	Wed
McCormick Park	be4d5b217382670c8440f30eda787f99604eef9b	46.872971	-114.005508	1749664809	2025-06-11	18:00:09	Wed
McCormick Park	be4d5b217382670c8440f30eda787f99604eef9b	46.872971	-114.005508	1749665338	2025-06-11	18:08:58	Wed
McCormick Park	be4d5b217382670c8440f30eda787f99604eef9b	46.872980	-114.005533	1749668457	2025-06-11	19:00:57	Wed
McCormick Park	be4d5b217382670c8440f30eda787f99604eef9b	46.872980	-114.005533	1749671805	2025-06-11	19:56:45	Wed
McCormick Park	be4d5b217382670c8440f30eda787f99604eef9b	46.872980	-114.005533	1749671807	2025-06-11	19:56:47	Wed
McCormick Park	be4d5b217382670c8440f30eda787f99604eef9b	46.872980	-114.005533	1749672001	2025-06-11	20:00:01	Wed
McCormick Park	be4d5b217382670c8440f30eda787f99604eef9b	46.872980	-114.005533	1749672197	2025-06-11	20:03:17	Wed
McCormick Park	be4d5b217382670c8440f30eda787f99604eef9b	46.872980	-114.005533	1749675740	2025-06-11	21:02:20	Wed
McCormick Park	be4d5b217382670c8440f30eda787f99604eef9b	46.872980	-114.005533	1749677904	2025-06-11	21:38:24	Wed
McCormick Park	f1e158d3221726ec0f848d53137d2b09fa7fe0c2	46.873090	-114.005200	1749653133	2025-06-11	14:45:33	Wed
McCormick Park	1f5fb55b5f972839a83c7ce395e8ced39a6a5255	46.872010	-114.002750	1749670341	2025-06-11	19:32:21	Wed
McCormick Park	1f5fb55b5f972839a83c7ce395e8ced39a6a5255	46.872020	-114.002750	1749670342	2025-06-11	19:32:22	Wed
McCormick Park	1f5fb55b5f972839a83c7ce395e8ced39a6a5255	46.872070	-114.002760	1749670345	2025-06-11	19:32:25	Wed
McCormick Park	118e79cb3a86f2c4061255c3e69efac662e09be1	46.871010	-114.002340	1749677491	2025-06-11	21:31:31	Wed
McCormick Park	118e79cb3a86f2c4061255c3e69efac662e09be1	46.871050	-114.002370	1749677508	2025-06-11	21:31:48	Wed
McCormick Park	118e79cb3a86f2c4061255c3e69efac662e09be1	46.871000	-114.002300	1749677498	2025-06-11	21:31:38	Wed
McCormick Park	1e21856948a02c8dc8cb4df1ba12f8b53af91cfe	46.871120	-114.002120	1749615174	2025-06-11	04:12:54	Wed
McCormick Park	1a12c950b92ea16c1a85e7b4d08f32368735308e	46.872550	-114.003140	1749601910	2025-06-11	00:31:50	Wed
McCormick Park	70b27dd377a2fe287b64bd5205fb52d1a0312363	46.871620	-114.003090	1749652681	2025-06-11	14:38:01	Wed
McCormick Park	70b27dd377a2fe287b64bd5205fb52d1a0312363	46.871300	-114.003780	1749652686	2025-06-11	14:38:06	Wed
McCormick Park	0f4136700e5e578a0922a21cbd724c86533b8f1f	46.871470	-114.001900	1749607650	2025-06-11	02:07:30	Wed
McCormick Park	8b5c43f96688ec6b45ed1058c21fc1a1753ff6ec	46.870810	-114.002800	1749621854	2025-06-11	06:04:14	Wed
McCormick Park	a6e9e286b7c509c1436073af9ed649c7af6efe8e	46.871670	-114.005450	1749615857	2025-06-11	04:24:17	Wed
McCormick Park	a6e9e286b7c509c1436073af9ed649c7af6efe8e	46.871650	-114.005400	1749615860	2025-06-11	04:24:20	Wed
McCormick Park	a6e9e286b7c509c1436073af9ed649c7af6efe8e	46.871660	-114.005480	1749615857	2025-06-11	04:24:17	Wed
McCormick Park	a6e9e286b7c509c1436073af9ed649c7af6efe8e	46.871600	-114.005460	1749615865	2025-06-11	04:24:25	Wed
McCormick Park	a6e9e286b7c509c1436073af9ed649c7af6efe8e	46.871640	-114.005410	1749615882	2025-06-11	04:24:42	Wed
McCormick Park	656ee912787e552ed8218f8898aa29fc27316d4e	46.871080	-114.003530	1749659793	2025-06-11	16:36:33	Wed
McCormick Park	656ee912787e552ed8218f8898aa29fc27316d4e	46.871010	-114.003580	1749659794	2025-06-11	16:36:34	Wed
McCormick Park	d8445ea95eef4ab0c8af1e68b2b27f4b3876f607	46.871130	-114.001960	1749615456	2025-06-11	04:17:36	Wed
McCormick Park	e175f1f4121795e71858ce2ead10e80577a85954	46.871270	-114.001960	1749667681	2025-06-11	18:48:01	Wed
McCormick Park	e175f1f4121795e71858ce2ead10e80577a85954	46.871200	-114.001900	1749667687	2025-06-11	18:48:07	Wed
McCormick Park	ba8fab76ccbaf640bd0876ee80c3d0f453d2d1f3	46.871340	-114.004100	1749610824	2025-06-11	03:00:24	Wed
McCormick Park	d32aadda3c39867f2795049c5063ffb1bbf83f19	46.871740	-114.004540	1749668231	2025-06-11	18:57:11	Wed
McCormick Park	d32aadda3c39867f2795049c5063ffb1bbf83f19	46.871180	-114.003980	1749668267	2025-06-11	18:57:47	Wed
McCormick Park	b9cb8014cf892ff8610762ddd8b648b28374ebce	46.872560	-114.002930	1749657563	2025-06-11	15:59:23	Wed
McCormick Park	b9cb8014cf892ff8610762ddd8b648b28374ebce	46.872960	-114.003670	1749664737	2025-06-11	17:58:57	Wed
McCormick Park	b9cb8014cf892ff8610762ddd8b648b28374ebce	46.872420	-114.003200	1749664808	2025-06-11	18:00:08	Wed
McCormick Park	b9cb8014cf892ff8610762ddd8b648b28374ebce	46.872160	-114.002860	1749664834	2025-06-11	18:00:34	Wed
McCormick Park	b9cb8014cf892ff8610762ddd8b648b28374ebce	46.872550	-114.003140	1749664850	2025-06-11	18:00:50	Wed
McCormick Park	b9cb8014cf892ff8610762ddd8b648b28374ebce	46.871700	-114.004970	1749656378	2025-06-11	15:39:38	Wed
McCormick Park	b9cb8014cf892ff8610762ddd8b648b28374ebce	46.872550	-114.003940	1749656434	2025-06-11	15:40:34	Wed
McCormick Park	b9cb8014cf892ff8610762ddd8b648b28374ebce	46.872570	-114.002680	1749657547	2025-06-11	15:59:07	Wed
McCormick Park	b9cb8014cf892ff8610762ddd8b648b28374ebce	46.872560	-114.002940	1749657567	2025-06-11	15:59:27	Wed
McCormick Park	b9cb8014cf892ff8610762ddd8b648b28374ebce	46.872860	-114.003230	1749664039	2025-06-11	17:47:19	Wed
McCormick Park	b9cb8014cf892ff8610762ddd8b648b28374ebce	46.872140	-114.002880	1749664833	2025-06-11	18:00:33	Wed
McCormick Park	b9cb8014cf892ff8610762ddd8b648b28374ebce	46.872560	-114.003730	1749664843	2025-06-11	18:00:43	Wed
McCormick Park	b9cb8014cf892ff8610762ddd8b648b28374ebce	46.872570	-114.003120	1749664847	2025-06-11	18:00:47	Wed
McCormick Park	3f4247bfb9f9b92499cab4e08d85407c24859f76	46.872800	-114.005050	1749682251	2025-06-11	22:50:51	Wed
McCormick Park	3f4247bfb9f9b92499cab4e08d85407c24859f76	46.872830	-114.005010	1749682253	2025-06-11	22:50:53	Wed
McCormick Park	3f4247bfb9f9b92499cab4e08d85407c24859f76	46.873190	-114.005010	1749682258	2025-06-11	22:50:58	Wed
McCormick Park	3f4247bfb9f9b92499cab4e08d85407c24859f76	46.872820	-114.005050	1749682242	2025-06-11	22:50:42	Wed
McCormick Park	3f4247bfb9f9b92499cab4e08d85407c24859f76	46.872820	-114.005020	1749682250	2025-06-11	22:50:50	Wed
McCormick Park	3f4247bfb9f9b92499cab4e08d85407c24859f76	46.873120	-114.005080	1749682251	2025-06-11	22:50:51	Wed
McCormick Park	3f4247bfb9f9b92499cab4e08d85407c24859f76	46.872810	-114.005410	1749682252	2025-06-11	22:50:52	Wed
McCormick Park	3f4247bfb9f9b92499cab4e08d85407c24859f76	46.872650	-114.005070	1749682254	2025-06-11	22:50:54	Wed
McCormick Park	0bd06d99e798dea11735eeaa9341e0737523ca0d	46.871520	-114.001520	1749607657	2025-06-11	02:07:37	Wed
McCormick Park	0bd06d99e798dea11735eeaa9341e0737523ca0d	46.871510	-114.001530	1749607658	2025-06-11	02:07:38	Wed
McCormick Park	89ece3ba1da6e4993d62f09017f1894a14516366	46.873180	-114.005370	1749602955	2025-06-11	00:49:15	Wed
McCormick Park	89ece3ba1da6e4993d62f09017f1894a14516366	46.873470	-114.005600	1749602964	2025-06-11	00:49:24	Wed
McCormick Park	89ece3ba1da6e4993d62f09017f1894a14516366	46.873130	-114.005360	1749602965	2025-06-11	00:49:25	Wed
McCormick Park	89ece3ba1da6e4993d62f09017f1894a14516366	46.873100	-114.005720	1749602971	2025-06-11	00:49:31	Wed
McCormick Park	89ece3ba1da6e4993d62f09017f1894a14516366	46.873180	-114.005310	1749602983	2025-06-11	00:49:43	Wed
McCormick Park	8fc9661fa8636e6a04b7eee93e26b654b0ad3ec1	46.871750	-114.006070	1749656456	2025-06-11	15:40:56	Wed
McCormick Park	039f80d8b71bf213fc6867f2ac9e5ef44bdf0efa	46.871430	-114.001400	1749605779	2025-06-11	01:36:19	Wed
McCormick Park	039f80d8b71bf213fc6867f2ac9e5ef44bdf0efa	46.871460	-114.001400	1749605784	2025-06-11	01:36:24	Wed
McCormick Park	039f80d8b71bf213fc6867f2ac9e5ef44bdf0efa	46.871460	-114.001400	1749605769	2025-06-11	01:36:09	Wed
McCormick Park	86d031c67ddafd572ae81fff9b5bd9ab0ee24135	46.872375	-114.005630	1749684799	2025-06-11	23:33:19	Wed
McCormick Park	86d031c67ddafd572ae81fff9b5bd9ab0ee24135	46.872370	-114.005600	1749685072	2025-06-11	23:37:52	Wed
McCormick Park	86d031c67ddafd572ae81fff9b5bd9ab0ee24135	46.872370	-114.005680	1749685114	2025-06-11	23:38:34	Wed
McCormick Park	86d031c67ddafd572ae81fff9b5bd9ab0ee24135	46.872350	-114.005660	1749685168	2025-06-11	23:39:28	Wed
McCormick Park	86d031c67ddafd572ae81fff9b5bd9ab0ee24135	46.872375	-114.005630	1749685187	2025-06-11	23:39:47	Wed
McCormick Park	86d031c67ddafd572ae81fff9b5bd9ab0ee24135	46.872310	-114.005600	1749684792	2025-06-11	23:33:12	Wed
McCormick Park	86d031c67ddafd572ae81fff9b5bd9ab0ee24135	46.872370	-114.005630	1749684816	2025-06-11	23:33:36	Wed
McCormick Park	86d031c67ddafd572ae81fff9b5bd9ab0ee24135	46.872310	-114.005610	1749684820	2025-06-11	23:33:40	Wed
McCormick Park	86d031c67ddafd572ae81fff9b5bd9ab0ee24135	46.872330	-114.005630	1749685054	2025-06-11	23:37:34	Wed
McCormick Park	86d031c67ddafd572ae81fff9b5bd9ab0ee24135	46.872330	-114.005600	1749685076	2025-06-11	23:37:56	Wed
McCormick Park	86d031c67ddafd572ae81fff9b5bd9ab0ee24135	46.872330	-114.005620	1749685111	2025-06-11	23:38:31	Wed
McCormick Park	86d031c67ddafd572ae81fff9b5bd9ab0ee24135	46.872310	-114.005600	1749685146	2025-06-11	23:39:06	Wed
McCormick Park	86d031c67ddafd572ae81fff9b5bd9ab0ee24135	46.872300	-114.005650	1749685151	2025-06-11	23:39:11	Wed
McCormick Park	86d031c67ddafd572ae81fff9b5bd9ab0ee24135	46.872375	-114.005630	1749685170	2025-06-11	23:39:30	Wed
McCormick Park	86d031c67ddafd572ae81fff9b5bd9ab0ee24135	46.872370	-114.005630	1749685187	2025-06-11	23:39:47	Wed
McCormick Park	b294ed9e5c1f63dfc2440becd16d19ea085a7923	46.873640	-114.003950	1749664672	2025-06-11	17:57:52	Wed
McCormick Park	5a71a839daf64e815ebbfb0fc9f5b27d9bf82306	46.871260	-114.004600	1749672174	2025-06-11	20:02:54	Wed
McCormick Park	5a71a839daf64e815ebbfb0fc9f5b27d9bf82306	46.871280	-114.004600	1749672183	2025-06-11	20:03:03	Wed
McCormick Park	0ac3a552994131e60ab73abdb400e254cc2d3bb3	46.871170	-114.001870	1749634199	2025-06-11	09:29:59	Wed
McCormick Park	1e18c7e42e7416779d44a0edd81e377c840c5b1c	46.871640	-114.005750	1749605268	2025-06-11	01:27:48	Wed
McCormick Park	bde9aa18655fee8461e2da39b36abc584021e12f	46.872650	-114.005650	1749680290	2025-06-11	22:18:10	Wed
McCormick Park	fd29668d9884560ec35db1af36dd000abaa02076	46.872850	-114.004060	1749607406	2025-06-11	02:03:26	Wed
McCormick Park	fd29668d9884560ec35db1af36dd000abaa02076	46.872880	-114.004010	1749607402	2025-06-11	02:03:22	Wed
McCormick Park	fd29668d9884560ec35db1af36dd000abaa02076	46.872840	-114.004030	1749608570	2025-06-11	02:22:50	Wed
McCormick Park	fd29668d9884560ec35db1af36dd000abaa02076	46.871360	-114.004490	1749609352	2025-06-11	02:35:52	Wed
McCormick Park	7b3807bc134b383f5d4e45896f19e85bb8bcb1fb	46.872780	-114.005160	1749683503	2025-06-11	23:11:43	Wed
McCormick Park	7b3807bc134b383f5d4e45896f19e85bb8bcb1fb	46.872740	-114.005160	1749683505	2025-06-11	23:11:45	Wed
McCormick Park	7b3807bc134b383f5d4e45896f19e85bb8bcb1fb	46.872930	-114.005290	1749682091	2025-06-11	22:48:11	Wed
McCormick Park	7b3807bc134b383f5d4e45896f19e85bb8bcb1fb	46.872970	-114.005210	1749683446	2025-06-11	23:10:46	Wed
McCormick Park	7b3807bc134b383f5d4e45896f19e85bb8bcb1fb	46.872710	-114.005160	1749683506	2025-06-11	23:11:46	Wed
McCormick Park	0682c702088094a5e77597923efa2870f227886f	46.872580	-114.005520	1749600601	2025-06-11	00:10:01	Wed
McCormick Park	0682c702088094a5e77597923efa2870f227886f	46.872770	-114.005230	1749602301	2025-06-11	00:38:21	Wed
McCormick Park	0682c702088094a5e77597923efa2870f227886f	46.872730	-114.004240	1749602339	2025-06-11	00:38:59	Wed
McCormick Park	43a8bc5b0db7ea0a854730a4e95b3dee9baf5e97	46.873320	-114.005210	1749600811	2025-06-11	00:13:31	Wed
McCormick Park	43a8bc5b0db7ea0a854730a4e95b3dee9baf5e97	46.872690	-114.005230	1749600827	2025-06-11	00:13:47	Wed
McCormick Park	2e51b29b6fdc0fd51d0c5ff0a43adc2d6ef705f4	46.871870	-114.002070	1749649601	2025-06-11	13:46:41	Wed
McCormick Park	2e51b29b6fdc0fd51d0c5ff0a43adc2d6ef705f4	46.871570	-114.002190	1749649545	2025-06-11	13:45:45	Wed
McCormick Park	57db04cf512f565b596e3bc2294dcda5416f494b	46.872980	-114.005260	1749602344	2025-06-11	00:39:04	Wed
McCormick Park	57db04cf512f565b596e3bc2294dcda5416f494b	46.872950	-114.005480	1749602941	2025-06-11	00:49:01	Wed
McCormick Park	fca62d744868ac214739997373e62899d7231d6f	46.871400	-114.004820	1749606671	2025-06-11	01:51:11	Wed
McCormick Park	0c91aac2a828681b77a8ab98b1b2bf04a5f45de6	46.872590	-114.005340	1749606578	2025-06-11	01:49:38	Wed
McCormick Park	0c91aac2a828681b77a8ab98b1b2bf04a5f45de6	46.872520	-114.005330	1749606578	2025-06-11	01:49:38	Wed
McCormick Park	0c91aac2a828681b77a8ab98b1b2bf04a5f45de6	46.872560	-114.005300	1749606583	2025-06-11	01:49:43	Wed
McCormick Park	0c91aac2a828681b77a8ab98b1b2bf04a5f45de6	46.872500	-114.005330	1749606584	2025-06-11	01:49:44	Wed
McCormick Park	0c91aac2a828681b77a8ab98b1b2bf04a5f45de6	46.872540	-114.005360	1749606586	2025-06-11	01:49:46	Wed
McCormick Park	0c91aac2a828681b77a8ab98b1b2bf04a5f45de6	46.873300	-114.005590	1749604588	2025-06-11	01:16:28	Wed
McCormick Park	0c91aac2a828681b77a8ab98b1b2bf04a5f45de6	46.873620	-114.005250	1749604598	2025-06-11	01:16:38	Wed
McCormick Park	0c91aac2a828681b77a8ab98b1b2bf04a5f45de6	46.872510	-114.005300	1749605754	2025-06-11	01:35:54	Wed
McCormick Park	0c91aac2a828681b77a8ab98b1b2bf04a5f45de6	46.872560	-114.005380	1749606573	2025-06-11	01:49:33	Wed
McCormick Park	0c91aac2a828681b77a8ab98b1b2bf04a5f45de6	46.872900	-114.005340	1749606574	2025-06-11	01:49:34	Wed
McCormick Park	0c91aac2a828681b77a8ab98b1b2bf04a5f45de6	46.872620	-114.005200	1749606756	2025-06-11	01:52:36	Wed
McCormick Park	f8c6158abbadbfce817c9adc1d0bd714717c2cee	46.872570	-114.003200	1749682251	2025-06-11	22:50:51	Wed
McCormick Park	f8c6158abbadbfce817c9adc1d0bd714717c2cee	46.872970	-114.003260	1749677626	2025-06-11	21:33:46	Wed
McCormick Park	c8fb7df7736dee21aefb7b2d1bf2c6c4edf4c88c	46.872800	-114.004670	1749676278	2025-06-11	21:11:18	Wed
McCormick Park	c8fb7df7736dee21aefb7b2d1bf2c6c4edf4c88c	46.872800	-114.004670	1749676283	2025-06-11	21:11:23	Wed
McCormick Park	c8fb7df7736dee21aefb7b2d1bf2c6c4edf4c88c	46.873200	-114.004610	1749676275	2025-06-11	21:11:15	Wed
McCormick Park	c8fb7df7736dee21aefb7b2d1bf2c6c4edf4c88c	46.872860	-114.004640	1749676295	2025-06-11	21:11:35	Wed
McCormick Park	5e86939f2d87f7e94d634eefe396d283b0fe01e2	46.870900	-114.002460	1749682864	2025-06-11	23:01:04	Wed
McCormick Park	dbb1b72d7afd15d2480e505b041439064e821402	46.872740	-114.004740	1749669623	2025-06-11	19:20:23	Wed
McCormick Park	dbb1b72d7afd15d2480e505b041439064e821402	46.872620	-114.003990	1749670130	2025-06-11	19:28:50	Wed
McCormick Park	def3f0fef9d2cdf9a7c50ca0ea20de1529f8b271	46.872910	-114.005270	1749602218	2025-06-11	00:36:58	Wed
McCormick Park	def3f0fef9d2cdf9a7c50ca0ea20de1529f8b271	46.873120	-114.005140	1749602785	2025-06-11	00:46:25	Wed
McCormick Park	def3f0fef9d2cdf9a7c50ca0ea20de1529f8b271	46.872910	-114.005240	1749603963	2025-06-11	01:06:03	Wed
McCormick Park	fd3d9fb328f03e60e37297eae2fe61e1c65ee031	46.872610	-114.005500	1749678983	2025-06-11	21:56:23	Wed
McCormick Park	fd3d9fb328f03e60e37297eae2fe61e1c65ee031	46.872620	-114.005500	1749678981	2025-06-11	21:56:21	Wed
McCormick Park	fd3d9fb328f03e60e37297eae2fe61e1c65ee031	46.872930	-114.005490	1749679459	2025-06-11	22:04:19	Wed
McCormick Park	bd432098a73b510b22a6c65286ad93557a19db75	46.870700	-114.002600	1749663154	2025-06-11	17:32:34	Wed
McCormick Park	1e4529f945bd39e134dfeff11cbff780ad1bb940	46.872920	-114.005310	1749607657	2025-06-11	02:07:37	Wed
McCormick Park	1e4529f945bd39e134dfeff11cbff780ad1bb940	46.872970	-114.005310	1749607660	2025-06-11	02:07:40	Wed
McCormick Park	1e4529f945bd39e134dfeff11cbff780ad1bb940	46.872950	-114.005460	1749603166	2025-06-11	00:52:46	Wed
McCormick Park	1e4529f945bd39e134dfeff11cbff780ad1bb940	46.872920	-114.005490	1749606635	2025-06-11	01:50:35	Wed
McCormick Park	1e4529f945bd39e134dfeff11cbff780ad1bb940	46.872920	-114.004840	1749606649	2025-06-11	01:50:49	Wed
McCormick Park	1e4529f945bd39e134dfeff11cbff780ad1bb940	46.872910	-114.004960	1749612361	2025-06-11	03:26:01	Wed
McCormick Park	1e4529f945bd39e134dfeff11cbff780ad1bb940	46.872990	-114.005140	1749614215	2025-06-11	03:56:55	Wed
McCormick Park	5889d001000cd33a651b1b732c108fb04aa376d2	46.872850	-114.005690	1749654647	2025-06-11	15:10:47	Wed
McCormick Park	fd07b42c269eaeec60ad1ae025a098f67b04e208	46.870650	-114.002710	1749659422	2025-06-11	16:30:22	Wed
McCormick Park	20b909dbaea5accadbc232c421033cdb9bbba8dd	46.873000	-114.004880	1749678022	2025-06-11	21:40:22	Wed
McCormick Park	20b909dbaea5accadbc232c421033cdb9bbba8dd	46.873000	-114.004820	1749678029	2025-06-11	21:40:29	Wed
McCormick Park	20b909dbaea5accadbc232c421033cdb9bbba8dd	46.873000	-114.004860	1749678020	2025-06-11	21:40:20	Wed
McCormick Park	20b909dbaea5accadbc232c421033cdb9bbba8dd	46.873000	-114.004850	1749678026	2025-06-11	21:40:26	Wed
McCormick Park	20b909dbaea5accadbc232c421033cdb9bbba8dd	46.872140	-114.005390	1749680754	2025-06-11	22:25:54	Wed
McCormick Park	43483735066276ebb0aa78ce6b5dcbc0adecffc2	46.871070	-114.002300	1749614790	2025-06-11	04:06:30	Wed
McCormick Park	43483735066276ebb0aa78ce6b5dcbc0adecffc2	46.871070	-114.002300	1749614792	2025-06-11	04:06:32	Wed
McCormick Park	d8fe8d5877371247f8f1fc528a847c9138b5e5bd	46.870670	-114.002760	1749684600	2025-06-11	23:30:00	Wed
McCormick Park	d8fe8d5877371247f8f1fc528a847c9138b5e5bd	46.870610	-114.002760	1749684602	2025-06-11	23:30:02	Wed
McCormick Park	2e4fe17eaa563f6b84f0cf9e08ffdb864c601b0a	46.870860	-114.002880	1749601546	2025-06-11	00:25:46	Wed
McCormick Park	2e4fe17eaa563f6b84f0cf9e08ffdb864c601b0a	46.870850	-114.002500	1749601558	2025-06-11	00:25:58	Wed
McCormick Park	48f53314d9c5a131fec7221e9641cb8556d16fb1	46.872160	-114.002600	1749667409	2025-06-11	18:43:29	Wed
McCormick Park	370d5147da5090bd62715a25db1f65c1aa5a2be5	46.873200	-114.005360	1749678430	2025-06-11	21:47:10	Wed
McCormick Park	370d5147da5090bd62715a25db1f65c1aa5a2be5	46.872850	-114.005210	1749678431	2025-06-11	21:47:11	Wed
McCormick Park	fb890c5789cf99726f83013a2f8805814bbaf9f5	46.871270	-114.001800	1749634018	2025-06-11	09:26:58	Wed
McCormick Park	e9cfdb05e3666dc8727adaa5213406c7dc5c4843	46.872900	-114.005050	1749671182	2025-06-11	19:46:22	Wed
McCormick Park	e9cfdb05e3666dc8727adaa5213406c7dc5c4843	46.872370	-114.005000	1749671219	2025-06-11	19:46:59	Wed
McCormick Park	e9cfdb05e3666dc8727adaa5213406c7dc5c4843	46.872900	-114.005400	1749671224	2025-06-11	19:47:04	Wed
McCormick Park	e9cfdb05e3666dc8727adaa5213406c7dc5c4843	46.872610	-114.005500	1749671302	2025-06-11	19:48:22	Wed
McCormick Park	e9cfdb05e3666dc8727adaa5213406c7dc5c4843	46.872370	-114.005000	1749671314	2025-06-11	19:48:34	Wed
McCormick Park	e9cfdb05e3666dc8727adaa5213406c7dc5c4843	46.872600	-114.006180	1749671373	2025-06-11	19:49:33	Wed
McCormick Park	e9cfdb05e3666dc8727adaa5213406c7dc5c4843	46.872900	-114.005360	1749671413	2025-06-11	19:50:13	Wed
McCormick Park	e9cfdb05e3666dc8727adaa5213406c7dc5c4843	46.872380	-114.005000	1749671163	2025-06-11	19:46:03	Wed
McCormick Park	e9cfdb05e3666dc8727adaa5213406c7dc5c4843	46.872900	-114.005050	1749671177	2025-06-11	19:46:17	Wed
McCormick Park	e9cfdb05e3666dc8727adaa5213406c7dc5c4843	46.872900	-114.005060	1749671184	2025-06-11	19:46:24	Wed
McCormick Park	e9cfdb05e3666dc8727adaa5213406c7dc5c4843	46.872900	-114.005070	1749671186	2025-06-11	19:46:26	Wed
McCormick Park	e9cfdb05e3666dc8727adaa5213406c7dc5c4843	46.872340	-114.005000	1749671212	2025-06-11	19:46:52	Wed
McCormick Park	e9cfdb05e3666dc8727adaa5213406c7dc5c4843	46.872930	-114.005410	1749671228	2025-06-11	19:47:08	Wed
McCormick Park	e9cfdb05e3666dc8727adaa5213406c7dc5c4843	46.872920	-114.005420	1749671264	2025-06-11	19:47:44	Wed
McCormick Park	e9cfdb05e3666dc8727adaa5213406c7dc5c4843	46.872630	-114.005500	1749671300	2025-06-11	19:48:20	Wed
McCormick Park	e9cfdb05e3666dc8727adaa5213406c7dc5c4843	46.872320	-114.005000	1749671313	2025-06-11	19:48:33	Wed
McCormick Park	e9cfdb05e3666dc8727adaa5213406c7dc5c4843	46.872600	-114.006100	1749671374	2025-06-11	19:49:34	Wed
McCormick Park	e9cfdb05e3666dc8727adaa5213406c7dc5c4843	46.872600	-114.006150	1749671374	2025-06-11	19:49:34	Wed
McCormick Park	e9cfdb05e3666dc8727adaa5213406c7dc5c4843	46.872600	-114.006140	1749671382	2025-06-11	19:49:42	Wed
McCormick Park	e9cfdb05e3666dc8727adaa5213406c7dc5c4843	46.872900	-114.005380	1749671411	2025-06-11	19:50:11	Wed
McCormick Park	e9cfdb05e3666dc8727adaa5213406c7dc5c4843	46.872900	-114.005300	1749671414	2025-06-11	19:50:14	Wed
McCormick Park	e9cfdb05e3666dc8727adaa5213406c7dc5c4843	46.872590	-114.005390	1749671179	2025-06-11	19:46:19	Wed
McCormick Park	e9cfdb05e3666dc8727adaa5213406c7dc5c4843	46.872900	-114.005050	1749671190	2025-06-11	19:46:30	Wed
McCormick Park	e9cfdb05e3666dc8727adaa5213406c7dc5c4843	46.872900	-114.005030	1749671194	2025-06-11	19:46:34	Wed
McCormick Park	e9cfdb05e3666dc8727adaa5213406c7dc5c4843	46.873220	-114.005400	1749671227	2025-06-11	19:47:07	Wed
McCormick Park	e9cfdb05e3666dc8727adaa5213406c7dc5c4843	46.872680	-114.005310	1749671329	2025-06-11	19:48:49	Wed
McCormick Park	e9cfdb05e3666dc8727adaa5213406c7dc5c4843	46.872680	-114.005330	1749671337	2025-06-11	19:48:57	Wed
McCormick Park	e9cfdb05e3666dc8727adaa5213406c7dc5c4843	46.872620	-114.005700	1749671356	2025-06-11	19:49:16	Wed
McCormick Park	e9cfdb05e3666dc8727adaa5213406c7dc5c4843	46.872600	-114.006180	1749671370	2025-06-11	19:49:30	Wed
McCormick Park	e9cfdb05e3666dc8727adaa5213406c7dc5c4843	46.872870	-114.005020	1749671444	2025-06-11	19:50:44	Wed
McCormick Park	e9cfdb05e3666dc8727adaa5213406c7dc5c4843	46.872590	-114.005040	1749671445	2025-06-11	19:50:45	Wed
McCormick Park	4ccfb5baa56124a905f0004e664b2749591f9041	46.870940	-114.002360	1749685525	2025-06-11	23:45:25	Wed
McCormick Park	e6c6f92601d9900422e28abfd118b431f565d3e5	46.872795	-114.004550	1744482532	2025-04-12	18:28:52	Sat
McCormick Park	e6c6f92601d9900422e28abfd118b431f565d3e5	46.872658	-114.004910	1744482573	2025-04-12	18:29:33	Sat
McCormick Park	09f8b1b9a50a3e8ee14108cd8afb048293247c9f	46.873090	-114.005310	1744483188	2025-04-12	18:39:48	Sat
McCormick Park	ff8eb9f775f635bec171aaea40d94519cd5b9f19	46.872227	-114.003650	1744468317	2025-04-12	14:31:57	Sat
McCormick Park	ff8eb9f775f635bec171aaea40d94519cd5b9f19	46.872230	-114.003654	1744468327	2025-04-12	14:32:07	Sat
McCormick Park	ff8eb9f775f635bec171aaea40d94519cd5b9f19	46.872425	-114.006260	1744470393	2025-04-12	15:06:33	Sat
McCormick Park	bc55ce9ad6a64fbecc45db9ac5744f13ecbb7711	46.871808	-114.005214	1744483472	2025-04-12	18:44:32	Sat
McCormick Park	bc55ce9ad6a64fbecc45db9ac5744f13ecbb7711	46.871879	-114.005297	1744483479	2025-04-12	18:44:39	Sat
McCormick Park	bc55ce9ad6a64fbecc45db9ac5744f13ecbb7711	46.871872	-114.005234	1744486197	2025-04-12	19:29:57	Sat
McCormick Park	bc55ce9ad6a64fbecc45db9ac5744f13ecbb7711	46.871840	-114.005290	1744483485	2025-04-12	18:44:45	Sat
McCormick Park	bc55ce9ad6a64fbecc45db9ac5744f13ecbb7711	46.871860	-114.005230	1744486181	2025-04-12	19:29:41	Sat
McCormick Park	bc55ce9ad6a64fbecc45db9ac5744f13ecbb7711	46.871880	-114.005295	1744483479	2025-04-12	18:44:39	Sat
McCormick Park	bc55ce9ad6a64fbecc45db9ac5744f13ecbb7711	46.871883	-114.005240	1744486190	2025-04-12	19:29:50	Sat
McCormick Park	3701167942dc3e366414e1d7459e0a23fa3eddbc	46.871316	-114.003143	1744431552	2025-04-12	04:19:12	Sat
McCormick Park	3701167942dc3e366414e1d7459e0a23fa3eddbc	46.871317	-114.003173	1744431700	2025-04-12	04:21:40	Sat
McCormick Park	3701167942dc3e366414e1d7459e0a23fa3eddbc	46.871355	-114.003107	1744433182	2025-04-12	04:46:22	Sat
McCormick Park	3701167942dc3e366414e1d7459e0a23fa3eddbc	46.871330	-114.003150	1744431556	2025-04-12	04:19:16	Sat
McCormick Park	3701167942dc3e366414e1d7459e0a23fa3eddbc	46.871340	-114.003110	1744431700	2025-04-12	04:21:40	Sat
McCormick Park	3701167942dc3e366414e1d7459e0a23fa3eddbc	46.871360	-114.003130	1744432311	2025-04-12	04:31:51	Sat
McCormick Park	3701167942dc3e366414e1d7459e0a23fa3eddbc	46.871320	-114.003170	1744433188	2025-04-12	04:46:28	Sat
McCormick Park	3701167942dc3e366414e1d7459e0a23fa3eddbc	46.871353	-114.003174	1744431552	2025-04-12	04:19:12	Sat
McCormick Park	3701167942dc3e366414e1d7459e0a23fa3eddbc	46.871357	-114.003160	1744431706	2025-04-12	04:21:46	Sat
McCormick Park	3701167942dc3e366414e1d7459e0a23fa3eddbc	46.871353	-114.003110	1744432313	2025-04-12	04:31:53	Sat
McCormick Park	3701167942dc3e366414e1d7459e0a23fa3eddbc	46.871310	-114.003174	1744433184	2025-04-12	04:46:24	Sat
McCormick Park	d63c23ca967b683552b837bc7bca989e2b0e412e	46.871340	-114.003150	1744445451	2025-04-12	08:10:51	Sat
McCormick Park	c784b3eeaa72cabcd5a932c86337a53eda55c45d	46.872547	-114.004820	1744473492	2025-04-12	15:58:12	Sat
McCormick Park	c784b3eeaa72cabcd5a932c86337a53eda55c45d	46.872528	-114.004866	1744473493	2025-04-12	15:58:13	Sat
McCormick Park	c784b3eeaa72cabcd5a932c86337a53eda55c45d	46.872538	-114.004880	1744473493	2025-04-12	15:58:13	Sat
McCormick Park	31bda18c4bc23df843ed2b9acb8b40a827883ff0	46.872868	-114.004452	1744486906	2025-04-12	19:41:46	Sat
McCormick Park	31bda18c4bc23df843ed2b9acb8b40a827883ff0	46.872063	-114.005662	1744489206	2025-04-12	20:20:06	Sat
McCormick Park	b96c8111b2cc05ff9514e24b8c0beb46c052e22a	46.871263	-114.002841	1744428016	2025-04-12	03:20:16	Sat
McCormick Park	b96c8111b2cc05ff9514e24b8c0beb46c052e22a	46.871202	-114.002885	1744428026	2025-04-12	03:20:26	Sat
McCormick Park	b96c8111b2cc05ff9514e24b8c0beb46c052e22a	46.871224	-114.002838	1744428090	2025-04-12	03:21:30	Sat
McCormick Park	b96c8111b2cc05ff9514e24b8c0beb46c052e22a	46.871435	-114.001953	1744429248	2025-04-12	03:40:48	Sat
McCormick Park	b96c8111b2cc05ff9514e24b8c0beb46c052e22a	46.871260	-114.002850	1744428015	2025-04-12	03:20:15	Sat
McCormick Park	b96c8111b2cc05ff9514e24b8c0beb46c052e22a	46.871200	-114.002850	1744428020	2025-04-12	03:20:20	Sat
McCormick Park	b96c8111b2cc05ff9514e24b8c0beb46c052e22a	46.871200	-114.002860	1744428087	2025-04-12	03:21:27	Sat
McCormick Park	b96c8111b2cc05ff9514e24b8c0beb46c052e22a	46.871480	-114.001940	1744429247	2025-04-12	03:40:47	Sat
McCormick Park	b96c8111b2cc05ff9514e24b8c0beb46c052e22a	46.871270	-114.002820	1744425316	2025-04-12	02:35:16	Sat
McCormick Park	b96c8111b2cc05ff9514e24b8c0beb46c052e22a	46.871407	-114.001970	1744426537	2025-04-12	02:55:37	Sat
McCormick Park	b96c8111b2cc05ff9514e24b8c0beb46c052e22a	46.871220	-114.002820	1744428021	2025-04-12	03:20:21	Sat
McCormick Park	b4d0c3a7f20626d2a4f66eb51bad74bf84e189ed	46.872450	-114.004800	1744472072	2025-04-12	15:34:32	Sat
McCormick Park	7e3ad5008476da78f12ab2b1bc40c0022a1541dd	46.872730	-114.004810	1744468662	2025-04-12	14:37:42	Sat
McCormick Park	182374cc324140dba7cd6caf993a3c45746f2d69	46.870970	-114.003550	1744445300	2025-04-12	08:08:20	Sat
McCormick Park	72e84b37f40c4517d0edb57e76efd30d1d8ddb52	46.872493	-114.004006	1744486651	2025-04-12	19:37:31	Sat
McCormick Park	72e84b37f40c4517d0edb57e76efd30d1d8ddb52	46.872423	-114.003460	1744486719	2025-04-12	19:38:39	Sat
McCormick Park	72e84b37f40c4517d0edb57e76efd30d1d8ddb52	46.873966	-114.004566	1744487259	2025-04-12	19:47:39	Sat
McCormick Park	72e84b37f40c4517d0edb57e76efd30d1d8ddb52	46.873796	-114.003950	1744487278	2025-04-12	19:47:58	Sat
McCormick Park	72e84b37f40c4517d0edb57e76efd30d1d8ddb52	46.874114	-114.005130	1744487326	2025-04-12	19:48:46	Sat
McCormick Park	72e84b37f40c4517d0edb57e76efd30d1d8ddb52	46.872494	-114.004005	1744486651	2025-04-12	19:37:31	Sat
McCormick Park	72e84b37f40c4517d0edb57e76efd30d1d8ddb52	46.872420	-114.003460	1744486719	2025-04-12	19:38:39	Sat
McCormick Park	72e84b37f40c4517d0edb57e76efd30d1d8ddb52	46.872437	-114.003420	1744486738	2025-04-12	19:38:58	Sat
McCormick Park	72e84b37f40c4517d0edb57e76efd30d1d8ddb52	46.873966	-114.004560	1744487259	2025-04-12	19:47:39	Sat
McCormick Park	72e84b37f40c4517d0edb57e76efd30d1d8ddb52	46.873795	-114.003950	1744487278	2025-04-12	19:47:58	Sat
McCormick Park	72e84b37f40c4517d0edb57e76efd30d1d8ddb52	46.874115	-114.005130	1744487326	2025-04-12	19:48:46	Sat
McCormick Park	6a65c1b52f96bfcf2171ac9c55f17a18e2677804	46.871300	-114.003130	1744497665	2025-04-12	22:41:05	Sat
McCormick Park	6a65c1b52f96bfcf2171ac9c55f17a18e2677804	46.871330	-114.003110	1744497942	2025-04-12	22:45:42	Sat
McCormick Park	6a65c1b52f96bfcf2171ac9c55f17a18e2677804	46.871353	-114.003174	1744497942	2025-04-12	22:45:42	Sat
McCormick Park	5c240a408bf28ff2fc2d135ac77a34cb6cf52918	46.872080	-114.002490	1744471185	2025-04-12	15:19:45	Sat
McCormick Park	5bf202c4f8bf1df64e2c366a8a92d4618cfc4804	46.871630	-114.005000	1744492362	2025-04-12	21:12:42	Sat
McCormick Park	7ea4c11c6f9ea55c07e2bda2a31ace39af40d7f7	46.872005	-114.004880	1744487717	2025-04-12	19:55:17	Sat
McCormick Park	1ff77d2e8d4d74500f36e97d46b98c2e141ae727	46.871335	-114.003100	1744434164	2025-04-12	05:02:44	Sat
McCormick Park	1ff77d2e8d4d74500f36e97d46b98c2e141ae727	46.871373	-114.003180	1744434261	2025-04-12	05:04:21	Sat
McCormick Park	1ff77d2e8d4d74500f36e97d46b98c2e141ae727	46.871320	-114.003160	1744434160	2025-04-12	05:02:40	Sat
McCormick Park	1ff77d2e8d4d74500f36e97d46b98c2e141ae727	46.871370	-114.003140	1744434253	2025-04-12	05:04:13	Sat
McCormick Park	1ff77d2e8d4d74500f36e97d46b98c2e141ae727	46.871360	-114.003130	1744434169	2025-04-12	05:02:49	Sat
McCormick Park	71bfb4ca58f53cb12fdf8cc0a6485d4e84132c08	46.871650	-114.006130	1744468313	2025-04-12	14:31:53	Sat
McCormick Park	866e31b8bf6453cba28c0838797b86dc90f78600	46.872524	-114.004105	1744486647	2025-04-12	19:37:27	Sat
McCormick Park	866e31b8bf6453cba28c0838797b86dc90f78600	46.872430	-114.003440	1744486720	2025-04-12	19:38:40	Sat
McCormick Park	866e31b8bf6453cba28c0838797b86dc90f78600	46.872420	-114.003410	1744486734	2025-04-12	19:38:54	Sat
McCormick Park	866e31b8bf6453cba28c0838797b86dc90f78600	46.872433	-114.003440	1744486828	2025-04-12	19:40:28	Sat
McCormick Park	3fe41e254a9a39ed0e1bb06c592facc63cb48e20	46.871063	-114.002075	1744500256	2025-04-12	23:24:16	Sat
McCormick Park	64ea1579b212d4862192a2b35fd5678998d51375	46.871086	-114.001940	1744424004	2025-04-12	02:13:24	Sat
McCormick Park	7e22e3de48e58fc8b2cf2e1f8d672d79f999213d	46.872380	-114.003800	1744465331	2025-04-12	13:42:11	Sat
McCormick Park	7e22e3de48e58fc8b2cf2e1f8d672d79f999213d	46.872310	-114.003800	1744465335	2025-04-12	13:42:15	Sat
McCormick Park	7e22e3de48e58fc8b2cf2e1f8d672d79f999213d	46.872360	-114.003800	1744465330	2025-04-12	13:42:10	Sat
McCormick Park	7e22e3de48e58fc8b2cf2e1f8d672d79f999213d	46.872395	-114.003800	1744465339	2025-04-12	13:42:19	Sat
McCormick Park	7e22e3de48e58fc8b2cf2e1f8d672d79f999213d	46.872395	-114.003800	1744465361	2025-04-12	13:42:41	Sat
McCormick Park	51592be8d8c27303df18e97f3d538498fc5df89d	46.872113	-114.001970	1744487349	2025-04-12	19:49:09	Sat
McCormick Park	51592be8d8c27303df18e97f3d538498fc5df89d	46.872112	-114.001970	1744487349	2025-04-12	19:49:09	Sat
McCormick Park	a73d4b3fefba4faeb3e47de3c6311155f06c4c65	46.872540	-114.004860	1746491035	2025-05-06	00:23:55	Tue
McCormick Park	a73d4b3fefba4faeb3e47de3c6311155f06c4c65	46.872670	-114.004340	1746491712	2025-05-06	00:35:12	Tue
McCormick Park	023b2c753c76cfd8ffc7cb8d74dd3b4d19bc0b56	46.871350	-114.003110	1746562978	2025-05-06	20:22:58	Tue
McCormick Park	023b2c753c76cfd8ffc7cb8d74dd3b4d19bc0b56	46.871370	-114.003120	1746566900	2025-05-06	21:28:20	Tue
McCormick Park	023b2c753c76cfd8ffc7cb8d74dd3b4d19bc0b56	46.871350	-114.003140	1746567372	2025-05-06	21:36:12	Tue
McCormick Park	023b2c753c76cfd8ffc7cb8d74dd3b4d19bc0b56	46.871320	-114.003160	1746567376	2025-05-06	21:36:16	Tue
McCormick Park	023b2c753c76cfd8ffc7cb8d74dd3b4d19bc0b56	46.871390	-114.003170	1746570264	2025-05-06	22:24:24	Tue
McCormick Park	ee8877570125d175fea559aba607ccf7dce55402	46.871360	-114.004550	1746490294	2025-05-06	00:11:34	Tue
McCormick Park	ee8877570125d175fea559aba607ccf7dce55402	46.871260	-114.004490	1746490429	2025-05-06	00:13:49	Tue
McCormick Park	ee8877570125d175fea559aba607ccf7dce55402	46.871220	-114.004420	1746490425	2025-05-06	00:13:45	Tue
McCormick Park	a421bd0b33a3116b3d96889e5bdcf8fef37e1637	46.872720	-114.004730	1746551368	2025-05-06	17:09:28	Tue
McCormick Park	4d81df552f1cb027b557cc345d65353eb81dc94c	46.872120	-114.003280	1746501382	2025-05-06	03:16:22	Tue
McCormick Park	e23ef68375c6e830c489e09ab8141b95a00be153	46.872060	-114.004750	1746556976	2025-05-06	18:42:56	Tue
McCormick Park	e23ef68375c6e830c489e09ab8141b95a00be153	46.872060	-114.004750	1746556992	2025-05-06	18:43:12	Tue
McCormick Park	e23ef68375c6e830c489e09ab8141b95a00be153	46.872040	-114.004760	1746556977	2025-05-06	18:42:57	Tue
McCormick Park	84469089a88df73ae0bea0cf06f7010f36c703e4	46.871360	-114.004300	1746545259	2025-05-06	15:27:39	Tue
McCormick Park	a2cd5d22dce8d930428d3b6ad4869b88e5b9e936	46.872750	-114.005100	1746555140	2025-05-06	18:12:20	Tue
McCormick Park	a2cd5d22dce8d930428d3b6ad4869b88e5b9e936	46.872310	-114.004870	1746555498	2025-05-06	18:18:18	Tue
McCormick Park	a2cd5d22dce8d930428d3b6ad4869b88e5b9e936	46.871300	-114.004580	1746556021	2025-05-06	18:27:01	Tue
McCormick Park	9b56d47d34176b0aec0913f50d263a032cfb8472	46.873300	-114.005300	1746497376	2025-05-06	02:09:36	Tue
McCormick Park	9b56d47d34176b0aec0913f50d263a032cfb8472	46.872900	-114.005080	1746497381	2025-05-06	02:09:41	Tue
McCormick Park	9b56d47d34176b0aec0913f50d263a032cfb8472	46.872900	-114.005070	1746497388	2025-05-06	02:09:48	Tue
McCormick Park	9b56d47d34176b0aec0913f50d263a032cfb8472	46.872950	-114.005330	1746497399	2025-05-06	02:09:59	Tue
McCormick Park	9b56d47d34176b0aec0913f50d263a032cfb8472	46.872530	-114.004900	1746498301	2025-05-06	02:25:01	Tue
McCormick Park	9b56d47d34176b0aec0913f50d263a032cfb8472	46.873030	-114.004520	1746498319	2025-05-06	02:25:19	Tue
McCormick Park	9b56d47d34176b0aec0913f50d263a032cfb8472	46.873080	-114.004900	1746498324	2025-05-06	02:25:24	Tue
McCormick Park	9b56d47d34176b0aec0913f50d263a032cfb8472	46.872770	-114.004840	1746498362	2025-05-06	02:26:02	Tue
McCormick Park	9b56d47d34176b0aec0913f50d263a032cfb8472	46.872770	-114.004900	1746498419	2025-05-06	02:26:59	Tue
McCormick Park	9b56d47d34176b0aec0913f50d263a032cfb8472	46.872710	-114.004900	1746498421	2025-05-06	02:27:01	Tue
McCormick Park	9b56d47d34176b0aec0913f50d263a032cfb8472	46.872700	-114.004900	1746498434	2025-05-06	02:27:14	Tue
McCormick Park	9b56d47d34176b0aec0913f50d263a032cfb8472	46.872920	-114.005040	1746497374	2025-05-06	02:09:34	Tue
McCormick Park	9b56d47d34176b0aec0913f50d263a032cfb8472	46.873300	-114.005330	1746497377	2025-05-06	02:09:37	Tue
McCormick Park	9b56d47d34176b0aec0913f50d263a032cfb8472	46.872900	-114.005070	1746497381	2025-05-06	02:09:41	Tue
McCormick Park	9b56d47d34176b0aec0913f50d263a032cfb8472	46.872770	-114.004900	1746498413	2025-05-06	02:26:53	Tue
McCormick Park	9b56d47d34176b0aec0913f50d263a032cfb8472	46.873300	-114.005310	1746497376	2025-05-06	02:09:36	Tue
McCormick Park	9b56d47d34176b0aec0913f50d263a032cfb8472	46.872920	-114.005060	1746497379	2025-05-06	02:09:39	Tue
McCormick Park	aa758dcff8fefcba501ba487747af2a19776c80f	46.872047	-114.004585	1746492425	2025-05-06	00:47:05	Tue
McCormick Park	aa758dcff8fefcba501ba487747af2a19776c80f	46.872083	-114.004541	1746492426	2025-05-06	00:47:06	Tue
McCormick Park	aa758dcff8fefcba501ba487747af2a19776c80f	46.871500	-114.004560	1746492457	2025-05-06	00:47:37	Tue
McCormick Park	aa758dcff8fefcba501ba487747af2a19776c80f	46.871462	-114.004510	1746492463	2025-05-06	00:47:43	Tue
McCormick Park	aa758dcff8fefcba501ba487747af2a19776c80f	46.872000	-114.004550	1746492466	2025-05-06	00:47:46	Tue
McCormick Park	aa758dcff8fefcba501ba487747af2a19776c80f	46.872070	-114.004530	1746492469	2025-05-06	00:47:49	Tue
McCormick Park	aa758dcff8fefcba501ba487747af2a19776c80f	46.872020	-114.004530	1746492427	2025-05-06	00:47:07	Tue
McCormick Park	aa758dcff8fefcba501ba487747af2a19776c80f	46.872040	-114.004530	1746492461	2025-05-06	00:47:41	Tue
McCormick Park	aa758dcff8fefcba501ba487747af2a19776c80f	46.871400	-114.004550	1746492464	2025-05-06	00:47:44	Tue
McCormick Park	cd3326f5fec78656c3538d56a77bd24bc954a749	46.872440	-114.005400	1746572522	2025-05-06	23:02:02	Tue
McCormick Park	cd3326f5fec78656c3538d56a77bd24bc954a749	46.872700	-114.005760	1746572542	2025-05-06	23:02:22	Tue
McCormick Park	cd3326f5fec78656c3538d56a77bd24bc954a749	46.872700	-114.005730	1746572546	2025-05-06	23:02:26	Tue
McCormick Park	cd3326f5fec78656c3538d56a77bd24bc954a749	46.872750	-114.005480	1746572559	2025-05-06	23:02:39	Tue
McCormick Park	0df84a260511d8020c8bb678ba3ef2af5dcaee21	46.872570	-114.004800	1746492241	2025-05-06	00:44:01	Tue
McCormick Park	464f367d73fcb76921228c5d0e619beba8741b18	46.872200	-114.003060	1746497289	2025-05-06	02:08:09	Tue
McCormick Park	464f367d73fcb76921228c5d0e619beba8741b18	46.872200	-114.003020	1746497328	2025-05-06	02:08:48	Tue
McCormick Park	464f367d73fcb76921228c5d0e619beba8741b18	46.872200	-114.003070	1746497292	2025-05-06	02:08:12	Tue
McCormick Park	f5e773a8e7ad5d36373c43f102bddc8c9a3c0be9	46.871000	-114.003370	1746541051	2025-05-06	14:17:31	Tue
McCormick Park	f5e773a8e7ad5d36373c43f102bddc8c9a3c0be9	46.871320	-114.002930	1746541056	2025-05-06	14:17:36	Tue
McCormick Park	f5e773a8e7ad5d36373c43f102bddc8c9a3c0be9	46.871000	-114.003330	1746541057	2025-05-06	14:17:37	Tue
McCormick Park	f5e773a8e7ad5d36373c43f102bddc8c9a3c0be9	46.871340	-114.003350	1746547667	2025-05-06	16:07:47	Tue
McCormick Park	f5e773a8e7ad5d36373c43f102bddc8c9a3c0be9	46.871360	-114.003340	1746548659	2025-05-06	16:24:19	Tue
McCormick Park	f5e773a8e7ad5d36373c43f102bddc8c9a3c0be9	46.871000	-114.003370	1746548664	2025-05-06	16:24:24	Tue
McCormick Park	f5e773a8e7ad5d36373c43f102bddc8c9a3c0be9	46.871000	-114.003310	1746548666	2025-05-06	16:24:26	Tue
McCormick Park	f5e773a8e7ad5d36373c43f102bddc8c9a3c0be9	46.871000	-114.002950	1746551289	2025-05-06	17:08:09	Tue
McCormick Park	f5e773a8e7ad5d36373c43f102bddc8c9a3c0be9	46.871060	-114.002970	1746551290	2025-05-06	17:08:10	Tue
McCormick Park	f5e773a8e7ad5d36373c43f102bddc8c9a3c0be9	46.871000	-114.003360	1746551900	2025-05-06	17:18:20	Tue
McCormick Park	f5e773a8e7ad5d36373c43f102bddc8c9a3c0be9	46.871010	-114.003600	1746551903	2025-05-06	17:18:23	Tue
McCormick Park	f5e773a8e7ad5d36373c43f102bddc8c9a3c0be9	46.871000	-114.002920	1746553284	2025-05-06	17:41:24	Tue
McCormick Park	f5e773a8e7ad5d36373c43f102bddc8c9a3c0be9	46.871010	-114.003300	1746563325	2025-05-06	20:28:45	Tue
McCormick Park	f5e773a8e7ad5d36373c43f102bddc8c9a3c0be9	46.871030	-114.003300	1746566247	2025-05-06	21:17:27	Tue
McCormick Park	f5e773a8e7ad5d36373c43f102bddc8c9a3c0be9	46.871000	-114.003350	1746541052	2025-05-06	14:17:32	Tue
McCormick Park	f5e773a8e7ad5d36373c43f102bddc8c9a3c0be9	46.871320	-114.003340	1746547662	2025-05-06	16:07:42	Tue
McCormick Park	f5e773a8e7ad5d36373c43f102bddc8c9a3c0be9	46.871030	-114.002900	1746551281	2025-05-06	17:08:01	Tue
McCormick Park	f5e773a8e7ad5d36373c43f102bddc8c9a3c0be9	46.871000	-114.002900	1746551292	2025-05-06	17:08:12	Tue
McCormick Park	f5e773a8e7ad5d36373c43f102bddc8c9a3c0be9	46.871020	-114.003600	1746551906	2025-05-06	17:18:26	Tue
McCormick Park	f5e773a8e7ad5d36373c43f102bddc8c9a3c0be9	46.871000	-114.003340	1746551908	2025-05-06	17:18:28	Tue
McCormick Park	d0e1c6b9d250e11885b60261467c3b678855b923	46.870780	-114.002550	1746539885	2025-05-06	13:58:05	Tue
McCormick Park	3a574f2e83a4e27d21da1a2b83c5c787c74a8c4f	46.871340	-114.002930	1746496559	2025-05-06	01:55:59	Tue
McCormick Park	3a574f2e83a4e27d21da1a2b83c5c787c74a8c4f	46.871330	-114.002840	1746496721	2025-05-06	01:58:41	Tue
McCormick Park	3a574f2e83a4e27d21da1a2b83c5c787c74a8c4f	46.871480	-114.002420	1746496867	2025-05-06	02:01:07	Tue
McCormick Park	3a574f2e83a4e27d21da1a2b83c5c787c74a8c4f	46.871350	-114.002860	1746496999	2025-05-06	02:03:19	Tue
McCormick Park	748a99a2e90c2a59565cc0d5d7abbec6fd733901	46.872580	-114.004770	1746497251	2025-05-06	02:07:31	Tue
McCormick Park	1feb5c693fb7c67810e796ba5badd2044111f6c6	46.871050	-114.002140	1746542124	2025-05-06	14:35:24	Tue
McCormick Park	8b4eb038e56bd389521d89af40b2d22e7ad6ca81	46.871250	-114.001790	1746499703	2025-05-06	02:48:23	Tue
McCormick Park	06154059c657fef3c703a548e5463e69fb6dce13	46.872102	-114.004960	1742485723	2025-03-20	15:48:43	Thu
McCormick Park	06154059c657fef3c703a548e5463e69fb6dce13	46.872130	-114.004910	1742485721	2025-03-20	15:48:41	Thu
McCormick Park	b140f9a4fefa3f1a3f8e684423043dd2eef2801c	46.871131	-114.002268	1742480955	2025-03-20	14:29:15	Thu
McCormick Park	b140f9a4fefa3f1a3f8e684423043dd2eef2801c	46.871170	-114.002250	1742480958	2025-03-20	14:29:18	Thu
McCormick Park	4f28b3de36cca7eeff4126ce6fc0482ed44a4151	46.871180	-114.002500	1742443691	2025-03-20	04:08:11	Thu
McCormick Park	4f28b3de36cca7eeff4126ce6fc0482ed44a4151	46.871120	-114.002500	1742443693	2025-03-20	04:08:13	Thu
McCormick Park	2a929850d623c10f2a630f2832d00c2668ae743a	46.872200	-114.004940	1742434741	2025-03-20	01:39:01	Thu
McCormick Park	2a929850d623c10f2a630f2832d00c2668ae743a	46.872750	-114.004830	1742434818	2025-03-20	01:40:18	Thu
McCormick Park	2a929850d623c10f2a630f2832d00c2668ae743a	46.872654	-114.004872	1742434842	2025-03-20	01:40:42	Thu
McCormick Park	2a929850d623c10f2a630f2832d00c2668ae743a	46.872630	-114.004826	1742434871	2025-03-20	01:41:11	Thu
McCormick Park	2a929850d623c10f2a630f2832d00c2668ae743a	46.872230	-114.004910	1742434744	2025-03-20	01:39:04	Thu
McCormick Park	2a929850d623c10f2a630f2832d00c2668ae743a	46.872730	-114.004880	1742434805	2025-03-20	01:40:05	Thu
McCormick Park	2a929850d623c10f2a630f2832d00c2668ae743a	46.872610	-114.004880	1742434845	2025-03-20	01:40:45	Thu
McCormick Park	2a929850d623c10f2a630f2832d00c2668ae743a	46.872650	-114.004820	1742434872	2025-03-20	01:41:12	Thu
McCormick Park	6caa71651b713a670a7d6504a7d824014ba1d3fe	46.872138	-114.004700	1742450492	2025-03-20	06:01:32	Thu
McCormick Park	6caa71651b713a670a7d6504a7d824014ba1d3fe	46.872148	-114.004700	1742507603	2025-03-20	21:53:23	Thu
McCormick Park	ab531bb9663623ee2fb2666b4f9a1bdf8721654c	46.871360	-114.001880	1742434952	2025-03-20	01:42:32	Thu
McCormick Park	1739134cb2a0e66ab3a3b98790739fb63524241b	46.872444	-114.003476	1742504571	2025-03-20	21:02:51	Thu
McCormick Park	1739134cb2a0e66ab3a3b98790739fb63524241b	46.872629	-114.003366	1742505274	2025-03-20	21:14:34	Thu
McCormick Park	1739134cb2a0e66ab3a3b98790739fb63524241b	46.872402	-114.003444	1742506234	2025-03-20	21:30:34	Thu
McCormick Park	10da01e6ace234655d9014d05568cbeb1d37f0f2	46.872031	-114.004952	1742441268	2025-03-20	03:27:48	Thu
McCormick Park	35c5221ae81f43fefeaf72bfbbf4c41187f9a519	46.872105	-114.004870	1742429905	2025-03-20	00:18:25	Thu
McCormick Park	2de5f53960f488e97cdabee198a7116bbe8c9901	46.872036	-114.004834	1742498261	2025-03-20	19:17:41	Thu
McCormick Park	2de5f53960f488e97cdabee198a7116bbe8c9901	46.872010	-114.004840	1742498261	2025-03-20	19:17:41	Thu
McCormick Park	3f3976b6fd7644372452f6578dbaac8e910d50c6	46.872427	-114.002610	1742481712	2025-03-20	14:41:52	Thu
McCormick Park	3f3976b6fd7644372452f6578dbaac8e910d50c6	46.872400	-114.002680	1742481703	2025-03-20	14:41:43	Thu
McCormick Park	1e29d9eb4b47417d00a9756af0b083b51028ff36	46.872170	-114.004700	1742486706	2025-03-20	16:05:06	Thu
McCormick Park	1e29d9eb4b47417d00a9756af0b083b51028ff36	46.872530	-114.005380	1742486727	2025-03-20	16:05:27	Thu
McCormick Park	f6b5e73527546fc36129e2960d3f4380a600e2ec	46.872930	-114.005500	1742514840	2025-03-20	23:54:00	Thu
McCormick Park	f6b5e73527546fc36129e2960d3f4380a600e2ec	46.872980	-114.005520	1742514864	2025-03-20	23:54:24	Thu
McCormick Park	f6b5e73527546fc36129e2960d3f4380a600e2ec	46.872970	-114.005500	1742514841	2025-03-20	23:54:01	Thu
McCormick Park	f6b5e73527546fc36129e2960d3f4380a600e2ec	46.872980	-114.005500	1742514862	2025-03-20	23:54:22	Thu
McCormick Park	97d734f5199f93a6d4b5e3ddc7c1bcacf57eafd0	46.871181	-114.001738	1742497716	2025-03-20	19:08:36	Thu
McCormick Park	97d734f5199f93a6d4b5e3ddc7c1bcacf57eafd0	46.871180	-114.001740	1742497716	2025-03-20	19:08:36	Thu
McCormick Park	bd74abbf103f95fd257525af0d60bf6789a33425	46.872008	-114.005116	1742490884	2025-03-20	17:14:44	Thu
McCormick Park	bd74abbf103f95fd257525af0d60bf6789a33425	46.872020	-114.005160	1742490880	2025-03-20	17:14:40	Thu
McCormick Park	bd74abbf103f95fd257525af0d60bf6789a33425	46.872030	-114.005120	1742490882	2025-03-20	17:14:42	Thu
McCormick Park	d25ac2e95f3fda99c91f19fbed75ee6c72f0dcb6	46.872900	-114.005320	1742501472	2025-03-20	20:11:12	Thu
McCormick Park	d25ac2e95f3fda99c91f19fbed75ee6c72f0dcb6	46.872930	-114.005350	1742501470	2025-03-20	20:11:10	Thu
McCormick Park	b1b7140c0dd810ddbeb3902905cb143dbf4dc954	46.872006	-114.004800	1742436068	2025-03-20	02:01:08	Thu
McCormick Park	b1b7140c0dd810ddbeb3902905cb143dbf4dc954	46.872056	-114.004710	1742437475	2025-03-20	02:24:35	Thu
McCormick Park	af40ce7509502c8e5b952cfed9b449fe9bfef6d6	46.872470	-114.004200	1744526417	2025-04-13	06:40:17	Sun
McCormick Park	e519f834a392ab0d02055c99d0377bb990c561c0	46.871077	-114.003673	1744574971	2025-04-13	20:09:31	Sun
McCormick Park	e519f834a392ab0d02055c99d0377bb990c561c0	46.871082	-114.003624	1744574972	2025-04-13	20:09:32	Sun
McCormick Park	e519f834a392ab0d02055c99d0377bb990c561c0	46.871040	-114.003630	1744574973	2025-04-13	20:09:33	Sun
McCormick Park	73c1b46f4c6940b1b1f5b123f21166052c4cf991	46.872487	-114.004671	1744581861	2025-04-13	22:04:21	Sun
McCormick Park	73c1b46f4c6940b1b1f5b123f21166052c4cf991	46.872968	-114.005255	1744582094	2025-04-13	22:08:14	Sun
McCormick Park	73c1b46f4c6940b1b1f5b123f21166052c4cf991	46.872968	-114.005255	1744582138	2025-04-13	22:08:58	Sun
McCormick Park	73c1b46f4c6940b1b1f5b123f21166052c4cf991	46.872983	-114.005246	1744582304	2025-04-13	22:11:44	Sun
McCormick Park	73c1b46f4c6940b1b1f5b123f21166052c4cf991	46.872962	-114.005292	1744582332	2025-04-13	22:12:12	Sun
McCormick Park	73c1b46f4c6940b1b1f5b123f21166052c4cf991	46.872973	-114.005233	1744582572	2025-04-13	22:16:12	Sun
McCormick Park	73c1b46f4c6940b1b1f5b123f21166052c4cf991	46.872964	-114.005239	1744582673	2025-04-13	22:17:53	Sun
McCormick Park	73c1b46f4c6940b1b1f5b123f21166052c4cf991	46.872980	-114.005309	1744582913	2025-04-13	22:21:53	Sun
McCormick Park	73c1b46f4c6940b1b1f5b123f21166052c4cf991	46.872980	-114.005309	1744582914	2025-04-13	22:21:54	Sun
McCormick Park	73c1b46f4c6940b1b1f5b123f21166052c4cf991	46.872971	-114.005252	1744583155	2025-04-13	22:25:55	Sun
McCormick Park	73c1b46f4c6940b1b1f5b123f21166052c4cf991	46.872975	-114.005275	1744583318	2025-04-13	22:28:38	Sun
McCormick Park	73c1b46f4c6940b1b1f5b123f21166052c4cf991	46.873005	-114.005274	1744583325	2025-04-13	22:28:45	Sun
McCormick Park	73c1b46f4c6940b1b1f5b123f21166052c4cf991	46.873086	-114.005271	1744583326	2025-04-13	22:28:46	Sun
McCormick Park	73c1b46f4c6940b1b1f5b123f21166052c4cf991	46.872790	-114.005268	1744583626	2025-04-13	22:33:46	Sun
McCormick Park	73c1b46f4c6940b1b1f5b123f21166052c4cf991	46.872790	-114.005268	1744583627	2025-04-13	22:33:47	Sun
McCormick Park	73c1b46f4c6940b1b1f5b123f21166052c4cf991	46.872797	-114.005218	1744584327	2025-04-13	22:45:27	Sun
McCormick Park	73c1b46f4c6940b1b1f5b123f21166052c4cf991	46.872797	-114.005218	1744584328	2025-04-13	22:45:28	Sun
McCormick Park	4cd5c126fd3a7c231e152c0988f3a41ce6f823ea	46.872300	-114.004920	1744586113	2025-04-13	23:15:13	Sun
McCormick Park	4cd5c126fd3a7c231e152c0988f3a41ce6f823ea	46.872300	-114.004950	1744586120	2025-04-13	23:15:20	Sun
McCormick Park	b3288a2999381a6d54f39a6112e187f65c47e6c8	46.873016	-114.005470	1744555685	2025-04-13	14:48:05	Sun
McCormick Park	2b57c8bb789ad5bd4f87fa19b6900980fb549867	46.872930	-114.005420	1744510686	2025-04-13	02:18:06	Sun
McCormick Park	504b68c461cdec8fc46c6ad12e7f6163b9ae87bb	46.872430	-114.004120	1744513180	2025-04-13	02:59:40	Sun
McCormick Park	504b68c461cdec8fc46c6ad12e7f6163b9ae87bb	46.872480	-114.004140	1744513213	2025-04-13	03:00:13	Sun
McCormick Park	6140405c6e9943e753d86583691e0a6baab4efbb	46.870986	-114.002250	1744580080	2025-04-13	21:34:40	Sun
McCormick Park	d6420d80ba1db69cd01f37bbd343ca8ac5619bee	46.871110	-114.001900	1744525027	2025-04-13	06:17:07	Sun
McCormick Park	d1d9f62d77bbd84fa519c0b255aea23901d23d92	46.872475	-114.004753	1744581373	2025-04-13	21:56:13	Sun
McCormick Park	c1e42769acd5cdaf6651075d3fcfcda7d7b9393e	46.872875	-114.005270	1744511012	2025-04-13	02:23:32	Sun
McCormick Park	f47c151d1776c669db5e30cd3a666ca7aef4d24b	46.871320	-114.003150	1744512798	2025-04-13	02:53:18	Sun
McCormick Park	7d704010c9ad75b7319decf5945d9d81cb5faeb8	46.871346	-114.003150	1744520497	2025-04-13	05:01:37	Sun
McCormick Park	7d704010c9ad75b7319decf5945d9d81cb5faeb8	46.871346	-114.003150	1744537227	2025-04-13	09:40:27	Sun
McCormick Park	7d704010c9ad75b7319decf5945d9d81cb5faeb8	46.871346	-114.003150	1744537464	2025-04-13	09:44:24	Sun
McCormick Park	7d704010c9ad75b7319decf5945d9d81cb5faeb8	46.871346	-114.003150	1744537849	2025-04-13	09:50:49	Sun
McCormick Park	ea0a5f3bbcfc2afe1d07b06c05976105b9f92ddd	46.871352	-114.003180	1744513944	2025-04-13	03:12:24	Sun
McCormick Park	ea0a5f3bbcfc2afe1d07b06c05976105b9f92ddd	46.871361	-114.003100	1744514014	2025-04-13	03:13:34	Sun
McCormick Park	1ef46cf683e1fe3eb9665aacd72d68466d1a29a0	46.872000	-114.005030	1744508714	2025-04-13	01:45:14	Sun
McCormick Park	1ef46cf683e1fe3eb9665aacd72d68466d1a29a0	46.872734	-114.005260	1744509317	2025-04-13	01:55:17	Sun
McCormick Park	b3288a2999381a6d54f39a6112e187f65c47e6c8	46.872820	-114.004920	1745590908	2025-04-25	14:21:48	Fri
McCormick Park	b3288a2999381a6d54f39a6112e187f65c47e6c8	46.872963	-114.005690	1745593160	2025-04-25	14:59:20	Fri
McCormick Park	5f02f60278ed39e765c1267b26664eed6a2c0ace	46.872860	-114.004771	1745555500	2025-04-25	04:31:40	Fri
McCormick Park	5f02f60278ed39e765c1267b26664eed6a2c0ace	46.872840	-114.004717	1745555501	2025-04-25	04:31:41	Fri
McCormick Park	5f02f60278ed39e765c1267b26664eed6a2c0ace	46.872810	-114.004752	1745555506	2025-04-25	04:31:46	Fri
McCormick Park	5f02f60278ed39e765c1267b26664eed6a2c0ace	46.872800	-114.004780	1745555495	2025-04-25	04:31:35	Fri
McCormick Park	5f02f60278ed39e765c1267b26664eed6a2c0ace	46.872870	-114.004700	1745555505	2025-04-25	04:31:45	Fri
McCormick Park	5f02f60278ed39e765c1267b26664eed6a2c0ace	46.872810	-114.004760	1745555505	2025-04-25	04:31:45	Fri
McCormick Park	5f02f60278ed39e765c1267b26664eed6a2c0ace	46.872830	-114.004790	1745555507	2025-04-25	04:31:47	Fri
McCormick Park	5f02f60278ed39e765c1267b26664eed6a2c0ace	46.872810	-114.004750	1745555506	2025-04-25	04:31:46	Fri
McCormick Park	947ecfa729e9cf1fe73158efb45ce4e3bf6e247b	46.871060	-114.002060	1745543291	2025-04-25	01:08:11	Fri
McCormick Park	0f061b16e31f9bedb9f039e2cde73c684193e3b9	46.872603	-114.003884	1745540881	2025-04-25	00:28:01	Fri
McCormick Park	0f061b16e31f9bedb9f039e2cde73c684193e3b9	46.872603	-114.003884	1745540882	2025-04-25	00:28:02	Fri
McCormick Park	0f061b16e31f9bedb9f039e2cde73c684193e3b9	46.872602	-114.003804	1745540932	2025-04-25	00:28:52	Fri
McCormick Park	0f061b16e31f9bedb9f039e2cde73c684193e3b9	46.872645	-114.003864	1745540937	2025-04-25	00:28:57	Fri
McCormick Park	0f061b16e31f9bedb9f039e2cde73c684193e3b9	46.872604	-114.003875	1745540938	2025-04-25	00:28:58	Fri
McCormick Park	0f061b16e31f9bedb9f039e2cde73c684193e3b9	46.872604	-114.003875	1745540939	2025-04-25	00:28:59	Fri
McCormick Park	0f061b16e31f9bedb9f039e2cde73c684193e3b9	46.872630	-114.003810	1745540881	2025-04-25	00:28:01	Fri
McCormick Park	0f061b16e31f9bedb9f039e2cde73c684193e3b9	46.872660	-114.003860	1745540885	2025-04-25	00:28:05	Fri
McCormick Park	0f061b16e31f9bedb9f039e2cde73c684193e3b9	46.872660	-114.003820	1745540887	2025-04-25	00:28:07	Fri
McCormick Park	0f061b16e31f9bedb9f039e2cde73c684193e3b9	46.872670	-114.003850	1745540930	2025-04-25	00:28:50	Fri
McCormick Park	0f061b16e31f9bedb9f039e2cde73c684193e3b9	46.872650	-114.003880	1745540930	2025-04-25	00:28:50	Fri
McCormick Park	0f061b16e31f9bedb9f039e2cde73c684193e3b9	46.872650	-114.003830	1745540937	2025-04-25	00:28:57	Fri
McCormick Park	ef73fae46c8f48bdbe8ff70893d341e99678bf5e	46.871177	-114.001848	1745545758	2025-04-25	01:49:18	Fri
McCormick Park	5f3fd8ec2e4fac2f244f410cfc0b189d4221e6ef	46.872683	-114.003840	1745540492	2025-04-25	00:21:32	Fri
McCormick Park	5f3fd8ec2e4fac2f244f410cfc0b189d4221e6ef	46.872621	-114.003838	1745540494	2025-04-25	00:21:34	Fri
McCormick Park	5f3fd8ec2e4fac2f244f410cfc0b189d4221e6ef	46.872621	-114.003838	1745540496	2025-04-25	00:21:36	Fri
McCormick Park	a291ce37decdc1bde09d7c65d0eb5d1f0351c0b0	46.873178	-114.005372	1745603178	2025-04-25	17:46:18	Fri
McCormick Park	a291ce37decdc1bde09d7c65d0eb5d1f0351c0b0	46.873134	-114.005386	1745603183	2025-04-25	17:46:23	Fri
McCormick Park	a291ce37decdc1bde09d7c65d0eb5d1f0351c0b0	46.873180	-114.005320	1745603185	2025-04-25	17:46:25	Fri
McCormick Park	a291ce37decdc1bde09d7c65d0eb5d1f0351c0b0	46.873114	-114.005334	1745603185	2025-04-25	17:46:25	Fri
McCormick Park	a291ce37decdc1bde09d7c65d0eb5d1f0351c0b0	46.873160	-114.005320	1745603172	2025-04-25	17:46:12	Fri
McCormick Park	a291ce37decdc1bde09d7c65d0eb5d1f0351c0b0	46.873120	-114.005380	1745603175	2025-04-25	17:46:15	Fri
McCormick Park	a291ce37decdc1bde09d7c65d0eb5d1f0351c0b0	46.873180	-114.005320	1745603180	2025-04-25	17:46:20	Fri
McCormick Park	a291ce37decdc1bde09d7c65d0eb5d1f0351c0b0	46.873170	-114.005390	1745603185	2025-04-25	17:46:25	Fri
McCormick Park	a291ce37decdc1bde09d7c65d0eb5d1f0351c0b0	46.873170	-114.005380	1745603178	2025-04-25	17:46:18	Fri
McCormick Park	a291ce37decdc1bde09d7c65d0eb5d1f0351c0b0	46.873130	-114.005390	1745603183	2025-04-25	17:46:23	Fri
McCormick Park	986f6ebc426c150bb31fbe68f70e1f158abb0cfb	46.871284	-114.004670	1745564617	2025-04-25	07:03:37	Fri
McCormick Park	a1e2f02251cdf9506dfbcc42b7c7c236cca84a3f	46.870868	-114.002324	1745598068	2025-04-25	16:21:08	Fri
McCormick Park	8f0c6458080c62b29e38e1873dede895ef8383ce	46.872535	-114.003380	1745612016	2025-04-25	20:13:36	Fri
McCormick Park	8f0c6458080c62b29e38e1873dede895ef8383ce	46.872543	-114.003330	1745612016	2025-04-25	20:13:36	Fri
McCormick Park	8f0c6458080c62b29e38e1873dede895ef8383ce	46.872560	-114.003300	1745612010	2025-04-25	20:13:30	Fri
McCormick Park	8f0c6458080c62b29e38e1873dede895ef8383ce	46.872530	-114.003380	1745612016	2025-04-25	20:13:36	Fri
McCormick Park	dc8f4af14c5600bd66b350f7fb0800495d6bd168	46.872780	-114.004870	1745591682	2025-04-25	14:34:42	Fri
McCormick Park	dc8f4af14c5600bd66b350f7fb0800495d6bd168	46.872700	-114.004880	1745591684	2025-04-25	14:34:44	Fri
McCormick Park	28f16555a8bab6abe7065583115e0ca788fe7b92	46.873527	-114.003200	1745591106	2025-04-25	14:25:06	Fri
McCormick Park	28f16555a8bab6abe7065583115e0ca788fe7b92	46.873544	-114.003200	1745591108	2025-04-25	14:25:08	Fri
McCormick Park	28f16555a8bab6abe7065583115e0ca788fe7b92	46.873544	-114.003200	1745591110	2025-04-25	14:25:10	Fri
McCormick Park	28f16555a8bab6abe7065583115e0ca788fe7b92	46.873534	-114.003200	1745591113	2025-04-25	14:25:13	Fri
McCormick Park	28f16555a8bab6abe7065583115e0ca788fe7b92	46.873503	-114.003200	1745591115	2025-04-25	14:25:15	Fri
McCormick Park	28f16555a8bab6abe7065583115e0ca788fe7b92	46.873530	-114.003200	1745591105	2025-04-25	14:25:05	Fri
McCormick Park	28f16555a8bab6abe7065583115e0ca788fe7b92	46.873540	-114.003200	1745591113	2025-04-25	14:25:13	Fri
McCormick Park	aa8ef584faee5758b389d182da2f55c4b2333e80	46.872420	-114.004980	1745547833	2025-04-25	02:23:53	Fri
McCormick Park	aa8ef584faee5758b389d182da2f55c4b2333e80	46.872480	-114.004950	1745547837	2025-04-25	02:23:57	Fri
McCormick Park	aa8ef584faee5758b389d182da2f55c4b2333e80	46.872740	-114.004760	1745550935	2025-04-25	03:15:35	Fri
McCormick Park	aa8ef584faee5758b389d182da2f55c4b2333e80	46.872770	-114.004750	1745550937	2025-04-25	03:15:37	Fri
McCormick Park	aa8ef584faee5758b389d182da2f55c4b2333e80	46.872710	-114.004760	1745554131	2025-04-25	04:08:51	Fri
McCormick Park	aa8ef584faee5758b389d182da2f55c4b2333e80	46.872410	-114.004930	1745547837	2025-04-25	02:23:57	Fri
McCormick Park	aa8ef584faee5758b389d182da2f55c4b2333e80	46.872750	-114.004760	1745550936	2025-04-25	03:15:36	Fri
McCormick Park	aa8ef584faee5758b389d182da2f55c4b2333e80	46.872750	-114.004760	1745554120	2025-04-25	04:08:40	Fri
McCormick Park	77fb4a73ac29e38099f55b58163f1f7e68baf1d9	46.870770	-114.002558	1745569119	2025-04-25	08:18:39	Fri
McCormick Park	77fb4a73ac29e38099f55b58163f1f7e68baf1d9	46.870760	-114.002500	1745569477	2025-04-25	08:24:37	Fri
McCormick Park	77fb4a73ac29e38099f55b58163f1f7e68baf1d9	46.870770	-114.002500	1745569479	2025-04-25	08:24:39	Fri
McCormick Park	77fb4a73ac29e38099f55b58163f1f7e68baf1d9	46.870750	-114.002500	1745569622	2025-04-25	08:27:02	Fri
McCormick Park	77fb4a73ac29e38099f55b58163f1f7e68baf1d9	46.870740	-114.002500	1745569623	2025-04-25	08:27:03	Fri
McCormick Park	77fb4a73ac29e38099f55b58163f1f7e68baf1d9	46.870786	-114.002447	1745569934	2025-04-25	08:32:14	Fri
McCormick Park	824fbd37695be3817f074121bcf8a0f0f0f27c56	46.871088	-114.003686	1745608236	2025-04-25	19:10:36	Fri
McCormick Park	824fbd37695be3817f074121bcf8a0f0f0f27c56	46.871075	-114.003680	1745608430	2025-04-25	19:13:50	Fri
McCormick Park	824fbd37695be3817f074121bcf8a0f0f0f27c56	46.871030	-114.003680	1745608458	2025-04-25	19:14:18	Fri
McCormick Park	824fbd37695be3817f074121bcf8a0f0f0f27c56	46.871030	-114.003610	1745608458	2025-04-25	19:14:18	Fri
McCormick Park	824fbd37695be3817f074121bcf8a0f0f0f27c56	46.871060	-114.003650	1745608782	2025-04-25	19:19:42	Fri
McCormick Park	824fbd37695be3817f074121bcf8a0f0f0f27c56	46.871000	-114.003650	1745610571	2025-04-25	19:49:31	Fri
McCormick Park	824fbd37695be3817f074121bcf8a0f0f0f27c56	46.871078	-114.003603	1745611775	2025-04-25	20:09:35	Fri
McCormick Park	824fbd37695be3817f074121bcf8a0f0f0f27c56	46.871040	-114.003656	1745611840	2025-04-25	20:10:40	Fri
McCormick Park	824fbd37695be3817f074121bcf8a0f0f0f27c56	46.871080	-114.003650	1745608233	2025-04-25	19:10:33	Fri
McCormick Park	824fbd37695be3817f074121bcf8a0f0f0f27c56	46.871080	-114.003690	1745608236	2025-04-25	19:10:36	Fri
McCormick Park	824fbd37695be3817f074121bcf8a0f0f0f27c56	46.871070	-114.003680	1745608430	2025-04-25	19:13:50	Fri
McCormick Park	824fbd37695be3817f074121bcf8a0f0f0f27c56	46.871040	-114.003670	1745608433	2025-04-25	19:13:53	Fri
McCormick Park	824fbd37695be3817f074121bcf8a0f0f0f27c56	46.871030	-114.003630	1745608455	2025-04-25	19:14:15	Fri
McCormick Park	824fbd37695be3817f074121bcf8a0f0f0f27c56	46.871030	-114.003640	1745608783	2025-04-25	19:19:43	Fri
McCormick Park	824fbd37695be3817f074121bcf8a0f0f0f27c56	46.871070	-114.003610	1745611775	2025-04-25	20:09:35	Fri
McCormick Park	5de4baec29d2eeec50e9406e9b7b1088bbbb1541	46.872820	-114.004560	1745608533	2025-04-25	19:15:33	Fri
McCormick Park	5de4baec29d2eeec50e9406e9b7b1088bbbb1541	46.872820	-114.004520	1745608534	2025-04-25	19:15:34	Fri
McCormick Park	ef52730dc4435b5d9059719262e0ab54aa74e610	46.872700	-114.004807	1745550901	2025-04-25	03:15:01	Fri
McCormick Park	ef52730dc4435b5d9059719262e0ab54aa74e610	46.872700	-114.004827	1745550902	2025-04-25	03:15:02	Fri
McCormick Park	ef52730dc4435b5d9059719262e0ab54aa74e610	46.872700	-114.004879	1745550907	2025-04-25	03:15:07	Fri
McCormick Park	ef52730dc4435b5d9059719262e0ab54aa74e610	46.872700	-114.004827	1745550950	2025-04-25	03:15:50	Fri
McCormick Park	ef52730dc4435b5d9059719262e0ab54aa74e610	46.871439	-114.004974	1745550952	2025-04-25	03:15:52	Fri
McCormick Park	ef52730dc4435b5d9059719262e0ab54aa74e610	46.871484	-114.004913	1745550957	2025-04-25	03:15:57	Fri
McCormick Park	ef52730dc4435b5d9059719262e0ab54aa74e610	46.872700	-114.004831	1745550959	2025-04-25	03:15:59	Fri
McCormick Park	ef52730dc4435b5d9059719262e0ab54aa74e610	46.872700	-114.004810	1745550901	2025-04-25	03:15:01	Fri
McCormick Park	ef52730dc4435b5d9059719262e0ab54aa74e610	46.872700	-114.004850	1745550905	2025-04-25	03:15:05	Fri
McCormick Park	ef52730dc4435b5d9059719262e0ab54aa74e610	46.871430	-114.004980	1745550952	2025-04-25	03:15:52	Fri
McCormick Park	ef52730dc4435b5d9059719262e0ab54aa74e610	46.871480	-114.004980	1745550955	2025-04-25	03:15:55	Fri
McCormick Park	ef52730dc4435b5d9059719262e0ab54aa74e610	46.872700	-114.004820	1745550956	2025-04-25	03:15:56	Fri
McCormick Park	9be4e8cd73937e8a4a77f06717811567b4d03344	46.872583	-114.004705	1745595603	2025-04-25	15:40:03	Fri
McCormick Park	9be4e8cd73937e8a4a77f06717811567b4d03344	46.872566	-114.004747	1745595604	2025-04-25	15:40:04	Fri
McCormick Park	9be4e8cd73937e8a4a77f06717811567b4d03344	46.872522	-114.004179	1745596396	2025-04-25	15:53:16	Fri
McCormick Park	9be4e8cd73937e8a4a77f06717811567b4d03344	46.872552	-114.004108	1745596398	2025-04-25	15:53:18	Fri
McCormick Park	b6ee7ae4ac4060d3559c344b508c2fb9b0f43617	46.871207	-114.001730	1745541836	2025-04-25	00:43:56	Fri
McCormick Park	20b26be735c7cb3bd45f3a446a5050aa063547d6	46.872587	-114.004380	1745564794	2025-04-25	07:06:34	Fri
McCormick Park	20b26be735c7cb3bd45f3a446a5050aa063547d6	46.872500	-114.004330	1745564791	2025-04-25	07:06:31	Fri
McCormick Park	6f9a8c000fc4b1839f14bd16ee58d1be045f3d45	46.872400	-114.004380	1745621750	2025-04-25	22:55:50	Fri
McCormick Park	6f9a8c000fc4b1839f14bd16ee58d1be045f3d45	46.872400	-114.004380	1745621754	2025-04-25	22:55:54	Fri
McCormick Park	6f9a8c000fc4b1839f14bd16ee58d1be045f3d45	46.872400	-114.004360	1745621757	2025-04-25	22:55:57	Fri
McCormick Park	6f9a8c000fc4b1839f14bd16ee58d1be045f3d45	46.872420	-114.004380	1745621780	2025-04-25	22:56:20	Fri
McCormick Park	6f9a8c000fc4b1839f14bd16ee58d1be045f3d45	46.872400	-114.004360	1745621780	2025-04-25	22:56:20	Fri
McCormick Park	6f9a8c000fc4b1839f14bd16ee58d1be045f3d45	46.872460	-114.004380	1745621781	2025-04-25	22:56:21	Fri
McCormick Park	6f9a8c000fc4b1839f14bd16ee58d1be045f3d45	46.872400	-114.004330	1745621787	2025-04-25	22:56:27	Fri
McCormick Park	6f9a8c000fc4b1839f14bd16ee58d1be045f3d45	46.872400	-114.004320	1745621787	2025-04-25	22:56:27	Fri
McCormick Park	6f9a8c000fc4b1839f14bd16ee58d1be045f3d45	46.872480	-114.004320	1745621781	2025-04-25	22:56:21	Fri
McCormick Park	53f6b9599b88ad5fc21ace4864ab45437a0a3583	46.872900	-114.005430	1745620154	2025-04-25	22:29:14	Fri
McCormick Park	53f6b9599b88ad5fc21ace4864ab45437a0a3583	46.872900	-114.005430	1745620162	2025-04-25	22:29:22	Fri
McCormick Park	53f6b9599b88ad5fc21ace4864ab45437a0a3583	46.872900	-114.005420	1745620167	2025-04-25	22:29:27	Fri
McCormick Park	53f6b9599b88ad5fc21ace4864ab45437a0a3583	46.872900	-114.005420	1745620168	2025-04-25	22:29:28	Fri
McCormick Park	53f6b9599b88ad5fc21ace4864ab45437a0a3583	46.872940	-114.005410	1745620193	2025-04-25	22:29:53	Fri
McCormick Park	53f6b9599b88ad5fc21ace4864ab45437a0a3583	46.872940	-114.005410	1745620195	2025-04-25	22:29:55	Fri
McCormick Park	53f6b9599b88ad5fc21ace4864ab45437a0a3583	46.872900	-114.005410	1745620200	2025-04-25	22:30:00	Fri
McCormick Park	53f6b9599b88ad5fc21ace4864ab45437a0a3583	46.872900	-114.005440	1745620201	2025-04-25	22:30:01	Fri
McCormick Park	53f6b9599b88ad5fc21ace4864ab45437a0a3583	46.872900	-114.005410	1745620201	2025-04-25	22:30:01	Fri
McCormick Park	a72541f1d149f405f0154861b00ee7180f6c6eda	46.870970	-114.002160	1745589910	2025-04-25	14:05:10	Fri
McCormick Park	a72541f1d149f405f0154861b00ee7180f6c6eda	46.870970	-114.002180	1745590070	2025-04-25	14:07:50	Fri
McCormick Park	a72541f1d149f405f0154861b00ee7180f6c6eda	46.870980	-114.002150	1745590076	2025-04-25	14:07:56	Fri
McCormick Park	3941bca47090a247b0f3bd59646fdb81cbb15d77	46.871660	-114.001660	1745612704	2025-04-25	20:25:04	Fri
McCormick Park	3941bca47090a247b0f3bd59646fdb81cbb15d77	46.871670	-114.001630	1745612709	2025-04-25	20:25:09	Fri
McCormick Park	3941bca47090a247b0f3bd59646fdb81cbb15d77	46.871650	-114.001620	1745612704	2025-04-25	20:25:04	Fri
McCormick Park	822a7f1e880824b986197e190a3898f4e866d4e8	46.871070	-114.003661	1745601568	2025-04-25	17:19:28	Fri
McCormick Park	822a7f1e880824b986197e190a3898f4e866d4e8	46.871086	-114.003656	1745601569	2025-04-25	17:19:29	Fri
McCormick Park	822a7f1e880824b986197e190a3898f4e866d4e8	46.871060	-114.003610	1745601567	2025-04-25	17:19:27	Fri
McCormick Park	822a7f1e880824b986197e190a3898f4e866d4e8	46.871080	-114.003660	1745601569	2025-04-25	17:19:29	Fri
McCormick Park	aa3e5e16bbe9730f08e519b3e12ea08793b28db2	46.873673	-114.003326	1745605221	2025-04-25	18:20:21	Fri
McCormick Park	aa3e5e16bbe9730f08e519b3e12ea08793b28db2	46.873684	-114.003306	1745605224	2025-04-25	18:20:24	Fri
McCormick Park	aa3e5e16bbe9730f08e519b3e12ea08793b28db2	46.873680	-114.003310	1745605224	2025-04-25	18:20:24	Fri
McCormick Park	d166e00becb121de00a6dd2b8d5afb62ba48197e	46.870765	-114.002506	1745540001	2025-04-25	00:13:21	Fri
McCormick Park	d166e00becb121de00a6dd2b8d5afb62ba48197e	46.870753	-114.002521	1745540005	2025-04-25	00:13:25	Fri
McCormick Park	d166e00becb121de00a6dd2b8d5afb62ba48197e	46.870774	-114.002556	1745540007	2025-04-25	00:13:27	Fri
McCormick Park	d166e00becb121de00a6dd2b8d5afb62ba48197e	46.870774	-114.002556	1745540009	2025-04-25	00:13:29	Fri
McCormick Park	d166e00becb121de00a6dd2b8d5afb62ba48197e	46.870780	-114.002570	1745540008	2025-04-25	00:13:28	Fri
McCormick Park	e6b9e55fa4446a9efdf6748b36476de644eb693f	46.870674	-114.002604	1745615661	2025-04-25	21:14:21	Fri
McCormick Park	e6b9e55fa4446a9efdf6748b36476de644eb693f	46.870683	-114.002623	1745615764	2025-04-25	21:16:04	Fri
McCormick Park	e6b9e55fa4446a9efdf6748b36476de644eb693f	46.870620	-114.002690	1745615660	2025-04-25	21:14:20	Fri
McCormick Park	e6b9e55fa4446a9efdf6748b36476de644eb693f	46.870670	-114.002650	1745615668	2025-04-25	21:14:28	Fri
McCormick Park	e6b9e55fa4446a9efdf6748b36476de644eb693f	46.870640	-114.002640	1745615752	2025-04-25	21:15:52	Fri
McCormick Park	e6b9e55fa4446a9efdf6748b36476de644eb693f	46.870670	-114.002660	1745615756	2025-04-25	21:15:56	Fri
McCormick Park	e6b9e55fa4446a9efdf6748b36476de644eb693f	46.870630	-114.002670	1745615765	2025-04-25	21:16:05	Fri
McCormick Park	9f7c0adc5e817b40ad3353c8d8ce5fe894c95aec	46.871500	-114.001925	1745550702	2025-04-25	03:11:42	Fri
McCormick Park	9f7c0adc5e817b40ad3353c8d8ce5fe894c95aec	46.871500	-114.001948	1745550704	2025-04-25	03:11:44	Fri
McCormick Park	9f7c0adc5e817b40ad3353c8d8ce5fe894c95aec	46.871500	-114.001930	1745550702	2025-04-25	03:11:42	Fri
McCormick Park	ee53822d35fb81393833b07043f13b235bbeaefa	46.871033	-114.002075	1745545580	2025-04-25	01:46:20	Fri
McCormick Park	ee53822d35fb81393833b07043f13b235bbeaefa	46.871047	-114.002074	1745545580	2025-04-25	01:46:20	Fri
McCormick Park	8493f23a33fc9f0963385679a2fc1057ecd2afbb	46.873524	-114.003250	1745621118	2025-04-25	22:45:18	Fri
McCormick Park	531dbd66f5492b48b449570bc13b595aa42458e4	46.873035	-114.005652	1745606032	2025-04-25	18:33:52	Fri
McCormick Park	531dbd66f5492b48b449570bc13b595aa42458e4	46.873000	-114.005617	1745606035	2025-04-25	18:33:55	Fri
McCormick Park	531dbd66f5492b48b449570bc13b595aa42458e4	46.873031	-114.005274	1745611470	2025-04-25	20:04:30	Fri
McCormick Park	531dbd66f5492b48b449570bc13b595aa42458e4	46.873059	-114.005257	1745611472	2025-04-25	20:04:32	Fri
McCormick Park	531dbd66f5492b48b449570bc13b595aa42458e4	46.873066	-114.005248	1745611475	2025-04-25	20:04:35	Fri
McCormick Park	531dbd66f5492b48b449570bc13b595aa42458e4	46.873080	-114.005670	1745606031	2025-04-25	18:33:51	Fri
McCormick Park	531dbd66f5492b48b449570bc13b595aa42458e4	46.873050	-114.005640	1745606032	2025-04-25	18:33:52	Fri
McCormick Park	531dbd66f5492b48b449570bc13b595aa42458e4	46.873080	-114.005240	1745611473	2025-04-25	20:04:33	Fri
McCormick Park	531dbd66f5492b48b449570bc13b595aa42458e4	46.873010	-114.005280	1745611475	2025-04-25	20:04:35	Fri
McCormick Park	531dbd66f5492b48b449570bc13b595aa42458e4	46.873070	-114.005240	1745611475	2025-04-25	20:04:35	Fri
McCormick Park	531dbd66f5492b48b449570bc13b595aa42458e4	46.873000	-114.005620	1745606035	2025-04-25	18:33:55	Fri
McCormick Park	531dbd66f5492b48b449570bc13b595aa42458e4	46.873050	-114.005260	1745611472	2025-04-25	20:04:32	Fri
McCormick Park	bc7e7814c91d240006107f686be6e79c755d81ff	46.873000	-114.005210	1745595593	2025-04-25	15:39:53	Fri
McCormick Park	bc7e7814c91d240006107f686be6e79c755d81ff	46.873070	-114.005220	1745595597	2025-04-25	15:39:57	Fri
McCormick Park	10be7a11ec76702211523fae9731659779748ab5	46.872036	-114.005110	1747688341	2025-05-19	20:59:01	Mon
McCormick Park	10be7a11ec76702211523fae9731659779748ab5	46.872084	-114.005180	1747688346	2025-05-19	20:59:06	Mon
McCormick Park	fbb8240b120ea4346853805fd0c1a5422fbf2e91	46.872009	-114.004608	1747648291	2025-05-19	09:51:31	Mon
McCormick Park	21523de6f0f67bb009017f8bec5c268425ea10bc	46.873128	-114.002407	1747678160	2025-05-19	18:09:20	Mon
McCormick Park	21523de6f0f67bb009017f8bec5c268425ea10bc	46.872851	-114.002223	1747678170	2025-05-19	18:09:30	Mon
McCormick Park	21523de6f0f67bb009017f8bec5c268425ea10bc	46.871816	-114.001662	1747678200	2025-05-19	18:10:00	Mon
McCormick Park	21523de6f0f67bb009017f8bec5c268425ea10bc	46.871524	-114.001488	1747678205	2025-05-19	18:10:05	Mon
McCormick Park	46b1059857040711fa31ff3ccc0c421c2abd57cb	46.871990	-114.002000	1743483370	2025-04-01	04:56:10	Tue
McCormick Park	46b1059857040711fa31ff3ccc0c421c2abd57cb	46.871920	-114.002000	1743483373	2025-04-01	04:56:13	Tue
McCormick Park	46b1059857040711fa31ff3ccc0c421c2abd57cb	46.872100	-114.002100	1743483407	2025-04-01	04:56:47	Tue
McCormick Park	46b1059857040711fa31ff3ccc0c421c2abd57cb	46.872120	-114.002100	1743483409	2025-04-01	04:56:49	Tue
McCormick Park	46b1059857040711fa31ff3ccc0c421c2abd57cb	46.872460	-114.003460	1743483633	2025-04-01	05:00:33	Tue
McCormick Park	46b1059857040711fa31ff3ccc0c421c2abd57cb	46.872460	-114.003400	1743483633	2025-04-01	05:00:33	Tue
McCormick Park	46b1059857040711fa31ff3ccc0c421c2abd57cb	46.871980	-114.002000	1743483367	2025-04-01	04:56:07	Tue
McCormick Park	46b1059857040711fa31ff3ccc0c421c2abd57cb	46.872160	-114.002100	1743483404	2025-04-01	04:56:44	Tue
McCormick Park	46b1059857040711fa31ff3ccc0c421c2abd57cb	46.872450	-114.003420	1743483637	2025-04-01	05:00:37	Tue
McCormick Park	a08f4c013cc2b2d3920b2108067a1f9456c3fb35	46.870645	-114.002800	1743525604	2025-04-01	16:40:04	Tue
McCormick Park	a08f4c013cc2b2d3920b2108067a1f9456c3fb35	46.870670	-114.002800	1743534020	2025-04-01	19:00:20	Tue
McCormick Park	a08f4c013cc2b2d3920b2108067a1f9456c3fb35	46.870651	-114.002800	1743542074	2025-04-01	21:14:34	Tue
McCormick Park	85fce4971c16ed671aab9fffdc5909d16b8a7853	46.872484	-114.003733	1743479795	2025-04-01	03:56:35	Tue
McCormick Park	85fce4971c16ed671aab9fffdc5909d16b8a7853	46.872480	-114.003840	1743479801	2025-04-01	03:56:41	Tue
McCormick Park	85fce4971c16ed671aab9fffdc5909d16b8a7853	46.872440	-114.003740	1743479792	2025-04-01	03:56:32	Tue
McCormick Park	85fce4971c16ed671aab9fffdc5909d16b8a7853	46.872400	-114.003800	1743479800	2025-04-01	03:56:40	Tue
McCormick Park	83aff6d0900753402c227cde4bc5eef659998cce	46.872875	-114.005617	1743528286	2025-04-01	17:24:46	Tue
McCormick Park	9b56d47d34176b0aec0913f50d263a032cfb8472	46.872890	-114.005140	1743466053	2025-04-01	00:07:33	Tue
McCormick Park	9b56d47d34176b0aec0913f50d263a032cfb8472	46.872800	-114.005100	1743466054	2025-04-01	00:07:34	Tue
McCormick Park	9b56d47d34176b0aec0913f50d263a032cfb8472	46.872900	-114.005060	1743466055	2025-04-01	00:07:35	Tue
McCormick Park	9b56d47d34176b0aec0913f50d263a032cfb8472	46.872930	-114.005080	1743466059	2025-04-01	00:07:39	Tue
McCormick Park	9b56d47d34176b0aec0913f50d263a032cfb8472	46.872960	-114.005180	1743466101	2025-04-01	00:08:21	Tue
McCormick Park	9b56d47d34176b0aec0913f50d263a032cfb8472	46.872910	-114.005130	1743466102	2025-04-01	00:08:22	Tue
McCormick Park	9b56d47d34176b0aec0913f50d263a032cfb8472	46.872870	-114.005230	1743466147	2025-04-01	00:09:07	Tue
McCormick Park	9b56d47d34176b0aec0913f50d263a032cfb8472	46.872720	-114.004900	1743467104	2025-04-01	00:25:04	Tue
McCormick Park	9b56d47d34176b0aec0913f50d263a032cfb8472	46.872760	-114.004900	1743467104	2025-04-01	00:25:04	Tue
McCormick Park	9b56d47d34176b0aec0913f50d263a032cfb8472	46.872820	-114.005140	1743466058	2025-04-01	00:07:38	Tue
McCormick Park	9b56d47d34176b0aec0913f50d263a032cfb8472	46.872980	-114.005010	1743466061	2025-04-01	00:07:41	Tue
McCormick Park	9b56d47d34176b0aec0913f50d263a032cfb8472	46.872900	-114.005130	1743466104	2025-04-01	00:08:24	Tue
McCormick Park	9b56d47d34176b0aec0913f50d263a032cfb8472	46.872840	-114.005220	1743466147	2025-04-01	00:09:07	Tue
McCormick Park	9b56d47d34176b0aec0913f50d263a032cfb8472	46.872740	-114.004900	1743467103	2025-04-01	00:25:03	Tue
McCormick Park	854908b565f698f0862b82faaa19f6025e1f211b	46.872530	-114.003430	1743521754	2025-04-01	15:35:54	Tue
McCormick Park	3fdab5e78a9a3e9cbb4135a3f83f206ee5c12096	46.873170	-114.004080	1743522554	2025-04-01	15:49:14	Tue
McCormick Park	0ad39374ad4db691611ab67d72b9231ca70d56cc	46.872560	-114.005300	1743469580	2025-04-01	01:06:20	Tue
McCormick Park	0ad39374ad4db691611ab67d72b9231ca70d56cc	46.872550	-114.005300	1743469760	2025-04-01	01:09:20	Tue
McCormick Park	0ad39374ad4db691611ab67d72b9231ca70d56cc	46.872577	-114.005241	1743471254	2025-04-01	01:34:14	Tue
McCormick Park	4447bc1d0fdb993085e9deccf8928cb452982630	46.870863	-114.002377	1743520338	2025-04-01	15:12:18	Tue
McCormick Park	67a59d236731dc389fab89a7cbd3263eaa34e49d	46.871335	-114.003153	1743468357	2025-04-01	00:45:57	Tue
McCormick Park	755060f0e81d8955cc40984a5fdb73af1873df4e	46.871646	-114.004934	1743523688	2025-04-01	16:08:08	Tue
McCormick Park	755060f0e81d8955cc40984a5fdb73af1873df4e	46.872032	-114.005277	1743528732	2025-04-01	17:32:12	Tue
McCormick Park	755060f0e81d8955cc40984a5fdb73af1873df4e	46.872075	-114.005363	1743528740	2025-04-01	17:32:20	Tue
McCormick Park	755060f0e81d8955cc40984a5fdb73af1873df4e	46.872375	-114.005020	1743530497	2025-04-01	18:01:37	Tue
McCormick Park	755060f0e81d8955cc40984a5fdb73af1873df4e	46.872332	-114.004290	1743530600	2025-04-01	18:03:20	Tue
McCormick Park	755060f0e81d8955cc40984a5fdb73af1873df4e	46.872354	-114.004240	1743530606	2025-04-01	18:03:26	Tue
McCormick Park	755060f0e81d8955cc40984a5fdb73af1873df4e	46.872118	-114.005492	1743530606	2025-04-01	18:03:26	Tue
McCormick Park	755060f0e81d8955cc40984a5fdb73af1873df4e	46.871603	-114.003861	1743532795	2025-04-01	18:39:55	Tue
McCormick Park	755060f0e81d8955cc40984a5fdb73af1873df4e	46.872160	-114.005406	1743532799	2025-04-01	18:39:59	Tue
McCormick Park	755060f0e81d8955cc40984a5fdb73af1873df4e	46.872085	-114.005260	1743534138	2025-04-01	19:02:18	Tue
McCormick Park	755060f0e81d8955cc40984a5fdb73af1873df4e	46.872015	-114.005206	1743534150	2025-04-01	19:02:30	Tue
McCormick Park	755060f0e81d8955cc40984a5fdb73af1873df4e	46.872385	-114.005085	1743535908	2025-04-01	19:31:48	Tue
McCormick Park	755060f0e81d8955cc40984a5fdb73af1873df4e	46.872175	-114.005426	1743535994	2025-04-01	19:33:14	Tue
McCormick Park	755060f0e81d8955cc40984a5fdb73af1873df4e	46.872378	-114.004280	1743536023	2025-04-01	19:33:43	Tue
McCormick Park	755060f0e81d8955cc40984a5fdb73af1873df4e	46.871611	-114.003862	1743538195	2025-04-01	20:09:55	Tue
McCormick Park	755060f0e81d8955cc40984a5fdb73af1873df4e	46.872300	-114.004220	1743530595	2025-04-01	18:03:15	Tue
McCormick Park	755060f0e81d8955cc40984a5fdb73af1873df4e	46.872060	-114.005210	1743534146	2025-04-01	19:02:26	Tue
McCormick Park	1d90d197e0feb15668cdb271f8670f0d3b04a8ae	46.872612	-114.004700	1743510975	2025-04-01	12:36:15	Tue
McCormick Park	1d90d197e0feb15668cdb271f8670f0d3b04a8ae	46.872681	-114.004720	1743511737	2025-04-01	12:48:57	Tue
McCormick Park	1d90d197e0feb15668cdb271f8670f0d3b04a8ae	46.872642	-114.004720	1743531108	2025-04-01	18:11:48	Tue
McCormick Park	1d90d197e0feb15668cdb271f8670f0d3b04a8ae	46.872607	-114.004730	1743531930	2025-04-01	18:25:30	Tue
McCormick Park	1d90d197e0feb15668cdb271f8670f0d3b04a8ae	46.872678	-114.004710	1743533278	2025-04-01	18:47:58	Tue
McCormick Park	ab1daf65bda07b96e264a0e489ca83403ace7b5a	46.873170	-114.005330	1743545491	2025-04-01	22:11:31	Tue
McCormick Park	2908596bb493b760d7ffed019d92f24d5a8cdcac	46.870828	-114.003050	1743492791	2025-04-01	07:33:11	Tue
McCormick Park	2908596bb493b760d7ffed019d92f24d5a8cdcac	46.870828	-114.003057	1743493546	2025-04-01	07:45:46	Tue
McCormick Park	2908596bb493b760d7ffed019d92f24d5a8cdcac	46.870840	-114.003015	1743494133	2025-04-01	07:55:33	Tue
McCormick Park	2908596bb493b760d7ffed019d92f24d5a8cdcac	46.870816	-114.003068	1743497002	2025-04-01	08:43:22	Tue
McCormick Park	464f367d73fcb76921228c5d0e619beba8741b18	46.872260	-114.003170	1743468541	2025-04-01	00:49:01	Tue
McCormick Park	464f367d73fcb76921228c5d0e619beba8741b18	46.872290	-114.003140	1743468548	2025-04-01	00:49:08	Tue
McCormick Park	464f367d73fcb76921228c5d0e619beba8741b18	46.872280	-114.003160	1743468547	2025-04-01	00:49:07	Tue
McCormick Park	464f367d73fcb76921228c5d0e619beba8741b18	46.872220	-114.003170	1743468548	2025-04-01	00:49:08	Tue
McCormick Park	17f8e28ba09ee674033482907498626074f578a2	46.872460	-114.003120	1743469136	2025-04-01	00:58:56	Tue
McCormick Park	17f8e28ba09ee674033482907498626074f578a2	46.872410	-114.003120	1743469136	2025-04-01	00:58:56	Tue
McCormick Park	17f8e28ba09ee674033482907498626074f578a2	46.872420	-114.003140	1743469133	2025-04-01	00:58:53	Tue
McCormick Park	1ff77d2e8d4d74500f36e97d46b98c2e141ae727	46.871370	-114.003110	1743470911	2025-04-01	01:28:31	Tue
McCormick Park	1ff77d2e8d4d74500f36e97d46b98c2e141ae727	46.871350	-114.003110	1743470910	2025-04-01	01:28:30	Tue
McCormick Park	1ff77d2e8d4d74500f36e97d46b98c2e141ae727	46.871370	-114.003120	1743472302	2025-04-01	01:51:42	Tue
McCormick Park	1ff77d2e8d4d74500f36e97d46b98c2e141ae727	46.871350	-114.003150	1743474751	2025-04-01	02:32:31	Tue
McCormick Park	1ff77d2e8d4d74500f36e97d46b98c2e141ae727	46.871340	-114.003180	1743476774	2025-04-01	03:06:14	Tue
McCormick Park	1ff77d2e8d4d74500f36e97d46b98c2e141ae727	46.871320	-114.003190	1743476950	2025-04-01	03:09:10	Tue
McCormick Park	ab5de8a7ba63c6a076d3d6d45b97c5e834f86f98	46.871060	-114.002000	1743523668	2025-04-01	16:07:48	Tue
McCormick Park	b3f368a2475bb798938e432bb682935c90507572	46.872710	-114.004930	1743516724	2025-04-01	14:12:04	Tue
McCormick Park	b3f368a2475bb798938e432bb682935c90507572	46.872750	-114.004960	1743516726	2025-04-01	14:12:06	Tue
McCormick Park	d7c46e8a4263bff409133d2aaa2449a0447539a4	46.872370	-114.003310	1743470865	2025-04-01	01:27:45	Tue
McCormick Park	531dbd66f5492b48b449570bc13b595aa42458e4	46.872912	-114.005583	1743479976	2025-04-01	03:59:36	Tue
McCormick Park	531dbd66f5492b48b449570bc13b595aa42458e4	46.872953	-114.005474	1743480318	2025-04-01	04:05:18	Tue
McCormick Park	531dbd66f5492b48b449570bc13b595aa42458e4	46.872942	-114.005481	1743482400	2025-04-01	04:40:00	Tue
McCormick Park	531dbd66f5492b48b449570bc13b595aa42458e4	46.872900	-114.005530	1743479973	2025-04-01	03:59:33	Tue
McCormick Park	531dbd66f5492b48b449570bc13b595aa42458e4	46.872920	-114.005430	1743480310	2025-04-01	04:05:10	Tue
McCormick Park	531dbd66f5492b48b449570bc13b595aa42458e4	46.872910	-114.005450	1743482408	2025-04-01	04:40:08	Tue
McCormick Park	170c74eb5bae75ced462b06bdc1b397ebe749d61	46.871360	-114.001570	1746586180	2025-05-07	02:49:40	Wed
McCormick Park	170c74eb5bae75ced462b06bdc1b397ebe749d61	46.871380	-114.001550	1746586183	2025-05-07	02:49:43	Wed
McCormick Park	170c74eb5bae75ced462b06bdc1b397ebe749d61	46.871340	-114.001550	1746586186	2025-05-07	02:49:46	Wed
McCormick Park	35ea758f302c6e15c2f2bb2c1294cbe7132ec242	46.872800	-114.005880	1746659766	2025-05-07	23:16:06	Wed
McCormick Park	35ea758f302c6e15c2f2bb2c1294cbe7132ec242	46.872880	-114.005880	1746659764	2025-05-07	23:16:04	Wed
McCormick Park	35ea758f302c6e15c2f2bb2c1294cbe7132ec242	46.872880	-114.005800	1746659765	2025-05-07	23:16:05	Wed
McCormick Park	a70376047a6685c330de9bcd49eae17dc2e30220	46.872180	-114.005740	1746649690	2025-05-07	20:28:10	Wed
McCormick Park	a70376047a6685c330de9bcd49eae17dc2e30220	46.872110	-114.005720	1746649682	2025-05-07	20:28:02	Wed
McCormick Park	1fb913e61998cd2a02033f922ceaec34ae7a3373	46.871420	-114.005110	1746584406	2025-05-07	02:20:06	Wed
McCormick Park	1fb913e61998cd2a02033f922ceaec34ae7a3373	46.871480	-114.005180	1746584424	2025-05-07	02:20:24	Wed
McCormick Park	1fb913e61998cd2a02033f922ceaec34ae7a3373	46.871410	-114.005150	1746584428	2025-05-07	02:20:28	Wed
McCormick Park	1fb913e61998cd2a02033f922ceaec34ae7a3373	46.871480	-114.005180	1746584423	2025-05-07	02:20:23	Wed
McCormick Park	69d80dde527ae91db055b393b50da5e0145f37d9	46.871680	-114.003480	1746577062	2025-05-07	00:17:42	Wed
McCormick Park	69d80dde527ae91db055b393b50da5e0145f37d9	46.871680	-114.003130	1746577079	2025-05-07	00:17:59	Wed
McCormick Park	69d80dde527ae91db055b393b50da5e0145f37d9	46.871630	-114.003470	1746577064	2025-05-07	00:17:44	Wed
McCormick Park	a780c659bf7f138f5f5669b8b4894c327dbcc239	46.871300	-114.003180	1746589310	2025-05-07	03:41:50	Wed
McCormick Park	a780c659bf7f138f5f5669b8b4894c327dbcc239	46.871660	-114.003110	1746589325	2025-05-07	03:42:05	Wed
McCormick Park	a780c659bf7f138f5f5669b8b4894c327dbcc239	46.871330	-114.003440	1746589439	2025-05-07	03:43:59	Wed
McCormick Park	a780c659bf7f138f5f5669b8b4894c327dbcc239	46.871300	-114.003160	1746589301	2025-05-07	03:41:41	Wed
McCormick Park	b3288a2999381a6d54f39a6112e187f65c47e6c8	46.873130	-114.005360	1746631271	2025-05-07	15:21:11	Wed
McCormick Park	b3288a2999381a6d54f39a6112e187f65c47e6c8	46.873150	-114.005580	1746632588	2025-05-07	15:43:08	Wed
McCormick Park	b3288a2999381a6d54f39a6112e187f65c47e6c8	46.873170	-114.005330	1746631270	2025-05-07	15:21:10	Wed
McCormick Park	b3288a2999381a6d54f39a6112e187f65c47e6c8	46.873180	-114.005370	1746631277	2025-05-07	15:21:17	Wed
McCormick Park	b3288a2999381a6d54f39a6112e187f65c47e6c8	46.873130	-114.005560	1746632584	2025-05-07	15:43:04	Wed
McCormick Park	b3288a2999381a6d54f39a6112e187f65c47e6c8	46.873150	-114.005580	1746632587	2025-05-07	15:43:07	Wed
McCormick Park	a24734f8734198b4c82756b7eaa77a0f454232e5	46.870910	-114.002260	1746640296	2025-05-07	17:51:36	Wed
McCormick Park	63d0ddff64e8d67f367fac215bd9b0ed5fb61162	46.871980	-114.006420	1746635081	2025-05-07	16:24:41	Wed
McCormick Park	63d0ddff64e8d67f367fac215bd9b0ed5fb61162	46.872270	-114.006460	1746635087	2025-05-07	16:24:47	Wed
McCormick Park	63d0ddff64e8d67f367fac215bd9b0ed5fb61162	46.871980	-114.006420	1746635098	2025-05-07	16:24:58	Wed
McCormick Park	b3bb379e709176ff61a8916af1be4cd0a3cb0f5e	46.873110	-114.005320	1746587203	2025-05-07	03:06:43	Wed
McCormick Park	b3bb379e709176ff61a8916af1be4cd0a3cb0f5e	46.873150	-114.005620	1746591677	2025-05-07	04:21:17	Wed
McCormick Park	b3bb379e709176ff61a8916af1be4cd0a3cb0f5e	46.873120	-114.005620	1746591677	2025-05-07	04:21:17	Wed
McCormick Park	b3bb379e709176ff61a8916af1be4cd0a3cb0f5e	46.873170	-114.005640	1746591678	2025-05-07	04:21:18	Wed
McCormick Park	a24591a479462868f10388e4c631d7d672958818	46.870663	-114.002640	1746620808	2025-05-07	12:26:48	Wed
McCormick Park	2e9767117529e193073a77baf143c09bdf699cd7	46.871840	-114.002815	1746606181	2025-05-07	08:23:01	Wed
McCormick Park	9ef87d3a0e0e8fa1b13c3f184e3898a2f208688a	46.870880	-114.003010	1746630039	2025-05-07	15:00:39	Wed
McCormick Park	96e86726f14c72bd7e64bfb600ad6d7f17b64fd7	46.871650	-114.002130	1746576846	2025-05-07	00:14:06	Wed
McCormick Park	437be147ca17bf891e89266aa2280d9e0596754e	46.873800	-114.005250	1746648160	2025-05-07	20:02:40	Wed
McCormick Park	437be147ca17bf891e89266aa2280d9e0596754e	46.873880	-114.005210	1746648164	2025-05-07	20:02:44	Wed
McCormick Park	437be147ca17bf891e89266aa2280d9e0596754e	46.873640	-114.004610	1746648840	2025-05-07	20:14:00	Wed
McCormick Park	437be147ca17bf891e89266aa2280d9e0596754e	46.873880	-114.005240	1746648161	2025-05-07	20:02:41	Wed
McCormick Park	437be147ca17bf891e89266aa2280d9e0596754e	46.873840	-114.005230	1746648166	2025-05-07	20:02:46	Wed
McCormick Park	437be147ca17bf891e89266aa2280d9e0596754e	46.873630	-114.004630	1746648844	2025-05-07	20:14:04	Wed
McCormick Park	530bf4eb7ef9d34e102d9ca64122ce1922d00051	46.871080	-114.002100	1746627163	2025-05-07	14:12:43	Wed
McCormick Park	366ec62522ffcd3cc295b39ac88e9491c1b633cc	46.872800	-114.004610	1746659765	2025-05-07	23:16:05	Wed
McCormick Park	366ec62522ffcd3cc295b39ac88e9491c1b633cc	46.872800	-114.004610	1746659779	2025-05-07	23:16:19	Wed
McCormick Park	5451f665f271493bac79ef89ffd628f41d893cbd	46.870770	-114.002710	1746581460	2025-05-07	01:31:00	Wed
McCormick Park	5451f665f271493bac79ef89ffd628f41d893cbd	46.871970	-114.004610	1746581553	2025-05-07	01:32:33	Wed
McCormick Park	5451f665f271493bac79ef89ffd628f41d893cbd	46.872190	-114.004610	1746581567	2025-05-07	01:32:47	Wed
McCormick Park	e46227a67defe16e8b94606ebf7d9685225e168f	46.873140	-114.005840	1746590492	2025-05-07	04:01:32	Wed
McCormick Park	e46227a67defe16e8b94606ebf7d9685225e168f	46.872960	-114.005720	1746590493	2025-05-07	04:01:33	Wed
McCormick Park	c7fdacfa236767761c719e101281196c345e6cd5	46.870700	-114.002760	1746610430	2025-05-07	09:33:50	Wed
McCormick Park	c7fdacfa236767761c719e101281196c345e6cd5	46.871010	-114.003140	1746610437	2025-05-07	09:33:57	Wed
McCormick Park	c7fdacfa236767761c719e101281196c345e6cd5	46.870690	-114.002760	1746610519	2025-05-07	09:35:19	Wed
McCormick Park	c7fdacfa236767761c719e101281196c345e6cd5	46.871050	-114.003170	1746610551	2025-05-07	09:35:51	Wed
McCormick Park	c7fdacfa236767761c719e101281196c345e6cd5	46.871070	-114.003150	1746610667	2025-05-07	09:37:47	Wed
McCormick Park	c7fdacfa236767761c719e101281196c345e6cd5	46.870700	-114.002730	1746611033	2025-05-07	09:43:53	Wed
McCormick Park	c7fdacfa236767761c719e101281196c345e6cd5	46.871050	-114.002770	1746611039	2025-05-07	09:43:59	Wed
McCormick Park	c7fdacfa236767761c719e101281196c345e6cd5	46.871010	-114.002730	1746611043	2025-05-07	09:44:03	Wed
McCormick Park	c7fdacfa236767761c719e101281196c345e6cd5	46.871050	-114.002770	1746611046	2025-05-07	09:44:06	Wed
McCormick Park	c7fdacfa236767761c719e101281196c345e6cd5	46.871040	-114.002800	1746611361	2025-05-07	09:49:21	Wed
McCormick Park	c7fdacfa236767761c719e101281196c345e6cd5	46.871040	-114.003180	1746611364	2025-05-07	09:49:24	Wed
McCormick Park	c7fdacfa236767761c719e101281196c345e6cd5	46.871090	-114.003460	1746611400	2025-05-07	09:50:00	Wed
McCormick Park	c7fdacfa236767761c719e101281196c345e6cd5	46.871020	-114.003470	1746611432	2025-05-07	09:50:32	Wed
McCormick Park	c7fdacfa236767761c719e101281196c345e6cd5	46.871020	-114.003420	1746611440	2025-05-07	09:50:40	Wed
McCormick Park	c7fdacfa236767761c719e101281196c345e6cd5	46.871020	-114.003160	1746611443	2025-05-07	09:50:43	Wed
McCormick Park	c7fdacfa236767761c719e101281196c345e6cd5	46.871080	-114.003150	1746611500	2025-05-07	09:51:40	Wed
McCormick Park	c7fdacfa236767761c719e101281196c345e6cd5	46.871080	-114.003150	1746611504	2025-05-07	09:51:44	Wed
McCormick Park	c7fdacfa236767761c719e101281196c345e6cd5	46.871070	-114.003090	1746611528	2025-05-07	09:52:08	Wed
McCormick Park	c7fdacfa236767761c719e101281196c345e6cd5	46.871070	-114.002740	1746611545	2025-05-07	09:52:25	Wed
McCormick Park	c7fdacfa236767761c719e101281196c345e6cd5	46.870790	-114.003140	1746611583	2025-05-07	09:53:03	Wed
McCormick Park	c7fdacfa236767761c719e101281196c345e6cd5	46.872100	-114.002750	1746646306	2025-05-07	19:31:46	Wed
McCormick Park	c7fdacfa236767761c719e101281196c345e6cd5	46.871720	-114.003050	1746646452	2025-05-07	19:34:12	Wed
McCormick Park	c7fdacfa236767761c719e101281196c345e6cd5	46.871720	-114.002700	1746646469	2025-05-07	19:34:29	Wed
McCormick Park	c7fdacfa236767761c719e101281196c345e6cd5	46.871850	-114.002860	1746647087	2025-05-07	19:44:47	Wed
McCormick Park	c7fdacfa236767761c719e101281196c345e6cd5	46.872070	-114.002600	1746647091	2025-05-07	19:44:51	Wed
McCormick Park	c7fdacfa236767761c719e101281196c345e6cd5	46.872380	-114.002610	1746648632	2025-05-07	20:10:32	Wed
McCormick Park	c7fdacfa236767761c719e101281196c345e6cd5	46.872060	-114.002990	1746648643	2025-05-07	20:10:43	Wed
McCormick Park	c7fdacfa236767761c719e101281196c345e6cd5	46.872080	-114.002880	1746658980	2025-05-07	23:03:00	Wed
McCormick Park	c7fdacfa236767761c719e101281196c345e6cd5	46.870700	-114.002700	1746610420	2025-05-07	09:33:40	Wed
McCormick Park	c7fdacfa236767761c719e101281196c345e6cd5	46.870620	-114.002780	1746610518	2025-05-07	09:35:18	Wed
McCormick Park	c7fdacfa236767761c719e101281196c345e6cd5	46.870700	-114.002710	1746611030	2025-05-07	09:43:50	Wed
McCormick Park	c7fdacfa236767761c719e101281196c345e6cd5	46.871010	-114.002710	1746611032	2025-05-07	09:43:52	Wed
McCormick Park	c7fdacfa236767761c719e101281196c345e6cd5	46.871020	-114.002710	1746611044	2025-05-07	09:44:04	Wed
McCormick Park	c7fdacfa236767761c719e101281196c345e6cd5	46.871030	-114.002800	1746611358	2025-05-07	09:49:18	Wed
McCormick Park	c7fdacfa236767761c719e101281196c345e6cd5	46.871040	-114.003180	1746611367	2025-05-07	09:49:27	Wed
McCormick Park	c7fdacfa236767761c719e101281196c345e6cd5	46.871060	-114.003470	1746611437	2025-05-07	09:50:37	Wed
McCormick Park	c7fdacfa236767761c719e101281196c345e6cd5	46.871050	-114.003160	1746611502	2025-05-07	09:51:42	Wed
McCormick Park	c7fdacfa236767761c719e101281196c345e6cd5	46.871050	-114.003000	1746611522	2025-05-07	09:52:02	Wed
McCormick Park	c7fdacfa236767761c719e101281196c345e6cd5	46.871760	-114.003020	1746646451	2025-05-07	19:34:11	Wed
McCormick Park	c7fdacfa236767761c719e101281196c345e6cd5	46.871830	-114.002850	1746647086	2025-05-07	19:44:46	Wed
McCormick Park	c7fdacfa236767761c719e101281196c345e6cd5	46.872380	-114.002610	1746648636	2025-05-07	20:10:36	Wed
McCormick Park	c7fdacfa236767761c719e101281196c345e6cd5	46.872040	-114.002810	1746658974	2025-05-07	23:02:54	Wed
McCormick Park	05279c4c18fa23e07894d3efadf3657b053f65b3	46.872150	-114.003730	1746643634	2025-05-07	18:47:14	Wed
McCormick Park	05279c4c18fa23e07894d3efadf3657b053f65b3	46.872400	-114.003360	1746643636	2025-05-07	18:47:16	Wed
McCormick Park	05279c4c18fa23e07894d3efadf3657b053f65b3	46.872480	-114.003320	1746643640	2025-05-07	18:47:20	Wed
McCormick Park	05279c4c18fa23e07894d3efadf3657b053f65b3	46.872460	-114.003380	1746643645	2025-05-07	18:47:25	Wed
McCormick Park	05279c4c18fa23e07894d3efadf3657b053f65b3	46.872030	-114.005580	1746644865	2025-05-07	19:07:45	Wed
McCormick Park	05279c4c18fa23e07894d3efadf3657b053f65b3	46.872040	-114.005530	1746644872	2025-05-07	19:07:52	Wed
McCormick Park	05279c4c18fa23e07894d3efadf3657b053f65b3	46.872040	-114.005530	1746644876	2025-05-07	19:07:56	Wed
McCormick Park	82663017bed9a48bc6079599699bfe67bd1cd70f	46.870910	-114.002290	1746657889	2025-05-07	22:44:49	Wed
McCormick Park	adc8cf6ebca0b5475990c1b51702315c4d9281ad	46.870970	-114.003530	1746584151	2025-05-07	02:15:51	Wed
McCormick Park	adc8cf6ebca0b5475990c1b51702315c4d9281ad	46.871230	-114.004240	1746584754	2025-05-07	02:25:54	Wed
McCormick Park	c2199eccb59f3ae1daaea38664e0cb3a63fcb91f	46.871430	-114.003000	1746588158	2025-05-07	03:22:38	Wed
McCormick Park	c2199eccb59f3ae1daaea38664e0cb3a63fcb91f	46.871430	-114.003000	1746588165	2025-05-07	03:22:45	Wed
McCormick Park	c2199eccb59f3ae1daaea38664e0cb3a63fcb91f	46.871150	-114.002770	1746589643	2025-05-07	03:47:23	Wed
McCormick Park	c2199eccb59f3ae1daaea38664e0cb3a63fcb91f	46.871460	-114.002770	1746589657	2025-05-07	03:47:37	Wed
McCormick Park	e9cfdb05e3666dc8727adaa5213406c7dc5c4843	46.872930	-114.005600	1746647357	2025-05-07	19:49:17	Wed
McCormick Park	e9cfdb05e3666dc8727adaa5213406c7dc5c4843	46.872940	-114.005660	1746647368	2025-05-07	19:49:28	Wed
McCormick Park	e9cfdb05e3666dc8727adaa5213406c7dc5c4843	46.872550	-114.006100	1746647372	2025-05-07	19:49:32	Wed
McCormick Park	e9cfdb05e3666dc8727adaa5213406c7dc5c4843	46.872290	-114.006070	1746647378	2025-05-07	19:49:38	Wed
McCormick Park	e9cfdb05e3666dc8727adaa5213406c7dc5c4843	46.872550	-114.005750	1746647383	2025-05-07	19:49:43	Wed
McCormick Park	e9cfdb05e3666dc8727adaa5213406c7dc5c4843	46.872950	-114.005400	1746647388	2025-05-07	19:49:48	Wed
McCormick Park	e9cfdb05e3666dc8727adaa5213406c7dc5c4843	46.872910	-114.005750	1746647403	2025-05-07	19:50:03	Wed
McCormick Park	e9cfdb05e3666dc8727adaa5213406c7dc5c4843	46.872930	-114.005750	1746647410	2025-05-07	19:50:10	Wed
McCormick Park	e9cfdb05e3666dc8727adaa5213406c7dc5c4843	46.872930	-114.005400	1746647413	2025-05-07	19:50:13	Wed
McCormick Park	e9cfdb05e3666dc8727adaa5213406c7dc5c4843	46.872900	-114.005400	1746650874	2025-05-07	20:47:54	Wed
McCormick Park	e9cfdb05e3666dc8727adaa5213406c7dc5c4843	46.872940	-114.005650	1746647368	2025-05-07	19:49:28	Wed
McCormick Park	e9cfdb05e3666dc8727adaa5213406c7dc5c4843	46.872530	-114.005770	1746647387	2025-05-07	19:49:47	Wed
McCormick Park	e9cfdb05e3666dc8727adaa5213406c7dc5c4843	46.872950	-114.005400	1746647416	2025-05-07	19:50:16	Wed
McCormick Park	b4bcb8357ef078331d857c41835b685086579c5d	46.871870	-114.002190	1748723430	2025-05-31	20:30:30	Sat
McCormick Park	733f97933fb49134c237f81d1903de9d9d00e43a	46.870990	-114.002210	1748675597	2025-05-31	07:13:17	Sat
McCormick Park	35ea758f302c6e15c2f2bb2c1294cbe7132ec242	46.871450	-114.001510	1748716386	2025-05-31	18:33:06	Sat
McCormick Park	35ea758f302c6e15c2f2bb2c1294cbe7132ec242	46.871420	-114.001580	1748716436	2025-05-31	18:33:56	Sat
McCormick Park	35ea758f302c6e15c2f2bb2c1294cbe7132ec242	46.871480	-114.001580	1748716385	2025-05-31	18:33:05	Sat
McCormick Park	a41a1d7efac04b2af46a4da45e400aa7387042da	46.871870	-114.002770	1748699180	2025-05-31	13:46:20	Sat
McCormick Park	a41a1d7efac04b2af46a4da45e400aa7387042da	46.871880	-114.002730	1748699182	2025-05-31	13:46:22	Sat
McCormick Park	ca4ec5e781cdb9b6c6cfc497423be069a659a6e0	46.872190	-114.002860	1748729294	2025-05-31	22:08:14	Sat
McCormick Park	e5e1588ce77e3cad64df1780098df680fe4b4a7e	46.871700	-114.005010	1748731106	2025-05-31	22:38:26	Sat
McCormick Park	80ec991e129fd9a206c7b34d1949474145ec4bdd	46.871000	-114.002200	1748728393	2025-05-31	21:53:13	Sat
McCormick Park	80ec991e129fd9a206c7b34d1949474145ec4bdd	46.871000	-114.002200	1748728403	2025-05-31	21:53:23	Sat
McCormick Park	80ec991e129fd9a206c7b34d1949474145ec4bdd	46.871000	-114.002200	1748728396	2025-05-31	21:53:16	Sat
McCormick Park	f81285e466b36e444c6535868363472d264e3d2a	46.872960	-114.005310	1748732258	2025-05-31	22:57:38	Sat
McCormick Park	f81285e466b36e444c6535868363472d264e3d2a	46.873160	-114.005610	1748732835	2025-05-31	23:07:15	Sat
McCormick Park	f81285e466b36e444c6535868363472d264e3d2a	46.872510	-114.005370	1748733302	2025-05-31	23:15:02	Sat
McCormick Park	f81285e466b36e444c6535868363472d264e3d2a	46.872600	-114.005250	1748733374	2025-05-31	23:16:14	Sat
McCormick Park	f81285e466b36e444c6535868363472d264e3d2a	46.872860	-114.005380	1748734203	2025-05-31	23:30:03	Sat
McCormick Park	f81285e466b36e444c6535868363472d264e3d2a	46.872510	-114.005380	1748734277	2025-05-31	23:31:17	Sat
McCormick Park	f81285e466b36e444c6535868363472d264e3d2a	46.872620	-114.005490	1748735293	2025-05-31	23:48:13	Sat
McCormick Park	f81285e466b36e444c6535868363472d264e3d2a	46.873130	-114.004940	1748735809	2025-05-31	23:56:49	Sat
McCormick Park	f81285e466b36e444c6535868363472d264e3d2a	46.872970	-114.005430	1748735857	2025-05-31	23:57:37	Sat
McCormick Park	f81285e466b36e444c6535868363472d264e3d2a	46.873200	-114.005470	1748735869	2025-05-31	23:57:49	Sat
McCormick Park	3dd9f649906c4b830e65e09a8a42b538195d46cc	46.872793	-114.004846	1748661110	2025-05-31	03:11:50	Sat
McCormick Park	3dd9f649906c4b830e65e09a8a42b538195d46cc	46.872793	-114.004846	1748661312	2025-05-31	03:15:12	Sat
McCormick Park	3dd9f649906c4b830e65e09a8a42b538195d46cc	46.872774	-114.004858	1748661375	2025-05-31	03:16:15	Sat
McCormick Park	3dd9f649906c4b830e65e09a8a42b538195d46cc	46.872774	-114.004858	1748661376	2025-05-31	03:16:16	Sat
McCormick Park	63ba2d11af48ac9103a25b00938fa040ef575f18	46.872240	-114.004920	1748730128	2025-05-31	22:22:08	Sat
McCormick Park	b3288a2999381a6d54f39a6112e187f65c47e6c8	46.873340	-114.005280	1748702494	2025-05-31	14:41:34	Sat
McCormick Park	b3288a2999381a6d54f39a6112e187f65c47e6c8	46.873360	-114.005240	1748703245	2025-05-31	14:54:05	Sat
McCormick Park	03226f7fd860eb9e4d3b09d92c2fcd1c204551a7	46.872600	-114.003900	1748729015	2025-05-31	22:03:35	Sat
McCormick Park	bc52cda9f9694504eeea80df914b969502593c1e	46.872140	-114.002870	1748726914	2025-05-31	21:28:34	Sat
McCormick Park	698ca67b61028fe8928582b731f7e1a3a1ae8ff9	46.872530	-114.004560	1748652519	2025-05-31	00:48:39	Sat
McCormick Park	698ca67b61028fe8928582b731f7e1a3a1ae8ff9	46.872900	-114.005280	1748652801	2025-05-31	00:53:21	Sat
McCormick Park	5dcee517d454f3d5b8379acaae7c0ab494200ca9	46.871160	-114.002690	1748651657	2025-05-31	00:34:17	Sat
McCormick Park	74b04bcd5fcb2a4e3652f70f9772b81d4b400bbb	46.873710	-114.003600	1748735693	2025-05-31	23:54:53	Sat
McCormick Park	74b04bcd5fcb2a4e3652f70f9772b81d4b400bbb	46.873720	-114.003600	1748735698	2025-05-31	23:54:58	Sat
McCormick Park	c865348329c07633103448caebed09a6221b8424	46.872920	-114.004200	1748732131	2025-05-31	22:55:31	Sat
McCormick Park	5a0626ecbfc10ba0baa1fe8e66bfb56f6de213a8	46.870950	-114.002420	1748664887	2025-05-31	04:14:47	Sat
McCormick Park	10be7a11ec76702211523fae9731659779748ab5	46.872300	-114.005190	1748656554	2025-05-31	01:55:54	Sat
McCormick Park	7a0b846ece0546d32a0aa961b5be55235fb518c5	46.870836	-114.002378	1748714289	2025-05-31	17:58:09	Sat
McCormick Park	5e0138d7895823f67cbff698a2450e2ce1f07da0	46.871620	-114.005290	1748665108	2025-05-31	04:18:28	Sat
McCormick Park	fecbf0d001be7cfb6ea03b0c6983e5b8776369b5	46.871530	-114.002700	1748699227	2025-05-31	13:47:07	Sat
McCormick Park	7e0a9f076a9e4c8e95fb9d35f87af67131ee79dc	46.871588	-114.002221	1748664542	2025-05-31	04:09:02	Sat
McCormick Park	7e0a9f076a9e4c8e95fb9d35f87af67131ee79dc	46.871594	-114.002235	1748664549	2025-05-31	04:09:09	Sat
McCormick Park	7e0a9f076a9e4c8e95fb9d35f87af67131ee79dc	46.871520	-114.002240	1748664556	2025-05-31	04:09:16	Sat
McCormick Park	7e0a9f076a9e4c8e95fb9d35f87af67131ee79dc	46.871515	-114.002201	1748664598	2025-05-31	04:09:58	Sat
McCormick Park	7e0a9f076a9e4c8e95fb9d35f87af67131ee79dc	46.871513	-114.002197	1748664598	2025-05-31	04:09:58	Sat
McCormick Park	7e0a9f076a9e4c8e95fb9d35f87af67131ee79dc	46.871590	-114.002220	1748664525	2025-05-31	04:08:45	Sat
McCormick Park	7e0a9f076a9e4c8e95fb9d35f87af67131ee79dc	46.871593	-114.002235	1748664549	2025-05-31	04:09:09	Sat
McCormick Park	7e0a9f076a9e4c8e95fb9d35f87af67131ee79dc	46.871540	-114.002260	1748664558	2025-05-31	04:09:18	Sat
McCormick Park	7e0a9f076a9e4c8e95fb9d35f87af67131ee79dc	46.871510	-114.002200	1748664598	2025-05-31	04:09:58	Sat
McCormick Park	616c6d7e7351ac219576808ba62073fb9816330e	46.871370	-114.004910	1748655243	2025-05-31	01:34:03	Sat
McCormick Park	616c6d7e7351ac219576808ba62073fb9816330e	46.871410	-114.001730	1748655317	2025-05-31	01:35:17	Sat
McCormick Park	f59a72e988ce77ccdb725ae36b0bb9e2b7d6fa60	46.871350	-114.003640	1748650185	2025-05-31	00:09:45	Sat
McCormick Park	f59a72e988ce77ccdb725ae36b0bb9e2b7d6fa60	46.871920	-114.002940	1748650266	2025-05-31	00:11:06	Sat
McCormick Park	23ba357a6b113b771fa8e1ad7210826a7624d830	46.871650	-114.005960	1748730667	2025-05-31	22:31:07	Sat
McCormick Park	23ba357a6b113b771fa8e1ad7210826a7624d830	46.871620	-114.005950	1748730667	2025-05-31	22:31:07	Sat
McCormick Park	23ba357a6b113b771fa8e1ad7210826a7624d830	46.871600	-114.005940	1748730701	2025-05-31	22:31:41	Sat
McCormick Park	f095cd4804c6c02d532172b7136f0357a315c458	46.871220	-114.003850	1748702104	2025-05-31	14:35:04	Sat
McCormick Park	aa3e5e16bbe9730f08e519b3e12ea08793b28db2	46.873610	-114.003340	1748712917	2025-05-31	17:35:17	Sat
McCormick Park	aa3e5e16bbe9730f08e519b3e12ea08793b28db2	46.872310	-114.002100	1748719956	2025-05-31	19:32:36	Sat
McCormick Park	189a099121c15600c00fa93eb20caa7fe9b3a5f5	46.871400	-114.005010	1748714132	2025-05-31	17:55:32	Sat
McCormick Park	8da92c41f9bc09d9ad0ec76773a3b748dd999773	46.871100	-114.002260	1748722507	2025-05-31	20:15:07	Sat
McCormick Park	c99753497a945635c663747615f34928e1a53bb3	46.870710	-114.002620	1748659736	2025-05-31	02:48:56	Sat
McCormick Park	c99753497a945635c663747615f34928e1a53bb3	46.870700	-114.002620	1748659733	2025-05-31	02:48:53	Sat
McCormick Park	4e6a84d406490a79d6bec28be7b97dc85f198cd8	46.871560	-114.005650	1748698671	2025-05-31	13:37:51	Sat
McCormick Park	a511186d31b6c2b8d244d0ea955e505e7dfabe74	46.871250	-114.001750	1748653235	2025-05-31	01:00:35	Sat
McCormick Park	a511186d31b6c2b8d244d0ea955e505e7dfabe74	46.871280	-114.001790	1748653239	2025-05-31	01:00:39	Sat
McCormick Park	7f65b2b69bdf7297a62187dfba792fc2ea6fdff7	46.872890	-114.003380	1749688943	2025-06-12	00:42:23	Thu
McCormick Park	7f65b2b69bdf7297a62187dfba792fc2ea6fdff7	46.872440	-114.003950	1749688960	2025-06-12	00:42:40	Thu
McCormick Park	488b9d54f65679a1aa0a6ca29b402f3c4cd9e3e7	46.872210	-114.002600	1749735982	2025-06-12	13:46:22	Thu
McCormick Park	d6d65e3c536ddb57e5a79573bbb124c222a98d20	46.871550	-114.004500	1749690543	2025-06-12	01:09:03	Thu
McCormick Park	d6d65e3c536ddb57e5a79573bbb124c222a98d20	46.871280	-114.004130	1749693526	2025-06-12	01:58:46	Thu
McCormick Park	6d7e27af68eaf45c8661d716de729e58e4d9ba35	46.870960	-114.002960	1749756670	2025-06-12	19:31:10	Thu
McCormick Park	387518d01993b60ab76a2d6b05114ed80c315cbd	46.872620	-114.004120	1749761313	2025-06-12	20:48:33	Thu
McCormick Park	387518d01993b60ab76a2d6b05114ed80c315cbd	46.872200	-114.004090	1749762865	2025-06-12	21:14:25	Thu
McCormick Park	ce288457d43ca0b39febc39ecd5ec7483ec9473e	46.873820	-114.003540	1749687567	2025-06-12	00:19:27	Thu
McCormick Park	a41a1d7efac04b2af46a4da45e400aa7387042da	46.871380	-114.002940	1749736014	2025-06-12	13:46:54	Thu
McCormick Park	a41a1d7efac04b2af46a4da45e400aa7387042da	46.871600	-114.002980	1749736018	2025-06-12	13:46:58	Thu
McCormick Park	0ebbb3e662b30d6518a790d45106c7a24b681463	46.872900	-114.003350	1749705329	2025-06-12	05:15:29	Thu
McCormick Park	b943357cd4d9699de0531440ad32dd43759d273a	46.872570	-114.004640	1749763426	2025-06-12	21:23:46	Thu
McCormick Park	29d9bc4f0e4ebd96d9797f0d2a75cea907f73061	46.872920	-114.005270	1749771639	2025-06-12	23:40:39	Thu
McCormick Park	3ccc343aef6d25e08e49b6869eb81956853b1ee8	46.871630	-114.001640	1749750697	2025-06-12	17:51:37	Thu
McCormick Park	b07a2fd2da1e9fa99adf477f2ac766821370c389	46.871580	-114.004500	1749689707	2025-06-12	00:55:07	Thu
McCormick Park	819e66360bbdf986e411e65a1a039c13437197a7	46.871780	-114.005530	1749693976	2025-06-12	02:06:16	Thu
McCormick Park	819e66360bbdf986e411e65a1a039c13437197a7	46.871500	-114.005510	1749693983	2025-06-12	02:06:23	Thu
McCormick Park	819e66360bbdf986e411e65a1a039c13437197a7	46.871760	-114.005820	1749693987	2025-06-12	02:06:27	Thu
McCormick Park	819e66360bbdf986e411e65a1a039c13437197a7	46.871720	-114.005140	1749694001	2025-06-12	02:06:41	Thu
McCormick Park	fa9e25e6f3a2c06147de52aa715682bfae29cb1d	46.871210	-114.001820	1749749347	2025-06-12	17:29:07	Thu
McCormick Park	500f9a32a893386ede74483d8a6a34d581c083ee	46.872150	-114.002750	1749705478	2025-06-12	05:17:58	Thu
McCormick Park	500f9a32a893386ede74483d8a6a34d581c083ee	46.871540	-114.002700	1749736059	2025-06-12	13:47:39	Thu
McCormick Park	500f9a32a893386ede74483d8a6a34d581c083ee	46.871320	-114.001730	1749769384	2025-06-12	23:03:04	Thu
McCormick Park	c3accc113c5010f346d2aa6565eabfb817ba9aa4	46.872850	-114.004520	1749692443	2025-06-12	01:40:43	Thu
McCormick Park	c3accc113c5010f346d2aa6565eabfb817ba9aa4	46.872490	-114.004530	1749692496	2025-06-12	01:41:36	Thu
McCormick Park	c3accc113c5010f346d2aa6565eabfb817ba9aa4	46.872660	-114.004200	1749692520	2025-06-12	01:42:00	Thu
McCormick Park	c3accc113c5010f346d2aa6565eabfb817ba9aa4	46.872580	-114.004510	1749692810	2025-06-12	01:46:50	Thu
McCormick Park	c3accc113c5010f346d2aa6565eabfb817ba9aa4	46.872670	-114.005030	1749692867	2025-06-12	01:47:47	Thu
McCormick Park	c3accc113c5010f346d2aa6565eabfb817ba9aa4	46.872660	-114.004780	1749693046	2025-06-12	01:50:46	Thu
McCormick Park	c3accc113c5010f346d2aa6565eabfb817ba9aa4	46.872620	-114.004660	1749695396	2025-06-12	02:29:56	Thu
McCormick Park	b20fb2d2547d8f28a6caa97705cec315434592bf	46.872040	-114.004960	1749745104	2025-06-12	16:18:24	Thu
McCormick Park	b20fb2d2547d8f28a6caa97705cec315434592bf	46.872330	-114.005050	1749745268	2025-06-12	16:21:08	Thu
McCormick Park	b20fb2d2547d8f28a6caa97705cec315434592bf	46.872090	-114.004950	1749745386	2025-06-12	16:23:06	Thu
McCormick Park	47ec778a481f2d76a25e38be84d6fad4340acca2	46.871220	-114.001690	1749689951	2025-06-12	00:59:11	Thu
McCormick Park	47ec778a481f2d76a25e38be84d6fad4340acca2	46.871250	-114.001650	1749689951	2025-06-12	00:59:11	Thu
McCormick Park	c02d96a51b97de0ca71fc12d2c5331a7e6542115	46.873290	-114.003520	1749772038	2025-06-12	23:47:18	Thu
McCormick Park	6640f8e1e6f05eb10149c49775ca83d04b720697	46.870800	-114.002870	1749702577	2025-06-12	04:29:37	Thu
McCormick Park	11bced96469aa6714cd880a1cd9f2fc71045f34b	46.871400	-114.001850	1749687028	2025-06-12	00:10:28	Thu
McCormick Park	11bced96469aa6714cd880a1cd9f2fc71045f34b	46.871220	-114.003110	1749686988	2025-06-12	00:09:48	Thu
McCormick Park	11bced96469aa6714cd880a1cd9f2fc71045f34b	46.871770	-114.001860	1749687008	2025-06-12	00:10:08	Thu
McCormick Park	11bced96469aa6714cd880a1cd9f2fc71045f34b	46.871720	-114.001860	1749687013	2025-06-12	00:10:13	Thu
McCormick Park	11bced96469aa6714cd880a1cd9f2fc71045f34b	46.871770	-114.002120	1749687014	2025-06-12	00:10:14	Thu
McCormick Park	11bced96469aa6714cd880a1cd9f2fc71045f34b	46.871700	-114.001850	1749687015	2025-06-12	00:10:15	Thu
McCormick Park	11bced96469aa6714cd880a1cd9f2fc71045f34b	46.871400	-114.001870	1749687017	2025-06-12	00:10:17	Thu
McCormick Park	11bced96469aa6714cd880a1cd9f2fc71045f34b	46.870900	-114.002750	1749687034	2025-06-12	00:10:34	Thu
McCormick Park	11bced96469aa6714cd880a1cd9f2fc71045f34b	46.870900	-114.003160	1749687044	2025-06-12	00:10:44	Thu
McCormick Park	7012f476858cf9fb7a6cd4de64b88081e197ad2d	46.873200	-114.003380	1749755250	2025-06-12	19:07:30	Thu
McCormick Park	b7b62a353aec1f8e8ae681455b3c515eaa02c270	46.871020	-114.002750	1749686860	2025-06-12	00:07:40	Thu
McCormick Park	6b4e28b07715d9dcbdb259b2d25d7ac32f4f686e	46.872470	-114.003340	1749699732	2025-06-12	03:42:12	Thu
McCormick Park	6b4e28b07715d9dcbdb259b2d25d7ac32f4f686e	46.872530	-114.003840	1749699772	2025-06-12	03:42:52	Thu
McCormick Park	6b4e28b07715d9dcbdb259b2d25d7ac32f4f686e	46.872430	-114.003170	1749699843	2025-06-12	03:44:03	Thu
McCormick Park	6b4e28b07715d9dcbdb259b2d25d7ac32f4f686e	46.872460	-114.003330	1749703724	2025-06-12	04:48:44	Thu
McCormick Park	6b4e28b07715d9dcbdb259b2d25d7ac32f4f686e	46.872210	-114.003580	1749703783	2025-06-12	04:49:43	Thu
McCormick Park	6b4e28b07715d9dcbdb259b2d25d7ac32f4f686e	46.872550	-114.003320	1749703836	2025-06-12	04:50:36	Thu
McCormick Park	a193ba7d679c417f7038508687c09b4d88c11824	46.870640	-114.002700	1749702840	2025-06-12	04:34:00	Thu
McCormick Park	a193ba7d679c417f7038508687c09b4d88c11824	46.870670	-114.002700	1749702842	2025-06-12	04:34:02	Thu
McCormick Park	7748e7c825a38bcb8246c0292f6c35beaf034361	46.871490	-114.002190	1749703999	2025-06-12	04:53:19	Thu
McCormick Park	1f5fb55b5f972839a83c7ce395e8ced39a6a5255	46.873670	-114.003310	1749749713	2025-06-12	17:35:13	Thu
McCormick Park	a22e2f0565e5f5c9790e288889afbb3bd891c8c1	46.871200	-114.002300	1749688972	2025-06-12	00:42:52	Thu
McCormick Park	a22e2f0565e5f5c9790e288889afbb3bd891c8c1	46.871200	-114.002380	1749688976	2025-06-12	00:42:56	Thu
McCormick Park	675ac4419d6833e4c9505be2915abcad744e1cd3	46.872380	-114.004700	1749734314	2025-06-12	13:18:34	Thu
McCormick Park	893a0fb9e97eb13b6e1b57a4d20bce39c8b313df	46.873870	-114.003650	1749687026	2025-06-12	00:10:26	Thu
McCormick Park	ac31c62071d4f06cddc8af0421a19616da4249c1	46.872530	-114.004590	1749690405	2025-06-12	01:06:45	Thu
McCormick Park	ac31c62071d4f06cddc8af0421a19616da4249c1	46.872160	-114.005030	1749690887	2025-06-12	01:14:47	Thu
McCormick Park	5c310a65dbe2f1b8a6f41faf253b5794fecabb2e	46.871390	-114.001360	1749735265	2025-06-12	13:34:25	Thu
McCormick Park	88987a78346be9296a4f5b6bbbe2b307f1dc161c	46.872700	-114.005300	1749701496	2025-06-12	04:11:36	Thu
McCormick Park	88987a78346be9296a4f5b6bbbe2b307f1dc161c	46.873500	-114.005710	1749706022	2025-06-12	05:27:02	Thu
McCormick Park	885c84c38a678170fe92ae91331da4d5fde8e6d0	46.871270	-114.001900	1749740550	2025-06-12	15:02:30	Thu
McCormick Park	085b85ac1965414731dc5c8131ec74c66c97d0ae	46.872360	-114.004600	1749770298	2025-06-12	23:18:18	Thu
McCormick Park	085b85ac1965414731dc5c8131ec74c66c97d0ae	46.871210	-114.002730	1749770796	2025-06-12	23:26:36	Thu
McCormick Park	dba3b3b9ec938f822c67e424e53406be009ab3fb	46.874060	-114.004040	1749708519	2025-06-12	06:08:39	Thu
McCormick Park	dba3b3b9ec938f822c67e424e53406be009ab3fb	46.874090	-114.004400	1749708534	2025-06-12	06:08:54	Thu
McCormick Park	dba3b3b9ec938f822c67e424e53406be009ab3fb	46.874130	-114.004660	1749708540	2025-06-12	06:09:00	Thu
McCormick Park	b2c6cb3f8ed3d4c058fe70c431df0c158d4c0d6c	46.872700	-114.005310	1749760855	2025-06-12	20:40:55	Thu
McCormick Park	b2c6cb3f8ed3d4c058fe70c431df0c158d4c0d6c	46.872690	-114.005310	1749760858	2025-06-12	20:40:58	Thu
McCormick Park	b2c6cb3f8ed3d4c058fe70c431df0c158d4c0d6c	46.872700	-114.005350	1749760867	2025-06-12	20:41:07	Thu
McCormick Park	b2c6cb3f8ed3d4c058fe70c431df0c158d4c0d6c	46.872640	-114.005330	1749760877	2025-06-12	20:41:17	Thu
McCormick Park	b2c6cb3f8ed3d4c058fe70c431df0c158d4c0d6c	46.872960	-114.005460	1749761867	2025-06-12	20:57:47	Thu
McCormick Park	b2c6cb3f8ed3d4c058fe70c431df0c158d4c0d6c	46.873220	-114.005140	1749761870	2025-06-12	20:57:50	Thu
McCormick Park	b2c6cb3f8ed3d4c058fe70c431df0c158d4c0d6c	46.873210	-114.005420	1749761873	2025-06-12	20:57:53	Thu
McCormick Park	b2c6cb3f8ed3d4c058fe70c431df0c158d4c0d6c	46.873230	-114.005170	1749761875	2025-06-12	20:57:55	Thu
McCormick Park	b2c6cb3f8ed3d4c058fe70c431df0c158d4c0d6c	46.873220	-114.005140	1749761876	2025-06-12	20:57:56	Thu
McCormick Park	b2c6cb3f8ed3d4c058fe70c431df0c158d4c0d6c	46.873220	-114.005160	1749761924	2025-06-12	20:58:44	Thu
McCormick Park	b2c6cb3f8ed3d4c058fe70c431df0c158d4c0d6c	46.873020	-114.005570	1749767073	2025-06-12	22:24:33	Thu
McCormick Park	655bf06b2a1f20f16ac077f2193b3836576c8271	46.870990	-114.003210	1749708752	2025-06-12	06:12:32	Thu
McCormick Park	7c096294a8b6a159472ad690c8e4ead68a40683b	46.872670	-114.004380	1749736263	2025-06-12	13:51:03	Thu
McCormick Park	9be992ae917413cdb98404c90a949ebc532d9921	46.871500	-114.005480	1749695397	2025-06-12	02:29:57	Thu
McCormick Park	76247b8829096b1c550f23d0d9c59f5bc0b6f37c	46.871140	-114.004030	1749748039	2025-06-12	17:07:19	Thu
McCormick Park	76247b8829096b1c550f23d0d9c59f5bc0b6f37c	46.871640	-114.002090	1749758897	2025-06-12	20:08:17	Thu
McCormick Park	f59433c033ca42c3c3dd6ea5658d6f5bae94cc72	46.871300	-114.001640	1749690521	2025-06-12	01:08:41	Thu
McCormick Park	f59433c033ca42c3c3dd6ea5658d6f5bae94cc72	46.871620	-114.001650	1749690523	2025-06-12	01:08:43	Thu
McCormick Park	f59433c033ca42c3c3dd6ea5658d6f5bae94cc72	46.871300	-114.001650	1749690537	2025-06-12	01:08:57	Thu
McCormick Park	f59433c033ca42c3c3dd6ea5658d6f5bae94cc72	46.871660	-114.001630	1749690545	2025-06-12	01:09:05	Thu
McCormick Park	f59433c033ca42c3c3dd6ea5658d6f5bae94cc72	46.871300	-114.001600	1749690553	2025-06-12	01:09:13	Thu
McCormick Park	f59433c033ca42c3c3dd6ea5658d6f5bae94cc72	46.871260	-114.001660	1749690554	2025-06-12	01:09:14	Thu
McCormick Park	f59433c033ca42c3c3dd6ea5658d6f5bae94cc72	46.871300	-114.001600	1749690584	2025-06-12	01:09:44	Thu
McCormick Park	fcbfe848a360a7bf4dcc8304cfd19c5ebab6f687	46.872785	-114.004938	1749766583	2025-06-12	22:16:23	Thu
McCormick Park	34e33f7a8aadd129c05b198f3d9dde6e619eb933	46.870720	-114.002740	1749686992	2025-06-12	00:09:52	Thu
McCormick Park	7535ea874e9d620e6f8aeca1b3563b6ec5c2a262	46.872800	-114.005370	1749691124	2025-06-12	01:18:44	Thu
McCormick Park	7535ea874e9d620e6f8aeca1b3563b6ec5c2a262	46.872820	-114.005180	1749692222	2025-06-12	01:37:02	Thu
McCormick Park	7535ea874e9d620e6f8aeca1b3563b6ec5c2a262	46.872680	-114.006030	1749692383	2025-06-12	01:39:43	Thu
McCormick Park	7535ea874e9d620e6f8aeca1b3563b6ec5c2a262	46.872900	-114.005390	1749692386	2025-06-12	01:39:46	Thu
McCormick Park	7535ea874e9d620e6f8aeca1b3563b6ec5c2a262	46.873200	-114.005100	1749693466	2025-06-12	01:57:46	Thu
McCormick Park	7535ea874e9d620e6f8aeca1b3563b6ec5c2a262	46.872840	-114.005100	1749693480	2025-06-12	01:58:00	Thu
McCormick Park	7535ea874e9d620e6f8aeca1b3563b6ec5c2a262	46.872840	-114.005070	1749693501	2025-06-12	01:58:21	Thu
McCormick Park	7535ea874e9d620e6f8aeca1b3563b6ec5c2a262	46.873140	-114.005050	1749693507	2025-06-12	01:58:27	Thu
McCormick Park	7535ea874e9d620e6f8aeca1b3563b6ec5c2a262	46.872820	-114.004620	1749693514	2025-06-12	01:58:34	Thu
McCormick Park	7535ea874e9d620e6f8aeca1b3563b6ec5c2a262	46.872860	-114.005100	1749693523	2025-06-12	01:58:43	Thu
McCormick Park	7535ea874e9d620e6f8aeca1b3563b6ec5c2a262	46.872950	-114.005710	1749696015	2025-06-12	02:40:15	Thu
McCormick Park	122912cf906bb15b1e728a0741323d90d5e4ce23	46.873120	-114.004470	1749692243	2025-06-12	01:37:23	Thu
McCormick Park	122912cf906bb15b1e728a0741323d90d5e4ce23	46.872900	-114.005060	1749693332	2025-06-12	01:55:32	Thu
McCormick Park	2daa0f51b2b9f81b0b269bfdff454f08fd205876	46.872460	-114.004910	1749742427	2025-06-12	15:33:47	Thu
McCormick Park	d0bb07ce78086e0b5022e5153fadf334c608d07d	46.871030	-114.003610	1749766112	2025-06-12	22:08:32	Thu
McCormick Park	c662bda65c7bb9f8204431520c48ea6c32f60fab	46.872240	-114.005270	1749699618	2025-06-12	03:40:18	Thu
McCormick Park	86f64ed480da4d1f796e89112797f3e96d280b40	46.871230	-114.001670	1749688198	2025-06-12	00:29:58	Thu
McCormick Park	86f64ed480da4d1f796e89112797f3e96d280b40	46.870880	-114.002340	1749688265	2025-06-12	00:31:05	Thu
McCormick Park	9aeebed58d2fb46ef1ae72aa2d2ba6c5dfa7e7c0	46.872960	-114.004980	1749756564	2025-06-12	19:29:24	Thu
McCormick Park	fabe060f55708271e9da8b435e535de80ec15a9c	46.872270	-114.004980	1749755788	2025-06-12	19:16:28	Thu
McCormick Park	e19cfd14d966b136305e25c58dd1561db57ff780	46.872230	-114.005560	1749688350	2025-06-12	00:32:30	Thu
McCormick Park	e19cfd14d966b136305e25c58dd1561db57ff780	46.872270	-114.005650	1749688352	2025-06-12	00:32:32	Thu
McCormick Park	e19cfd14d966b136305e25c58dd1561db57ff780	46.871890	-114.005650	1749688354	2025-06-12	00:32:34	Thu
McCormick Park	aa399f9bfa5a4f416a65c886e71ff4e399ba9e68	46.870910	-114.002440	1749688673	2025-06-12	00:37:53	Thu
McCormick Park	29461ff4f7f78aecea8a51e7640107cf09f06239	46.873190	-114.003180	1749701810	2025-06-12	04:16:50	Thu
McCormick Park	21e8c927f1f013f71704c1947161348689713ab5	46.872510	-114.004660	1749733987	2025-06-12	13:13:07	Thu
McCormick Park	21e8c927f1f013f71704c1947161348689713ab5	46.872760	-114.004400	1749733995	2025-06-12	13:13:15	Thu
McCormick Park	21e8c927f1f013f71704c1947161348689713ab5	46.872710	-114.004400	1749733999	2025-06-12	13:13:19	Thu
McCormick Park	f30bfb72708e2493acc9b99078a57f8ea12bc854	46.870970	-114.002310	1749739747	2025-06-12	14:49:07	Thu
McCormick Park	4fe204ba619a284d6050f8381744190bfc3f011c	46.870650	-114.002660	1749714419	2025-06-12	07:46:59	Thu
McCormick Park	0bf74ab893d4dd57c6b1452ba0637bea2cb24b3f	46.871010	-114.002120	1749687902	2025-06-12	00:25:02	Thu
McCormick Park	3172adb1f050820b6086a8133166c2811de4de8a	46.870980	-114.003500	1749686474	2025-06-12	00:01:14	Thu
McCormick Park	3172adb1f050820b6086a8133166c2811de4de8a	46.871240	-114.003650	1749767000	2025-06-12	22:23:20	Thu
McCormick Park	3172adb1f050820b6086a8133166c2811de4de8a	46.870950	-114.003500	1749770618	2025-06-12	23:23:38	Thu
McCormick Park	d640f92053281c1230c2dee13bbc7af107085759	46.871580	-114.004800	1749691048	2025-06-12	01:17:28	Thu
McCormick Park	d640f92053281c1230c2dee13bbc7af107085759	46.871950	-114.004800	1749691298	2025-06-12	01:21:38	Thu
McCormick Park	d640f92053281c1230c2dee13bbc7af107085759	46.872190	-114.004800	1749691299	2025-06-12	01:21:39	Thu
McCormick Park	d640f92053281c1230c2dee13bbc7af107085759	46.871960	-114.004800	1749691261	2025-06-12	01:21:01	Thu
McCormick Park	d640f92053281c1230c2dee13bbc7af107085759	46.871670	-114.004880	1749691521	2025-06-12	01:25:21	Thu
McCormick Park	37734ca105c0183d3c71e0dbaa091e337f1d70f4	46.871170	-114.001770	1749751014	2025-06-12	17:56:54	Thu
McCormick Park	7c62358ef5cba0f959386ba59fd3c5676ebdf9c0	46.871880	-114.003670	1749688925	2025-06-12	00:42:05	Thu
McCormick Park	f095cd4804c6c02d532172b7136f0357a315c458	46.871270	-114.003470	1749703451	2025-06-12	04:44:11	Thu
McCormick Park	f095cd4804c6c02d532172b7136f0357a315c458	46.871090	-114.003320	1749733935	2025-06-12	13:12:15	Thu
McCormick Park	c9d04c7d0076aab91493d938599916f3268c8460	46.874190	-114.004190	1749687534	2025-06-12	00:18:54	Thu
McCormick Park	1e4529f945bd39e134dfeff11cbff780ad1bb940	46.872930	-114.005970	1749756148	2025-06-12	19:22:28	Thu
McCormick Park	1e4529f945bd39e134dfeff11cbff780ad1bb940	46.872970	-114.005620	1749767876	2025-06-12	22:37:56	Thu
McCormick Park	1e4529f945bd39e134dfeff11cbff780ad1bb940	46.872930	-114.004910	1749768286	2025-06-12	22:44:46	Thu
McCormick Park	1e4529f945bd39e134dfeff11cbff780ad1bb940	46.872940	-114.005630	1749768331	2025-06-12	22:45:31	Thu
McCormick Park	cc74b9260268cd7c6850dbcac72c45a096e9ed04	46.872420	-114.003220	1749754639	2025-06-12	18:57:19	Thu
McCormick Park	afe06057146f5339ba3cda22469db3253fd04705	46.873510	-114.003700	1749721176	2025-06-12	09:39:36	Thu
McCormick Park	22c1d4f3231a3bf94705580a5eb9b7426e1b6f32	46.871700	-114.005700	1749746624	2025-06-12	16:43:44	Thu
McCormick Park	73eb2fe7613f9d053e2bc6bb1d2eee5b6783d1d0	46.872400	-114.004200	1749760772	2025-06-12	20:39:32	Thu
McCormick Park	1545ad068347f55ae1751c5540a8b80e22b5db0a	46.872730	-114.004800	1749763443	2025-06-12	21:24:03	Thu
McCormick Park	1545ad068347f55ae1751c5540a8b80e22b5db0a	46.872730	-114.004830	1749763454	2025-06-12	21:24:14	Thu
McCormick Park	66afb0e0c270d6614db636073a5db21d9ba6f049	46.871400	-114.001720	1749753319	2025-06-12	18:35:19	Thu
McCormick Park	ae124c118370fadec4bd9e81185ed52fb738e173	46.871540	-114.002460	1749715390	2025-06-12	08:03:10	Thu
McCormick Park	ae124c118370fadec4bd9e81185ed52fb738e173	46.871310	-114.001630	1749715416	2025-06-12	08:03:36	Thu
McCormick Park	fe203b3592b2d9d3d39bcba1b32969d730d7b6e9	46.871580	-114.005300	1749763959	2025-06-12	21:32:39	Thu
McCormick Park	763191769798ad8330434bdc3ec98c60c778da33	46.871520	-114.004950	1749700799	2025-06-12	03:59:59	Thu
McCormick Park	a753c75cfe5255722bbe0a0e61f89052eaddac70	46.872310	-114.003900	1749701429	2025-06-12	04:10:29	Thu
McCormick Park	f3449a5b8c8af8fdcfac8d31f675245afdf92f04	46.872030	-114.004910	1742517330	2025-03-21	00:35:30	Fri
McCormick Park	f3449a5b8c8af8fdcfac8d31f675245afdf92f04	46.872660	-114.003620	1742517362	2025-03-21	00:36:02	Fri
McCormick Park	f3449a5b8c8af8fdcfac8d31f675245afdf92f04	46.871500	-114.005270	1742517727	2025-03-21	00:42:07	Fri
McCormick Park	f3449a5b8c8af8fdcfac8d31f675245afdf92f04	46.872550	-114.003000	1742518914	2025-03-21	01:01:54	Fri
McCormick Park	f3449a5b8c8af8fdcfac8d31f675245afdf92f04	46.873410	-114.002800	1742519576	2025-03-21	01:12:56	Fri
McCormick Park	f3449a5b8c8af8fdcfac8d31f675245afdf92f04	46.871800	-114.004950	1742520138	2025-03-21	01:22:18	Fri
McCormick Park	d3bfdcb4e25744c9c4ef0e13162532b065154c10	46.870750	-114.002523	1742542987	2025-03-21	07:43:07	Fri
McCormick Park	4cb21347c1811427f36c0f304975f5d85ece7ab9	46.873644	-114.003360	1742533186	2025-03-21	04:59:46	Fri
McCormick Park	4cb21347c1811427f36c0f304975f5d85ece7ab9	46.873643	-114.003300	1742533684	2025-03-21	05:08:04	Fri
McCormick Park	b3fb76d40b153e4edfa74f387b5e97f16ad6d78e	46.872910	-114.005270	1742592502	2025-03-21	21:28:22	Fri
McCormick Park	b3fb76d40b153e4edfa74f387b5e97f16ad6d78e	46.872730	-114.004820	1742595368	2025-03-21	22:16:08	Fri
McCormick Park	b3fb76d40b153e4edfa74f387b5e97f16ad6d78e	46.871430	-114.004980	1742595490	2025-03-21	22:18:10	Fri
McCormick Park	fa76be2c4b219d7cfd53f681bdb5d178022e5953	46.872300	-114.002370	1742600427	2025-03-21	23:40:27	Fri
McCormick Park	fa76be2c4b219d7cfd53f681bdb5d178022e5953	46.872300	-114.002300	1742600423	2025-03-21	23:40:23	Fri
McCormick Park	05279c4c18fa23e07894d3efadf3657b053f65b3	46.871642	-114.005480	1742580208	2025-03-21	18:03:28	Fri
McCormick Park	dfa76a22637c185b546cf02d3606a006040434d7	46.871230	-114.001700	1742580114	2025-03-21	18:01:54	Fri
McCormick Park	dfa76a22637c185b546cf02d3606a006040434d7	46.871250	-114.001700	1742585512	2025-03-21	19:31:52	Fri
McCormick Park	dfa76a22637c185b546cf02d3606a006040434d7	46.871270	-114.001700	1742580112	2025-03-21	18:01:52	Fri
McCormick Park	dfa76a22637c185b546cf02d3606a006040434d7	46.871280	-114.001700	1742585514	2025-03-21	19:31:54	Fri
McCormick Park	07372b60ec7d3951a9c2ae32d2e8043de276d858	46.872140	-114.003800	1742590493	2025-03-21	20:54:53	Fri
McCormick Park	07372b60ec7d3951a9c2ae32d2e8043de276d858	46.872140	-114.003830	1742590492	2025-03-21	20:54:52	Fri
McCormick Park	cb5eb7a4ef1d59bb8e22c86650831a425a65e1c0	46.871180	-114.002410	1742543162	2025-03-21	07:46:02	Fri
McCormick Park	c7969f2f8d6d6f5850e29bce04091460331fa5dd	46.871980	-114.005810	1742601405	2025-03-21	23:56:45	Fri
McCormick Park	c7969f2f8d6d6f5850e29bce04091460331fa5dd	46.871920	-114.005850	1742601406	2025-03-21	23:56:46	Fri
McCormick Park	992889f6cc3c66b933040760666ea8a7da0ecf49	46.872400	-114.004270	1742572042	2025-03-21	15:47:22	Fri
McCormick Park	992889f6cc3c66b933040760666ea8a7da0ecf49	46.872450	-114.004260	1742572044	2025-03-21	15:47:24	Fri
McCormick Park	992889f6cc3c66b933040760666ea8a7da0ecf49	46.872460	-114.004250	1742572071	2025-03-21	15:47:51	Fri
McCormick Park	992889f6cc3c66b933040760666ea8a7da0ecf49	46.872430	-114.004250	1742572147	2025-03-21	15:49:07	Fri
McCormick Park	992889f6cc3c66b933040760666ea8a7da0ecf49	46.872460	-114.004280	1742572141	2025-03-21	15:49:01	Fri
McCormick Park	1d366e3e619c5ad299c955650515dcf67a66ae2c	46.872850	-114.005500	1742515222	2025-03-21	00:00:22	Fri
McCormick Park	7ac4324322ddad2a9c4b08af9af03327322feccd	46.871342	-114.004840	1744664070	2025-04-14	20:54:30	Mon
McCormick Park	7ac4324322ddad2a9c4b08af9af03327322feccd	46.871334	-114.004820	1744664070	2025-04-14	20:54:30	Mon
McCormick Park	d72c0dd2d659c18c4499b604b8f70ab1fd1261f5	46.873122	-114.003747	1744599330	2025-04-14	02:55:30	Mon
McCormick Park	d72c0dd2d659c18c4499b604b8f70ab1fd1261f5	46.873149	-114.003752	1744599331	2025-04-14	02:55:31	Mon
McCormick Park	d72c0dd2d659c18c4499b604b8f70ab1fd1261f5	46.872995	-114.003772	1744599362	2025-04-14	02:56:02	Mon
McCormick Park	d72c0dd2d659c18c4499b604b8f70ab1fd1261f5	46.872936	-114.003778	1744599363	2025-04-14	02:56:03	Mon
McCormick Park	d72c0dd2d659c18c4499b604b8f70ab1fd1261f5	46.873011	-114.003743	1744599374	2025-04-14	02:56:14	Mon
McCormick Park	d72c0dd2d659c18c4499b604b8f70ab1fd1261f5	46.873016	-114.003775	1744599378	2025-04-14	02:56:18	Mon
McCormick Park	d72c0dd2d659c18c4499b604b8f70ab1fd1261f5	46.873031	-114.003804	1744599413	2025-04-14	02:56:53	Mon
McCormick Park	d72c0dd2d659c18c4499b604b8f70ab1fd1261f5	46.873074	-114.003877	1744599418	2025-04-14	02:56:58	Mon
McCormick Park	d72c0dd2d659c18c4499b604b8f70ab1fd1261f5	46.873016	-114.003778	1744599434	2025-04-14	02:57:14	Mon
McCormick Park	d72c0dd2d659c18c4499b604b8f70ab1fd1261f5	46.873066	-114.003788	1744599437	2025-04-14	02:57:17	Mon
McCormick Park	d72c0dd2d659c18c4499b604b8f70ab1fd1261f5	46.873002	-114.003752	1744599485	2025-04-14	02:58:05	Mon
McCormick Park	d72c0dd2d659c18c4499b604b8f70ab1fd1261f5	46.873042	-114.003778	1744599485	2025-04-14	02:58:05	Mon
McCormick Park	d72c0dd2d659c18c4499b604b8f70ab1fd1261f5	46.872842	-114.004029	1744600391	2025-04-14	03:13:11	Mon
McCormick Park	d72c0dd2d659c18c4499b604b8f70ab1fd1261f5	46.872867	-114.004083	1744600391	2025-04-14	03:13:11	Mon
McCormick Park	d72c0dd2d659c18c4499b604b8f70ab1fd1261f5	46.872786	-114.003550	1744601342	2025-04-14	03:29:02	Mon
McCormick Park	d72c0dd2d659c18c4499b604b8f70ab1fd1261f5	46.872754	-114.003561	1744601349	2025-04-14	03:29:09	Mon
McCormick Park	d72c0dd2d659c18c4499b604b8f70ab1fd1261f5	46.873170	-114.003790	1744599331	2025-04-14	02:55:31	Mon
McCormick Park	d72c0dd2d659c18c4499b604b8f70ab1fd1261f5	46.872940	-114.003710	1744599363	2025-04-14	02:56:03	Mon
McCormick Park	d72c0dd2d659c18c4499b604b8f70ab1fd1261f5	46.873020	-114.003780	1744599377	2025-04-14	02:56:17	Mon
McCormick Park	d72c0dd2d659c18c4499b604b8f70ab1fd1261f5	46.873040	-114.003840	1744599414	2025-04-14	02:56:54	Mon
McCormick Park	d72c0dd2d659c18c4499b604b8f70ab1fd1261f5	46.873020	-114.003750	1744599434	2025-04-14	02:57:14	Mon
McCormick Park	d72c0dd2d659c18c4499b604b8f70ab1fd1261f5	46.873020	-114.003730	1744599485	2025-04-14	02:58:05	Mon
McCormick Park	d72c0dd2d659c18c4499b604b8f70ab1fd1261f5	46.872800	-114.004030	1744600398	2025-04-14	03:13:18	Mon
McCormick Park	d72c0dd2d659c18c4499b604b8f70ab1fd1261f5	46.872750	-114.003520	1744601352	2025-04-14	03:29:12	Mon
McCormick Park	d72c0dd2d659c18c4499b604b8f70ab1fd1261f5	46.873150	-114.003750	1744599331	2025-04-14	02:55:31	Mon
McCormick Park	d72c0dd2d659c18c4499b604b8f70ab1fd1261f5	46.872993	-114.003770	1744599362	2025-04-14	02:56:02	Mon
McCormick Park	d72c0dd2d659c18c4499b604b8f70ab1fd1261f5	46.873016	-114.003780	1744599378	2025-04-14	02:56:18	Mon
McCormick Park	d72c0dd2d659c18c4499b604b8f70ab1fd1261f5	46.873030	-114.003810	1744599413	2025-04-14	02:56:53	Mon
McCormick Park	d72c0dd2d659c18c4499b604b8f70ab1fd1261f5	46.873016	-114.003780	1744599434	2025-04-14	02:57:14	Mon
McCormick Park	d72c0dd2d659c18c4499b604b8f70ab1fd1261f5	46.873043	-114.003780	1744599485	2025-04-14	02:58:05	Mon
McCormick Park	d72c0dd2d659c18c4499b604b8f70ab1fd1261f5	46.872840	-114.004030	1744600391	2025-04-14	03:13:11	Mon
McCormick Park	d72c0dd2d659c18c4499b604b8f70ab1fd1261f5	46.872753	-114.003560	1744601349	2025-04-14	03:29:09	Mon
McCormick Park	671c8f2d3caaa15d34d9f1bada1cc350a6e73dc7	46.872930	-114.005420	1744643165	2025-04-14	15:06:05	Mon
McCormick Park	671c8f2d3caaa15d34d9f1bada1cc350a6e73dc7	46.872900	-114.005440	1744643167	2025-04-14	15:06:07	Mon
McCormick Park	671c8f2d3caaa15d34d9f1bada1cc350a6e73dc7	46.872940	-114.005480	1744643165	2025-04-14	15:06:05	Mon
McCormick Park	671c8f2d3caaa15d34d9f1bada1cc350a6e73dc7	46.872930	-114.005460	1744643168	2025-04-14	15:06:08	Mon
McCormick Park	0bc6ca8534b1447548f7f911b2c846b6cf4e1140	46.872750	-114.002720	1744643490	2025-04-14	15:11:30	Mon
McCormick Park	0bc6ca8534b1447548f7f911b2c846b6cf4e1140	46.872750	-114.002760	1744643494	2025-04-14	15:11:34	Mon
McCormick Park	1ff77d2e8d4d74500f36e97d46b98c2e141ae727	46.871380	-114.003110	1744671362	2025-04-14	22:56:02	Mon
McCormick Park	1ff77d2e8d4d74500f36e97d46b98c2e141ae727	46.871360	-114.003100	1744671363	2025-04-14	22:56:03	Mon
McCormick Park	1ff77d2e8d4d74500f36e97d46b98c2e141ae727	46.871380	-114.003140	1744671943	2025-04-14	23:05:43	Mon
McCormick Park	1ff77d2e8d4d74500f36e97d46b98c2e141ae727	46.871323	-114.003105	1744671950	2025-04-14	23:05:50	Mon
McCormick Park	9212b43ec33923d34b5538de9825b2f1973a09f6	46.870900	-114.002800	1744674202	2025-04-14	23:43:22	Mon
McCormick Park	c62eac4d072843a4a76317dab9805e989ca57ac0	46.873035	-114.005200	1744672091	2025-04-14	23:08:11	Mon
McCormick Park	c62eac4d072843a4a76317dab9805e989ca57ac0	46.873047	-114.005220	1744672149	2025-04-14	23:09:09	Mon
McCormick Park	c62eac4d072843a4a76317dab9805e989ca57ac0	46.873035	-114.005210	1744672197	2025-04-14	23:09:57	Mon
McCormick Park	29577d9ca6b789ffaaff7786288ec1a6720c33d1	46.872910	-114.005460	1744674880	2025-04-14	23:54:40	Mon
McCormick Park	7d704010c9ad75b7319decf5945d9d81cb5faeb8	46.871346	-114.003150	1744636783	2025-04-14	13:19:43	Mon
McCormick Park	7d704010c9ad75b7319decf5945d9d81cb5faeb8	46.871338	-114.003160	1744636795	2025-04-14	13:19:55	Mon
McCormick Park	7d704010c9ad75b7319decf5945d9d81cb5faeb8	46.871346	-114.003150	1744636839	2025-04-14	13:20:39	Mon
McCormick Park	7d704010c9ad75b7319decf5945d9d81cb5faeb8	46.871338	-114.003160	1744636891	2025-04-14	13:21:31	Mon
McCormick Park	7d704010c9ad75b7319decf5945d9d81cb5faeb8	46.871346	-114.003150	1744636901	2025-04-14	13:21:41	Mon
McCormick Park	7d704010c9ad75b7319decf5945d9d81cb5faeb8	46.871334	-114.003160	1744637836	2025-04-14	13:37:16	Mon
McCormick Park	51b11923803b6c8012b9d394a3c193135a3aa609	46.871177	-114.001844	1744649055	2025-04-14	16:44:15	Mon
McCormick Park	df86be87fa9ab806acc010219c74525a597f9e64	46.871300	-114.001600	1744591002	2025-04-14	00:36:42	Mon
McCormick Park	df86be87fa9ab806acc010219c74525a597f9e64	46.873570	-114.003290	1744591281	2025-04-14	00:41:21	Mon
McCormick Park	df86be87fa9ab806acc010219c74525a597f9e64	46.873990	-114.004800	1744591402	2025-04-14	00:43:22	Mon
McCormick Park	a0e1ad414c7beeb7675bd429c89d26348effaacf	46.872040	-114.002520	1746745786	2025-05-08	23:09:46	Thu
McCormick Park	a0e1ad414c7beeb7675bd429c89d26348effaacf	46.871730	-114.002170	1746745994	2025-05-08	23:13:14	Thu
McCormick Park	a0e1ad414c7beeb7675bd429c89d26348effaacf	46.871760	-114.002130	1746746030	2025-05-08	23:13:50	Thu
McCormick Park	0ecb2bdf59890ad38d7972d4ae018561aeaba971	46.873610	-114.003860	1746728638	2025-05-08	18:23:58	Thu
McCormick Park	0ecb2bdf59890ad38d7972d4ae018561aeaba971	46.873610	-114.003850	1746728631	2025-05-08	18:23:51	Thu
McCormick Park	84ccd67681d6243ecfdc33d6c57587406561688e	46.870960	-114.002270	1746681625	2025-05-08	05:20:25	Thu
McCormick Park	84ccd67681d6243ecfdc33d6c57587406561688e	46.870960	-114.002270	1746681632	2025-05-08	05:20:32	Thu
McCormick Park	84ccd67681d6243ecfdc33d6c57587406561688e	46.870960	-114.002210	1746681632	2025-05-08	05:20:32	Thu
McCormick Park	2810f7bc4a99dbb544ee79bdf5deb17846fcbe39	46.871020	-114.002780	1746744845	2025-05-08	22:54:05	Thu
McCormick Park	2810f7bc4a99dbb544ee79bdf5deb17846fcbe39	46.871330	-114.003160	1746744862	2025-05-08	22:54:22	Thu
McCormick Park	2810f7bc4a99dbb544ee79bdf5deb17846fcbe39	46.871120	-114.003170	1746744892	2025-05-08	22:54:52	Thu
McCormick Park	2810f7bc4a99dbb544ee79bdf5deb17846fcbe39	46.871180	-114.003150	1746744896	2025-05-08	22:54:56	Thu
McCormick Park	de432829ec611ea08e20fcfa38a9367ae49abdaa	46.872791	-114.004657	1746715787	2025-05-08	14:49:47	Thu
McCormick Park	787dfc754cf9851353019a914be10ccc00ecfacc	46.871570	-114.005560	1746668629	2025-05-08	01:43:49	Thu
McCormick Park	787dfc754cf9851353019a914be10ccc00ecfacc	46.871500	-114.005520	1746668638	2025-05-08	01:43:58	Thu
McCormick Park	787dfc754cf9851353019a914be10ccc00ecfacc	46.871570	-114.005560	1746668646	2025-05-08	01:44:06	Thu
McCormick Park	787dfc754cf9851353019a914be10ccc00ecfacc	46.871510	-114.005560	1746668640	2025-05-08	01:44:00	Thu
McCormick Park	d4adbadd89a344d12a49b2bed34a7b9cce431219	46.872840	-114.005100	1746662877	2025-05-08	00:07:57	Thu
McCormick Park	d4adbadd89a344d12a49b2bed34a7b9cce431219	46.872840	-114.005100	1746662893	2025-05-08	00:08:13	Thu
McCormick Park	d4adbadd89a344d12a49b2bed34a7b9cce431219	46.872810	-114.005530	1746665706	2025-05-08	00:55:06	Thu
McCormick Park	d4adbadd89a344d12a49b2bed34a7b9cce431219	46.872810	-114.005180	1746665722	2025-05-08	00:55:22	Thu
McCormick Park	0d341b9f87a8cf79079d1599ddc89118b33a2e4d	46.871010	-114.003640	1746722063	2025-05-08	16:34:23	Thu
McCormick Park	0d341b9f87a8cf79079d1599ddc89118b33a2e4d	46.871010	-114.003380	1746722080	2025-05-08	16:34:40	Thu
McCormick Park	0d341b9f87a8cf79079d1599ddc89118b33a2e4d	46.871020	-114.003330	1746722082	2025-05-08	16:34:42	Thu
McCormick Park	c65a0823c03080425568caec1a7bc11ab1e38914	46.872410	-114.002740	1746736105	2025-05-08	20:28:25	Thu
McCormick Park	b3288a2999381a6d54f39a6112e187f65c47e6c8	46.873130	-114.005320	1746720598	2025-05-08	16:09:58	Thu
McCormick Park	b3288a2999381a6d54f39a6112e187f65c47e6c8	46.872840	-114.004990	1746721791	2025-05-08	16:29:51	Thu
McCormick Park	b3288a2999381a6d54f39a6112e187f65c47e6c8	46.873180	-114.005360	1746721808	2025-05-08	16:30:08	Thu
McCormick Park	276d25efc199d46045df8b9fa5ba7ed5fc702fcb	46.871810	-114.006340	1746677558	2025-05-08	04:12:38	Thu
McCormick Park	276d25efc199d46045df8b9fa5ba7ed5fc702fcb	46.871870	-114.006340	1746677557	2025-05-08	04:12:37	Thu
McCormick Park	985970c7716679822152213a104bd1555da66db5	46.871670	-114.005070	1746717028	2025-05-08	15:10:28	Thu
McCormick Park	985970c7716679822152213a104bd1555da66db5	46.871680	-114.005070	1746717035	2025-05-08	15:10:35	Thu
McCormick Park	85fe803e4f61dfc8a69dc0ce997ef2e660ce0e5b	46.871150	-114.002400	1746733125	2025-05-08	19:38:45	Thu
McCormick Park	85fe803e4f61dfc8a69dc0ce997ef2e660ce0e5b	46.871110	-114.002400	1746733121	2025-05-08	19:38:41	Thu
McCormick Park	b7b62a353aec1f8e8ae681455b3c515eaa02c270	46.870940	-114.002500	1746662884	2025-05-08	00:08:04	Thu
McCormick Park	b7b62a353aec1f8e8ae681455b3c515eaa02c270	46.870980	-114.002500	1746662885	2025-05-08	00:08:05	Thu
McCormick Park	b7b62a353aec1f8e8ae681455b3c515eaa02c270	46.870930	-114.002500	1746662884	2025-05-08	00:08:04	Thu
McCormick Park	b7b62a353aec1f8e8ae681455b3c515eaa02c270	46.870910	-114.002500	1746662887	2025-05-08	00:08:07	Thu
McCormick Park	98b7897c903043d0b102febba20b37a2fcad98dd	46.871100	-114.003130	1746741625	2025-05-08	22:00:25	Thu
McCormick Park	98b7897c903043d0b102febba20b37a2fcad98dd	46.871320	-114.003130	1746741628	2025-05-08	22:00:28	Thu
McCormick Park	98b7897c903043d0b102febba20b37a2fcad98dd	46.871680	-114.003430	1746742296	2025-05-08	22:11:36	Thu
McCormick Park	98b7897c903043d0b102febba20b37a2fcad98dd	46.871680	-114.003430	1746742313	2025-05-08	22:11:53	Thu
McCormick Park	98b7897c903043d0b102febba20b37a2fcad98dd	46.871340	-114.003130	1746742343	2025-05-08	22:12:23	Thu
McCormick Park	98b7897c903043d0b102febba20b37a2fcad98dd	46.871340	-114.003130	1746742353	2025-05-08	22:12:33	Thu
McCormick Park	98b7897c903043d0b102febba20b37a2fcad98dd	46.871340	-114.003150	1746742852	2025-05-08	22:20:52	Thu
McCormick Park	98b7897c903043d0b102febba20b37a2fcad98dd	46.871320	-114.003110	1746742860	2025-05-08	22:21:00	Thu
McCormick Park	98b7897c903043d0b102febba20b37a2fcad98dd	46.871340	-114.003150	1746742869	2025-05-08	22:21:09	Thu
McCormick Park	98b7897c903043d0b102febba20b37a2fcad98dd	46.870890	-114.002730	1746747892	2025-05-08	23:44:52	Thu
McCormick Park	98b7897c903043d0b102febba20b37a2fcad98dd	46.871110	-114.003110	1746747903	2025-05-08	23:45:03	Thu
McCormick Park	7748e7c825a38bcb8246c0292f6c35beaf034361	46.872180	-114.002740	1746676834	2025-05-08	04:00:34	Thu
McCormick Park	7748e7c825a38bcb8246c0292f6c35beaf034361	46.872110	-114.003120	1746676853	2025-05-08	04:00:53	Thu
McCormick Park	7748e7c825a38bcb8246c0292f6c35beaf034361	46.872120	-114.002740	1746677055	2025-05-08	04:04:15	Thu
McCormick Park	7748e7c825a38bcb8246c0292f6c35beaf034361	46.872180	-114.002740	1746677057	2025-05-08	04:04:17	Thu
McCormick Park	7748e7c825a38bcb8246c0292f6c35beaf034361	46.872170	-114.003100	1746679991	2025-05-08	04:53:11	Thu
McCormick Park	7748e7c825a38bcb8246c0292f6c35beaf034361	46.872150	-114.003100	1746679992	2025-05-08	04:53:12	Thu
McCormick Park	7748e7c825a38bcb8246c0292f6c35beaf034361	46.872100	-114.003140	1746680041	2025-05-08	04:54:01	Thu
McCormick Park	7748e7c825a38bcb8246c0292f6c35beaf034361	46.872100	-114.003140	1746680043	2025-05-08	04:54:03	Thu
McCormick Park	7748e7c825a38bcb8246c0292f6c35beaf034361	46.872100	-114.003180	1746680045	2025-05-08	04:54:05	Thu
McCormick Park	7748e7c825a38bcb8246c0292f6c35beaf034361	46.872100	-114.003100	1746676855	2025-05-08	04:00:55	Thu
McCormick Park	7748e7c825a38bcb8246c0292f6c35beaf034361	46.872100	-114.003130	1746676856	2025-05-08	04:00:56	Thu
McCormick Park	7748e7c825a38bcb8246c0292f6c35beaf034361	46.872140	-114.002770	1746677050	2025-05-08	04:04:10	Thu
McCormick Park	7748e7c825a38bcb8246c0292f6c35beaf034361	46.872130	-114.002700	1746677051	2025-05-08	04:04:11	Thu
McCormick Park	7748e7c825a38bcb8246c0292f6c35beaf034361	46.872160	-114.003100	1746679994	2025-05-08	04:53:14	Thu
McCormick Park	7748e7c825a38bcb8246c0292f6c35beaf034361	46.872170	-114.003100	1746679997	2025-05-08	04:53:17	Thu
McCormick Park	7748e7c825a38bcb8246c0292f6c35beaf034361	46.872100	-114.003160	1746680040	2025-05-08	04:54:00	Thu
McCormick Park	7748e7c825a38bcb8246c0292f6c35beaf034361	46.872100	-114.003160	1746680042	2025-05-08	04:54:02	Thu
McCormick Park	7748e7c825a38bcb8246c0292f6c35beaf034361	46.872100	-114.003170	1746680044	2025-05-08	04:54:04	Thu
McCormick Park	6005c4514c404a5e99c3d2c507142c7185983584	46.871740	-114.006540	1746747485	2025-05-08	23:38:05	Thu
McCormick Park	6005c4514c404a5e99c3d2c507142c7185983584	46.871740	-114.006540	1746747499	2025-05-08	23:38:19	Thu
McCormick Park	755060f0e81d8955cc40984a5fdb73af1873df4e	46.871720	-114.005010	1746743731	2025-05-08	22:35:31	Thu
McCormick Park	755060f0e81d8955cc40984a5fdb73af1873df4e	46.872080	-114.005280	1746743736	2025-05-08	22:35:36	Thu
McCormick Park	755060f0e81d8955cc40984a5fdb73af1873df4e	46.872080	-114.005020	1746743746	2025-05-08	22:35:46	Thu
McCormick Park	755060f0e81d8955cc40984a5fdb73af1873df4e	46.871480	-114.005360	1746743786	2025-05-08	22:36:26	Thu
McCormick Park	755060f0e81d8955cc40984a5fdb73af1873df4e	46.871460	-114.005380	1746743800	2025-05-08	22:36:40	Thu
McCormick Park	755060f0e81d8955cc40984a5fdb73af1873df4e	46.871470	-114.005360	1746743800	2025-05-08	22:36:40	Thu
McCormick Park	755060f0e81d8955cc40984a5fdb73af1873df4e	46.872000	-114.005040	1746743747	2025-05-08	22:35:47	Thu
McCormick Park	755060f0e81d8955cc40984a5fdb73af1873df4e	46.871460	-114.005360	1746743795	2025-05-08	22:36:35	Thu
McCormick Park	755060f0e81d8955cc40984a5fdb73af1873df4e	46.871470	-114.005330	1746743805	2025-05-08	22:36:45	Thu
McCormick Park	7d8f00009cbffc8453e87506b08092e70ed32f56	46.870900	-114.002500	1746665304	2025-05-08	00:48:24	Thu
McCormick Park	d597897b5a980fd0a4e40780840c10085960b59a	46.871640	-114.001890	1746697242	2025-05-08	09:40:42	Thu
McCormick Park	d597897b5a980fd0a4e40780840c10085960b59a	46.871670	-114.001880	1746697245	2025-05-08	09:40:45	Thu
McCormick Park	d597897b5a980fd0a4e40780840c10085960b59a	46.871720	-114.002240	1746697252	2025-05-08	09:40:52	Thu
McCormick Park	d597897b5a980fd0a4e40780840c10085960b59a	46.871710	-114.002200	1746697254	2025-05-08	09:40:54	Thu
McCormick Park	d597897b5a980fd0a4e40780840c10085960b59a	46.871720	-114.002270	1746697256	2025-05-08	09:40:56	Thu
McCormick Park	d597897b5a980fd0a4e40780840c10085960b59a	46.871440	-114.001910	1746697600	2025-05-08	09:46:40	Thu
McCormick Park	d597897b5a980fd0a4e40780840c10085960b59a	46.871470	-114.001960	1746697607	2025-05-08	09:46:47	Thu
McCormick Park	d597897b5a980fd0a4e40780840c10085960b59a	46.871460	-114.001970	1746697740	2025-05-08	09:49:00	Thu
McCormick Park	d597897b5a980fd0a4e40780840c10085960b59a	46.871470	-114.001950	1746697746	2025-05-08	09:49:06	Thu
McCormick Park	d597897b5a980fd0a4e40780840c10085960b59a	46.871660	-114.001840	1746697247	2025-05-08	09:40:47	Thu
McCormick Park	d597897b5a980fd0a4e40780840c10085960b59a	46.871780	-114.002210	1746697252	2025-05-08	09:40:52	Thu
McCormick Park	d597897b5a980fd0a4e40780840c10085960b59a	46.871750	-114.002240	1746697256	2025-05-08	09:40:56	Thu
McCormick Park	d597897b5a980fd0a4e40780840c10085960b59a	46.871400	-114.001950	1746697602	2025-05-08	09:46:42	Thu
McCormick Park	d597897b5a980fd0a4e40780840c10085960b59a	46.871430	-114.001950	1746697744	2025-05-08	09:49:04	Thu
McCormick Park	d597897b5a980fd0a4e40780840c10085960b59a	46.871460	-114.001910	1746697745	2025-05-08	09:49:05	Thu
McCormick Park	824fbd37695be3817f074121bcf8a0f0f0f27c56	46.871070	-114.003930	1746686977	2025-05-08	06:49:37	Thu
McCormick Park	cd3326f5fec78656c3538d56a77bd24bc954a749	46.872160	-114.004660	1746701412	2025-05-08	10:50:12	Thu
McCormick Park	cd3326f5fec78656c3538d56a77bd24bc954a749	46.871840	-114.004310	1746701422	2025-05-08	10:50:22	Thu
McCormick Park	cd3326f5fec78656c3538d56a77bd24bc954a749	46.871860	-114.004360	1746701422	2025-05-08	10:50:22	Thu
McCormick Park	b3c570375c308247f79acb1dfe974754c9ce2a1b	46.872700	-114.004000	1746747184	2025-05-08	23:33:04	Thu
McCormick Park	b3c570375c308247f79acb1dfe974754c9ce2a1b	46.872700	-114.004000	1746747189	2025-05-08	23:33:09	Thu
McCormick Park	b3c570375c308247f79acb1dfe974754c9ce2a1b	46.872700	-114.004000	1746747198	2025-05-08	23:33:18	Thu
McCormick Park	f59a72e988ce77ccdb725ae36b0bb9e2b7d6fa60	46.871630	-114.003120	1746680353	2025-05-08	04:59:13	Thu
McCormick Park	f59a72e988ce77ccdb725ae36b0bb9e2b7d6fa60	46.871360	-114.003450	1746680361	2025-05-08	04:59:21	Thu
McCormick Park	f59a72e988ce77ccdb725ae36b0bb9e2b7d6fa60	46.871050	-114.003440	1746680368	2025-05-08	04:59:28	Thu
McCormick Park	f59a72e988ce77ccdb725ae36b0bb9e2b7d6fa60	46.871310	-114.003120	1746680370	2025-05-08	04:59:30	Thu
McCormick Park	f59a72e988ce77ccdb725ae36b0bb9e2b7d6fa60	46.871360	-114.003100	1746680372	2025-05-08	04:59:32	Thu
McCormick Park	f59a72e988ce77ccdb725ae36b0bb9e2b7d6fa60	46.871350	-114.003110	1746680366	2025-05-08	04:59:26	Thu
McCormick Park	f59a72e988ce77ccdb725ae36b0bb9e2b7d6fa60	46.871350	-114.003160	1746680371	2025-05-08	04:59:31	Thu
McCormick Park	6aadb22c608fb3931d35496e77c068b9ac10ed8e	46.870980	-114.002640	1746662472	2025-05-08	00:01:12	Thu
McCormick Park	a06453d4433dfc38b6c80bbf3d0404fabb70a4ef	46.870730	-114.002550	1746688201	2025-05-08	07:10:01	Thu
McCormick Park	a06453d4433dfc38b6c80bbf3d0404fabb70a4ef	46.870740	-114.002790	1746688064	2025-05-08	07:07:44	Thu
McCormick Park	451070d1c3e060e5f0ae35e58d110d6fed01b3c7	46.872420	-114.003940	1746663518	2025-05-08	00:18:38	Thu
McCormick Park	451070d1c3e060e5f0ae35e58d110d6fed01b3c7	46.872420	-114.003940	1746663529	2025-05-08	00:18:49	Thu
McCormick Park	451070d1c3e060e5f0ae35e58d110d6fed01b3c7	46.872760	-114.003860	1746663567	2025-05-08	00:19:27	Thu
McCormick Park	451070d1c3e060e5f0ae35e58d110d6fed01b3c7	46.872760	-114.003860	1746663577	2025-05-08	00:19:37	Thu
McCormick Park	451070d1c3e060e5f0ae35e58d110d6fed01b3c7	46.871880	-114.003530	1746663604	2025-05-08	00:20:04	Thu
McCormick Park	451070d1c3e060e5f0ae35e58d110d6fed01b3c7	46.872190	-114.003530	1746663620	2025-05-08	00:20:20	Thu
McCormick Park	451070d1c3e060e5f0ae35e58d110d6fed01b3c7	46.871430	-114.002330	1746667078	2025-05-08	01:17:58	Thu
McCormick Park	451070d1c3e060e5f0ae35e58d110d6fed01b3c7	46.871430	-114.001980	1746667082	2025-05-08	01:18:02	Thu
McCormick Park	a517810e4300d96e510d92169017b187ed914486	46.871580	-114.005740	1746724573	2025-05-08	17:16:13	Thu
McCormick Park	03078db76ab4c2700c9e7d804aee5835a68507ea	46.871300	-114.001830	1746724727	2025-05-08	17:18:47	Thu
McCormick Park	03078db76ab4c2700c9e7d804aee5835a68507ea	46.871350	-114.001560	1746724733	2025-05-08	17:18:53	Thu
McCormick Park	41809b618c833a898cff30bcc0ae4fd8423d2b5e	46.870970	-114.003530	1746744755	2025-05-08	22:52:35	Thu
McCormick Park	41809b618c833a898cff30bcc0ae4fd8423d2b5e	46.870970	-114.003530	1746744769	2025-05-08	22:52:49	Thu
McCormick Park	095ef52ee7c27d86cb73f4b10ec8ecfb553a23ce	46.872060	-114.004210	1746673220	2025-05-08	03:00:20	Thu
McCormick Park	095ef52ee7c27d86cb73f4b10ec8ecfb553a23ce	46.872050	-114.004280	1746673231	2025-05-08	03:00:31	Thu
McCormick Park	7a686bd0826ac9239e2e7df51256d9abcd2884ae	46.872950	-114.005500	1746748471	2025-05-08	23:54:31	Thu
McCormick Park	7a686bd0826ac9239e2e7df51256d9abcd2884ae	46.872950	-114.005500	1746748477	2025-05-08	23:54:37	Thu
McCormick Park	7a686bd0826ac9239e2e7df51256d9abcd2884ae	46.872980	-114.005500	1746748477	2025-05-08	23:54:37	Thu
McCormick Park	7a686bd0826ac9239e2e7df51256d9abcd2884ae	46.872970	-114.005500	1746748478	2025-05-08	23:54:38	Thu
McCormick Park	217c700354be203d43cd3fe699fba9ecf3ade847	46.871590	-114.004980	1746668205	2025-05-08	01:36:45	Thu
McCormick Park	c1cbc54da7a39b534d122ba4cae9eff071c5e683	46.871500	-114.001760	1746725058	2025-05-08	17:24:18	Thu
McCormick Park	c1cbc54da7a39b534d122ba4cae9eff071c5e683	46.871500	-114.001500	1746725065	2025-05-08	17:24:25	Thu
McCormick Park	c1cbc54da7a39b534d122ba4cae9eff071c5e683	46.871540	-114.001530	1746725068	2025-05-08	17:24:28	Thu
McCormick Park	22c1d4f3231a3bf94705580a5eb9b7426e1b6f32	46.871480	-114.005470	1746722617	2025-05-08	16:43:37	Thu
McCormick Park	08ddef472821ab9ab1b05c1217897fc5413fde07	46.871420	-114.001530	1746739038	2025-05-08	21:17:18	Thu
McCormick Park	3e72bc03b161264f783e6ec09e0b465caba67b99	46.871230	-114.001810	1746668384	2025-05-08	01:39:44	Thu
McCormick Park	3e72bc03b161264f783e6ec09e0b465caba67b99	46.871240	-114.001870	1746668380	2025-05-08	01:39:40	Thu
McCormick Park	274aadb1bc9233fa7b83de02d9756d9560c40b3e	46.873090	-114.003120	1746686922	2025-05-08	06:48:42	Thu
McCormick Park	274aadb1bc9233fa7b83de02d9756d9560c40b3e	46.873380	-114.003450	1746686927	2025-05-08	06:48:47	Thu
McCormick Park	274aadb1bc9233fa7b83de02d9756d9560c40b3e	46.873310	-114.003120	1746686933	2025-05-08	06:48:53	Thu
McCormick Park	763191769798ad8330434bdc3ec98c60c778da33	46.871290	-114.004650	1746673765	2025-05-08	03:09:25	Thu
McCormick Park	5aec4abdb6bfb3b3f1e114691e29af9c5b944fc6	46.873211	-114.004913	1746675837	2025-05-08	03:43:57	Thu
McCormick Park	e6c6f92601d9900422e28abfd118b431f565d3e5	46.872772	-114.004530	1745692119	2025-04-26	18:28:39	Sat
McCormick Park	e6c6f92601d9900422e28abfd118b431f565d3e5	46.872797	-114.004550	1745692130	2025-04-26	18:28:50	Sat
McCormick Park	e6c6f92601d9900422e28abfd118b431f565d3e5	46.872786	-114.004570	1745692133	2025-04-26	18:28:53	Sat
McCormick Park	e6c6f92601d9900422e28abfd118b431f565d3e5	46.872658	-114.004910	1745692172	2025-04-26	18:29:32	Sat
McCormick Park	e6c6f92601d9900422e28abfd118b431f565d3e5	46.872633	-114.004950	1745692173	2025-04-26	18:29:33	Sat
McCormick Park	e6c6f92601d9900422e28abfd118b431f565d3e5	46.872642	-114.004940	1745692217	2025-04-26	18:30:17	Sat
McCormick Park	e6c6f92601d9900422e28abfd118b431f565d3e5	46.872658	-114.004910	1745692219	2025-04-26	18:30:19	Sat
McCormick Park	e6c6f92601d9900422e28abfd118b431f565d3e5	46.872686	-114.004950	1745692268	2025-04-26	18:31:08	Sat
McCormick Park	e6c6f92601d9900422e28abfd118b431f565d3e5	46.872658	-114.004910	1745692310	2025-04-26	18:31:50	Sat
McCormick Park	e6c6f92601d9900422e28abfd118b431f565d3e5	46.872602	-114.004920	1745692314	2025-04-26	18:31:54	Sat
McCormick Park	e6c6f92601d9900422e28abfd118b431f565d3e5	46.872796	-114.005029	1745692355	2025-04-26	18:32:35	Sat
McCormick Park	e6c6f92601d9900422e28abfd118b431f565d3e5	46.872758	-114.005012	1745692356	2025-04-26	18:32:36	Sat
McCormick Park	e6c6f92601d9900422e28abfd118b431f565d3e5	46.872750	-114.004500	1745692121	2025-04-26	18:28:41	Sat
McCormick Park	e6c6f92601d9900422e28abfd118b431f565d3e5	46.872730	-114.004540	1745692123	2025-04-26	18:28:43	Sat
McCormick Park	e6c6f92601d9900422e28abfd118b431f565d3e5	46.872620	-114.004900	1745692177	2025-04-26	18:29:37	Sat
McCormick Park	e6c6f92601d9900422e28abfd118b431f565d3e5	46.872650	-114.004980	1745692214	2025-04-26	18:30:14	Sat
McCormick Park	e6c6f92601d9900422e28abfd118b431f565d3e5	46.872670	-114.004900	1745692261	2025-04-26	18:31:01	Sat
McCormick Park	e6c6f92601d9900422e28abfd118b431f565d3e5	46.872670	-114.004930	1745692300	2025-04-26	18:31:40	Sat
McCormick Park	e6c6f92601d9900422e28abfd118b431f565d3e5	46.872760	-114.005080	1745692357	2025-04-26	18:32:37	Sat
McCormick Park	09f8b1b9a50a3e8ee14108cd8afb048293247c9f	46.873050	-114.005350	1745692783	2025-04-26	18:39:43	Sat
McCormick Park	09f8b1b9a50a3e8ee14108cd8afb048293247c9f	46.873090	-114.005310	1745692789	2025-04-26	18:39:49	Sat
McCormick Park	09f8b1b9a50a3e8ee14108cd8afb048293247c9f	46.873050	-114.005320	1745692788	2025-04-26	18:39:48	Sat
McCormick Park	3e89bb5086fa067703f04a313ddbbbc6b00ed686	46.871160	-114.001784	1745682919	2025-04-26	15:55:19	Sat
McCormick Park	ff8eb9f775f635bec171aaea40d94519cd5b9f19	46.872284	-114.003610	1745677863	2025-04-26	14:31:03	Sat
McCormick Park	ff8eb9f775f635bec171aaea40d94519cd5b9f19	46.872223	-114.003630	1745677869	2025-04-26	14:31:09	Sat
McCormick Park	ff8eb9f775f635bec171aaea40d94519cd5b9f19	46.872236	-114.003683	1745677917	2025-04-26	14:31:57	Sat
McCormick Park	ff8eb9f775f635bec171aaea40d94519cd5b9f19	46.872226	-114.003645	1745677919	2025-04-26	14:31:59	Sat
McCormick Park	ff8eb9f775f635bec171aaea40d94519cd5b9f19	46.872231	-114.003653	1745677928	2025-04-26	14:32:08	Sat
McCormick Park	ff8eb9f775f635bec171aaea40d94519cd5b9f19	46.872351	-114.006335	1745678650	2025-04-26	14:44:10	Sat
McCormick Park	ff8eb9f775f635bec171aaea40d94519cd5b9f19	46.872376	-114.006331	1745678657	2025-04-26	14:44:17	Sat
McCormick Park	ff8eb9f775f635bec171aaea40d94519cd5b9f19	46.872461	-114.006224	1745679993	2025-04-26	15:06:33	Sat
McCormick Park	ff8eb9f775f635bec171aaea40d94519cd5b9f19	46.872426	-114.006262	1745679994	2025-04-26	15:06:34	Sat
McCormick Park	ff8eb9f775f635bec171aaea40d94519cd5b9f19	46.874205	-114.005100	1745683331	2025-04-26	16:02:11	Sat
McCormick Park	ff8eb9f775f635bec171aaea40d94519cd5b9f19	46.874269	-114.005120	1745683338	2025-04-26	16:02:18	Sat
McCormick Park	ff8eb9f775f635bec171aaea40d94519cd5b9f19	46.872240	-114.003630	1745677875	2025-04-26	14:31:15	Sat
McCormick Park	ff8eb9f775f635bec171aaea40d94519cd5b9f19	46.872260	-114.003610	1745677910	2025-04-26	14:31:50	Sat
McCormick Park	ff8eb9f775f635bec171aaea40d94519cd5b9f19	46.872220	-114.003640	1745677924	2025-04-26	14:32:04	Sat
McCormick Park	ff8eb9f775f635bec171aaea40d94519cd5b9f19	46.872320	-114.006350	1745678656	2025-04-26	14:44:16	Sat
McCormick Park	ff8eb9f775f635bec171aaea40d94519cd5b9f19	46.872450	-114.006280	1745679998	2025-04-26	15:06:38	Sat
McCormick Park	ff8eb9f775f635bec171aaea40d94519cd5b9f19	46.874250	-114.005120	1745683338	2025-04-26	16:02:18	Sat
McCormick Park	bc55ce9ad6a64fbecc45db9ac5744f13ecbb7711	46.871879	-114.005297	1745693079	2025-04-26	18:44:39	Sat
McCormick Park	bc55ce9ad6a64fbecc45db9ac5744f13ecbb7711	46.871880	-114.005240	1745693077	2025-04-26	18:44:37	Sat
McCormick Park	eb70c17b91f702f1279712565eece5176d60563c	46.872825	-114.004810	1745710465	2025-04-26	23:34:25	Sat
McCormick Park	eb70c17b91f702f1279712565eece5176d60563c	46.872727	-114.004865	1745710484	2025-04-26	23:34:44	Sat
McCormick Park	b3288a2999381a6d54f39a6112e187f65c47e6c8	46.873176	-114.005352	1745681860	2025-04-26	15:37:40	Sat
McCormick Park	b3288a2999381a6d54f39a6112e187f65c47e6c8	46.873134	-114.005374	1745681865	2025-04-26	15:37:45	Sat
McCormick Park	b3288a2999381a6d54f39a6112e187f65c47e6c8	46.873126	-114.005370	1745683113	2025-04-26	15:58:33	Sat
McCormick Park	b3288a2999381a6d54f39a6112e187f65c47e6c8	46.873114	-114.005380	1745683115	2025-04-26	15:58:35	Sat
McCormick Park	b3288a2999381a6d54f39a6112e187f65c47e6c8	46.873170	-114.005360	1745681860	2025-04-26	15:37:40	Sat
McCormick Park	b96c8111b2cc05ff9514e24b8c0beb46c052e22a	46.871274	-114.002834	1745634911	2025-04-26	02:35:11	Sat
McCormick Park	b96c8111b2cc05ff9514e24b8c0beb46c052e22a	46.871269	-114.002821	1745634915	2025-04-26	02:35:15	Sat
McCormick Park	b96c8111b2cc05ff9514e24b8c0beb46c052e22a	46.871255	-114.002830	1745634972	2025-04-26	02:36:12	Sat
McCormick Park	b96c8111b2cc05ff9514e24b8c0beb46c052e22a	46.871269	-114.002821	1745634979	2025-04-26	02:36:19	Sat
McCormick Park	b96c8111b2cc05ff9514e24b8c0beb46c052e22a	46.871487	-114.001878	1745635210	2025-04-26	02:40:10	Sat
McCormick Park	b96c8111b2cc05ff9514e24b8c0beb46c052e22a	46.871449	-114.001873	1745635218	2025-04-26	02:40:18	Sat
McCormick Park	b96c8111b2cc05ff9514e24b8c0beb46c052e22a	46.871457	-114.001855	1745635278	2025-04-26	02:41:18	Sat
McCormick Park	b96c8111b2cc05ff9514e24b8c0beb46c052e22a	46.871449	-114.001873	1745635278	2025-04-26	02:41:18	Sat
McCormick Park	b96c8111b2cc05ff9514e24b8c0beb46c052e22a	46.871214	-114.002845	1745643020	2025-04-26	04:50:20	Sat
McCormick Park	b96c8111b2cc05ff9514e24b8c0beb46c052e22a	46.871226	-114.002802	1745643024	2025-04-26	04:50:24	Sat
McCormick Park	b96c8111b2cc05ff9514e24b8c0beb46c052e22a	46.871238	-114.002874	1745643106	2025-04-26	04:51:46	Sat
McCormick Park	b96c8111b2cc05ff9514e24b8c0beb46c052e22a	46.871273	-114.002832	1745643108	2025-04-26	04:51:48	Sat
McCormick Park	b96c8111b2cc05ff9514e24b8c0beb46c052e22a	46.871230	-114.002820	1745634918	2025-04-26	02:35:18	Sat
McCormick Park	b96c8111b2cc05ff9514e24b8c0beb46c052e22a	46.871260	-114.002840	1745634973	2025-04-26	02:36:13	Sat
McCormick Park	b96c8111b2cc05ff9514e24b8c0beb46c052e22a	46.871410	-114.001820	1745635218	2025-04-26	02:40:18	Sat
McCormick Park	b96c8111b2cc05ff9514e24b8c0beb46c052e22a	46.871420	-114.001840	1745635277	2025-04-26	02:41:17	Sat
McCormick Park	b96c8111b2cc05ff9514e24b8c0beb46c052e22a	46.871220	-114.002820	1745643018	2025-04-26	04:50:18	Sat
McCormick Park	b96c8111b2cc05ff9514e24b8c0beb46c052e22a	46.871240	-114.002850	1745643027	2025-04-26	04:50:27	Sat
McCormick Park	b96c8111b2cc05ff9514e24b8c0beb46c052e22a	46.871280	-114.002810	1745643107	2025-04-26	04:51:47	Sat
McCormick Park	b96c8111b2cc05ff9514e24b8c0beb46c052e22a	46.871270	-114.002820	1745634915	2025-04-26	02:35:15	Sat
McCormick Park	b96c8111b2cc05ff9514e24b8c0beb46c052e22a	46.871254	-114.002830	1745634972	2025-04-26	02:36:12	Sat
McCormick Park	b96c8111b2cc05ff9514e24b8c0beb46c052e22a	46.871212	-114.002846	1745643020	2025-04-26	04:50:20	Sat
McCormick Park	7e3ad5008476da78f12ab2b1bc40c0022a1541dd	46.872760	-114.004880	1745675557	2025-04-26	13:52:37	Sat
McCormick Park	9367bf275bb9bd2b309acc0e2390104c4c110867	46.872750	-114.004850	1745690577	2025-04-26	18:02:57	Sat
McCormick Park	da671d134cae6c06b01512557081f03e44e83cef	46.872893	-114.005287	1745683449	2025-04-26	16:04:09	Sat
McCormick Park	9871a322b94b27e2de686181490c657ab12d212b	46.871380	-114.003170	1745632514	2025-04-26	01:55:14	Sat
McCormick Park	9871a322b94b27e2de686181490c657ab12d212b	46.871377	-114.003174	1745639062	2025-04-26	03:44:22	Sat
McCormick Park	9871a322b94b27e2de686181490c657ab12d212b	46.871331	-114.003173	1745708208	2025-04-26	22:56:48	Sat
McCormick Park	9871a322b94b27e2de686181490c657ab12d212b	46.871340	-114.003110	1745708233	2025-04-26	22:57:13	Sat
McCormick Park	9871a322b94b27e2de686181490c657ab12d212b	46.871367	-114.003150	1745708394	2025-04-26	22:59:54	Sat
McCormick Park	9871a322b94b27e2de686181490c657ab12d212b	46.871350	-114.003170	1745708697	2025-04-26	23:04:57	Sat
McCormick Park	9871a322b94b27e2de686181490c657ab12d212b	46.871360	-114.003150	1745708753	2025-04-26	23:05:53	Sat
McCormick Park	9871a322b94b27e2de686181490c657ab12d212b	46.871370	-114.003120	1745708870	2025-04-26	23:07:50	Sat
McCormick Park	9871a322b94b27e2de686181490c657ab12d212b	46.871350	-114.003120	1745708878	2025-04-26	23:07:58	Sat
McCormick Park	9871a322b94b27e2de686181490c657ab12d212b	46.871340	-114.003180	1745708911	2025-04-26	23:08:31	Sat
McCormick Park	9871a322b94b27e2de686181490c657ab12d212b	46.871350	-114.003110	1745708971	2025-04-26	23:09:31	Sat
McCormick Park	9871a322b94b27e2de686181490c657ab12d212b	46.871370	-114.003130	1745632515	2025-04-26	01:55:15	Sat
McCormick Park	9871a322b94b27e2de686181490c657ab12d212b	46.871370	-114.003180	1745639062	2025-04-26	03:44:22	Sat
McCormick Park	9871a322b94b27e2de686181490c657ab12d212b	46.871320	-114.003110	1745708201	2025-04-26	22:56:41	Sat
McCormick Park	9871a322b94b27e2de686181490c657ab12d212b	46.871330	-114.003180	1745708208	2025-04-26	22:56:48	Sat
McCormick Park	9871a322b94b27e2de686181490c657ab12d212b	46.871370	-114.003130	1745708397	2025-04-26	22:59:57	Sat
McCormick Park	9871a322b94b27e2de686181490c657ab12d212b	46.871300	-114.003110	1745708751	2025-04-26	23:05:51	Sat
McCormick Park	9871a322b94b27e2de686181490c657ab12d212b	46.871310	-114.003100	1745708876	2025-04-26	23:07:56	Sat
McCormick Park	b663fa5402ed2dd6811c2b68d6a14d4ca59d0060	46.871160	-114.004020	1745635923	2025-04-26	02:52:03	Sat
McCormick Park	b663fa5402ed2dd6811c2b68d6a14d4ca59d0060	46.871180	-114.004080	1745635928	2025-04-26	02:52:08	Sat
McCormick Park	f958e32b091164e9ab5d69d60c9c602e2648e083	46.872588	-114.004568	1745628920	2025-04-26	00:55:20	Sat
McCormick Park	f958e32b091164e9ab5d69d60c9c602e2648e083	46.872605	-114.003435	1745635618	2025-04-26	02:46:58	Sat
McCormick Park	f958e32b091164e9ab5d69d60c9c602e2648e083	46.872605	-114.003435	1745636051	2025-04-26	02:54:11	Sat
McCormick Park	aa758dcff8fefcba501ba487747af2a19776c80f	46.871850	-114.002750	1745647450	2025-04-26	06:04:10	Sat
McCormick Park	aa758dcff8fefcba501ba487747af2a19776c80f	46.871850	-114.002730	1745647453	2025-04-26	06:04:13	Sat
McCormick Park	aa758dcff8fefcba501ba487747af2a19776c80f	46.871830	-114.002710	1745647456	2025-04-26	06:04:16	Sat
McCormick Park	aa758dcff8fefcba501ba487747af2a19776c80f	46.871880	-114.002700	1745647455	2025-04-26	06:04:15	Sat
McCormick Park	aa758dcff8fefcba501ba487747af2a19776c80f	46.871820	-114.002760	1745647456	2025-04-26	06:04:16	Sat
McCormick Park	dc8f4af14c5600bd66b350f7fb0800495d6bd168	46.872860	-114.005151	1745679791	2025-04-26	15:03:11	Sat
McCormick Park	dc8f4af14c5600bd66b350f7fb0800495d6bd168	46.872860	-114.005160	1745679791	2025-04-26	15:03:11	Sat
McCormick Park	7d11200886dd670d61e54fba6008ae776e09aee0	46.872162	-114.004902	1745704211	2025-04-26	21:50:11	Sat
McCormick Park	7d11200886dd670d61e54fba6008ae776e09aee0	46.872186	-114.004970	1745704213	2025-04-26	21:50:13	Sat
McCormick Park	7d11200886dd670d61e54fba6008ae776e09aee0	46.872160	-114.004910	1745704211	2025-04-26	21:50:11	Sat
McCormick Park	7d11200886dd670d61e54fba6008ae776e09aee0	46.872120	-114.004940	1745704216	2025-04-26	21:50:16	Sat
McCormick Park	72e84b37f40c4517d0edb57e76efd30d1d8ddb52	46.872404	-114.004048	1745701667	2025-04-26	21:07:47	Sat
McCormick Park	72e84b37f40c4517d0edb57e76efd30d1d8ddb52	46.872406	-114.003400	1745701730	2025-04-26	21:08:50	Sat
McCormick Park	72e84b37f40c4517d0edb57e76efd30d1d8ddb52	46.872424	-114.003400	1745701731	2025-04-26	21:08:51	Sat
McCormick Park	72e84b37f40c4517d0edb57e76efd30d1d8ddb52	46.873918	-114.004550	1745702255	2025-04-26	21:17:35	Sat
McCormick Park	72e84b37f40c4517d0edb57e76efd30d1d8ddb52	46.872440	-114.004010	1745701664	2025-04-26	21:07:44	Sat
McCormick Park	72e84b37f40c4517d0edb57e76efd30d1d8ddb52	46.872450	-114.003400	1745701720	2025-04-26	21:08:40	Sat
McCormick Park	72e84b37f40c4517d0edb57e76efd30d1d8ddb52	46.872420	-114.003400	1745701728	2025-04-26	21:08:48	Sat
McCormick Park	72e84b37f40c4517d0edb57e76efd30d1d8ddb52	46.873950	-114.004580	1745702250	2025-04-26	21:17:30	Sat
McCormick Park	72e84b37f40c4517d0edb57e76efd30d1d8ddb52	46.872400	-114.004050	1745701667	2025-04-26	21:07:47	Sat
McCormick Park	72e84b37f40c4517d0edb57e76efd30d1d8ddb52	46.872400	-114.003400	1745701730	2025-04-26	21:08:50	Sat
McCormick Park	f47c151d1776c669db5e30cd3a666ca7aef4d24b	46.871305	-114.003100	1745634683	2025-04-26	02:31:23	Sat
McCormick Park	f47c151d1776c669db5e30cd3a666ca7aef4d24b	46.871328	-114.003100	1745634685	2025-04-26	02:31:25	Sat
McCormick Park	f47c151d1776c669db5e30cd3a666ca7aef4d24b	46.871380	-114.003100	1745634687	2025-04-26	02:31:27	Sat
McCormick Park	f47c151d1776c669db5e30cd3a666ca7aef4d24b	46.871328	-114.003100	1745634687	2025-04-26	02:31:27	Sat
McCormick Park	f47c151d1776c669db5e30cd3a666ca7aef4d24b	46.871360	-114.003100	1745634682	2025-04-26	02:31:22	Sat
McCormick Park	f47c151d1776c669db5e30cd3a666ca7aef4d24b	46.871330	-114.003100	1745634684	2025-04-26	02:31:24	Sat
McCormick Park	f47c151d1776c669db5e30cd3a666ca7aef4d24b	46.871300	-114.003100	1745634684	2025-04-26	02:31:24	Sat
McCormick Park	f47c151d1776c669db5e30cd3a666ca7aef4d24b	46.871310	-114.003100	1745634687	2025-04-26	02:31:27	Sat
McCormick Park	f47c151d1776c669db5e30cd3a666ca7aef4d24b	46.871320	-114.003100	1745634687	2025-04-26	02:31:27	Sat
McCormick Park	f59a72e988ce77ccdb725ae36b0bb9e2b7d6fa60	46.871350	-114.003100	1745626973	2025-04-26	00:22:53	Sat
McCormick Park	f59a72e988ce77ccdb725ae36b0bb9e2b7d6fa60	46.871300	-114.003160	1745626977	2025-04-26	00:22:57	Sat
McCormick Park	f59a72e988ce77ccdb725ae36b0bb9e2b7d6fa60	46.871320	-114.003100	1745627073	2025-04-26	00:24:33	Sat
McCormick Park	f59a72e988ce77ccdb725ae36b0bb9e2b7d6fa60	46.871370	-114.003170	1745627077	2025-04-26	00:24:37	Sat
McCormick Park	f59a72e988ce77ccdb725ae36b0bb9e2b7d6fa60	46.871320	-114.003100	1745626971	2025-04-26	00:22:51	Sat
McCormick Park	f59a72e988ce77ccdb725ae36b0bb9e2b7d6fa60	46.871300	-114.003130	1745626974	2025-04-26	00:22:54	Sat
McCormick Park	566c4df8338e2e71bbd07989bc5f74d89f8114dd	46.872320	-114.002070	1745691382	2025-04-26	18:16:22	Sat
McCormick Park	566c4df8338e2e71bbd07989bc5f74d89f8114dd	46.872350	-114.002040	1745691385	2025-04-26	18:16:25	Sat
McCormick Park	7d704010c9ad75b7319decf5945d9d81cb5faeb8	46.871381	-114.003150	1745644120	2025-04-26	05:08:40	Sat
McCormick Park	7d704010c9ad75b7319decf5945d9d81cb5faeb8	46.871352	-114.003141	1745644123	2025-04-26	05:08:43	Sat
McCormick Park	7d704010c9ad75b7319decf5945d9d81cb5faeb8	46.871346	-114.003151	1745644127	2025-04-26	05:08:47	Sat
McCormick Park	7d704010c9ad75b7319decf5945d9d81cb5faeb8	46.871343	-114.003123	1745644133	2025-04-26	05:08:53	Sat
McCormick Park	7d704010c9ad75b7319decf5945d9d81cb5faeb8	46.871337	-114.003161	1745644137	2025-04-26	05:08:57	Sat
McCormick Park	7d704010c9ad75b7319decf5945d9d81cb5faeb8	46.871346	-114.003151	1745648784	2025-04-26	06:26:24	Sat
McCormick Park	7d704010c9ad75b7319decf5945d9d81cb5faeb8	46.871322	-114.003128	1745648787	2025-04-26	06:26:27	Sat
McCormick Park	7d704010c9ad75b7319decf5945d9d81cb5faeb8	46.871307	-114.003130	1745649196	2025-04-26	06:33:16	Sat
McCormick Park	7d704010c9ad75b7319decf5945d9d81cb5faeb8	46.871346	-114.003151	1745649202	2025-04-26	06:33:22	Sat
McCormick Park	7d704010c9ad75b7319decf5945d9d81cb5faeb8	46.871374	-114.003164	1745649207	2025-04-26	06:33:27	Sat
McCormick Park	7d704010c9ad75b7319decf5945d9d81cb5faeb8	46.871340	-114.003130	1745644120	2025-04-26	05:08:40	Sat
McCormick Park	7d704010c9ad75b7319decf5945d9d81cb5faeb8	46.871350	-114.003140	1745644123	2025-04-26	05:08:43	Sat
McCormick Park	7d704010c9ad75b7319decf5945d9d81cb5faeb8	46.871380	-114.003110	1745644138	2025-04-26	05:08:58	Sat
McCormick Park	7d704010c9ad75b7319decf5945d9d81cb5faeb8	46.871340	-114.003160	1745648784	2025-04-26	06:26:24	Sat
McCormick Park	7d704010c9ad75b7319decf5945d9d81cb5faeb8	46.871350	-114.003180	1745649194	2025-04-26	06:33:14	Sat
McCormick Park	7d704010c9ad75b7319decf5945d9d81cb5faeb8	46.871320	-114.003120	1745649201	2025-04-26	06:33:21	Sat
McCormick Park	7d704010c9ad75b7319decf5945d9d81cb5faeb8	46.871340	-114.003160	1745644127	2025-04-26	05:08:47	Sat
McCormick Park	7d704010c9ad75b7319decf5945d9d81cb5faeb8	46.871330	-114.003170	1745644137	2025-04-26	05:08:57	Sat
McCormick Park	a07ad50ccf17cea83da534df110e4ac428c3c4e2	46.871470	-114.005380	1745644794	2025-04-26	05:19:54	Sat
McCormick Park	7e7ddd5ad944212a51eb9258989603a30feb6301	46.870857	-114.002387	1745711503	2025-04-26	23:51:43	Sat
McCormick Park	e9a6b3dde5d823559aae9b15b4dc37047ca43ddf	46.870888	-114.003327	1745642922	2025-04-26	04:48:42	Sat
McCormick Park	b8be0d24d9dc8a7abee09fadd8bfc044c55db79a	46.871420	-114.001510	1748741217	2025-06-01	01:26:57	Sun
McCormick Park	8bb529e9db8522e1bf8e9631bd68f68d68cbff44	46.872750	-114.004320	1748813664	2025-06-01	21:34:24	Sun
McCormick Park	8bb529e9db8522e1bf8e9631bd68f68d68cbff44	46.872600	-114.004770	1748813764	2025-06-01	21:36:04	Sun
McCormick Park	30420db5c62637a5be27be0a0c19440cd7b118ab	46.872410	-114.002500	1748751017	2025-06-01	04:10:17	Sun
McCormick Park	487e142510aa6920c93e1cfae5d4397273e0f40d	46.871040	-114.002300	1748793555	2025-06-01	15:59:15	Sun
McCormick Park	f81285e466b36e444c6535868363472d264e3d2a	46.872660	-114.005300	1748737365	2025-06-01	00:22:45	Sun
McCormick Park	f81285e466b36e444c6535868363472d264e3d2a	46.872600	-114.005300	1748737364	2025-06-01	00:22:44	Sun
McCormick Park	f81285e466b36e444c6535868363472d264e3d2a	46.872630	-114.005430	1748737150	2025-06-01	00:19:10	Sun
McCormick Park	f81285e466b36e444c6535868363472d264e3d2a	46.872920	-114.005460	1748737263	2025-06-01	00:21:03	Sun
McCormick Park	f81285e466b36e444c6535868363472d264e3d2a	46.872980	-114.005470	1748737328	2025-06-01	00:22:08	Sun
McCormick Park	f81285e466b36e444c6535868363472d264e3d2a	46.872970	-114.005590	1748737335	2025-06-01	00:22:15	Sun
McCormick Park	1bb122956bb98f56816d284e9815e9abf00677ed	46.872510	-114.002730	1748811363	2025-06-01	20:56:03	Sun
McCormick Park	3b0e57b4181cd78bb4484090a14492578a8b7cca	46.871280	-114.004260	1748743736	2025-06-01	02:08:56	Sun
McCormick Park	3b0e57b4181cd78bb4484090a14492578a8b7cca	46.871260	-114.004260	1748743741	2025-06-01	02:09:01	Sun
McCormick Park	54368a7b464aa12d66faabb723872a23acc9f512	46.872400	-114.004650	1748751476	2025-06-01	04:17:56	Sun
McCormick Park	54368a7b464aa12d66faabb723872a23acc9f512	46.872720	-114.004560	1748751483	2025-06-01	04:18:03	Sun
McCormick Park	54368a7b464aa12d66faabb723872a23acc9f512	46.872420	-114.004370	1748751493	2025-06-01	04:18:13	Sun
McCormick Park	54368a7b464aa12d66faabb723872a23acc9f512	46.872430	-114.004310	1748751498	2025-06-01	04:18:18	Sun
McCormick Park	ef615e305e9ace92792d3a207e38f614167f1214	46.872950	-114.005200	1748810060	2025-06-01	20:34:20	Sun
McCormick Park	e369d0d7d17497bfd46ac1cb3ffa0429bd1117a8	46.871180	-114.001780	1748742194	2025-06-01	01:43:14	Sun
McCormick Park	160a45d5127d51e358f817bd3d31a93efadf4f81	46.871390	-114.004750	1748810233	2025-06-01	20:37:13	Sun
McCormick Park	1739134cb2a0e66ab3a3b98790739fb63524241b	46.872465	-114.004289	1748822315	2025-06-01	23:58:35	Sun
McCormick Park	7d7930793e4f4da7f55e0cc71508d64a27271f6a	46.871203	-114.003100	1748814194	2025-06-01	21:43:14	Sun
McCormick Park	7d7930793e4f4da7f55e0cc71508d64a27271f6a	46.871262	-114.003143	1748814195	2025-06-01	21:43:15	Sun
McCormick Park	7d7930793e4f4da7f55e0cc71508d64a27271f6a	46.871260	-114.003147	1748814195	2025-06-01	21:43:15	Sun
McCormick Park	7d7930793e4f4da7f55e0cc71508d64a27271f6a	46.871227	-114.003166	1748814197	2025-06-01	21:43:17	Sun
McCormick Park	7d7930793e4f4da7f55e0cc71508d64a27271f6a	46.871260	-114.003150	1748814195	2025-06-01	21:43:15	Sun
McCormick Park	6423e89668d8e41b637558eae9d5e5e877ac7daa	46.871750	-114.005920	1748791935	2025-06-01	15:32:15	Sun
McCormick Park	7f44aa2539e381337c4574b1db8d100583a61068	46.873440	-114.005110	1748792819	2025-06-01	15:46:59	Sun
McCormick Park	7f44aa2539e381337c4574b1db8d100583a61068	46.873380	-114.004650	1748792790	2025-06-01	15:46:30	Sun
McCormick Park	d173785e9c65c803e607611a853619ed5baa3747	46.872080	-114.002270	1748792614	2025-06-01	15:43:34	Sun
McCormick Park	d870500e8b866bec88b1c07aa58eb637ecd5d44c	46.870770	-114.002900	1748822086	2025-06-01	23:54:46	Sun
McCormick Park	d870500e8b866bec88b1c07aa58eb637ecd5d44c	46.870710	-114.002900	1748822083	2025-06-01	23:54:43	Sun
McCormick Park	3cfd0bf2ec578511dd3fe7fb4b51b3e40770a62b	46.871420	-114.001440	1748802308	2025-06-01	18:25:08	Sun
McCormick Park	a394df515f407ae83790355e3ad70826a755ffca	46.870770	-114.002480	1748801244	2025-06-01	18:07:24	Sun
McCormick Park	221ce9dc669eff6e64f8a89b817d21ccf5f852d1	46.870800	-114.002650	1748753508	2025-06-01	04:51:48	Sun
McCormick Park	0581c687b9791062739d28efb25bba94d45bbc65	46.870830	-114.002380	1748783558	2025-06-01	13:12:38	Sun
McCormick Park	304034145ad83ab9b57f7ea7329920a722ae518e	46.871340	-114.004060	1748810564	2025-06-01	20:42:44	Sun
McCormick Park	cf7804c4d998af590962ed24ed2dd65d2371c6ba	46.870720	-114.002800	1748751418	2025-06-01	04:16:58	Sun
McCormick Park	009bb047c8083095ed146c947e1af066d0e8b85f	46.872430	-114.002130	1748820783	2025-06-01	23:33:03	Sun
McCormick Park	009bb047c8083095ed146c947e1af066d0e8b85f	46.872400	-114.002100	1748820787	2025-06-01	23:33:07	Sun
McCormick Park	009bb047c8083095ed146c947e1af066d0e8b85f	46.872470	-114.002160	1748820834	2025-06-01	23:33:54	Sun
McCormick Park	009bb047c8083095ed146c947e1af066d0e8b85f	46.872540	-114.004990	1748819039	2025-06-01	23:03:59	Sun
McCormick Park	009bb047c8083095ed146c947e1af066d0e8b85f	46.870780	-114.002860	1748820463	2025-06-01	23:27:43	Sun
McCormick Park	009bb047c8083095ed146c947e1af066d0e8b85f	46.872400	-114.002180	1748820788	2025-06-01	23:33:08	Sun
McCormick Park	02a86a6b2927316f8484c85952f416812a16aed1	46.873070	-114.004960	1748804737	2025-06-01	19:05:37	Sun
McCormick Park	02a86a6b2927316f8484c85952f416812a16aed1	46.873050	-114.004920	1748804741	2025-06-01	19:05:41	Sun
McCormick Park	02a86a6b2927316f8484c85952f416812a16aed1	46.872770	-114.004900	1748804825	2025-06-01	19:07:05	Sun
McCormick Park	02a86a6b2927316f8484c85952f416812a16aed1	46.872800	-114.005280	1748814691	2025-06-01	21:51:31	Sun
McCormick Park	02a86a6b2927316f8484c85952f416812a16aed1	46.872800	-114.005270	1748814704	2025-06-01	21:51:44	Sun
McCormick Park	02a86a6b2927316f8484c85952f416812a16aed1	46.872850	-114.004760	1748804632	2025-06-01	19:03:52	Sun
McCormick Park	02a86a6b2927316f8484c85952f416812a16aed1	46.872840	-114.004700	1748804687	2025-06-01	19:04:47	Sun
McCormick Park	02a86a6b2927316f8484c85952f416812a16aed1	46.872750	-114.004920	1748804690	2025-06-01	19:04:50	Sun
McCormick Park	02a86a6b2927316f8484c85952f416812a16aed1	46.871600	-114.005050	1748804925	2025-06-01	19:08:45	Sun
McCormick Park	d03d65e60d85e985a12e1944c24dca44451ce9a7	46.872060	-114.005100	1748816461	2025-06-01	22:21:01	Sun
McCormick Park	d03d65e60d85e985a12e1944c24dca44451ce9a7	46.871840	-114.004700	1748821395	2025-06-01	23:43:15	Sun
McCormick Park	d03d65e60d85e985a12e1944c24dca44451ce9a7	46.872060	-114.005320	1748816648	2025-06-01	22:24:08	Sun
McCormick Park	d03d65e60d85e985a12e1944c24dca44451ce9a7	46.872280	-114.005700	1748816664	2025-06-01	22:24:24	Sun
McCormick Park	d03d65e60d85e985a12e1944c24dca44451ce9a7	46.871830	-114.004960	1748821404	2025-06-01	23:43:24	Sun
McCormick Park	53b35ec3d73f72383ebb53a34f67463c977ceb92	46.873070	-114.005910	1748743507	2025-06-01	02:05:07	Sun
McCormick Park	53b35ec3d73f72383ebb53a34f67463c977ceb92	46.873020	-114.005970	1748743516	2025-06-01	02:05:16	Sun
McCormick Park	8a3188f0c9af5ca5eeeedbb0818faebdd0a6e661	46.872380	-114.005080	1748808710	2025-06-01	20:11:50	Sun
McCormick Park	8a3188f0c9af5ca5eeeedbb0818faebdd0a6e661	46.872660	-114.005100	1748808682	2025-06-01	20:11:22	Sun
McCormick Park	8a3188f0c9af5ca5eeeedbb0818faebdd0a6e661	46.871920	-114.005040	1748808730	2025-06-01	20:12:10	Sun
McCormick Park	3ecfcb611bf5b792a7aef94ba68870c24754e0b9	46.871070	-114.003020	1748741242	2025-06-01	01:27:22	Sun
McCormick Park	3ecfcb611bf5b792a7aef94ba68870c24754e0b9	46.871030	-114.003300	1748741509	2025-06-01	01:31:49	Sun
McCormick Park	65022cfcca781e87a0bfa65d66ef079d1db19acb	46.872260	-114.004590	1748819919	2025-06-01	23:18:39	Sun
McCormick Park	65022cfcca781e87a0bfa65d66ef079d1db19acb	46.872250	-114.004540	1748819918	2025-06-01	23:18:38	Sun
McCormick Park	65022cfcca781e87a0bfa65d66ef079d1db19acb	46.872220	-114.005260	1748819742	2025-06-01	23:15:42	Sun
McCormick Park	65022cfcca781e87a0bfa65d66ef079d1db19acb	46.871970	-114.004970	1748819755	2025-06-01	23:15:55	Sun
McCormick Park	65022cfcca781e87a0bfa65d66ef079d1db19acb	46.872270	-114.004900	1748819811	2025-06-01	23:16:51	Sun
McCormick Park	65022cfcca781e87a0bfa65d66ef079d1db19acb	46.872220	-114.005310	1748819865	2025-06-01	23:17:45	Sun
McCormick Park	65022cfcca781e87a0bfa65d66ef079d1db19acb	46.872440	-114.005160	1748819941	2025-06-01	23:19:01	Sun
McCormick Park	b259cf1a56dfa9c62deeeba53d0086afab2a959e	46.872670	-114.004770	1748740597	2025-06-01	01:16:37	Sun
McCormick Park	c7fc61d19d474ce0e3b896fb96378cef229650a5	46.871370	-114.001560	1748737843	2025-06-01	00:30:43	Sun
McCormick Park	aecf351870224827ec5cb666df369d2e266f3ce6	46.871790	-114.006580	1748802998	2025-06-01	18:36:38	Sun
McCormick Park	1f43aa92daadb621c20e5822a57b0cd05afeed19	46.873070	-114.005860	1748749715	2025-06-01	03:48:35	Sun
McCormick Park	7afd5cd9c8ae5b76f3b55be0d069268ef58e6b9e	46.870770	-114.002610	1748806937	2025-06-01	19:42:17	Sun
McCormick Park	afa566ab1042c4e223e49f500363ad21c855c2c7	46.871300	-114.003930	1748816016	2025-06-01	22:13:36	Sun
McCormick Park	afa566ab1042c4e223e49f500363ad21c855c2c7	46.870990	-114.003430	1748820975	2025-06-01	23:36:15	Sun
McCormick Park	afa566ab1042c4e223e49f500363ad21c855c2c7	46.870970	-114.003560	1748749310	2025-06-01	03:41:50	Sun
McCormick Park	afa566ab1042c4e223e49f500363ad21c855c2c7	46.871300	-114.003980	1748816017	2025-06-01	22:13:37	Sun
McCormick Park	afa566ab1042c4e223e49f500363ad21c855c2c7	46.870950	-114.003450	1748820971	2025-06-01	23:36:11	Sun
McCormick Park	afa566ab1042c4e223e49f500363ad21c855c2c7	46.870960	-114.003470	1748821471	2025-06-01	23:44:31	Sun
McCormick Park	ce4bf124a5a491463526d6964dc3b1ed9b1729b5	46.871730	-114.004760	1748740277	2025-06-01	01:11:17	Sun
McCormick Park	ce4bf124a5a491463526d6964dc3b1ed9b1729b5	46.871460	-114.003940	1748740299	2025-06-01	01:11:39	Sun
McCormick Park	ae6e30dcec802d1a7c820c89a22325c94b4e7c6c	46.870950	-114.002190	1748739266	2025-06-01	00:54:26	Sun
McCormick Park	faabbc8560e7bed13aeca7f199fff9562e113545	46.874030	-114.004060	1748758190	2025-06-01	06:09:50	Sun
McCormick Park	ad0f340eae19b5e9aa23de0dca07fdc0f5f4ba6a	46.870760	-114.002510	1748748751	2025-06-01	03:32:31	Sun
McCormick Park	ad0f340eae19b5e9aa23de0dca07fdc0f5f4ba6a	46.870970	-114.002470	1748748830	2025-06-01	03:33:50	Sun
McCormick Park	1e4529f945bd39e134dfeff11cbff780ad1bb940	46.872620	-114.005570	1748814503	2025-06-01	21:48:23	Sun
McCormick Park	1e4529f945bd39e134dfeff11cbff780ad1bb940	46.872860	-114.004460	1748807740	2025-06-01	19:55:40	Sun
McCormick Park	1e4529f945bd39e134dfeff11cbff780ad1bb940	46.872710	-114.004570	1748807807	2025-06-01	19:56:47	Sun
McCormick Park	1e4529f945bd39e134dfeff11cbff780ad1bb940	46.872920	-114.005610	1748807844	2025-06-01	19:57:24	Sun
McCormick Park	1e4529f945bd39e134dfeff11cbff780ad1bb940	46.872980	-114.005580	1748820469	2025-06-01	23:27:49	Sun
McCormick Park	1e4529f945bd39e134dfeff11cbff780ad1bb940	46.872990	-114.005650	1748821604	2025-06-01	23:46:44	Sun
McCormick Park	86cd725b8e002491d1f3409ca33d7fa58a85610a	46.871690	-114.005730	1748796846	2025-06-01	16:54:06	Sun
McCormick Park	6c680701b47344308cd6d0c04391a2a6e1b1056c	46.871260	-114.004520	1748805271	2025-06-01	19:14:31	Sun
McCormick Park	712febd9f5988ad63844405767c5624443bfd738	46.872880	-114.004730	1748819148	2025-06-01	23:05:48	Sun
McCormick Park	18a092c09b85edf87be08705e75424eafcc0ee6b	46.870730	-114.002620	1748803455	2025-06-01	18:44:15	Sun
McCormick Park	35acfc166f646b12d17070ba29475ebc8e707c39	46.870730	-114.002570	1748740093	2025-06-01	01:08:13	Sun
McCormick Park	44790617c206a9b033faac980e256dddf3251aa6	46.871360	-114.001980	1748801125	2025-06-01	18:05:25	Sun
McCormick Park	6400e0acde34212cee2ff7952ff7aa39286b7475	46.872730	-114.005330	1748817559	2025-06-01	22:39:19	Sun
McCormick Park	6400e0acde34212cee2ff7952ff7aa39286b7475	46.872480	-114.004820	1748813655	2025-06-01	21:34:15	Sun
McCormick Park	6400e0acde34212cee2ff7952ff7aa39286b7475	46.872760	-114.005350	1748817555	2025-06-01	22:39:15	Sun
McCormick Park	895d1c9cda3075defeea33df236a0d8892cf4972	46.872920	-114.005590	1748739688	2025-06-01	01:01:28	Sun
McCormick Park	895d1c9cda3075defeea33df236a0d8892cf4972	46.872870	-114.005480	1748814136	2025-06-01	21:42:16	Sun
McCormick Park	895d1c9cda3075defeea33df236a0d8892cf4972	46.872850	-114.005470	1748814130	2025-06-01	21:42:10	Sun
McCormick Park	895d1c9cda3075defeea33df236a0d8892cf4972	46.873160	-114.005810	1748810916	2025-06-01	20:48:36	Sun
McCormick Park	38dd834326c752870a9b8e61125840cbec95977a	46.871470	-114.001530	1748754332	2025-06-01	05:05:32	Sun
McCormick Park	1749e1d074fdea3be863274b7f422431b68e154d	46.870980	-114.002350	1748794028	2025-06-01	16:07:08	Sun
McCormick Park	d70453d22beabef2d991689eb0e9b32ffb9f9c9f	46.872820	-114.005760	1748811192	2025-06-01	20:53:12	Sun
McCormick Park	464d95e8be07de745e94653c2faa719e830e3c6f	46.871180	-114.004300	1743607534	2025-04-02	15:25:34	Wed
McCormick Park	02d28736287c4227da5bb1e7d1ae7d8fce2c5d97	46.872700	-114.003110	1743617352	2025-04-02	18:09:12	Wed
McCormick Park	a0c0df94e9b26fc7cd5a74f00088b89afa3e19d9	46.872508	-114.003386	1743571768	2025-04-02	05:29:28	Wed
McCormick Park	43664285e3925acbb98ae3b16255bb6e8d1642be	46.871600	-114.004570	1743558002	2025-04-02	01:40:02	Wed
McCormick Park	43664285e3925acbb98ae3b16255bb6e8d1642be	46.871600	-114.004570	1743557997	2025-04-02	01:39:57	Wed
McCormick Park	2fe711aea13bbb7a0fe0d1894c9ca43299a3781a	46.870883	-114.003372	1743564577	2025-04-02	03:29:37	Wed
McCormick Park	90d5a382eb683cb2d80e365b36bff0fe67caa179	46.871754	-114.001862	1743622249	2025-04-02	19:30:49	Wed
McCormick Park	90d5a382eb683cb2d80e365b36bff0fe67caa179	46.872242	-114.002090	1743622289	2025-04-02	19:31:29	Wed
McCormick Park	90d5a382eb683cb2d80e365b36bff0fe67caa179	46.872482	-114.002190	1743622309	2025-04-02	19:31:49	Wed
McCormick Park	90d5a382eb683cb2d80e365b36bff0fe67caa179	46.873074	-114.002563	1743622359	2025-04-02	19:32:39	Wed
McCormick Park	90d5a382eb683cb2d80e365b36bff0fe67caa179	46.873608	-114.003349	1743622419	2025-04-02	19:33:39	Wed
McCormick Park	90d5a382eb683cb2d80e365b36bff0fe67caa179	46.873859	-114.004211	1743622469	2025-04-02	19:34:29	Wed
McCormick Park	90d5a382eb683cb2d80e365b36bff0fe67caa179	46.873951	-114.004562	1743622489	2025-04-02	19:34:49	Wed
McCormick Park	ba8fc1d570a950bf00636837a603ca7e73d214e1	46.872513	-114.002800	1743625932	2025-04-02	20:32:12	Wed
McCormick Park	ba8fc1d570a950bf00636837a603ca7e73d214e1	46.872545	-114.002850	1743625936	2025-04-02	20:32:16	Wed
McCormick Park	ba8fc1d570a950bf00636837a603ca7e73d214e1	46.872564	-114.002810	1743626126	2025-04-02	20:35:26	Wed
McCormick Park	b85efc28be92a3928e7322485ea464275c47a7d3	46.872600	-114.003680	1743578248	2025-04-02	07:17:28	Wed
McCormick Park	b85efc28be92a3928e7322485ea464275c47a7d3	46.872658	-114.003671	1743578257	2025-04-02	07:17:37	Wed
McCormick Park	bd2d056e16f7d2a3441c5f75dacbcf4a6fe656cf	46.872098	-114.002340	1743563710	2025-04-02	03:15:10	Wed
McCormick Park	67a59d236731dc389fab89a7cbd3263eaa34e49d	46.871380	-114.003130	1743558146	2025-04-02	01:42:26	Wed
McCormick Park	67a59d236731dc389fab89a7cbd3263eaa34e49d	46.871312	-114.003150	1743558205	2025-04-02	01:43:25	Wed
McCormick Park	67a59d236731dc389fab89a7cbd3263eaa34e49d	46.871320	-114.003100	1743558317	2025-04-02	01:45:17	Wed
McCormick Park	67a59d236731dc389fab89a7cbd3263eaa34e49d	46.871310	-114.003140	1743558324	2025-04-02	01:45:24	Wed
McCormick Park	67a59d236731dc389fab89a7cbd3263eaa34e49d	46.871311	-114.003121	1743560634	2025-04-02	02:23:54	Wed
McCormick Park	67a59d236731dc389fab89a7cbd3263eaa34e49d	46.871312	-114.003167	1743561047	2025-04-02	02:30:47	Wed
McCormick Park	95732fb6bf32190cc131f26f8cf772e3c6218f12	46.871377	-114.003171	1743559653	2025-04-02	02:07:33	Wed
McCormick Park	95732fb6bf32190cc131f26f8cf772e3c6218f12	46.871388	-114.003179	1743559653	2025-04-02	02:07:33	Wed
McCormick Park	95732fb6bf32190cc131f26f8cf772e3c6218f12	46.871374	-114.003131	1743559746	2025-04-02	02:09:06	Wed
McCormick Park	95732fb6bf32190cc131f26f8cf772e3c6218f12	46.871331	-114.003176	1743559747	2025-04-02	02:09:07	Wed
McCormick Park	f31d5ae0f45f9832d6ebbfd7ca318a3fa392b73c	46.872420	-114.004170	1743560084	2025-04-02	02:14:44	Wed
McCormick Park	f31d5ae0f45f9832d6ebbfd7ca318a3fa392b73c	46.872420	-114.004136	1743560114	2025-04-02	02:15:14	Wed
McCormick Park	f31d5ae0f45f9832d6ebbfd7ca318a3fa392b73c	46.872450	-114.004170	1743560210	2025-04-02	02:16:50	Wed
McCormick Park	02647a5f0891f25ce1bb2254ec162287f5792d7e	46.872574	-114.003334	1743637513	2025-04-02	23:45:13	Wed
McCormick Park	d93b8585fbeba6d2f4d7b991faa712473d8ae605	46.872620	-114.004241	1743621371	2025-04-02	19:16:11	Wed
McCormick Park	d93b8585fbeba6d2f4d7b991faa712473d8ae605	46.872610	-114.004284	1743621379	2025-04-02	19:16:19	Wed
McCormick Park	7a0b846ece0546d32a0aa961b5be55235fb518c5	46.871055	-114.002177	1743619564	2025-04-02	18:46:04	Wed
McCormick Park	162d090e9cdba3d7f336d158fc1a18f662733a23	46.871420	-114.002300	1743631913	2025-04-02	22:11:53	Wed
McCormick Park	b70ab7714b784962a3a78d165d9439b37444d0ae	46.872384	-114.006010	1743569355	2025-04-02	04:49:15	Wed
McCormick Park	866f9313221976217f4116bf1bf6dd90cfe79540	46.872913	-114.005311	1743565758	2025-04-02	03:49:18	Wed
McCormick Park	866f9313221976217f4116bf1bf6dd90cfe79540	46.872940	-114.005500	1743566563	2025-04-02	04:02:43	Wed
McCormick Park	866f9313221976217f4116bf1bf6dd90cfe79540	46.872854	-114.005646	1743569535	2025-04-02	04:52:15	Wed
McCormick Park	1ff77d2e8d4d74500f36e97d46b98c2e141ae727	46.871345	-114.003103	1743564180	2025-04-02	03:23:00	Wed
McCormick Park	1ff77d2e8d4d74500f36e97d46b98c2e141ae727	46.871306	-114.003182	1743564186	2025-04-02	03:23:06	Wed
McCormick Park	1ff77d2e8d4d74500f36e97d46b98c2e141ae727	46.871320	-114.003130	1743564187	2025-04-02	03:23:07	Wed
McCormick Park	7d704010c9ad75b7319decf5945d9d81cb5faeb8	46.871327	-114.003150	1743605150	2025-04-02	14:45:50	Wed
McCormick Park	7d704010c9ad75b7319decf5945d9d81cb5faeb8	46.871340	-114.003160	1743605150	2025-04-02	14:45:50	Wed
McCormick Park	d6d65e3c536ddb57e5a79573bbb124c222a98d20	46.871270	-114.004600	1749775350	2025-06-13	00:42:30	Fri
McCormick Park	d6d65e3c536ddb57e5a79573bbb124c222a98d20	46.871240	-114.004100	1749776952	2025-06-13	01:09:12	Fri
McCormick Park	56866973cbd9909529b120d1abbdf85dd693e308	46.874100	-114.004300	1749844888	2025-06-13	20:01:28	Fri
McCormick Park	64769a4c01f8feecb86a4ac9e6e84b45107bd017	46.871780	-114.001860	1749830901	2025-06-13	16:08:21	Fri
McCormick Park	974cf19d130cb06046df04ce310edc471746b5d8	46.871280	-114.004120	1749777962	2025-06-13	01:26:02	Fri
McCormick Park	29d9bc4f0e4ebd96d9797f0d2a75cea907f73061	46.872530	-114.005120	1749845172	2025-06-13	20:06:12	Fri
McCormick Park	29d9bc4f0e4ebd96d9797f0d2a75cea907f73061	46.872650	-114.005010	1749845234	2025-06-13	20:07:14	Fri
McCormick Park	29d9bc4f0e4ebd96d9797f0d2a75cea907f73061	46.872930	-114.004850	1749853610	2025-06-13	22:26:50	Fri
McCormick Park	29d9bc4f0e4ebd96d9797f0d2a75cea907f73061	46.872600	-114.004750	1749857784	2025-06-13	23:36:24	Fri
McCormick Park	bf785fbf3e5f8d36e3197576a0cce5a84423bae9	46.871620	-114.001690	1749844309	2025-06-13	19:51:49	Fri
McCormick Park	109f5de74928a470b2398807c8425b99d01e8679	46.872980	-114.005850	1749836026	2025-06-13	17:33:46	Fri
McCormick Park	24948ca2d1959038a68e3d3d261fb65715e58cc2	46.871460	-114.004370	1749774324	2025-06-13	00:25:24	Fri
McCormick Park	53cf5f12f8c8373503fec3d7b03452abd5dd9c27	46.873510	-114.003180	1749832149	2025-06-13	16:29:09	Fri
McCormick Park	efcb4c2c5c42c8a6c863426b71bbb682892cf14f	46.872350	-114.005160	1749792034	2025-06-13	05:20:34	Fri
McCormick Park	efcb4c2c5c42c8a6c863426b71bbb682892cf14f	46.871860	-114.004920	1749792036	2025-06-13	05:20:36	Fri
McCormick Park	efcb4c2c5c42c8a6c863426b71bbb682892cf14f	46.872270	-114.005160	1749792091	2025-06-13	05:21:31	Fri
McCormick Park	efcb4c2c5c42c8a6c863426b71bbb682892cf14f	46.872300	-114.004900	1749792182	2025-06-13	05:23:02	Fri
McCormick Park	25164ba1675f6dc65d3c845a1e2df9002c49b699	46.871160	-114.003860	1749772978	2025-06-13	00:02:58	Fri
McCormick Park	13a9e9b47ce8f6d879d4ad5d4063de656fa4813c	46.871460	-114.001520	1749833421	2025-06-13	16:50:21	Fri
McCormick Park	ef1381fc229a7fc847b5d97a0fa8a8c7a445de4e	46.871050	-114.003820	1749829107	2025-06-13	15:38:27	Fri
McCormick Park	e88077c20b7363720b350b73601d6f9e035e9a8e	46.871270	-114.001660	1749781313	2025-06-13	02:21:53	Fri
McCormick Park	df45cd75b4a4347149470d32565855b99541b501	46.870720	-114.002650	1749776911	2025-06-13	01:08:31	Fri
McCormick Park	65770230e8b3255a04269401c711330b3d1b9947	46.871160	-114.004160	1749785566	2025-06-13	03:32:46	Fri
McCormick Park	05e065f64a18f595fe4a6c3f649d13f040bdea06	46.871360	-114.001950	1749840231	2025-06-13	18:43:51	Fri
McCormick Park	1a5ebe3ba242d6174825e2ebf6eb272eb317fcba	46.872950	-114.005320	1749774213	2025-06-13	00:23:33	Fri
McCormick Park	1a5ebe3ba242d6174825e2ebf6eb272eb317fcba	46.872970	-114.005220	1749774230	2025-06-13	00:23:50	Fri
McCormick Park	1a5ebe3ba242d6174825e2ebf6eb272eb317fcba	46.872990	-114.005360	1749774272	2025-06-13	00:24:32	Fri
McCormick Park	1a5ebe3ba242d6174825e2ebf6eb272eb317fcba	46.872820	-114.005620	1749774355	2025-06-13	00:25:55	Fri
McCormick Park	1a5ebe3ba242d6174825e2ebf6eb272eb317fcba	46.872450	-114.005280	1749774410	2025-06-13	00:26:50	Fri
McCormick Park	a1f514a51e04c6b210df72fdb89c071e3cf94279	46.873200	-114.004710	1749855109	2025-06-13	22:51:49	Fri
McCormick Park	a1f514a51e04c6b210df72fdb89c071e3cf94279	46.873030	-114.005120	1749855159	2025-06-13	22:52:39	Fri
McCormick Park	a1f514a51e04c6b210df72fdb89c071e3cf94279	46.872560	-114.004740	1749855206	2025-06-13	22:53:26	Fri
McCormick Park	a1f514a51e04c6b210df72fdb89c071e3cf94279	46.872660	-114.004700	1749855272	2025-06-13	22:54:32	Fri
McCormick Park	7127fd4a8ab4701a18c42414064d7e50b42edcf0	46.873800	-114.004040	1749794916	2025-06-13	06:08:36	Fri
McCormick Park	fcc8fb1e37ca2edb34ee0f7ae3f15c884de2f0cb	46.872690	-114.004850	1749801668	2025-06-13	08:01:08	Fri
McCormick Park	6140405c6e9943e753d86583691e0a6baab4efbb	46.871300	-114.004460	1749845770	2025-06-13	20:16:10	Fri
McCormick Park	6140405c6e9943e753d86583691e0a6baab4efbb	46.871410	-114.004750	1749846831	2025-06-13	20:33:51	Fri
McCormick Park	b07219d2951fdc2ce35b5f61c381dcf3db3a42eb	46.873130	-114.005360	1749839332	2025-06-13	18:28:52	Fri
McCormick Park	f5683c59307738daf73ff7dfbbd9f5b124c09d93	46.873010	-114.003030	1749778526	2025-06-13	01:35:26	Fri
McCormick Park	f5683c59307738daf73ff7dfbbd9f5b124c09d93	46.872540	-114.003130	1749780759	2025-06-13	02:12:39	Fri
McCormick Park	f5683c59307738daf73ff7dfbbd9f5b124c09d93	46.872600	-114.003170	1749781948	2025-06-13	02:32:28	Fri
McCormick Park	88987a78346be9296a4f5b6bbbe2b307f1dc161c	46.872560	-114.006060	1749773566	2025-06-13	00:12:46	Fri
McCormick Park	88987a78346be9296a4f5b6bbbe2b307f1dc161c	46.873010	-114.005670	1749778353	2025-06-13	01:32:33	Fri
McCormick Park	88987a78346be9296a4f5b6bbbe2b307f1dc161c	46.872940	-114.005350	1749783174	2025-06-13	02:52:54	Fri
McCormick Park	88987a78346be9296a4f5b6bbbe2b307f1dc161c	46.872920	-114.005310	1749783194	2025-06-13	02:53:14	Fri
McCormick Park	88987a78346be9296a4f5b6bbbe2b307f1dc161c	46.872940	-114.005310	1749783199	2025-06-13	02:53:19	Fri
McCormick Park	91d3866d755720167474e529d60b051aa89ffb15	46.873690	-114.003450	1749849289	2025-06-13	21:14:49	Fri
McCormick Park	cd9180d66f917682deaa39aa757aa7445be6775c	46.873310	-114.003210	1749840532	2025-06-13	18:48:52	Fri
McCormick Park	72a2fdcd3daba1e7b9c9cf1972fc9aaca34b0eaa	46.871470	-114.004600	1749774509	2025-06-13	00:28:29	Fri
McCormick Park	5d4adc154be32618398059e58695356b73d5a09b	46.870940	-114.002320	1749796643	2025-06-13	06:37:23	Fri
McCormick Park	4adeda891d271e82068369fb7464268f0d2718bb	46.872990	-114.005530	1749839380	2025-06-13	18:29:40	Fri
McCormick Park	4adeda891d271e82068369fb7464268f0d2718bb	46.872610	-114.005140	1749839504	2025-06-13	18:31:44	Fri
McCormick Park	4adeda891d271e82068369fb7464268f0d2718bb	46.873250	-114.004870	1749839509	2025-06-13	18:31:49	Fri
McCormick Park	4adeda891d271e82068369fb7464268f0d2718bb	46.872900	-114.005340	1749839596	2025-06-13	18:33:16	Fri
McCormick Park	4adeda891d271e82068369fb7464268f0d2718bb	46.872720	-114.004770	1749841873	2025-06-13	19:11:13	Fri
McCormick Park	0fd7a833aabb26438d001694138e29a4a81a59fa	46.872610	-114.004210	1749850816	2025-06-13	21:40:16	Fri
McCormick Park	64cb3e01da56df6b77a3fcc52c198df295cafe89	46.871800	-114.005630	1749790482	2025-06-13	04:54:42	Fri
McCormick Park	71021a5fd649adcc5ecf1dee173a64a8861c485d	46.871120	-114.002020	1749773794	2025-06-13	00:16:34	Fri
McCormick Park	eacc429328b82ad0d18a8e2a9852353115dbe69e	46.871820	-114.004900	1749786945	2025-06-13	03:55:45	Fri
McCormick Park	7306ded7b9ef7853daff3e9ec21fd068d416f5f4	46.870760	-114.002600	1749838944	2025-06-13	18:22:24	Fri
McCormick Park	4591c4ba7935bc04e12622a8d78510ca5b9fe75e	46.871580	-114.001680	1749773805	2025-06-13	00:16:45	Fri
McCormick Park	de1911cebef49eb27efbd13e33723dfb8d5f5532	46.872730	-114.004350	1749856465	2025-06-13	23:14:25	Fri
McCormick Park	de1911cebef49eb27efbd13e33723dfb8d5f5532	46.872720	-114.004310	1749856468	2025-06-13	23:14:28	Fri
McCormick Park	de1911cebef49eb27efbd13e33723dfb8d5f5532	46.872410	-114.004340	1749856471	2025-06-13	23:14:31	Fri
McCormick Park	6b4f05ff772923a8eaad4fa70a22b3836da2ad1a	46.871760	-114.004810	1749855323	2025-06-13	22:55:23	Fri
McCormick Park	4aade742ff7cf94c0e1fd7952138cf6100fccba5	46.872370	-114.004250	1749849298	2025-06-13	21:14:58	Fri
McCormick Park	dde717f05379455e0b13d203c0f7e9b888f86513	46.871380	-114.001780	1749777967	2025-06-13	01:26:07	Fri
McCormick Park	b58e99f93ef0d38fdd882c4221ea665005c2ebe5	46.873550	-114.003280	1749773704	2025-06-13	00:15:04	Fri
McCormick Park	b58e99f93ef0d38fdd882c4221ea665005c2ebe5	46.873430	-114.002980	1749773766	2025-06-13	00:16:06	Fri
McCormick Park	b58e99f93ef0d38fdd882c4221ea665005c2ebe5	46.873610	-114.003370	1749773805	2025-06-13	00:16:45	Fri
McCormick Park	b58e99f93ef0d38fdd882c4221ea665005c2ebe5	46.873340	-114.003720	1749773846	2025-06-13	00:17:26	Fri
McCormick Park	566a3855c7edc715d8f44b32e3fab842e5317e2f	46.872670	-114.004680	1749851631	2025-06-13	21:53:51	Fri
McCormick Park	566a3855c7edc715d8f44b32e3fab842e5317e2f	46.871910	-114.004920	1749851758	2025-06-13	21:55:58	Fri
McCormick Park	42103914b4468cdd6861171046dce4f3428273c9	46.872900	-114.005200	1749858473	2025-06-13	23:47:53	Fri
McCormick Park	23ba357a6b113b771fa8e1ad7210826a7624d830	46.871910	-114.006240	1749847562	2025-06-13	20:46:02	Fri
McCormick Park	f0829916deab16842c214ef1414c5b925c82669b	46.871520	-114.001480	1749778586	2025-06-13	01:36:26	Fri
McCormick Park	f0829916deab16842c214ef1414c5b925c82669b	46.871200	-114.001820	1749778594	2025-06-13	01:36:34	Fri
McCormick Park	f0829916deab16842c214ef1414c5b925c82669b	46.871520	-114.001850	1749778599	2025-06-13	01:36:39	Fri
McCormick Park	9be71f66a64e02c7210f154159b65f22dc4b740c	46.872640	-114.004700	1749822751	2025-06-13	13:52:31	Fri
McCormick Park	198d9e7f7df969b4ceaf2658191e9489c7dad82b	46.871510	-114.005440	1749835021	2025-06-13	17:17:01	Fri
McCormick Park	3172adb1f050820b6086a8133166c2811de4de8a	46.871120	-114.003440	1749856923	2025-06-13	23:22:03	Fri
McCormick Park	3172adb1f050820b6086a8133166c2811de4de8a	46.870820	-114.003160	1749856997	2025-06-13	23:23:17	Fri
McCormick Park	3172adb1f050820b6086a8133166c2811de4de8a	46.870880	-114.003300	1749857799	2025-06-13	23:36:39	Fri
McCormick Park	a19fd1e95e5510def8aed07a124ece52c508f126	46.872580	-114.004710	1749853764	2025-06-13	22:29:24	Fri
McCormick Park	d640f92053281c1230c2dee13bbc7af107085759	46.871810	-114.005210	1749777427	2025-06-13	01:17:07	Fri
McCormick Park	d640f92053281c1230c2dee13bbc7af107085759	46.871720	-114.004630	1749777547	2025-06-13	01:19:07	Fri
McCormick Park	d640f92053281c1230c2dee13bbc7af107085759	46.871400	-114.005040	1749777579	2025-06-13	01:19:39	Fri
McCormick Park	d640f92053281c1230c2dee13bbc7af107085759	46.871400	-114.005080	1749777588	2025-06-13	01:19:48	Fri
McCormick Park	d640f92053281c1230c2dee13bbc7af107085759	46.871500	-114.004800	1749777995	2025-06-13	01:26:35	Fri
McCormick Park	d640f92053281c1230c2dee13bbc7af107085759	46.871420	-114.004810	1749778829	2025-06-13	01:40:29	Fri
McCormick Park	d640f92053281c1230c2dee13bbc7af107085759	46.871830	-114.004800	1749779857	2025-06-13	01:57:37	Fri
McCormick Park	783b9ec6d2a05589b074ccd4971a990d37e7ab76	46.872210	-114.003220	1749785069	2025-06-13	03:24:29	Fri
McCormick Park	f095cd4804c6c02d532172b7136f0357a315c458	46.870910	-114.003250	1749789877	2025-06-13	04:44:37	Fri
McCormick Park	0c3191a0dff050a1b738afc5a3fc236d44695458	46.871360	-114.004100	1749778454	2025-06-13	01:34:14	Fri
McCormick Park	1e4529f945bd39e134dfeff11cbff780ad1bb940	46.873020	-114.005420	1749773622	2025-06-13	00:13:42	Fri
McCormick Park	1e4529f945bd39e134dfeff11cbff780ad1bb940	46.872880	-114.005260	1749774727	2025-06-13	00:32:07	Fri
McCormick Park	1e4529f945bd39e134dfeff11cbff780ad1bb940	46.872820	-114.004860	1749776999	2025-06-13	01:09:59	Fri
McCormick Park	1e4529f945bd39e134dfeff11cbff780ad1bb940	46.872880	-114.005480	1749778141	2025-06-13	01:29:01	Fri
McCormick Park	1e4529f945bd39e134dfeff11cbff780ad1bb940	46.872960	-114.005220	1749781233	2025-06-13	02:20:33	Fri
McCormick Park	1e4529f945bd39e134dfeff11cbff780ad1bb940	46.872890	-114.005290	1749784197	2025-06-13	03:09:57	Fri
McCormick Park	1e4529f945bd39e134dfeff11cbff780ad1bb940	46.872980	-114.005100	1749787568	2025-06-13	04:06:08	Fri
McCormick Park	79ee543bd8b5183a5dc97738aea9e6ae10d6e46d	46.870730	-114.002790	1749844561	2025-06-13	19:56:01	Fri
McCormick Park	71d7e4f3dbe773ec3529fe13a0f8eb20eb6216d9	46.870670	-114.002790	1749825988	2025-06-13	14:46:28	Fri
McCormick Park	503a07d95fc3ba37f78b621c6c6cdc608638a463	46.872240	-114.004850	1749787252	2025-06-13	04:00:52	Fri
McCormick Park	9252bd624817cb1a773ba867175b7d00d8c05e74	46.873700	-114.003680	1749839616	2025-06-13	18:33:36	Fri
McCormick Park	ad024026ecd4e0ee8c94848fd05d2d119ac524fd	46.870930	-114.002520	1749838660	2025-06-13	18:17:40	Fri
McCormick Park	6139136c000386fc8b49613ae3577a188dde0796	46.871320	-114.004500	1749846213	2025-06-13	20:23:33	Fri
McCormick Park	895d1c9cda3075defeea33df236a0d8892cf4972	46.873100	-114.004700	1749840740	2025-06-13	18:52:20	Fri
McCormick Park	895d1c9cda3075defeea33df236a0d8892cf4972	46.873210	-114.005460	1749856568	2025-06-13	23:16:08	Fri
McCormick Park	895d1c9cda3075defeea33df236a0d8892cf4972	46.873250	-114.005460	1749856570	2025-06-13	23:16:10	Fri
McCormick Park	895d1c9cda3075defeea33df236a0d8892cf4972	46.872600	-114.005250	1749856571	2025-06-13	23:16:11	Fri
McCormick Park	895d1c9cda3075defeea33df236a0d8892cf4972	46.872900	-114.005500	1749856582	2025-06-13	23:16:22	Fri
McCormick Park	80fc255e8772bd8409937879d908a1ee8db258a0	46.871630	-114.001570	1749781391	2025-06-13	02:23:11	Fri
McCormick Park	ab85a4b4b54a0b1f1da477cd614f92954213f51f	46.871220	-114.001820	1749785327	2025-06-13	03:28:47	Fri
McCormick Park	230ecba0d0b9dd43a88720149ccf0ddf9ac43bbd	46.871110	-114.003900	1749846158	2025-06-13	20:22:38	Fri
McCormick Park	7300789aaafc97c5659c6d45f7b5231530119174	46.872720	-114.004290	1749854884	2025-06-13	22:48:04	Fri
McCormick Park	e23ef68375c6e830c489e09ab8141b95a00be153	46.871740	-114.004770	1747766611	2025-05-20	18:43:31	Tue
McCormick Park	e23ef68375c6e830c489e09ab8141b95a00be153	46.871720	-114.004770	1747766614	2025-05-20	18:43:34	Tue
McCormick Park	e23ef68375c6e830c489e09ab8141b95a00be153	46.871740	-114.004700	1747766621	2025-05-20	18:43:41	Tue
McCormick Park	e23ef68375c6e830c489e09ab8141b95a00be153	46.871710	-114.004730	1747766626	2025-05-20	18:43:46	Tue
McCormick Park	9b56d47d34176b0aec0913f50d263a032cfb8472	46.872900	-114.005350	1747706953	2025-05-20	02:09:13	Tue
McCormick Park	33f896fcda25c806dc7d5b23ebf71736d81eed64	46.871970	-114.006570	1747775268	2025-05-20	21:07:48	Tue
McCormick Park	fdeda71d20b95bdefcb5da3052a7760ce617e766	46.871040	-114.002030	1747731202	2025-05-20	08:53:22	Tue
McCormick Park	fdeda71d20b95bdefcb5da3052a7760ce617e766	46.871070	-114.002040	1747731203	2025-05-20	08:53:23	Tue
McCormick Park	51e67c111a1a7346087d1147811af27688ffb38c	46.871380	-114.003180	1747701605	2025-05-20	00:40:05	Tue
McCormick Park	51e67c111a1a7346087d1147811af27688ffb38c	46.871360	-114.003100	1747701605	2025-05-20	00:40:05	Tue
McCormick Park	464f367d73fcb76921228c5d0e619beba8741b18	46.872280	-114.003000	1747706880	2025-05-20	02:08:00	Tue
McCormick Park	464f367d73fcb76921228c5d0e619beba8741b18	46.872250	-114.003000	1747706891	2025-05-20	02:08:11	Tue
McCormick Park	464f367d73fcb76921228c5d0e619beba8741b18	46.872230	-114.003310	1747706911	2025-05-20	02:08:31	Tue
McCormick Park	464f367d73fcb76921228c5d0e619beba8741b18	46.872230	-114.003310	1747706913	2025-05-20	02:08:33	Tue
McCormick Park	f5e773a8e7ad5d36373c43f102bddc8c9a3c0be9	46.870700	-114.002920	1747758285	2025-05-20	16:24:45	Tue
McCormick Park	f5e773a8e7ad5d36373c43f102bddc8c9a3c0be9	46.870700	-114.002970	1747758289	2025-05-20	16:24:49	Tue
McCormick Park	f5e773a8e7ad5d36373c43f102bddc8c9a3c0be9	46.871320	-114.003280	1747760869	2025-05-20	17:07:49	Tue
McCormick Park	f5e773a8e7ad5d36373c43f102bddc8c9a3c0be9	46.870680	-114.002850	1747762792	2025-05-20	17:39:52	Tue
McCormick Park	f5e773a8e7ad5d36373c43f102bddc8c9a3c0be9	46.870670	-114.002860	1747762794	2025-05-20	17:39:54	Tue
McCormick Park	d5eb1dd109d4ca1ff79fbc74a86f74ce5add2f4f	46.872974	-114.005325	1747770724	2025-05-20	19:52:04	Tue
McCormick Park	4da8c6a91dd173ff8f12d1aa0a35f169d7d83747	46.872300	-114.004540	1747760635	2025-05-20	17:03:55	Tue
McCormick Park	4da8c6a91dd173ff8f12d1aa0a35f169d7d83747	46.872540	-114.003480	1747760666	2025-05-20	17:04:26	Tue
McCormick Park	9212b43ec33923d34b5538de9825b2f1973a09f6	46.871230	-114.002820	1747774223	2025-05-20	20:50:23	Tue
McCormick Park	8f995a3e81fcf43762488abffe890f956a4b9110	46.871440	-114.005150	1747701884	2025-05-20	00:44:44	Tue
McCormick Park	dde9a9e034e76fd4693edc1b62fe93e4c54bd2b4	46.871160	-114.002890	1747760034	2025-05-20	16:53:54	Tue
McCormick Park	80bf90f52f3079a184abf445f3c2ecd913848b34	46.871370	-114.003180	1747702698	2025-05-20	00:58:18	Tue
McCormick Park	80bf90f52f3079a184abf445f3c2ecd913848b34	46.871360	-114.003100	1747704250	2025-05-20	01:24:10	Tue
McCormick Park	e2d2fda50fce66b345a04cd34879d66073debf4e	46.871986	-114.005094	1745784758	2025-04-27	20:12:38	Sun
McCormick Park	e2d2fda50fce66b345a04cd34879d66073debf4e	46.872023	-114.005117	1745784762	2025-04-27	20:12:42	Sun
McCormick Park	1c27236db1d82fd84ed699e807c0ca13154b4fe2	46.872658	-114.003254	1745792431	2025-04-27	22:20:31	Sun
McCormick Park	1c27236db1d82fd84ed699e807c0ca13154b4fe2	46.872535	-114.004161	1745792458	2025-04-27	22:20:58	Sun
McCormick Park	351dfd6659e195be050399e340be33399853eab1	46.873517	-114.002910	1745783839	2025-04-27	19:57:19	Sun
McCormick Park	351dfd6659e195be050399e340be33399853eab1	46.873540	-114.002920	1745783830	2025-04-27	19:57:10	Sun
McCormick Park	b3288a2999381a6d54f39a6112e187f65c47e6c8	46.873127	-114.005300	1745766429	2025-04-27	15:07:09	Sun
McCormick Park	b3288a2999381a6d54f39a6112e187f65c47e6c8	46.873127	-114.005330	1745766615	2025-04-27	15:10:15	Sun
McCormick Park	268c99a6b1c0dd24d01b9dfd4c13a5f372900bed	46.870980	-114.003500	1745724683	2025-04-27	03:31:23	Sun
McCormick Park	6140405c6e9943e753d86583691e0a6baab4efbb	46.870900	-114.002275	1745795081	2025-04-27	23:04:41	Sun
McCormick Park	9871a322b94b27e2de686181490c657ab12d212b	46.871320	-114.003110	1745712494	2025-04-27	00:08:14	Sun
McCormick Park	605980bc6782401ecc1c4dfd45a34bc89a247266	46.873260	-114.002760	1745773660	2025-04-27	17:07:40	Sun
McCormick Park	605980bc6782401ecc1c4dfd45a34bc89a247266	46.873200	-114.002700	1745773666	2025-04-27	17:07:46	Sun
McCormick Park	605980bc6782401ecc1c4dfd45a34bc89a247266	46.873920	-114.004900	1745774881	2025-04-27	17:28:01	Sun
McCormick Park	605980bc6782401ecc1c4dfd45a34bc89a247266	46.873980	-114.004900	1745774889	2025-04-27	17:28:09	Sun
McCormick Park	605980bc6782401ecc1c4dfd45a34bc89a247266	46.873260	-114.002780	1745773651	2025-04-27	17:07:31	Sun
McCormick Park	605980bc6782401ecc1c4dfd45a34bc89a247266	46.873910	-114.004900	1745774882	2025-04-27	17:28:02	Sun
McCormick Park	cf54afefbe13fde55db1ca1a9b64090d2c4ff025	46.870776	-114.002454	1745712799	2025-04-27	00:13:19	Sun
McCormick Park	aa758dcff8fefcba501ba487747af2a19776c80f	46.871868	-114.002842	1745730435	2025-04-27	05:07:15	Sun
McCormick Park	aa758dcff8fefcba501ba487747af2a19776c80f	46.871834	-114.002836	1745730436	2025-04-27	05:07:16	Sun
McCormick Park	aa758dcff8fefcba501ba487747af2a19776c80f	46.871840	-114.002820	1745730432	2025-04-27	05:07:12	Sun
McCormick Park	aa758dcff8fefcba501ba487747af2a19776c80f	46.871870	-114.002840	1745730436	2025-04-27	05:07:16	Sun
McCormick Park	aa758dcff8fefcba501ba487747af2a19776c80f	46.871880	-114.002850	1745730438	2025-04-27	05:07:18	Sun
McCormick Park	aa758dcff8fefcba501ba487747af2a19776c80f	46.871834	-114.002840	1745730436	2025-04-27	05:07:16	Sun
McCormick Park	4b552cdfee1ec99f83f15ab8079ad48d5e2e6d73	46.871400	-114.001864	1745785885	2025-04-27	20:31:25	Sun
McCormick Park	4b552cdfee1ec99f83f15ab8079ad48d5e2e6d73	46.871400	-114.001832	1745785889	2025-04-27	20:31:29	Sun
McCormick Park	6a837adb659390231feb4dd1dd8708a59aff575c	46.872717	-114.004825	1745796376	2025-04-27	23:26:16	Sun
McCormick Park	aa1ab3f5d5a2bd7d34495d0b59b5d7ab937a8038	46.872970	-114.005520	1745716115	2025-04-27	01:08:35	Sun
McCormick Park	aa1ab3f5d5a2bd7d34495d0b59b5d7ab937a8038	46.871640	-114.005070	1745717439	2025-04-27	01:30:39	Sun
McCormick Park	aa1ab3f5d5a2bd7d34495d0b59b5d7ab937a8038	46.872940	-114.005530	1745716110	2025-04-27	01:08:30	Sun
McCormick Park	aa1ab3f5d5a2bd7d34495d0b59b5d7ab937a8038	46.871660	-114.005030	1745717432	2025-04-27	01:30:32	Sun
McCormick Park	4c1928051c9d73de87be95edbbab26f14240a93c	46.872570	-114.004970	1745779516	2025-04-27	18:45:16	Sun
McCormick Park	4c1928051c9d73de87be95edbbab26f14240a93c	46.872580	-114.004940	1745779518	2025-04-27	18:45:18	Sun
McCormick Park	4c1928051c9d73de87be95edbbab26f14240a93c	46.872520	-114.004950	1745779510	2025-04-27	18:45:10	Sun
McCormick Park	ed184612cbdfce0c359e05313397e1a413e41c4a	46.872101	-114.004960	1745721011	2025-04-27	02:30:11	Sun
McCormick Park	ed184612cbdfce0c359e05313397e1a413e41c4a	46.872125	-114.004920	1745721011	2025-04-27	02:30:11	Sun
McCormick Park	ed184612cbdfce0c359e05313397e1a413e41c4a	46.872656	-114.003880	1745723461	2025-04-27	03:11:01	Sun
McCormick Park	ed184612cbdfce0c359e05313397e1a413e41c4a	46.872672	-114.003880	1745723468	2025-04-27	03:11:08	Sun
McCormick Park	ed184612cbdfce0c359e05313397e1a413e41c4a	46.872630	-114.003860	1745724570	2025-04-27	03:29:30	Sun
McCormick Park	ed184612cbdfce0c359e05313397e1a413e41c4a	46.872630	-114.003820	1745724573	2025-04-27	03:29:33	Sun
McCormick Park	ed184612cbdfce0c359e05313397e1a413e41c4a	46.872667	-114.003773	1745724945	2025-04-27	03:35:45	Sun
McCormick Park	ed184612cbdfce0c359e05313397e1a413e41c4a	46.872631	-114.003747	1745724947	2025-04-27	03:35:47	Sun
McCormick Park	ed184612cbdfce0c359e05313397e1a413e41c4a	46.872660	-114.003750	1745724954	2025-04-27	03:35:54	Sun
McCormick Park	ed184612cbdfce0c359e05313397e1a413e41c4a	46.872670	-114.003780	1745724954	2025-04-27	03:35:54	Sun
McCormick Park	ed184612cbdfce0c359e05313397e1a413e41c4a	46.872660	-114.003750	1745724958	2025-04-27	03:35:58	Sun
McCormick Park	ed184612cbdfce0c359e05313397e1a413e41c4a	46.872680	-114.003780	1745724958	2025-04-27	03:35:58	Sun
McCormick Park	ed184612cbdfce0c359e05313397e1a413e41c4a	46.872620	-114.003770	1745725296	2025-04-27	03:41:36	Sun
McCormick Park	ed184612cbdfce0c359e05313397e1a413e41c4a	46.872650	-114.003770	1745725298	2025-04-27	03:41:38	Sun
McCormick Park	ed184612cbdfce0c359e05313397e1a413e41c4a	46.872110	-114.004950	1745721017	2025-04-27	02:30:17	Sun
McCormick Park	ed184612cbdfce0c359e05313397e1a413e41c4a	46.872600	-114.003840	1745723452	2025-04-27	03:10:52	Sun
McCormick Park	ed184612cbdfce0c359e05313397e1a413e41c4a	46.872660	-114.003870	1745724574	2025-04-27	03:29:34	Sun
McCormick Park	ed184612cbdfce0c359e05313397e1a413e41c4a	46.872610	-114.003770	1745724941	2025-04-27	03:35:41	Sun
McCormick Park	ed184612cbdfce0c359e05313397e1a413e41c4a	46.872650	-114.003730	1745724951	2025-04-27	03:35:51	Sun
McCormick Park	ed184612cbdfce0c359e05313397e1a413e41c4a	46.872600	-114.003730	1745724957	2025-04-27	03:35:57	Sun
McCormick Park	ed184612cbdfce0c359e05313397e1a413e41c4a	46.872610	-114.003760	1745725296	2025-04-27	03:41:36	Sun
McCormick Park	d03d65e60d85e985a12e1944c24dca44451ce9a7	46.872320	-114.005175	1745792646	2025-04-27	22:24:06	Sun
McCormick Park	d03d65e60d85e985a12e1944c24dca44451ce9a7	46.872380	-114.005156	1745792649	2025-04-27	22:24:09	Sun
McCormick Park	d03d65e60d85e985a12e1944c24dca44451ce9a7	46.872700	-114.005141	1745797385	2025-04-27	23:43:05	Sun
McCormick Park	d03d65e60d85e985a12e1944c24dca44451ce9a7	46.872833	-114.005280	1745797403	2025-04-27	23:43:23	Sun
McCormick Park	d03d65e60d85e985a12e1944c24dca44451ce9a7	46.872871	-114.005200	1745797422	2025-04-27	23:43:42	Sun
McCormick Park	6b884515759912f458e179a3b7c909b3f68647f4	46.871689	-114.006355	1745789846	2025-04-27	21:37:26	Sun
McCormick Park	6b884515759912f458e179a3b7c909b3f68647f4	46.872864	-114.005455	1745790136	2025-04-27	21:42:16	Sun
McCormick Park	c4e055227a7f9525d4171699b29e4491354b36e4	46.872410	-114.004410	1745717240	2025-04-27	01:27:20	Sun
McCormick Park	c4e055227a7f9525d4171699b29e4491354b36e4	46.872440	-114.004480	1745717242	2025-04-27	01:27:22	Sun
McCormick Park	c4e055227a7f9525d4171699b29e4491354b36e4	46.872100	-114.004950	1745717401	2025-04-27	01:30:01	Sun
McCormick Park	c4e055227a7f9525d4171699b29e4491354b36e4	46.872100	-114.004950	1745717407	2025-04-27	01:30:07	Sun
McCormick Park	c4e055227a7f9525d4171699b29e4491354b36e4	46.872530	-114.004470	1745717424	2025-04-27	01:30:24	Sun
McCormick Park	c4e055227a7f9525d4171699b29e4491354b36e4	46.872520	-114.004450	1745717428	2025-04-27	01:30:28	Sun
McCormick Park	c4e055227a7f9525d4171699b29e4491354b36e4	46.872100	-114.004970	1745717404	2025-04-27	01:30:04	Sun
McCormick Park	f47c151d1776c669db5e30cd3a666ca7aef4d24b	46.871300	-114.003110	1745712433	2025-04-27	00:07:13	Sun
McCormick Park	f47c151d1776c669db5e30cd3a666ca7aef4d24b	46.871310	-114.003100	1745712435	2025-04-27	00:07:15	Sun
McCormick Park	f47c151d1776c669db5e30cd3a666ca7aef4d24b	46.871360	-114.003100	1745712438	2025-04-27	00:07:18	Sun
McCormick Park	f47c151d1776c669db5e30cd3a666ca7aef4d24b	46.871360	-114.003160	1745712439	2025-04-27	00:07:19	Sun
McCormick Park	f47c151d1776c669db5e30cd3a666ca7aef4d24b	46.871300	-114.003130	1745712494	2025-04-27	00:08:14	Sun
McCormick Park	f47c151d1776c669db5e30cd3a666ca7aef4d24b	46.871350	-114.003130	1745712498	2025-04-27	00:08:18	Sun
McCormick Park	f47c151d1776c669db5e30cd3a666ca7aef4d24b	46.871340	-114.003130	1745712500	2025-04-27	00:08:20	Sun
McCormick Park	f47c151d1776c669db5e30cd3a666ca7aef4d24b	46.871340	-114.003130	1745712502	2025-04-27	00:08:22	Sun
McCormick Park	f47c151d1776c669db5e30cd3a666ca7aef4d24b	46.871310	-114.003160	1745712616	2025-04-27	00:10:16	Sun
McCormick Park	f47c151d1776c669db5e30cd3a666ca7aef4d24b	46.871330	-114.003140	1745712618	2025-04-27	00:10:18	Sun
McCormick Park	f47c151d1776c669db5e30cd3a666ca7aef4d24b	46.871310	-114.003160	1745712618	2025-04-27	00:10:18	Sun
McCormick Park	f47c151d1776c669db5e30cd3a666ca7aef4d24b	46.871380	-114.003150	1745712619	2025-04-27	00:10:19	Sun
McCormick Park	f47c151d1776c669db5e30cd3a666ca7aef4d24b	46.871370	-114.003150	1745712622	2025-04-27	00:10:22	Sun
McCormick Park	f47c151d1776c669db5e30cd3a666ca7aef4d24b	46.871300	-114.003100	1745712626	2025-04-27	00:10:26	Sun
McCormick Park	f47c151d1776c669db5e30cd3a666ca7aef4d24b	46.871310	-114.003100	1745712434	2025-04-27	00:07:14	Sun
McCormick Park	f47c151d1776c669db5e30cd3a666ca7aef4d24b	46.871300	-114.003100	1745712435	2025-04-27	00:07:15	Sun
McCormick Park	f47c151d1776c669db5e30cd3a666ca7aef4d24b	46.871320	-114.003100	1745712437	2025-04-27	00:07:17	Sun
McCormick Park	f47c151d1776c669db5e30cd3a666ca7aef4d24b	46.871300	-114.003170	1745712495	2025-04-27	00:08:15	Sun
McCormick Park	f47c151d1776c669db5e30cd3a666ca7aef4d24b	46.871370	-114.003130	1745712495	2025-04-27	00:08:15	Sun
McCormick Park	f47c151d1776c669db5e30cd3a666ca7aef4d24b	46.871340	-114.003140	1745712496	2025-04-27	00:08:16	Sun
McCormick Park	f47c151d1776c669db5e30cd3a666ca7aef4d24b	46.871360	-114.003100	1745712497	2025-04-27	00:08:17	Sun
McCormick Park	f47c151d1776c669db5e30cd3a666ca7aef4d24b	46.871300	-114.003130	1745712498	2025-04-27	00:08:18	Sun
McCormick Park	f47c151d1776c669db5e30cd3a666ca7aef4d24b	46.871310	-114.003150	1745712504	2025-04-27	00:08:24	Sun
McCormick Park	f47c151d1776c669db5e30cd3a666ca7aef4d24b	46.871370	-114.003140	1745712613	2025-04-27	00:10:13	Sun
McCormick Park	f47c151d1776c669db5e30cd3a666ca7aef4d24b	46.871350	-114.003180	1745712614	2025-04-27	00:10:14	Sun
McCormick Park	f47c151d1776c669db5e30cd3a666ca7aef4d24b	46.871300	-114.003140	1745712617	2025-04-27	00:10:17	Sun
McCormick Park	f47c151d1776c669db5e30cd3a666ca7aef4d24b	46.871350	-114.003110	1745712625	2025-04-27	00:10:25	Sun
McCormick Park	f47c151d1776c669db5e30cd3a666ca7aef4d24b	46.871350	-114.003180	1745712628	2025-04-27	00:10:28	Sun
McCormick Park	4f166c919d6c07ccd418f1638dcdce72dbb12ba7	46.870770	-114.002480	1745795414	2025-04-27	23:10:14	Sun
McCormick Park	6a677c92716d6a4fe32fd8cdb73d6d0318a2d3af	46.872700	-114.003140	1745774645	2025-04-27	17:24:05	Sun
McCormick Park	6a677c92716d6a4fe32fd8cdb73d6d0318a2d3af	46.872770	-114.003190	1745774646	2025-04-27	17:24:06	Sun
McCormick Park	6a677c92716d6a4fe32fd8cdb73d6d0318a2d3af	46.872780	-114.003190	1745774657	2025-04-27	17:24:17	Sun
McCormick Park	11b96a22ab0795cff52fe3139326e1b64196b36b	46.871513	-114.004950	1745776894	2025-04-27	18:01:34	Sun
McCormick Park	60ee9fa8aeaf0ed8393b855a1f86e17a2944a56f	46.873680	-114.005043	1745782410	2025-04-27	19:33:30	Sun
McCormick Park	60ee9fa8aeaf0ed8393b855a1f86e17a2944a56f	46.873680	-114.005043	1745782417	2025-04-27	19:33:37	Sun
McCormick Park	5c21715fb8fe2e92803ff7b2bfe344d207c4bab0	46.872410	-114.003210	1745731207	2025-04-27	05:20:07	Sun
McCormick Park	5c21715fb8fe2e92803ff7b2bfe344d207c4bab0	46.872460	-114.003250	1745731204	2025-04-27	05:20:04	Sun
McCormick Park	531dbd66f5492b48b449570bc13b595aa42458e4	46.872856	-114.005383	1745777747	2025-04-27	18:15:47	Sun
McCormick Park	531dbd66f5492b48b449570bc13b595aa42458e4	46.872851	-114.005354	1745777749	2025-04-27	18:15:49	Sun
McCormick Park	531dbd66f5492b48b449570bc13b595aa42458e4	46.872850	-114.005310	1745777753	2025-04-27	18:15:53	Sun
McCormick Park	531dbd66f5492b48b449570bc13b595aa42458e4	46.872850	-114.005360	1745777749	2025-04-27	18:15:49	Sun
McCormick Park	fe6822b1f1dfe71f79a7a27d06184c42307467a0	46.872220	-114.004640	1748897412	2025-06-02	20:50:12	Mon
McCormick Park	fe6822b1f1dfe71f79a7a27d06184c42307467a0	46.872220	-114.004650	1748897417	2025-06-02	20:50:17	Mon
McCormick Park	62790c2079e2516754b3f257df04026c9061e2b3	46.871840	-114.006600	1748840036	2025-06-02	04:53:56	Mon
McCormick Park	4e76a4f730612f4e71c3bbc33d774a722552fb06	46.872990	-114.004980	1748904764	2025-06-02	22:52:44	Mon
McCormick Park	77de5130f2a3fedcd4eae12832e7252397dc5174	46.870790	-114.002500	1748887647	2025-06-02	18:07:27	Mon
McCormick Park	77de5130f2a3fedcd4eae12832e7252397dc5174	46.871400	-114.002500	1748887658	2025-06-02	18:07:38	Mon
McCormick Park	77de5130f2a3fedcd4eae12832e7252397dc5174	46.871430	-114.002510	1748887654	2025-06-02	18:07:34	Mon
McCormick Park	a311be2c9b05b0be7cd90c9b6061a058a2f195af	46.872850	-114.005260	1748900045	2025-06-02	21:34:05	Mon
McCormick Park	d61ab7445ba7e496c8a7db32cda6ea6376c88751	46.871100	-114.001940	1748830892	2025-06-02	02:21:32	Mon
McCormick Park	d61ab7445ba7e496c8a7db32cda6ea6376c88751	46.871100	-114.001970	1748830890	2025-06-02	02:21:30	Mon
McCormick Park	a74f586ace8a7b26ac5ab76f0a305be31dc7cb66	46.872260	-114.003870	1748885837	2025-06-02	17:37:17	Mon
McCormick Park	ebb04fc4ee3dd21a9711bf6711a3f33a4e584d8a	46.870780	-114.003050	1748824492	2025-06-02	00:34:52	Mon
McCormick Park	f0e6e6fd8118a361fe0e3fa8985db0432ceb53bd	46.871640	-114.004640	1748901975	2025-06-02	22:06:15	Mon
McCormick Park	bdb7b269e2794068e052c02df8416357fde8e60a	46.873020	-114.004720	1748893001	2025-06-02	19:36:41	Mon
McCormick Park	bdb7b269e2794068e052c02df8416357fde8e60a	46.872720	-114.004760	1748893032	2025-06-02	19:37:12	Mon
McCormick Park	bdb7b269e2794068e052c02df8416357fde8e60a	46.872710	-114.004260	1748893126	2025-06-02	19:38:46	Mon
McCormick Park	bdb7b269e2794068e052c02df8416357fde8e60a	46.872800	-114.005090	1748893132	2025-06-02	19:38:52	Mon
McCormick Park	bdb7b269e2794068e052c02df8416357fde8e60a	46.872520	-114.004730	1748893153	2025-06-02	19:39:13	Mon
McCormick Park	bdb7b269e2794068e052c02df8416357fde8e60a	46.872780	-114.004770	1748893272	2025-06-02	19:41:12	Mon
McCormick Park	bdb7b269e2794068e052c02df8416357fde8e60a	46.872760	-114.004670	1748894625	2025-06-02	20:03:45	Mon
McCormick Park	bdb7b269e2794068e052c02df8416357fde8e60a	46.872870	-114.004710	1748895844	2025-06-02	20:24:04	Mon
McCormick Park	bdb7b269e2794068e052c02df8416357fde8e60a	46.872690	-114.005120	1748896751	2025-06-02	20:39:11	Mon
McCormick Park	bdb7b269e2794068e052c02df8416357fde8e60a	46.873050	-114.005620	1748900718	2025-06-02	21:45:18	Mon
McCormick Park	39713b2ed79170ecd5828f8c0b3510c707ce1011	46.874190	-114.005280	1748852163	2025-06-02	08:16:03	Mon
McCormick Park	47eca10a7888f36988317185f88b602ee742237f	46.871330	-114.001620	1748880868	2025-06-02	16:14:28	Mon
McCormick Park	370473d1ef95bd7feaf56c54e044a75ad725cc9f	46.870910	-114.002340	1748823830	2025-06-02	00:23:50	Mon
McCormick Park	fb0c1ee6b2e7c87a4b0bf881660d3ef1241d2f3a	46.871470	-114.004650	1748828968	2025-06-02	01:49:28	Mon
McCormick Park	bb356050682f8c5ace4583e2e01c039b85054ddf	46.870890	-114.002710	1748879305	2025-06-02	15:48:25	Mon
McCormick Park	6bdd9528cde628c25417e604b19abfeb64f2da4c	46.870880	-114.002370	1748827971	2025-06-02	01:32:51	Mon
McCormick Park	bd757f9eed2aa77082104bbb473bb3239f19e7ab	46.872750	-114.004870	1748888525	2025-06-02	18:22:05	Mon
McCormick Park	bd757f9eed2aa77082104bbb473bb3239f19e7ab	46.872720	-114.004830	1748888528	2025-06-02	18:22:08	Mon
McCormick Park	bd757f9eed2aa77082104bbb473bb3239f19e7ab	46.872710	-114.005240	1748889148	2025-06-02	18:32:28	Mon
McCormick Park	bd757f9eed2aa77082104bbb473bb3239f19e7ab	46.872860	-114.005120	1748890182	2025-06-02	18:49:42	Mon
McCormick Park	bd757f9eed2aa77082104bbb473bb3239f19e7ab	46.873260	-114.005390	1748891874	2025-06-02	19:17:54	Mon
McCormick Park	a43c3df650b8ad2aada88483fffa5e06eb287250	46.871860	-114.001820	1748824827	2025-06-02	00:40:27	Mon
McCormick Park	a43c3df650b8ad2aada88483fffa5e06eb287250	46.871850	-114.001820	1748824828	2025-06-02	00:40:28	Mon
McCormick Park	a43c3df650b8ad2aada88483fffa5e06eb287250	46.871550	-114.001470	1748824848	2025-06-02	00:40:48	Mon
McCormick Park	a43c3df650b8ad2aada88483fffa5e06eb287250	46.871860	-114.001850	1748824819	2025-06-02	00:40:19	Mon
McCormick Park	a43c3df650b8ad2aada88483fffa5e06eb287250	46.871550	-114.002220	1748824831	2025-06-02	00:40:31	Mon
McCormick Park	5168cd2c1e75bf7a44546a666df72c024c4eaf1f	46.872720	-114.005240	1748894484	2025-06-02	20:01:24	Mon
McCormick Park	5168cd2c1e75bf7a44546a666df72c024c4eaf1f	46.872830	-114.005600	1748890397	2025-06-02	18:53:17	Mon
McCormick Park	5168cd2c1e75bf7a44546a666df72c024c4eaf1f	46.872830	-114.005040	1748890432	2025-06-02	18:53:52	Mon
McCormick Park	d7d78dbe1db0e4372468ecfa83b7a94411043ced	46.871020	-114.002240	1748904087	2025-06-02	22:41:27	Mon
McCormick Park	1739134cb2a0e66ab3a3b98790739fb63524241b	46.872441	-114.004262	1748822662	2025-06-02	00:04:22	Mon
McCormick Park	1739134cb2a0e66ab3a3b98790739fb63524241b	46.872452	-114.004265	1748822669	2025-06-02	00:04:29	Mon
McCormick Park	1739134cb2a0e66ab3a3b98790739fb63524241b	46.872465	-114.004289	1748822443	2025-06-02	00:00:43	Mon
McCormick Park	1739134cb2a0e66ab3a3b98790739fb63524241b	46.872220	-114.004260	1748822658	2025-06-02	00:04:18	Mon
McCormick Park	1739134cb2a0e66ab3a3b98790739fb63524241b	46.872450	-114.004270	1748822669	2025-06-02	00:04:29	Mon
McCormick Park	1739134cb2a0e66ab3a3b98790739fb63524241b	46.872430	-114.004230	1748822672	2025-06-02	00:04:32	Mon
McCormick Park	1739134cb2a0e66ab3a3b98790739fb63524241b	46.872430	-114.004255	1748824222	2025-06-02	00:30:22	Mon
McCormick Park	1739134cb2a0e66ab3a3b98790739fb63524241b	46.872430	-114.004255	1748824401	2025-06-02	00:33:21	Mon
McCormick Park	1739134cb2a0e66ab3a3b98790739fb63524241b	46.872433	-114.004253	1748824705	2025-06-02	00:38:25	Mon
McCormick Park	1739134cb2a0e66ab3a3b98790739fb63524241b	46.872433	-114.004253	1748824750	2025-06-02	00:39:10	Mon
McCormick Park	1739134cb2a0e66ab3a3b98790739fb63524241b	46.872433	-114.004253	1748824867	2025-06-02	00:41:07	Mon
McCormick Park	1739134cb2a0e66ab3a3b98790739fb63524241b	46.872433	-114.004253	1748825441	2025-06-02	00:50:41	Mon
McCormick Park	1739134cb2a0e66ab3a3b98790739fb63524241b	46.872433	-114.004253	1748825554	2025-06-02	00:52:34	Mon
McCormick Park	1739134cb2a0e66ab3a3b98790739fb63524241b	46.872433	-114.004249	1748825600	2025-06-02	00:53:20	Mon
McCormick Park	460c6cc009968a6ca04d1dc7085baa2a52947c9e	46.872720	-114.003340	1748834370	2025-06-02	03:19:30	Mon
McCormick Park	460c6cc009968a6ca04d1dc7085baa2a52947c9e	46.872450	-114.003400	1748834402	2025-06-02	03:20:02	Mon
McCormick Park	460c6cc009968a6ca04d1dc7085baa2a52947c9e	46.872450	-114.003400	1748834460	2025-06-02	03:21:00	Mon
McCormick Park	460c6cc009968a6ca04d1dc7085baa2a52947c9e	46.872750	-114.003330	1748834368	2025-06-02	03:19:28	Mon
McCormick Park	460c6cc009968a6ca04d1dc7085baa2a52947c9e	46.872470	-114.003400	1748834400	2025-06-02	03:20:00	Mon
McCormick Park	460c6cc009968a6ca04d1dc7085baa2a52947c9e	46.872430	-114.003400	1748834453	2025-06-02	03:20:53	Mon
McCormick Park	460c6cc009968a6ca04d1dc7085baa2a52947c9e	46.872460	-114.003310	1748834500	2025-06-02	03:21:40	Mon
McCormick Park	42142141c284e53aebc8df57cadd64ec40d9ab35	46.871350	-114.004900	1748876465	2025-06-02	15:01:05	Mon
McCormick Park	42142141c284e53aebc8df57cadd64ec40d9ab35	46.871380	-114.004900	1748876461	2025-06-02	15:01:01	Mon
McCormick Park	fb2c9c410ee671cf5cd7622750de8ef422f0c5b6	46.870760	-114.002750	1748897120	2025-06-02	20:45:20	Mon
McCormick Park	fb2c9c410ee671cf5cd7622750de8ef422f0c5b6	46.870730	-114.002790	1748897120	2025-06-02	20:45:20	Mon
McCormick Park	5fbd322ecf5b506861ec14098c3702cad1c43ca8	46.874120	-114.004400	1748896862	2025-06-02	20:41:02	Mon
McCormick Park	5b6f1eb0e98dd4a600ff88080dae05de590f619b	46.872380	-114.004720	1748824106	2025-06-02	00:28:26	Mon
McCormick Park	ef77ce6c1ff0e5c6e67b550e346cf524c68914b4	46.871520	-114.004950	1748876601	2025-06-02	15:03:21	Mon
McCormick Park	070dff84b9edd5f174530ffd11365be1153cc09f	46.871350	-114.002610	1748838399	2025-06-02	04:26:39	Mon
McCormick Park	009bb047c8083095ed146c947e1af066d0e8b85f	46.872270	-114.002150	1748823162	2025-06-02	00:12:42	Mon
McCormick Park	009bb047c8083095ed146c947e1af066d0e8b85f	46.871960	-114.002080	1748823084	2025-06-02	00:11:24	Mon
McCormick Park	009bb047c8083095ed146c947e1af066d0e8b85f	46.872570	-114.003640	1748823300	2025-06-02	00:15:00	Mon
McCormick Park	0cad55b7733996d6cbb834277386378637bd1b70	46.871080	-114.002100	1748903224	2025-06-02	22:27:04	Mon
McCormick Park	0cad55b7733996d6cbb834277386378637bd1b70	46.871080	-114.002100	1748903221	2025-06-02	22:27:01	Mon
McCormick Park	a3562cf7bc312090e09065af3133f641f91f02b4	46.870723	-114.002544	1748871492	2025-06-02	13:38:12	Mon
McCormick Park	24a82ce096c7aa21ace784eb89316e8a1dd3ce1f	46.871460	-114.001550	1748826485	2025-06-02	01:08:05	Mon
McCormick Park	9371bdc8679d6754b4e112cf562a8b0fa0da142d	46.870720	-114.002530	1748908517	2025-06-02	23:55:17	Mon
McCormick Park	1da0e141689dc1bead83e94eeaa8235435507888	46.872540	-114.005160	1748890184	2025-06-02	18:49:44	Mon
McCormick Park	1da0e141689dc1bead83e94eeaa8235435507888	46.872800	-114.005240	1748890693	2025-06-02	18:58:13	Mon
McCormick Park	7e0a9f076a9e4c8e95fb9d35f87af67131ee79dc	46.871304	-114.001900	1748837441	2025-06-02	04:10:41	Mon
McCormick Park	7e0a9f076a9e4c8e95fb9d35f87af67131ee79dc	46.871334	-114.001999	1748837444	2025-06-02	04:10:44	Mon
McCormick Park	7e0a9f076a9e4c8e95fb9d35f87af67131ee79dc	46.871334	-114.001945	1748837447	2025-06-02	04:10:47	Mon
McCormick Park	7e0a9f076a9e4c8e95fb9d35f87af67131ee79dc	46.871335	-114.001947	1748837447	2025-06-02	04:10:47	Mon
McCormick Park	7e0a9f076a9e4c8e95fb9d35f87af67131ee79dc	46.871342	-114.001976	1748837451	2025-06-02	04:10:51	Mon
McCormick Park	7e0a9f076a9e4c8e95fb9d35f87af67131ee79dc	46.871359	-114.001920	1748837451	2025-06-02	04:10:51	Mon
McCormick Park	7e0a9f076a9e4c8e95fb9d35f87af67131ee79dc	46.871380	-114.001976	1748837455	2025-06-02	04:10:55	Mon
McCormick Park	7e0a9f076a9e4c8e95fb9d35f87af67131ee79dc	46.871440	-114.001870	1748838730	2025-06-02	04:32:10	Mon
McCormick Park	7e0a9f076a9e4c8e95fb9d35f87af67131ee79dc	46.871420	-114.001860	1748838732	2025-06-02	04:32:12	Mon
McCormick Park	7e0a9f076a9e4c8e95fb9d35f87af67131ee79dc	46.871407	-114.001881	1748838733	2025-06-02	04:32:13	Mon
McCormick Park	7e0a9f076a9e4c8e95fb9d35f87af67131ee79dc	46.871460	-114.001820	1748838736	2025-06-02	04:32:16	Mon
McCormick Park	7e0a9f076a9e4c8e95fb9d35f87af67131ee79dc	46.871440	-114.002100	1748838736	2025-06-02	04:32:16	Mon
McCormick Park	7e0a9f076a9e4c8e95fb9d35f87af67131ee79dc	46.871420	-114.001810	1748838737	2025-06-02	04:32:17	Mon
McCormick Park	7e0a9f076a9e4c8e95fb9d35f87af67131ee79dc	46.871442	-114.001842	1748838740	2025-06-02	04:32:20	Mon
McCormick Park	7e0a9f076a9e4c8e95fb9d35f87af67131ee79dc	46.871460	-114.001840	1748838741	2025-06-02	04:32:21	Mon
McCormick Park	7e0a9f076a9e4c8e95fb9d35f87af67131ee79dc	46.871441	-114.001862	1748838744	2025-06-02	04:32:24	Mon
McCormick Park	7e0a9f076a9e4c8e95fb9d35f87af67131ee79dc	46.871450	-114.001870	1748838745	2025-06-02	04:32:25	Mon
McCormick Park	7e0a9f076a9e4c8e95fb9d35f87af67131ee79dc	46.871430	-114.001820	1748838745	2025-06-02	04:32:25	Mon
McCormick Park	7e0a9f076a9e4c8e95fb9d35f87af67131ee79dc	46.871440	-114.001800	1748838748	2025-06-02	04:32:28	Mon
McCormick Park	7e0a9f076a9e4c8e95fb9d35f87af67131ee79dc	46.871340	-114.001950	1748840043	2025-06-02	04:54:03	Mon
McCormick Park	7e0a9f076a9e4c8e95fb9d35f87af67131ee79dc	46.871323	-114.001940	1748840054	2025-06-02	04:54:14	Mon
McCormick Park	7e0a9f076a9e4c8e95fb9d35f87af67131ee79dc	46.871384	-114.001923	1748840054	2025-06-02	04:54:14	Mon
McCormick Park	7e0a9f076a9e4c8e95fb9d35f87af67131ee79dc	46.871300	-114.001900	1748840057	2025-06-02	04:54:17	Mon
McCormick Park	7e0a9f076a9e4c8e95fb9d35f87af67131ee79dc	46.871342	-114.001984	1748840065	2025-06-02	04:54:25	Mon
McCormick Park	7e0a9f076a9e4c8e95fb9d35f87af67131ee79dc	46.871310	-114.001980	1748840067	2025-06-02	04:54:27	Mon
McCormick Park	7e0a9f076a9e4c8e95fb9d35f87af67131ee79dc	46.871450	-114.001980	1748841183	2025-06-02	05:13:03	Mon
McCormick Park	7e0a9f076a9e4c8e95fb9d35f87af67131ee79dc	46.871433	-114.001961	1748841184	2025-06-02	05:13:04	Mon
McCormick Park	7e0a9f076a9e4c8e95fb9d35f87af67131ee79dc	46.871440	-114.001920	1748841210	2025-06-02	05:13:30	Mon
McCormick Park	7e0a9f076a9e4c8e95fb9d35f87af67131ee79dc	46.871473	-114.001963	1748841211	2025-06-02	05:13:31	Mon
McCormick Park	7e0a9f076a9e4c8e95fb9d35f87af67131ee79dc	46.871410	-114.001938	1748841212	2025-06-02	05:13:32	Mon
McCormick Park	7e0a9f076a9e4c8e95fb9d35f87af67131ee79dc	46.871480	-114.001910	1748841212	2025-06-02	05:13:32	Mon
McCormick Park	7e0a9f076a9e4c8e95fb9d35f87af67131ee79dc	46.871410	-114.001970	1748841213	2025-06-02	05:13:33	Mon
McCormick Park	7e0a9f076a9e4c8e95fb9d35f87af67131ee79dc	46.871400	-114.001920	1748841216	2025-06-02	05:13:36	Mon
McCormick Park	7e0a9f076a9e4c8e95fb9d35f87af67131ee79dc	46.871449	-114.001946	1748841217	2025-06-02	05:13:37	Mon
McCormick Park	7e0a9f076a9e4c8e95fb9d35f87af67131ee79dc	46.871431	-114.001936	1748841227	2025-06-02	05:13:47	Mon
McCormick Park	7e0a9f076a9e4c8e95fb9d35f87af67131ee79dc	46.871426	-114.001930	1748841234	2025-06-02	05:13:54	Mon
McCormick Park	7e0a9f076a9e4c8e95fb9d35f87af67131ee79dc	46.871425	-114.001927	1748841234	2025-06-02	05:13:54	Mon
McCormick Park	7e0a9f076a9e4c8e95fb9d35f87af67131ee79dc	46.871080	-114.001960	1748842067	2025-06-02	05:27:47	Mon
McCormick Park	7e0a9f076a9e4c8e95fb9d35f87af67131ee79dc	46.871380	-114.001953	1748842082	2025-06-02	05:28:02	Mon
McCormick Park	7e0a9f076a9e4c8e95fb9d35f87af67131ee79dc	46.871301	-114.001957	1748842084	2025-06-02	05:28:04	Mon
McCormick Park	7e0a9f076a9e4c8e95fb9d35f87af67131ee79dc	46.871300	-114.001953	1748842084	2025-06-02	05:28:04	Mon
McCormick Park	7e0a9f076a9e4c8e95fb9d35f87af67131ee79dc	46.871300	-114.001980	1748842085	2025-06-02	05:28:05	Mon
McCormick Park	7e0a9f076a9e4c8e95fb9d35f87af67131ee79dc	46.871300	-114.001930	1748842088	2025-06-02	05:28:08	Mon
McCormick Park	7e0a9f076a9e4c8e95fb9d35f87af67131ee79dc	46.871326	-114.001976	1748842088	2025-06-02	05:28:08	Mon
McCormick Park	7e0a9f076a9e4c8e95fb9d35f87af67131ee79dc	46.871379	-114.001961	1748842138	2025-06-02	05:28:58	Mon
McCormick Park	7e0a9f076a9e4c8e95fb9d35f87af67131ee79dc	46.871300	-114.001950	1748837440	2025-06-02	04:10:40	Mon
McCormick Park	7e0a9f076a9e4c8e95fb9d35f87af67131ee79dc	46.871300	-114.001900	1748837441	2025-06-02	04:10:41	Mon
McCormick Park	7e0a9f076a9e4c8e95fb9d35f87af67131ee79dc	46.871330	-114.001950	1748837443	2025-06-02	04:10:43	Mon
McCormick Park	7e0a9f076a9e4c8e95fb9d35f87af67131ee79dc	46.871300	-114.001900	1748837447	2025-06-02	04:10:47	Mon
McCormick Park	7e0a9f076a9e4c8e95fb9d35f87af67131ee79dc	46.871360	-114.001920	1748837448	2025-06-02	04:10:48	Mon
McCormick Park	7e0a9f076a9e4c8e95fb9d35f87af67131ee79dc	46.871340	-114.001980	1748837451	2025-06-02	04:10:51	Mon
McCormick Park	7e0a9f076a9e4c8e95fb9d35f87af67131ee79dc	46.871380	-114.001980	1748837455	2025-06-02	04:10:55	Mon
McCormick Park	7e0a9f076a9e4c8e95fb9d35f87af67131ee79dc	46.871450	-114.001850	1748838736	2025-06-02	04:32:16	Mon
McCormick Park	7e0a9f076a9e4c8e95fb9d35f87af67131ee79dc	46.871440	-114.001810	1748838740	2025-06-02	04:32:20	Mon
McCormick Park	7e0a9f076a9e4c8e95fb9d35f87af67131ee79dc	46.871440	-114.001850	1748838748	2025-06-02	04:32:28	Mon
McCormick Park	7e0a9f076a9e4c8e95fb9d35f87af67131ee79dc	46.871350	-114.001960	1748840051	2025-06-02	04:54:11	Mon
McCormick Park	7e0a9f076a9e4c8e95fb9d35f87af67131ee79dc	46.871380	-114.001930	1748840054	2025-06-02	04:54:14	Mon
McCormick Park	7e0a9f076a9e4c8e95fb9d35f87af67131ee79dc	46.871320	-114.001920	1748840056	2025-06-02	04:54:16	Mon
McCormick Park	7e0a9f076a9e4c8e95fb9d35f87af67131ee79dc	46.871340	-114.001990	1748840065	2025-06-02	04:54:25	Mon
McCormick Park	7e0a9f076a9e4c8e95fb9d35f87af67131ee79dc	46.871790	-114.002290	1748841164	2025-06-02	05:12:44	Mon
McCormick Park	7e0a9f076a9e4c8e95fb9d35f87af67131ee79dc	46.871480	-114.001910	1748841177	2025-06-02	05:12:57	Mon
McCormick Park	7e0a9f076a9e4c8e95fb9d35f87af67131ee79dc	46.871470	-114.001950	1748841180	2025-06-02	05:13:00	Mon
McCormick Park	7e0a9f076a9e4c8e95fb9d35f87af67131ee79dc	46.871430	-114.001970	1748841184	2025-06-02	05:13:04	Mon
McCormick Park	7e0a9f076a9e4c8e95fb9d35f87af67131ee79dc	46.871790	-114.001960	1748841195	2025-06-02	05:13:15	Mon
McCormick Park	7e0a9f076a9e4c8e95fb9d35f87af67131ee79dc	46.871410	-114.001940	1748841212	2025-06-02	05:13:32	Mon
McCormick Park	7e0a9f076a9e4c8e95fb9d35f87af67131ee79dc	46.871460	-114.001970	1748841214	2025-06-02	05:13:34	Mon
McCormick Park	7e0a9f076a9e4c8e95fb9d35f87af67131ee79dc	46.871480	-114.001910	1748841215	2025-06-02	05:13:35	Mon
McCormick Park	7e0a9f076a9e4c8e95fb9d35f87af67131ee79dc	46.871440	-114.001950	1748841217	2025-06-02	05:13:37	Mon
McCormick Park	7e0a9f076a9e4c8e95fb9d35f87af67131ee79dc	46.871400	-114.001910	1748841228	2025-06-02	05:13:48	Mon
McCormick Park	7e0a9f076a9e4c8e95fb9d35f87af67131ee79dc	46.871300	-114.001910	1748842085	2025-06-02	05:28:05	Mon
McCormick Park	09779ff8e054796c2d5cced0ee8106ec93c636be	46.872660	-114.002200	1748865907	2025-06-02	12:05:07	Mon
McCormick Park	00f3b84bea316933d64326b2a2300cd3d9faa540	46.871770	-114.004500	1748824332	2025-06-02	00:32:12	Mon
McCormick Park	afa566ab1042c4e223e49f500363ad21c855c2c7	46.871240	-114.003820	1748827617	2025-06-02	01:26:57	Mon
McCormick Park	e19cfd14d966b136305e25c58dd1561db57ff780	46.872400	-114.004730	1748902707	2025-06-02	22:18:27	Mon
McCormick Park	ac50ca4ee7506f11959dddff2d5db1513d6478d3	46.872800	-114.005340	1748829074	2025-06-02	01:51:14	Mon
McCormick Park	ac50ca4ee7506f11959dddff2d5db1513d6478d3	46.872850	-114.005350	1748829082	2025-06-02	01:51:22	Mon
McCormick Park	ac50ca4ee7506f11959dddff2d5db1513d6478d3	46.873260	-114.005710	1748833502	2025-06-02	03:05:02	Mon
McCormick Park	ac50ca4ee7506f11959dddff2d5db1513d6478d3	46.873210	-114.005700	1748833551	2025-06-02	03:05:51	Mon
McCormick Park	ac50ca4ee7506f11959dddff2d5db1513d6478d3	46.873260	-114.005730	1748833556	2025-06-02	03:05:56	Mon
McCormick Park	ac50ca4ee7506f11959dddff2d5db1513d6478d3	46.872880	-114.005370	1748829082	2025-06-02	01:51:22	Mon
McCormick Park	ac50ca4ee7506f11959dddff2d5db1513d6478d3	46.872880	-114.005390	1748829084	2025-06-02	01:51:24	Mon
McCormick Park	ac50ca4ee7506f11959dddff2d5db1513d6478d3	46.872960	-114.005320	1748830614	2025-06-02	02:16:54	Mon
McCormick Park	ac50ca4ee7506f11959dddff2d5db1513d6478d3	46.873270	-114.005700	1748833552	2025-06-02	03:05:52	Mon
McCormick Park	ac50ca4ee7506f11959dddff2d5db1513d6478d3	46.872600	-114.005420	1748833587	2025-06-02	03:06:27	Mon
McCormick Park	ac50ca4ee7506f11959dddff2d5db1513d6478d3	46.872800	-114.005320	1748833926	2025-06-02	03:12:06	Mon
McCormick Park	e61afaf443bf12e5b1f28f9e45973e9fb6276fff	46.871070	-114.003430	1748907664	2025-06-02	23:41:04	Mon
McCormick Park	e61afaf443bf12e5b1f28f9e45973e9fb6276fff	46.871080	-114.003460	1748907671	2025-06-02	23:41:11	Mon
McCormick Park	a201455859387e3cc06329e1a55be3061b3ad1f4	46.871840	-114.006480	1748831193	2025-06-02	02:26:33	Mon
McCormick Park	548a5e427d036c6365c21098ce29084d9ae22216	46.870850	-114.002480	1748874057	2025-06-02	14:20:57	Mon
McCormick Park	548a5e427d036c6365c21098ce29084d9ae22216	46.870830	-114.002450	1748874053	2025-06-02	14:20:53	Mon
McCormick Park	f095cd4804c6c02d532172b7136f0357a315c458	46.870970	-114.003520	1748875853	2025-06-02	14:50:53	Mon
McCormick Park	516ef8b39812470a23c13dcc5d161167e0711b6b	46.871220	-114.002370	1748838568	2025-06-02	04:29:28	Mon
McCormick Park	516ef8b39812470a23c13dcc5d161167e0711b6b	46.871200	-114.002380	1748838563	2025-06-02	04:29:23	Mon
McCormick Park	0e932f0b35094a9ae973f8d4038e833de0eb3855	46.870630	-114.002850	1748837877	2025-06-02	04:17:57	Mon
McCormick Park	1e4529f945bd39e134dfeff11cbff780ad1bb940	46.872800	-114.004310	1748897614	2025-06-02	20:53:34	Mon
McCormick Park	1e4529f945bd39e134dfeff11cbff780ad1bb940	46.872800	-114.004350	1748897618	2025-06-02	20:53:38	Mon
McCormick Park	1e4529f945bd39e134dfeff11cbff780ad1bb940	46.872620	-114.005310	1748902293	2025-06-02	22:11:33	Mon
McCormick Park	1e4529f945bd39e134dfeff11cbff780ad1bb940	46.872620	-114.005350	1748902301	2025-06-02	22:11:41	Mon
McCormick Park	1e4529f945bd39e134dfeff11cbff780ad1bb940	46.872830	-114.005250	1748827947	2025-06-02	01:32:27	Mon
McCormick Park	1e4529f945bd39e134dfeff11cbff780ad1bb940	46.872860	-114.004770	1748829974	2025-06-02	02:06:14	Mon
McCormick Park	1e4529f945bd39e134dfeff11cbff780ad1bb940	46.872800	-114.004360	1748897617	2025-06-02	20:53:37	Mon
McCormick Park	1e4529f945bd39e134dfeff11cbff780ad1bb940	46.873060	-114.005210	1748900429	2025-06-02	21:40:29	Mon
McCormick Park	1e4529f945bd39e134dfeff11cbff780ad1bb940	46.872640	-114.005340	1748902306	2025-06-02	22:11:46	Mon
McCormick Park	1e4529f945bd39e134dfeff11cbff780ad1bb940	46.872930	-114.004980	1748904561	2025-06-02	22:49:21	Mon
McCormick Park	1b40f1e777dc91f062101adc408368eb8aafe4dd	46.871070	-114.002160	1748901039	2025-06-02	21:50:39	Mon
McCormick Park	dde9a9e034e76fd4693edc1b62fe93e4c54bd2b4	46.870760	-114.002950	1748883135	2025-06-02	16:52:15	Mon
McCormick Park	969ab5646aaed82c46aa02a82229f1fc6e673f0c	46.870870	-114.003140	1748825381	2025-06-02	00:49:41	Mon
McCormick Park	20a7eaad7fceab1f1494263892605450086ba1a5	46.870940	-114.002310	1748888855	2025-06-02	18:27:35	Mon
McCormick Park	20a7eaad7fceab1f1494263892605450086ba1a5	46.870970	-114.002370	1748888862	2025-06-02	18:27:42	Mon
McCormick Park	20a7eaad7fceab1f1494263892605450086ba1a5	46.870940	-114.002370	1748888858	2025-06-02	18:27:38	Mon
McCormick Park	dae6ce158f32570cc0134049715e58bc57956bf8	46.872810	-114.005380	1748829564	2025-06-02	01:59:24	Mon
McCormick Park	763191769798ad8330434bdc3ec98c60c778da33	46.871540	-114.004530	1748827880	2025-06-02	01:31:20	Mon
McCormick Park	2270bced78a6405a340e49b6e7a1254dea43f931	46.870760	-114.002610	1748875526	2025-06-02	14:45:26	Mon
McCormick Park	536a8b345adc8c6fc7ea992d5a56ee21a90f5ede	46.872360	-114.005040	1748837446	2025-06-02	04:10:46	Mon
McCormick Park	e501296d2fdb411e1da52da56b1ab28b7f0d92ab	46.870960	-114.002360	1748830918	2025-06-02	02:21:58	Mon
McCormick Park	614e747488fe60e5f8a7fd2e8e6857a2176c069b	46.871320	-114.001520	1748880073	2025-06-02	16:01:13	Mon
McCormick Park	e6c6f92601d9900422e28abfd118b431f565d3e5	46.872768	-114.004570	1742668128	2025-03-22	18:28:48	Sat
McCormick Park	e6c6f92601d9900422e28abfd118b431f565d3e5	46.872645	-114.004900	1742668213	2025-03-22	18:30:13	Sat
McCormick Park	e6c6f92601d9900422e28abfd118b431f565d3e5	46.872662	-114.004900	1742670912	2025-03-22	19:15:12	Sat
McCormick Park	e6c6f92601d9900422e28abfd118b431f565d3e5	46.872646	-114.004970	1742670928	2025-03-22	19:15:28	Sat
McCormick Park	e6c6f92601d9900422e28abfd118b431f565d3e5	46.872780	-114.004520	1742668133	2025-03-22	18:28:53	Sat
McCormick Park	e6c6f92601d9900422e28abfd118b431f565d3e5	46.872630	-114.004970	1742668215	2025-03-22	18:30:15	Sat
McCormick Park	e6c6f92601d9900422e28abfd118b431f565d3e5	46.872620	-114.004900	1742670914	2025-03-22	19:15:14	Sat
McCormick Park	2614cda4ed8e47cea295803381ad4a9792c8be7e	46.871130	-114.002580	1742610541	2025-03-22	02:29:01	Sat
McCormick Park	2614cda4ed8e47cea295803381ad4a9792c8be7e	46.871130	-114.002570	1742610544	2025-03-22	02:29:04	Sat
McCormick Park	dfe771bdbe59f79112e62eb521d6c2f8d162b88f	46.872490	-114.003430	1742670240	2025-03-22	19:04:00	Sat
McCormick Park	dfe771bdbe59f79112e62eb521d6c2f8d162b88f	46.872490	-114.003430	1742670363	2025-03-22	19:06:03	Sat
McCormick Park	dfe771bdbe59f79112e62eb521d6c2f8d162b88f	46.872590	-114.003090	1742670424	2025-03-22	19:07:04	Sat
McCormick Park	dfe771bdbe59f79112e62eb521d6c2f8d162b88f	46.872590	-114.003090	1742670486	2025-03-22	19:08:06	Sat
McCormick Park	dfe771bdbe59f79112e62eb521d6c2f8d162b88f	46.872610	-114.004100	1742670547	2025-03-22	19:09:07	Sat
McCormick Park	dfe771bdbe59f79112e62eb521d6c2f8d162b88f	46.872660	-114.004440	1742670608	2025-03-22	19:10:08	Sat
McCormick Park	dfe771bdbe59f79112e62eb521d6c2f8d162b88f	46.872940	-114.005190	1742670669	2025-03-22	19:11:09	Sat
McCormick Park	dfe771bdbe59f79112e62eb521d6c2f8d162b88f	46.872940	-114.005190	1742670941	2025-03-22	19:15:41	Sat
McCormick Park	dfe771bdbe59f79112e62eb521d6c2f8d162b88f	46.872570	-114.005790	1742671086	2025-03-22	19:18:06	Sat
McCormick Park	dfe771bdbe59f79112e62eb521d6c2f8d162b88f	46.872550	-114.004430	1742671215	2025-03-22	19:20:15	Sat
McCormick Park	dfe771bdbe59f79112e62eb521d6c2f8d162b88f	46.872590	-114.004410	1742671412	2025-03-22	19:23:32	Sat
McCormick Park	dfe771bdbe59f79112e62eb521d6c2f8d162b88f	46.872620	-114.004350	1742671672	2025-03-22	19:27:52	Sat
McCormick Park	dfe771bdbe59f79112e62eb521d6c2f8d162b88f	46.871880	-114.006240	1742671734	2025-03-22	19:28:54	Sat
McCormick Park	e09ec3e21400f7757af2465dab75b4548ad891b9	46.872514	-114.005300	1742602391	2025-03-22	00:13:11	Sat
McCormick Park	ff8eb9f775f635bec171aaea40d94519cd5b9f19	46.872374	-114.006370	1742654651	2025-03-22	14:44:11	Sat
McCormick Park	ff8eb9f775f635bec171aaea40d94519cd5b9f19	46.872308	-114.006340	1742657362	2025-03-22	15:29:22	Sat
McCormick Park	ff8eb9f775f635bec171aaea40d94519cd5b9f19	46.874288	-114.005170	1742659334	2025-03-22	16:02:14	Sat
McCormick Park	ff8eb9f775f635bec171aaea40d94519cd5b9f19	46.872370	-114.006310	1742654640	2025-03-22	14:44:00	Sat
McCormick Park	ff8eb9f775f635bec171aaea40d94519cd5b9f19	46.872330	-114.006310	1742657361	2025-03-22	15:29:21	Sat
McCormick Park	ff8eb9f775f635bec171aaea40d94519cd5b9f19	46.874220	-114.005180	1742659332	2025-03-22	16:02:12	Sat
McCormick Park	b96c8111b2cc05ff9514e24b8c0beb46c052e22a	46.871283	-114.002828	1742610971	2025-03-22	02:36:11	Sat
McCormick Park	b96c8111b2cc05ff9514e24b8c0beb46c052e22a	46.871420	-114.001970	1742612134	2025-03-22	02:55:34	Sat
McCormick Park	b96c8111b2cc05ff9514e24b8c0beb46c052e22a	46.871448	-114.001978	1742612138	2025-03-22	02:55:38	Sat
McCormick Park	b96c8111b2cc05ff9514e24b8c0beb46c052e22a	46.871440	-114.001800	1742613983	2025-03-22	03:26:23	Sat
McCormick Park	b96c8111b2cc05ff9514e24b8c0beb46c052e22a	46.871417	-114.001851	1742613996	2025-03-22	03:26:36	Sat
McCormick Park	b96c8111b2cc05ff9514e24b8c0beb46c052e22a	46.871432	-114.001933	1742614857	2025-03-22	03:40:57	Sat
McCormick Park	b96c8111b2cc05ff9514e24b8c0beb46c052e22a	46.871240	-114.002870	1742610911	2025-03-22	02:35:11	Sat
McCormick Park	b96c8111b2cc05ff9514e24b8c0beb46c052e22a	46.871260	-114.002850	1742610973	2025-03-22	02:36:13	Sat
McCormick Park	b96c8111b2cc05ff9514e24b8c0beb46c052e22a	46.871410	-114.001820	1742611214	2025-03-22	02:40:14	Sat
McCormick Park	b96c8111b2cc05ff9514e24b8c0beb46c052e22a	46.871440	-114.001980	1742612131	2025-03-22	02:55:31	Sat
McCormick Park	b96c8111b2cc05ff9514e24b8c0beb46c052e22a	46.871470	-114.001880	1742613998	2025-03-22	03:26:38	Sat
McCormick Park	b96c8111b2cc05ff9514e24b8c0beb46c052e22a	46.871480	-114.001920	1742614847	2025-03-22	03:40:47	Sat
McCormick Park	f2379374f1647992efa9aabb96518bd8adb03741	46.874126	-114.004280	1742616242	2025-03-22	04:04:02	Sat
McCormick Park	f2379374f1647992efa9aabb96518bd8adb03741	46.874111	-114.004231	1742616303	2025-03-22	04:05:03	Sat
McCormick Park	b0f8cb15f86c63dd4db063786c51b47690f941e7	46.871800	-114.003980	1742612797	2025-03-22	03:06:37	Sat
McCormick Park	32759ce9c8ae9d75ced5445cec768b336153ca1d	46.873805	-114.004922	1742646883	2025-03-22	12:34:43	Sat
McCormick Park	32759ce9c8ae9d75ced5445cec768b336153ca1d	46.873873	-114.004947	1742647142	2025-03-22	12:39:02	Sat
McCormick Park	32759ce9c8ae9d75ced5445cec768b336153ca1d	46.873830	-114.004930	1742646884	2025-03-22	12:34:44	Sat
McCormick Park	32759ce9c8ae9d75ced5445cec768b336153ca1d	46.873800	-114.004950	1742647140	2025-03-22	12:39:00	Sat
McCormick Park	32759ce9c8ae9d75ced5445cec768b336153ca1d	46.873806	-114.004920	1742646883	2025-03-22	12:34:43	Sat
McCormick Park	1464535c3f32a6d371caf1826eef664e0000c9e7	46.871980	-114.004973	1742608742	2025-03-22	01:59:02	Sat
McCormick Park	1464535c3f32a6d371caf1826eef664e0000c9e7	46.871950	-114.004930	1742608744	2025-03-22	01:59:04	Sat
McCormick Park	d2fdd2a065b2cb0c87413df1db10711761aff928	46.871510	-114.005010	1742668603	2025-03-22	18:36:43	Sat
McCormick Park	f59a72e988ce77ccdb725ae36b0bb9e2b7d6fa60	46.871360	-114.003105	1742607934	2025-03-22	01:45:34	Sat
McCormick Park	f59a72e988ce77ccdb725ae36b0bb9e2b7d6fa60	46.871370	-114.003184	1742608055	2025-03-22	01:47:35	Sat
McCormick Park	f59a72e988ce77ccdb725ae36b0bb9e2b7d6fa60	46.871310	-114.003160	1742608074	2025-03-22	01:47:54	Sat
McCormick Park	ced55ba8678ab5274793abc657730fdf862e1aef	46.872625	-114.003200	1742617542	2025-03-22	04:25:42	Sat
McCormick Park	ced55ba8678ab5274793abc657730fdf862e1aef	46.872600	-114.003240	1742617542	2025-03-22	04:25:42	Sat
McCormick Park	2a929850d623c10f2a630f2832d00c2668ae743a	46.872664	-114.004871	1743649970	2025-04-03	03:12:50	Thu
McCormick Park	2a929850d623c10f2a630f2832d00c2668ae743a	46.872630	-114.004860	1743649976	2025-04-03	03:12:56	Thu
McCormick Park	985970c7716679822152213a104bd1555da66db5	46.871600	-114.004900	1743685860	2025-04-03	13:11:00	Thu
McCormick Park	985970c7716679822152213a104bd1555da66db5	46.871660	-114.004920	1743685866	2025-04-03	13:11:06	Thu
McCormick Park	985970c7716679822152213a104bd1555da66db5	46.872610	-114.004620	1743685903	2025-04-03	13:11:43	Thu
McCormick Park	985970c7716679822152213a104bd1555da66db5	46.872660	-114.004660	1743685907	2025-04-03	13:11:47	Thu
McCormick Park	1bffc271b60eee9fdac2133d82bd9a42b5a3262d	46.872017	-114.004800	1743651037	2025-04-03	03:30:37	Thu
McCormick Park	1bffc271b60eee9fdac2133d82bd9a42b5a3262d	46.872070	-114.004830	1743643918	2025-04-03	01:31:58	Thu
McCormick Park	1bffc271b60eee9fdac2133d82bd9a42b5a3262d	46.872050	-114.004830	1743651030	2025-04-03	03:30:30	Thu
McCormick Park	3f3976b6fd7644372452f6578dbaac8e910d50c6	46.872467	-114.002640	1743696660	2025-04-03	16:11:00	Thu
McCormick Park	3f3976b6fd7644372452f6578dbaac8e910d50c6	46.872440	-114.002620	1743696668	2025-04-03	16:11:08	Thu
McCormick Park	1e29d9eb4b47417d00a9756af0b083b51028ff36	46.872180	-114.004740	1743701700	2025-04-03	17:35:00	Thu
McCormick Park	f47c151d1776c669db5e30cd3a666ca7aef4d24b	46.871310	-114.003180	1743644820	2025-04-03	01:47:00	Thu
McCormick Park	4ca6f092cea32daf6976ddcdbcbca65da108377b	46.871312	-114.002487	1743661644	2025-04-03	06:27:24	Thu
McCormick Park	4ca6f092cea32daf6976ddcdbcbca65da108377b	46.871353	-114.002447	1743664684	2025-04-03	07:18:04	Thu
McCormick Park	4ca6f092cea32daf6976ddcdbcbca65da108377b	46.871330	-114.002431	1743699077	2025-04-03	16:51:17	Thu
McCormick Park	1ff77d2e8d4d74500f36e97d46b98c2e141ae727	46.871384	-114.003103	1743639325	2025-04-03	00:15:25	Thu
McCormick Park	1ff77d2e8d4d74500f36e97d46b98c2e141ae727	46.871347	-114.003117	1743639947	2025-04-03	00:25:47	Thu
McCormick Park	1ff77d2e8d4d74500f36e97d46b98c2e141ae727	46.871302	-114.003180	1743640048	2025-04-03	00:27:28	Thu
McCormick Park	1ff77d2e8d4d74500f36e97d46b98c2e141ae727	46.871367	-114.003130	1743646286	2025-04-03	02:11:26	Thu
McCormick Park	1ff77d2e8d4d74500f36e97d46b98c2e141ae727	46.871365	-114.003186	1743646331	2025-04-03	02:12:11	Thu
McCormick Park	1ff77d2e8d4d74500f36e97d46b98c2e141ae727	46.871321	-114.003172	1743646524	2025-04-03	02:15:24	Thu
McCormick Park	1ff77d2e8d4d74500f36e97d46b98c2e141ae727	46.871336	-114.003107	1743646578	2025-04-03	02:16:18	Thu
McCormick Park	1ff77d2e8d4d74500f36e97d46b98c2e141ae727	46.871330	-114.003120	1743647992	2025-04-03	02:39:52	Thu
McCormick Park	1ff77d2e8d4d74500f36e97d46b98c2e141ae727	46.871318	-114.003109	1743648082	2025-04-03	02:41:22	Thu
McCormick Park	1ff77d2e8d4d74500f36e97d46b98c2e141ae727	46.871330	-114.003170	1743639211	2025-04-03	00:13:31	Thu
McCormick Park	1ff77d2e8d4d74500f36e97d46b98c2e141ae727	46.871340	-114.003170	1743639321	2025-04-03	00:15:21	Thu
McCormick Park	1ff77d2e8d4d74500f36e97d46b98c2e141ae727	46.871380	-114.003110	1743639942	2025-04-03	00:25:42	Thu
McCormick Park	1ff77d2e8d4d74500f36e97d46b98c2e141ae727	46.871350	-114.003170	1743640042	2025-04-03	00:27:22	Thu
McCormick Park	1ff77d2e8d4d74500f36e97d46b98c2e141ae727	46.871360	-114.003180	1743645931	2025-04-03	02:05:31	Thu
McCormick Park	1ff77d2e8d4d74500f36e97d46b98c2e141ae727	46.871330	-114.003190	1743646284	2025-04-03	02:11:24	Thu
McCormick Park	1ff77d2e8d4d74500f36e97d46b98c2e141ae727	46.871320	-114.003110	1743646336	2025-04-03	02:12:16	Thu
McCormick Park	1ff77d2e8d4d74500f36e97d46b98c2e141ae727	46.871300	-114.003170	1743646538	2025-04-03	02:15:38	Thu
McCormick Park	1ff77d2e8d4d74500f36e97d46b98c2e141ae727	46.871380	-114.003140	1743646573	2025-04-03	02:16:13	Thu
McCormick Park	1ff77d2e8d4d74500f36e97d46b98c2e141ae727	46.871310	-114.003120	1743647996	2025-04-03	02:39:56	Thu
McCormick Park	1ff77d2e8d4d74500f36e97d46b98c2e141ae727	46.871320	-114.003130	1743648085	2025-04-03	02:41:25	Thu
McCormick Park	9212b43ec33923d34b5538de9825b2f1973a09f6	46.872800	-114.002340	1743714469	2025-04-03	21:07:49	Thu
McCormick Park	9212b43ec33923d34b5538de9825b2f1973a09f6	46.873480	-114.002950	1743714739	2025-04-03	21:12:19	Thu
McCormick Park	bd74abbf103f95fd257525af0d60bf6789a33425	46.872070	-114.005112	1743705870	2025-04-03	18:44:30	Thu
McCormick Park	bd74abbf103f95fd257525af0d60bf6789a33425	46.872012	-114.005127	1743705887	2025-04-03	18:44:47	Thu
McCormick Park	bd74abbf103f95fd257525af0d60bf6789a33425	46.872070	-114.005190	1743705871	2025-04-03	18:44:31	Thu
McCormick Park	bd74abbf103f95fd257525af0d60bf6789a33425	46.872040	-114.005170	1743705883	2025-04-03	18:44:43	Thu
McCormick Park	29577d9ca6b789ffaaff7786288ec1a6720c33d1	46.872800	-114.005580	1743639619	2025-04-03	00:20:19	Thu
McCormick Park	d25ac2e95f3fda99c91f19fbed75ee6c72f0dcb6	46.872930	-114.005380	1743716473	2025-04-03	21:41:13	Thu
McCormick Park	023b2c753c76cfd8ffc7cb8d74dd3b4d19bc0b56	46.871344	-114.003150	1744747070	2025-04-15	19:57:50	Tue
McCormick Park	023b2c753c76cfd8ffc7cb8d74dd3b4d19bc0b56	46.871381	-114.003181	1744749633	2025-04-15	20:40:33	Tue
McCormick Park	023b2c753c76cfd8ffc7cb8d74dd3b4d19bc0b56	46.871339	-114.003157	1744750090	2025-04-15	20:48:10	Tue
McCormick Park	023b2c753c76cfd8ffc7cb8d74dd3b4d19bc0b56	46.871373	-114.003152	1744750515	2025-04-15	20:55:15	Tue
McCormick Park	023b2c753c76cfd8ffc7cb8d74dd3b4d19bc0b56	46.871367	-114.003125	1744750898	2025-04-15	21:01:38	Tue
McCormick Park	023b2c753c76cfd8ffc7cb8d74dd3b4d19bc0b56	46.871327	-114.003126	1744751225	2025-04-15	21:07:05	Tue
McCormick Park	023b2c753c76cfd8ffc7cb8d74dd3b4d19bc0b56	46.871311	-114.003108	1744753016	2025-04-15	21:36:56	Tue
McCormick Park	023b2c753c76cfd8ffc7cb8d74dd3b4d19bc0b56	46.871323	-114.003130	1744747072	2025-04-15	19:57:52	Tue
McCormick Park	023b2c753c76cfd8ffc7cb8d74dd3b4d19bc0b56	46.871340	-114.003150	1744747074	2025-04-15	19:57:54	Tue
McCormick Park	023b2c753c76cfd8ffc7cb8d74dd3b4d19bc0b56	46.871360	-114.003190	1744749621	2025-04-15	20:40:21	Tue
McCormick Park	023b2c753c76cfd8ffc7cb8d74dd3b4d19bc0b56	46.871350	-114.003136	1744750097	2025-04-15	20:48:17	Tue
McCormick Park	023b2c753c76cfd8ffc7cb8d74dd3b4d19bc0b56	46.871323	-114.003170	1744750517	2025-04-15	20:55:17	Tue
McCormick Park	023b2c753c76cfd8ffc7cb8d74dd3b4d19bc0b56	46.871346	-114.003130	1744750623	2025-04-15	20:57:03	Tue
McCormick Park	023b2c753c76cfd8ffc7cb8d74dd3b4d19bc0b56	46.871300	-114.003130	1744750627	2025-04-15	20:57:07	Tue
McCormick Park	023b2c753c76cfd8ffc7cb8d74dd3b4d19bc0b56	46.871350	-114.003180	1744750897	2025-04-15	21:01:37	Tue
McCormick Park	023b2c753c76cfd8ffc7cb8d74dd3b4d19bc0b56	46.871360	-114.003130	1744751223	2025-04-15	21:07:03	Tue
McCormick Park	023b2c753c76cfd8ffc7cb8d74dd3b4d19bc0b56	46.871350	-114.003130	1744753011	2025-04-15	21:36:51	Tue
McCormick Park	e13a4ba246f6aa8f64d37467eed0347ca158ac96	46.871482	-114.005316	1744742831	2025-04-15	18:47:11	Tue
McCormick Park	e13a4ba246f6aa8f64d37467eed0347ca158ac96	46.871460	-114.005390	1744742832	2025-04-15	18:47:12	Tue
McCormick Park	a421bd0b33a3116b3d96889e5bdcf8fef37e1637	46.873023	-114.005167	1744739561	2025-04-15	17:52:41	Tue
McCormick Park	a421bd0b33a3116b3d96889e5bdcf8fef37e1637	46.873077	-114.005170	1744739563	2025-04-15	17:52:43	Tue
McCormick Park	46b1059857040711fa31ff3ccc0c421c2abd57cb	46.872502	-114.002660	1744692767	2025-04-15	04:52:47	Tue
McCormick Park	46b1059857040711fa31ff3ccc0c421c2abd57cb	46.872528	-114.002620	1744692767	2025-04-15	04:52:47	Tue
McCormick Park	46b1059857040711fa31ff3ccc0c421c2abd57cb	46.872520	-114.002660	1744692762	2025-04-15	04:52:42	Tue
McCormick Park	b20fb2d2547d8f28a6caa97705cec315434592bf	46.872211	-114.005178	1744731502	2025-04-15	15:38:22	Tue
McCormick Park	b20fb2d2547d8f28a6caa97705cec315434592bf	46.872226	-114.005110	1744731504	2025-04-15	15:38:24	Tue
McCormick Park	4d81df552f1cb027b557cc345d65353eb81dc94c	46.872100	-114.003240	1744684900	2025-04-15	02:41:40	Tue
McCormick Park	c86f63481d97cab94422f29ca9cdef620b570490	46.872900	-114.005300	1744741418	2025-04-15	18:23:38	Tue
McCormick Park	c86f63481d97cab94422f29ca9cdef620b570490	46.872900	-114.005340	1744741412	2025-04-15	18:23:32	Tue
McCormick Park	b6d6071b27c60e0825bc75e92dd5e566f366408b	46.872673	-114.004565	1744679573	2025-04-15	01:12:53	Tue
McCormick Park	b6d6071b27c60e0825bc75e92dd5e566f366408b	46.872640	-114.004530	1744679575	2025-04-15	01:12:55	Tue
McCormick Park	9b56d47d34176b0aec0913f50d263a032cfb8472	46.872940	-114.005010	1744681073	2025-04-15	01:37:53	Tue
McCormick Park	4a41de03eba2766ecf7be93d08651ce77aec2986	46.873170	-114.003380	1744739373	2025-04-15	17:49:33	Tue
McCormick Park	020ff961c25847e63dc58a8dbcedc784b33d0323	46.872070	-114.005390	1744739540	2025-04-15	17:52:20	Tue
McCormick Park	020ff961c25847e63dc58a8dbcedc784b33d0323	46.872020	-114.005320	1744739544	2025-04-15	17:52:24	Tue
McCormick Park	020ff961c25847e63dc58a8dbcedc784b33d0323	46.872020	-114.005350	1744739538	2025-04-15	17:52:18	Tue
McCormick Park	020ff961c25847e63dc58a8dbcedc784b33d0323	46.872010	-114.005350	1744739548	2025-04-15	17:52:28	Tue
McCormick Park	755060f0e81d8955cc40984a5fdb73af1873df4e	46.872054	-114.005342	1744743735	2025-04-15	19:02:15	Tue
McCormick Park	755060f0e81d8955cc40984a5fdb73af1873df4e	46.872315	-114.005067	1744745512	2025-04-15	19:31:52	Tue
McCormick Park	755060f0e81d8955cc40984a5fdb73af1873df4e	46.872186	-114.005405	1744745627	2025-04-15	19:33:47	Tue
McCormick Park	755060f0e81d8955cc40984a5fdb73af1873df4e	46.872040	-114.005370	1744743730	2025-04-15	19:02:10	Tue
McCormick Park	755060f0e81d8955cc40984a5fdb73af1873df4e	46.872010	-114.005290	1744743744	2025-04-15	19:02:24	Tue
McCormick Park	755060f0e81d8955cc40984a5fdb73af1873df4e	46.872310	-114.005040	1744745511	2025-04-15	19:31:51	Tue
McCormick Park	755060f0e81d8955cc40984a5fdb73af1873df4e	46.872130	-114.005430	1744745624	2025-04-15	19:33:44	Tue
McCormick Park	12f471090254f08c4cb9aae7348caf9e31b6059d	46.871362	-114.003104	1744687348	2025-04-15	03:22:28	Tue
McCormick Park	12f471090254f08c4cb9aae7348caf9e31b6059d	46.871380	-114.003131	1744687403	2025-04-15	03:23:23	Tue
McCormick Park	12f471090254f08c4cb9aae7348caf9e31b6059d	46.871332	-114.003181	1744761043	2025-04-15	23:50:43	Tue
McCormick Park	12f471090254f08c4cb9aae7348caf9e31b6059d	46.871345	-114.003181	1744761155	2025-04-15	23:52:35	Tue
McCormick Park	12f471090254f08c4cb9aae7348caf9e31b6059d	46.871352	-114.003121	1744761353	2025-04-15	23:55:53	Tue
McCormick Park	12f471090254f08c4cb9aae7348caf9e31b6059d	46.871310	-114.003140	1744687340	2025-04-15	03:22:20	Tue
McCormick Park	12f471090254f08c4cb9aae7348caf9e31b6059d	46.871370	-114.003190	1744687404	2025-04-15	03:23:24	Tue
McCormick Park	12f471090254f08c4cb9aae7348caf9e31b6059d	46.871360	-114.003170	1744760895	2025-04-15	23:48:15	Tue
McCormick Park	12f471090254f08c4cb9aae7348caf9e31b6059d	46.871310	-114.003180	1744761048	2025-04-15	23:50:48	Tue
McCormick Park	12f471090254f08c4cb9aae7348caf9e31b6059d	46.871330	-114.003120	1744761150	2025-04-15	23:52:30	Tue
McCormick Park	12f471090254f08c4cb9aae7348caf9e31b6059d	46.871320	-114.003120	1744761355	2025-04-15	23:55:55	Tue
McCormick Park	12f471090254f08c4cb9aae7348caf9e31b6059d	46.871310	-114.003170	1744687343	2025-04-15	03:22:23	Tue
McCormick Park	12f471090254f08c4cb9aae7348caf9e31b6059d	46.871372	-114.003136	1744760899	2025-04-15	23:48:19	Tue
McCormick Park	8a6dc85a97f5ea3d5fa409dc0c1c67247780b9a0	46.871320	-114.003117	1744694354	2025-04-15	05:19:14	Tue
McCormick Park	8a6dc85a97f5ea3d5fa409dc0c1c67247780b9a0	46.871325	-114.003162	1744694631	2025-04-15	05:23:51	Tue
McCormick Park	8a6dc85a97f5ea3d5fa409dc0c1c67247780b9a0	46.871385	-114.003108	1744694950	2025-04-15	05:29:10	Tue
McCormick Park	8a6dc85a97f5ea3d5fa409dc0c1c67247780b9a0	46.871378	-114.003107	1744702835	2025-04-15	07:40:35	Tue
McCormick Park	8a6dc85a97f5ea3d5fa409dc0c1c67247780b9a0	46.871320	-114.003126	1744703771	2025-04-15	07:56:11	Tue
McCormick Park	8a6dc85a97f5ea3d5fa409dc0c1c67247780b9a0	46.871369	-114.003181	1744704008	2025-04-15	08:00:08	Tue
McCormick Park	8a6dc85a97f5ea3d5fa409dc0c1c67247780b9a0	46.871363	-114.003147	1744704190	2025-04-15	08:03:10	Tue
McCormick Park	8a6dc85a97f5ea3d5fa409dc0c1c67247780b9a0	46.871349	-114.003180	1744704247	2025-04-15	08:04:07	Tue
McCormick Park	8a6dc85a97f5ea3d5fa409dc0c1c67247780b9a0	46.871326	-114.003110	1744694631	2025-04-15	05:23:51	Tue
McCormick Park	8a6dc85a97f5ea3d5fa409dc0c1c67247780b9a0	46.871376	-114.003130	1744702834	2025-04-15	07:40:34	Tue
McCormick Park	8a6dc85a97f5ea3d5fa409dc0c1c67247780b9a0	46.871376	-114.003105	1744704006	2025-04-15	08:00:06	Tue
McCormick Park	2908596bb493b760d7ffed019d92f24d5a8cdcac	46.870841	-114.003051	1744703887	2025-04-15	07:58:07	Tue
McCormick Park	464f367d73fcb76921228c5d0e619beba8741b18	46.872270	-114.003060	1744680760	2025-04-15	01:32:40	Tue
McCormick Park	464f367d73fcb76921228c5d0e619beba8741b18	46.872240	-114.003000	1744681697	2025-04-15	01:48:17	Tue
McCormick Park	464f367d73fcb76921228c5d0e619beba8741b18	46.872240	-114.003150	1744683567	2025-04-15	02:19:27	Tue
McCormick Park	464f367d73fcb76921228c5d0e619beba8741b18	46.872240	-114.003050	1744680764	2025-04-15	01:32:44	Tue
McCormick Park	464f367d73fcb76921228c5d0e619beba8741b18	46.872200	-114.003040	1744680774	2025-04-15	01:32:54	Tue
McCormick Park	464f367d73fcb76921228c5d0e619beba8741b18	46.872300	-114.003130	1744680835	2025-04-15	01:33:55	Tue
McCormick Park	464f367d73fcb76921228c5d0e619beba8741b18	46.872220	-114.003050	1744681698	2025-04-15	01:48:18	Tue
McCormick Park	464f367d73fcb76921228c5d0e619beba8741b18	46.872250	-114.003120	1744683561	2025-04-15	02:19:21	Tue
McCormick Park	17f8e28ba09ee674033482907498626074f578a2	46.872400	-114.003120	1744684098	2025-04-15	02:28:18	Tue
McCormick Park	1ff77d2e8d4d74500f36e97d46b98c2e141ae727	46.871300	-114.003100	1744675698	2025-04-15	00:08:18	Tue
McCormick Park	1ff77d2e8d4d74500f36e97d46b98c2e141ae727	46.871330	-114.003160	1744676998	2025-04-15	00:29:58	Tue
McCormick Park	1ff77d2e8d4d74500f36e97d46b98c2e141ae727	46.871300	-114.003180	1744675698	2025-04-15	00:08:18	Tue
McCormick Park	1ff77d2e8d4d74500f36e97d46b98c2e141ae727	46.871370	-114.003120	1744676248	2025-04-15	00:17:28	Tue
McCormick Park	1ff77d2e8d4d74500f36e97d46b98c2e141ae727	46.871380	-114.003170	1744676991	2025-04-15	00:29:51	Tue
McCormick Park	1ff77d2e8d4d74500f36e97d46b98c2e141ae727	46.871357	-114.003180	1744676243	2025-04-15	00:17:23	Tue
McCormick Park	2414a85182a32826f10e9941584bf0253b87dd09	46.872025	-114.004936	1744758532	2025-04-15	23:08:52	Tue
McCormick Park	2414a85182a32826f10e9941584bf0253b87dd09	46.872532	-114.004181	1744758573	2025-04-15	23:09:33	Tue
McCormick Park	2414a85182a32826f10e9941584bf0253b87dd09	46.872711	-114.004631	1744758614	2025-04-15	23:10:14	Tue
McCormick Park	2414a85182a32826f10e9941584bf0253b87dd09	46.872089	-114.004951	1744758655	2025-04-15	23:10:55	Tue
McCormick Park	f6b79a577d48bcfbe3d275a676e8c18f6ebd88fe	46.871770	-114.006370	1744742582	2025-04-15	18:43:02	Tue
McCormick Park	f6b79a577d48bcfbe3d275a676e8c18f6ebd88fe	46.871740	-114.006310	1744742588	2025-04-15	18:43:08	Tue
McCormick Park	f6b79a577d48bcfbe3d275a676e8c18f6ebd88fe	46.871740	-114.006340	1744742581	2025-04-15	18:43:01	Tue
McCormick Park	f6b79a577d48bcfbe3d275a676e8c18f6ebd88fe	46.871760	-114.006310	1744742588	2025-04-15	18:43:08	Tue
McCormick Park	88658bad60194223073583ea8002bbb0cd829361	46.871437	-114.004936	1744675238	2025-04-15	00:00:38	Tue
McCormick Park	88658bad60194223073583ea8002bbb0cd829361	46.872078	-114.004913	1744675268	2025-04-15	00:01:08	Tue
McCormick Park	88658bad60194223073583ea8002bbb0cd829361	46.872066	-114.004913	1744675308	2025-04-15	00:01:48	Tue
McCormick Park	88658bad60194223073583ea8002bbb0cd829361	46.872066	-114.004913	1744675498	2025-04-15	00:04:58	Tue
McCormick Park	88658bad60194223073583ea8002bbb0cd829361	46.872021	-114.004868	1744676216	2025-04-15	00:16:56	Tue
McCormick Park	88658bad60194223073583ea8002bbb0cd829361	46.871998	-114.004883	1744676265	2025-04-15	00:17:45	Tue
McCormick Park	88658bad60194223073583ea8002bbb0cd829361	46.871994	-114.004875	1744676335	2025-04-15	00:18:55	Tue
McCormick Park	88658bad60194223073583ea8002bbb0cd829361	46.871971	-114.004837	1744676365	2025-04-15	00:19:25	Tue
McCormick Park	88658bad60194223073583ea8002bbb0cd829361	46.872295	-114.004822	1744677172	2025-04-15	00:32:52	Tue
McCormick Park	88658bad60194223073583ea8002bbb0cd829361	46.872921	-114.004684	1744677227	2025-04-15	00:33:47	Tue
McCormick Park	88658bad60194223073583ea8002bbb0cd829361	46.873825	-114.004639	1744677317	2025-04-15	00:35:17	Tue
McCormick Park	88658bad60194223073583ea8002bbb0cd829361	46.873959	-114.004639	1744677347	2025-04-15	00:35:47	Tue
McCormick Park	88658bad60194223073583ea8002bbb0cd829361	46.873913	-114.004524	1744677357	2025-04-15	00:35:57	Tue
McCormick Park	88658bad60194223073583ea8002bbb0cd829361	46.873844	-114.003647	1744677638	2025-04-15	00:40:38	Tue
McCormick Park	88658bad60194223073583ea8002bbb0cd829361	46.872002	-114.004951	1744677924	2025-04-15	00:45:24	Tue
McCormick Park	88658bad60194223073583ea8002bbb0cd829361	46.871952	-114.004913	1744677964	2025-04-15	00:46:04	Tue
McCormick Park	88658bad60194223073583ea8002bbb0cd829361	46.871933	-114.004898	1744678004	2025-04-15	00:46:44	Tue
McCormick Park	88658bad60194223073583ea8002bbb0cd829361	46.871944	-114.004913	1744678044	2025-04-15	00:47:24	Tue
McCormick Park	88658bad60194223073583ea8002bbb0cd829361	46.871941	-114.004906	1744678074	2025-04-15	00:47:54	Tue
McCormick Park	88658bad60194223073583ea8002bbb0cd829361	46.871941	-114.004913	1744678104	2025-04-15	00:48:24	Tue
McCormick Park	88658bad60194223073583ea8002bbb0cd829361	46.871948	-114.004890	1744678144	2025-04-15	00:49:04	Tue
McCormick Park	1058540e9a9d8516c3ff9c10710bc27b2f00fc57	46.873200	-114.002730	1744717606	2025-04-15	11:46:46	Tue
McCormick Park	1058540e9a9d8516c3ff9c10710bc27b2f00fc57	46.873240	-114.002730	1744717608	2025-04-15	11:46:48	Tue
McCormick Park	1058540e9a9d8516c3ff9c10710bc27b2f00fc57	46.873230	-114.002710	1744717600	2025-04-15	11:46:40	Tue
McCormick Park	1058540e9a9d8516c3ff9c10710bc27b2f00fc57	46.873210	-114.002750	1744717605	2025-04-15	11:46:45	Tue
McCormick Park	b62c50cab96a3abcc3767d08669c74c69ac1c892	46.873497	-114.005563	1747857575	2025-05-21	19:59:35	Wed
McCormick Park	3a6f0805621ba00f0fbb25ecbbb23925c8d99507	46.871600	-114.001750	1747835624	2025-05-21	13:53:44	Wed
McCormick Park	b3288a2999381a6d54f39a6112e187f65c47e6c8	46.873055	-114.005380	1747841858	2025-05-21	15:37:38	Wed
McCormick Park	b3288a2999381a6d54f39a6112e187f65c47e6c8	46.873055	-114.005379	1747841858	2025-05-21	15:37:38	Wed
McCormick Park	bc3645eb5523b9d6f6a23408ce7a842699eab601	46.870840	-114.003100	1747805228	2025-05-21	05:27:08	Wed
McCormick Park	1e100016ee0674bc16e2a32cb2fcdc6670507df9	46.871980	-114.003610	1747858010	2025-05-21	20:06:50	Wed
McCormick Park	1e100016ee0674bc16e2a32cb2fcdc6670507df9	46.871950	-114.003670	1747858020	2025-05-21	20:07:00	Wed
McCormick Park	1e100016ee0674bc16e2a32cb2fcdc6670507df9	46.871690	-114.004040	1747858030	2025-05-21	20:07:10	Wed
McCormick Park	2e4f7cd0dd1d298830960821232c12831c9c4af0	46.870700	-114.002900	1747835782	2025-05-21	13:56:22	Wed
McCormick Park	33f896fcda25c806dc7d5b23ebf71736d81eed64	46.871800	-114.005670	1747807521	2025-05-21	06:05:21	Wed
McCormick Park	33f896fcda25c806dc7d5b23ebf71736d81eed64	46.871830	-114.005660	1747807522	2025-05-21	06:05:22	Wed
McCormick Park	3fc2d0b668394d21675f9385101dc634d7b33dd4	46.872840	-114.005220	1747787432	2025-05-21	00:30:32	Wed
McCormick Park	3fc2d0b668394d21675f9385101dc634d7b33dd4	46.872800	-114.005200	1747788561	2025-05-21	00:49:21	Wed
McCormick Park	3fc2d0b668394d21675f9385101dc634d7b33dd4	46.872790	-114.005270	1747789282	2025-05-21	01:01:22	Wed
McCormick Park	3fc2d0b668394d21675f9385101dc634d7b33dd4	46.873010	-114.005530	1747790401	2025-05-21	01:20:01	Wed
McCormick Park	3fc2d0b668394d21675f9385101dc634d7b33dd4	46.872840	-114.005290	1747797029	2025-05-21	03:10:29	Wed
McCormick Park	3fc2d0b668394d21675f9385101dc634d7b33dd4	46.872920	-114.005350	1747797032	2025-05-21	03:10:32	Wed
McCormick Park	3fc2d0b668394d21675f9385101dc634d7b33dd4	46.873320	-114.005240	1747800149	2025-05-21	04:02:29	Wed
McCormick Park	70b27dd377a2fe287b64bd5205fb52d1a0312363	46.871330	-114.003150	1747838040	2025-05-21	14:34:00	Wed
McCormick Park	70b27dd377a2fe287b64bd5205fb52d1a0312363	46.870860	-114.002710	1747838110	2025-05-21	14:35:10	Wed
McCormick Park	70b27dd377a2fe287b64bd5205fb52d1a0312363	46.871360	-114.003740	1747838244	2025-05-21	14:37:24	Wed
McCormick Park	70b27dd377a2fe287b64bd5205fb52d1a0312363	46.871300	-114.003100	1747838323	2025-05-21	14:38:43	Wed
McCormick Park	f539df490e5ed447beb88e81426ac06a9d3cf253	46.873140	-114.005270	1747788090	2025-05-21	00:41:30	Wed
McCormick Park	2ecf0fe72d4f02763b9e0b87d1247e6339a72436	46.871100	-114.002380	1747858511	2025-05-21	20:15:11	Wed
McCormick Park	2ecf0fe72d4f02763b9e0b87d1247e6339a72436	46.871100	-114.002350	1747858516	2025-05-21	20:15:16	Wed
McCormick Park	b294ed9e5c1f63dfc2440becd16d19ea085a7923	46.873660	-114.003510	1747850326	2025-05-21	17:58:46	Wed
McCormick Park	b294ed9e5c1f63dfc2440becd16d19ea085a7923	46.873660	-114.003560	1747850327	2025-05-21	17:58:47	Wed
McCormick Park	0442b25e15e225c824b4d301bf69fdd29edf47f7	46.873170	-114.005470	1747868041	2025-05-21	22:54:01	Wed
McCormick Park	0442b25e15e225c824b4d301bf69fdd29edf47f7	46.872870	-114.005370	1747868094	2025-05-21	22:54:54	Wed
McCormick Park	c7fdacfa236767761c719e101281196c345e6cd5	46.872420	-114.003010	1747855869	2025-05-21	19:31:09	Wed
McCormick Park	c7fdacfa236767761c719e101281196c345e6cd5	46.871040	-114.003140	1747821003	2025-05-21	09:50:03	Wed
McCormick Park	c7fdacfa236767761c719e101281196c345e6cd5	46.872420	-114.003000	1747855866	2025-05-21	19:31:06	Wed
McCormick Park	c7fdacfa236767761c719e101281196c345e6cd5	46.871820	-114.002810	1747868564	2025-05-21	23:02:44	Wed
McCormick Park	c7fdacfa236767761c719e101281196c345e6cd5	46.871020	-114.003110	1747821004	2025-05-21	09:50:04	Wed
McCormick Park	c7fdacfa236767761c719e101281196c345e6cd5	46.871380	-114.003410	1747821007	2025-05-21	09:50:07	Wed
McCormick Park	c7fdacfa236767761c719e101281196c345e6cd5	46.872350	-114.002600	1747856569	2025-05-21	19:42:49	Wed
McCormick Park	c7fdacfa236767761c719e101281196c345e6cd5	46.872340	-114.002600	1747856578	2025-05-21	19:42:58	Wed
McCormick Park	c7fdacfa236767761c719e101281196c345e6cd5	46.871830	-114.002820	1747868570	2025-05-21	23:02:50	Wed
McCormick Park	05279c4c18fa23e07894d3efadf3657b053f65b3	46.872020	-114.005150	1747854343	2025-05-21	19:05:43	Wed
McCormick Park	6e85b5d4a7016d1e53f830a1dc9edff204b8816a	46.871320	-114.003170	1747807611	2025-05-21	06:06:51	Wed
McCormick Park	6e85b5d4a7016d1e53f830a1dc9edff204b8816a	46.871370	-114.003110	1747807618	2025-05-21	06:06:58	Wed
McCormick Park	6e85b5d4a7016d1e53f830a1dc9edff204b8816a	46.871080	-114.003340	1747828426	2025-05-21	11:53:46	Wed
McCormick Park	3c7186e35138ea7aab8238d76ea1f5e46b2dd8cb	46.871130	-114.003500	1747818678	2025-05-21	09:11:18	Wed
McCormick Park	21523de6f0f67bb009017f8bec5c268425ea10bc	46.870913	-114.002294	1747840456	2025-05-21	15:14:16	Wed
McCormick Park	21523de6f0f67bb009017f8bec5c268425ea10bc	46.870851	-114.002364	1747843614	2025-05-21	16:06:54	Wed
McCormick Park	21523de6f0f67bb009017f8bec5c268425ea10bc	46.870653	-114.002624	1747852261	2025-05-21	18:31:01	Wed
McCormick Park	e9cfdb05e3666dc8727adaa5213406c7dc5c4843	46.872830	-114.006070	1747856930	2025-05-21	19:48:50	Wed
McCormick Park	e9cfdb05e3666dc8727adaa5213406c7dc5c4843	46.872050	-114.005770	1747856931	2025-05-21	19:48:51	Wed
McCormick Park	e9cfdb05e3666dc8727adaa5213406c7dc5c4843	46.872900	-114.005470	1747856931	2025-05-21	19:48:51	Wed
McCormick Park	e9cfdb05e3666dc8727adaa5213406c7dc5c4843	46.872030	-114.005760	1747856933	2025-05-21	19:48:53	Wed
McCormick Park	e9cfdb05e3666dc8727adaa5213406c7dc5c4843	46.872620	-114.005750	1747856940	2025-05-21	19:49:00	Wed
McCormick Park	e9cfdb05e3666dc8727adaa5213406c7dc5c4843	46.872660	-114.005780	1747856944	2025-05-21	19:49:04	Wed
McCormick Park	e9cfdb05e3666dc8727adaa5213406c7dc5c4843	46.872630	-114.005700	1747856947	2025-05-21	19:49:07	Wed
McCormick Park	e9cfdb05e3666dc8727adaa5213406c7dc5c4843	46.872900	-114.005070	1747856958	2025-05-21	19:49:18	Wed
McCormick Park	e9cfdb05e3666dc8727adaa5213406c7dc5c4843	46.872900	-114.005000	1747856994	2025-05-21	19:49:54	Wed
McCormick Park	e9cfdb05e3666dc8727adaa5213406c7dc5c4843	46.872630	-114.005770	1747856996	2025-05-21	19:49:56	Wed
McCormick Park	e9cfdb05e3666dc8727adaa5213406c7dc5c4843	46.872910	-114.005420	1747857012	2025-05-21	19:50:12	Wed
McCormick Park	e9cfdb05e3666dc8727adaa5213406c7dc5c4843	46.872900	-114.005400	1747857014	2025-05-21	19:50:14	Wed
McCormick Park	e9cfdb05e3666dc8727adaa5213406c7dc5c4843	46.872900	-114.005450	1747857027	2025-05-21	19:50:27	Wed
McCormick Park	e9cfdb05e3666dc8727adaa5213406c7dc5c4843	46.872030	-114.005770	1747856934	2025-05-21	19:48:54	Wed
McCormick Park	e9cfdb05e3666dc8727adaa5213406c7dc5c4843	46.872900	-114.005440	1747856935	2025-05-21	19:48:55	Wed
McCormick Park	e9cfdb05e3666dc8727adaa5213406c7dc5c4843	46.872680	-114.005760	1747856943	2025-05-21	19:49:03	Wed
McCormick Park	e9cfdb05e3666dc8727adaa5213406c7dc5c4843	46.872680	-114.005780	1747856947	2025-05-21	19:49:07	Wed
McCormick Park	e9cfdb05e3666dc8727adaa5213406c7dc5c4843	46.872900	-114.005050	1747856998	2025-05-21	19:49:58	Wed
McCormick Park	e9cfdb05e3666dc8727adaa5213406c7dc5c4843	46.872900	-114.005440	1747857018	2025-05-21	19:50:18	Wed
McCormick Park	e9cfdb05e3666dc8727adaa5213406c7dc5c4843	46.872950	-114.005400	1747857040	2025-05-21	19:50:40	Wed
McCormick Park	3dd9f649906c4b830e65e09a8a42b538195d46cc	46.872808	-114.004346	1749922134	2025-06-14	17:28:54	Sat
McCormick Park	3dd9f649906c4b830e65e09a8a42b538195d46cc	46.872344	-114.004893	1749922159	2025-06-14	17:29:19	Sat
McCormick Park	3dd9f649906c4b830e65e09a8a42b538195d46cc	46.872779	-114.004431	1749922393	2025-06-14	17:33:13	Sat
McCormick Park	3dd9f649906c4b830e65e09a8a42b538195d46cc	46.872774	-114.004506	1749922394	2025-06-14	17:33:14	Sat
McCormick Park	3dd9f649906c4b830e65e09a8a42b538195d46cc	46.872536	-114.002292	1749929608	2025-06-14	19:33:28	Sat
McCormick Park	3dd9f649906c4b830e65e09a8a42b538195d46cc	46.872701	-114.004176	1749930169	2025-06-14	19:42:49	Sat
McCormick Park	3dd9f649906c4b830e65e09a8a42b538195d46cc	46.872708	-114.004191	1749930170	2025-06-14	19:42:50	Sat
McCormick Park	3dd9f649906c4b830e65e09a8a42b538195d46cc	46.872536	-114.002292	1749930389	2025-06-14	19:46:29	Sat
McCormick Park	1cb95bbeb49d80090563e3267eb044146123ba5f	46.872810	-114.002411	1746772071	2025-05-09	06:27:51	Fri
McCormick Park	e959750b2dc5082ab047c90fd1dd46c8072d6197	46.871070	-114.003140	1746755345	2025-05-09	01:49:05	Fri
McCormick Park	e959750b2dc5082ab047c90fd1dd46c8072d6197	46.871340	-114.003130	1746755350	2025-05-09	01:49:10	Fri
McCormick Park	e959750b2dc5082ab047c90fd1dd46c8072d6197	46.871340	-114.003130	1746755353	2025-05-09	01:49:13	Fri
McCormick Park	e959750b2dc5082ab047c90fd1dd46c8072d6197	46.871150	-114.002780	1746755354	2025-05-09	01:49:14	Fri
McCormick Park	e959750b2dc5082ab047c90fd1dd46c8072d6197	46.871150	-114.003170	1746828401	2025-05-09	22:06:41	Fri
McCormick Park	e959750b2dc5082ab047c90fd1dd46c8072d6197	46.871150	-114.003170	1746828408	2025-05-09	22:06:48	Fri
McCormick Park	e959750b2dc5082ab047c90fd1dd46c8072d6197	46.871310	-114.003380	1746828959	2025-05-09	22:15:59	Fri
McCormick Park	e959750b2dc5082ab047c90fd1dd46c8072d6197	46.871300	-114.003340	1746828963	2025-05-09	22:16:03	Fri
McCormick Park	e959750b2dc5082ab047c90fd1dd46c8072d6197	46.871310	-114.003380	1746828963	2025-05-09	22:16:03	Fri
McCormick Park	e959750b2dc5082ab047c90fd1dd46c8072d6197	46.871380	-114.003140	1746755352	2025-05-09	01:49:12	Fri
McCormick Park	e959750b2dc5082ab047c90fd1dd46c8072d6197	46.871100	-114.003130	1746828406	2025-05-09	22:06:46	Fri
McCormick Park	e959750b2dc5082ab047c90fd1dd46c8072d6197	46.871350	-114.003340	1746828964	2025-05-09	22:16:04	Fri
McCormick Park	e959750b2dc5082ab047c90fd1dd46c8072d6197	46.871350	-114.003380	1746828966	2025-05-09	22:16:06	Fri
McCormick Park	d46b5145b2293d7f79b7924b508452ca73e0bc94	46.870640	-114.002710	1746799317	2025-05-09	14:01:57	Fri
McCormick Park	d46b5145b2293d7f79b7924b508452ca73e0bc94	46.870630	-114.002760	1746799318	2025-05-09	14:01:58	Fri
McCormick Park	d46b5145b2293d7f79b7924b508452ca73e0bc94	46.870660	-114.002730	1746799331	2025-05-09	14:02:11	Fri
McCormick Park	d46b5145b2293d7f79b7924b508452ca73e0bc94	46.870630	-114.002760	1746799332	2025-05-09	14:02:12	Fri
McCormick Park	74132ad097c87ae16060804aa569576f45705f1e	46.871510	-114.005510	1746760308	2025-05-09	03:11:48	Fri
McCormick Park	752599410929cd9047e3740244afd6a776f5ab98	46.871032	-114.003772	1746764311	2025-05-09	04:18:31	Fri
McCormick Park	752599410929cd9047e3740244afd6a776f5ab98	46.871044	-114.003784	1746764314	2025-05-09	04:18:34	Fri
McCormick Park	b3288a2999381a6d54f39a6112e187f65c47e6c8	46.873150	-114.005330	1746803023	2025-05-09	15:03:43	Fri
McCormick Park	b3288a2999381a6d54f39a6112e187f65c47e6c8	46.873150	-114.005340	1746803033	2025-05-09	15:03:53	Fri
McCormick Park	5f02f60278ed39e765c1267b26664eed6a2c0ace	46.872860	-114.004700	1746764957	2025-05-09	04:29:17	Fri
McCormick Park	5f02f60278ed39e765c1267b26664eed6a2c0ace	46.872810	-114.004730	1746764961	2025-05-09	04:29:21	Fri
McCormick Park	5f02f60278ed39e765c1267b26664eed6a2c0ace	46.872840	-114.004720	1746764969	2025-05-09	04:29:29	Fri
McCormick Park	5f02f60278ed39e765c1267b26664eed6a2c0ace	46.872810	-114.004730	1746764972	2025-05-09	04:29:32	Fri
McCormick Park	5f02f60278ed39e765c1267b26664eed6a2c0ace	46.872840	-114.004720	1746764976	2025-05-09	04:29:36	Fri
McCormick Park	5f02f60278ed39e765c1267b26664eed6a2c0ace	46.872810	-114.004770	1746764970	2025-05-09	04:29:30	Fri
McCormick Park	5f02f60278ed39e765c1267b26664eed6a2c0ace	46.872840	-114.004700	1746764978	2025-05-09	04:29:38	Fri
McCormick Park	5f02f60278ed39e765c1267b26664eed6a2c0ace	46.872860	-114.004700	1746764971	2025-05-09	04:29:31	Fri
McCormick Park	a291ce37decdc1bde09d7c65d0eb5d1f0351c0b0	46.872840	-114.004910	1746812547	2025-05-09	17:42:27	Fri
McCormick Park	986f6ebc426c150bb31fbe68f70e1f158abb0cfb	46.871210	-114.004220	1746773400	2025-05-09	06:50:00	Fri
McCormick Park	986f6ebc426c150bb31fbe68f70e1f158abb0cfb	46.871280	-114.004600	1746773407	2025-05-09	06:50:07	Fri
McCormick Park	986f6ebc426c150bb31fbe68f70e1f158abb0cfb	46.871280	-114.004600	1746773417	2025-05-09	06:50:17	Fri
McCormick Park	8f0c6458080c62b29e38e1873dede895ef8383ce	46.872850	-114.003330	1746820829	2025-05-09	20:00:29	Fri
McCormick Park	0ba75e529452cd99cd56446d0f52db2b80688827	46.871260	-114.001690	1746794509	2025-05-09	12:41:49	Fri
McCormick Park	aa8ef584faee5758b389d182da2f55c4b2333e80	46.872420	-114.004900	1746756571	2025-05-09	02:09:31	Fri
McCormick Park	aa8ef584faee5758b389d182da2f55c4b2333e80	46.872480	-114.004970	1746756571	2025-05-09	02:09:31	Fri
McCormick Park	aa8ef584faee5758b389d182da2f55c4b2333e80	46.872480	-114.004960	1746756576	2025-05-09	02:09:36	Fri
McCormick Park	aa8ef584faee5758b389d182da2f55c4b2333e80	46.872480	-114.004960	1746756563	2025-05-09	02:09:23	Fri
McCormick Park	aa8ef584faee5758b389d182da2f55c4b2333e80	46.872470	-114.004970	1746756572	2025-05-09	02:09:32	Fri
McCormick Park	aa8ef584faee5758b389d182da2f55c4b2333e80	46.872400	-114.004930	1746756575	2025-05-09	02:09:35	Fri
McCormick Park	aa8ef584faee5758b389d182da2f55c4b2333e80	46.872420	-114.004910	1746756578	2025-05-09	02:09:38	Fri
McCormick Park	77fb4a73ac29e38099f55b58163f1f7e68baf1d9	46.870750	-114.002550	1746768531	2025-05-09	05:28:51	Fri
McCormick Park	77fb4a73ac29e38099f55b58163f1f7e68baf1d9	46.870750	-114.002550	1746768547	2025-05-09	05:29:07	Fri
McCormick Park	77fb4a73ac29e38099f55b58163f1f7e68baf1d9	46.870850	-114.002540	1746778538	2025-05-09	08:15:38	Fri
McCormick Park	824fbd37695be3817f074121bcf8a0f0f0f27c56	46.871080	-114.003670	1746817146	2025-05-09	18:59:06	Fri
McCormick Park	824fbd37695be3817f074121bcf8a0f0f0f27c56	46.871080	-114.003620	1746817148	2025-05-09	18:59:08	Fri
McCormick Park	ef52730dc4435b5d9059719262e0ab54aa74e610	46.871420	-114.004540	1746759670	2025-05-09	03:01:10	Fri
McCormick Park	ef52730dc4435b5d9059719262e0ab54aa74e610	46.871450	-114.004520	1746759677	2025-05-09	03:01:17	Fri
McCormick Park	516302a60d7ece11a77c19cc75c24b7ff9e0f542	46.870980	-114.002490	1746752546	2025-05-09	01:02:26	Fri
McCormick Park	516302a60d7ece11a77c19cc75c24b7ff9e0f542	46.870970	-114.002190	1746752551	2025-05-09	01:02:31	Fri
McCormick Park	516302a60d7ece11a77c19cc75c24b7ff9e0f542	46.870980	-114.002140	1746752557	2025-05-09	01:02:37	Fri
McCormick Park	a72541f1d149f405f0154861b00ee7180f6c6eda	46.870980	-114.002170	1746798665	2025-05-09	13:51:05	Fri
McCormick Park	a72541f1d149f405f0154861b00ee7180f6c6eda	46.870980	-114.002170	1746798682	2025-05-09	13:51:22	Fri
McCormick Park	a72541f1d149f405f0154861b00ee7180f6c6eda	46.871240	-114.002100	1746799069	2025-05-09	13:57:49	Fri
McCormick Park	a72541f1d149f405f0154861b00ee7180f6c6eda	46.871560	-114.002100	1746799070	2025-05-09	13:57:50	Fri
McCormick Park	a72541f1d149f405f0154861b00ee7180f6c6eda	46.871240	-114.002100	1746799081	2025-05-09	13:58:01	Fri
McCormick Park	a72541f1d149f405f0154861b00ee7180f6c6eda	46.871210	-114.002100	1746799072	2025-05-09	13:57:52	Fri
McCormick Park	42aacb86366b923a0feb92188f67d94ad5c438c7	46.871360	-114.001660	1746823383	2025-05-09	20:43:03	Fri
McCormick Park	9f7c0adc5e817b40ad3353c8d8ce5fe894c95aec	46.871730	-114.002220	1746759639	2025-05-09	03:00:39	Fri
McCormick Park	9f7c0adc5e817b40ad3353c8d8ce5fe894c95aec	46.871730	-114.001960	1746759653	2025-05-09	03:00:53	Fri
McCormick Park	ee53822d35fb81393833b07043f13b235bbeaefa	46.871050	-114.002370	1746754539	2025-05-09	01:35:39	Fri
McCormick Park	ee53822d35fb81393833b07043f13b235bbeaefa	46.871400	-114.001960	1746754568	2025-05-09	01:36:08	Fri
McCormick Park	488ca62394ed788b7932c5f2b9582676a67e0e4d	46.871500	-114.001570	1746839326	2025-05-10	01:08:46	Sat
McCormick Park	883a876685846be04dc28878bf8015921ee3f1da	46.870789	-114.002472	1746915251	2025-05-10	22:14:11	Sat
McCormick Park	b9077a0e477df4f448380770e4ef5121ea78aa8f	46.871350	-114.003121	1746850983	2025-05-10	04:23:03	Sat
McCormick Park	b9077a0e477df4f448380770e4ef5121ea78aa8f	46.871376	-114.003105	1746850985	2025-05-10	04:23:05	Sat
McCormick Park	b9077a0e477df4f448380770e4ef5121ea78aa8f	46.871330	-114.003530	1746851155	2025-05-10	04:25:55	Sat
McCormick Park	b9077a0e477df4f448380770e4ef5121ea78aa8f	46.871370	-114.003130	1746851378	2025-05-10	04:29:38	Sat
McCormick Park	b9077a0e477df4f448380770e4ef5121ea78aa8f	46.871310	-114.003160	1746851442	2025-05-10	04:30:42	Sat
McCormick Park	ff8eb9f775f635bec171aaea40d94519cd5b9f19	46.871930	-114.003600	1746887524	2025-05-10	14:32:04	Sat
McCormick Park	b3288a2999381a6d54f39a6112e187f65c47e6c8	46.873150	-114.005300	1746894333	2025-05-10	16:25:33	Sat
McCormick Park	9367bf275bb9bd2b309acc0e2390104c4c110867	46.872750	-114.004870	1746900114	2025-05-10	18:01:54	Sat
McCormick Park	9367bf275bb9bd2b309acc0e2390104c4c110867	46.872720	-114.004820	1746900119	2025-05-10	18:01:59	Sat
McCormick Park	4d9631f2aa86981fc7cdbfaa9343159a793d4ef3	46.871170	-114.001840	1746867889	2025-05-10	09:04:49	Sat
McCormick Park	4d9631f2aa86981fc7cdbfaa9343159a793d4ef3	46.871150	-114.001810	1746867885	2025-05-10	09:04:45	Sat
McCormick Park	9de08f5f5e3b1763f90f4aa735b2fc7d4f499686	46.872620	-114.004868	1746835848	2025-05-10	00:10:48	Sat
McCormick Park	9de08f5f5e3b1763f90f4aa735b2fc7d4f499686	46.872566	-114.003433	1746835888	2025-05-10	00:11:28	Sat
McCormick Park	9de08f5f5e3b1763f90f4aa735b2fc7d4f499686	46.872433	-114.002541	1746835938	2025-05-10	00:12:18	Sat
McCormick Park	9de08f5f5e3b1763f90f4aa735b2fc7d4f499686	46.872364	-114.002396	1746835948	2025-05-10	00:12:28	Sat
McCormick Park	9de08f5f5e3b1763f90f4aa735b2fc7d4f499686	46.871830	-114.002037	1746835998	2025-05-10	00:13:18	Sat
McCormick Park	9de08f5f5e3b1763f90f4aa735b2fc7d4f499686	46.871658	-114.002136	1746836028	2025-05-10	00:13:48	Sat
McCormick Park	9de08f5f5e3b1763f90f4aa735b2fc7d4f499686	46.871666	-114.002144	1746836068	2025-05-10	00:14:28	Sat
McCormick Park	9de08f5f5e3b1763f90f4aa735b2fc7d4f499686	46.871647	-114.002159	1746836118	2025-05-10	00:15:18	Sat
McCormick Park	9de08f5f5e3b1763f90f4aa735b2fc7d4f499686	46.871651	-114.002159	1746836138	2025-05-10	00:15:38	Sat
McCormick Park	9de08f5f5e3b1763f90f4aa735b2fc7d4f499686	46.871651	-114.002159	1746836168	2025-05-10	00:16:08	Sat
McCormick Park	9de08f5f5e3b1763f90f4aa735b2fc7d4f499686	46.871456	-114.002411	1746836208	2025-05-10	00:16:48	Sat
McCormick Park	9de08f5f5e3b1763f90f4aa735b2fc7d4f499686	46.871288	-114.002632	1746836731	2025-05-10	00:25:31	Sat
McCormick Park	9de08f5f5e3b1763f90f4aa735b2fc7d4f499686	46.871296	-114.002640	1746836753	2025-05-10	00:25:53	Sat
McCormick Park	9de08f5f5e3b1763f90f4aa735b2fc7d4f499686	46.871277	-114.002625	1746836801	2025-05-10	00:26:41	Sat
McCormick Park	9de08f5f5e3b1763f90f4aa735b2fc7d4f499686	46.871292	-114.002640	1746836831	2025-05-10	00:27:11	Sat
McCormick Park	9de08f5f5e3b1763f90f4aa735b2fc7d4f499686	46.871277	-114.002663	1746836861	2025-05-10	00:27:41	Sat
McCormick Park	9de08f5f5e3b1763f90f4aa735b2fc7d4f499686	46.871300	-114.002617	1746836901	2025-05-10	00:28:21	Sat
McCormick Park	9de08f5f5e3b1763f90f4aa735b2fc7d4f499686	46.871300	-114.002625	1746836911	2025-05-10	00:28:31	Sat
McCormick Park	9de08f5f5e3b1763f90f4aa735b2fc7d4f499686	46.871296	-114.002640	1746836941	2025-05-10	00:29:01	Sat
McCormick Park	9de08f5f5e3b1763f90f4aa735b2fc7d4f499686	46.871292	-114.002625	1746836991	2025-05-10	00:29:51	Sat
McCormick Park	9de08f5f5e3b1763f90f4aa735b2fc7d4f499686	46.871300	-114.002617	1746837031	2025-05-10	00:30:31	Sat
McCormick Park	9de08f5f5e3b1763f90f4aa735b2fc7d4f499686	46.871300	-114.002625	1746837501	2025-05-10	00:38:21	Sat
McCormick Park	9de08f5f5e3b1763f90f4aa735b2fc7d4f499686	46.871296	-114.002625	1746837505	2025-05-10	00:38:25	Sat
McCormick Park	9de08f5f5e3b1763f90f4aa735b2fc7d4f499686	46.871208	-114.003021	1746837602	2025-05-10	00:40:02	Sat
McCormick Park	9de08f5f5e3b1763f90f4aa735b2fc7d4f499686	46.871174	-114.002991	1746837631	2025-05-10	00:40:31	Sat
McCormick Park	9de08f5f5e3b1763f90f4aa735b2fc7d4f499686	46.871174	-114.002998	1746837662	2025-05-10	00:41:02	Sat
McCormick Park	9de08f5f5e3b1763f90f4aa735b2fc7d4f499686	46.871170	-114.002983	1746837685	2025-05-10	00:41:25	Sat
McCormick Park	9de08f5f5e3b1763f90f4aa735b2fc7d4f499686	46.871174	-114.003021	1746837741	2025-05-10	00:42:21	Sat
McCormick Park	9de08f5f5e3b1763f90f4aa735b2fc7d4f499686	46.871181	-114.002983	1746838791	2025-05-10	00:59:51	Sat
McCormick Park	9de08f5f5e3b1763f90f4aa735b2fc7d4f499686	46.871162	-114.003014	1746838821	2025-05-10	01:00:21	Sat
McCormick Park	9de08f5f5e3b1763f90f4aa735b2fc7d4f499686	46.871162	-114.003014	1746838881	2025-05-10	01:01:21	Sat
McCormick Park	9de08f5f5e3b1763f90f4aa735b2fc7d4f499686	46.871197	-114.003029	1746838921	2025-05-10	01:02:01	Sat
McCormick Park	9de08f5f5e3b1763f90f4aa735b2fc7d4f499686	46.871189	-114.003006	1746838961	2025-05-10	01:02:41	Sat
McCormick Park	9de08f5f5e3b1763f90f4aa735b2fc7d4f499686	46.871181	-114.003044	1746838991	2025-05-10	01:03:11	Sat
McCormick Park	9de08f5f5e3b1763f90f4aa735b2fc7d4f499686	46.871189	-114.003036	1746839031	2025-05-10	01:03:51	Sat
McCormick Park	9de08f5f5e3b1763f90f4aa735b2fc7d4f499686	46.871178	-114.003044	1746839071	2025-05-10	01:04:31	Sat
McCormick Park	9de08f5f5e3b1763f90f4aa735b2fc7d4f499686	46.871178	-114.003044	1746839081	2025-05-10	01:04:41	Sat
McCormick Park	9de08f5f5e3b1763f90f4aa735b2fc7d4f499686	46.871288	-114.003914	1746839296	2025-05-10	01:08:16	Sat
McCormick Park	9de08f5f5e3b1763f90f4aa735b2fc7d4f499686	46.871407	-114.004402	1746839329	2025-05-10	01:08:49	Sat
McCormick Park	9de08f5f5e3b1763f90f4aa735b2fc7d4f499686	46.871502	-114.004875	1746839360	2025-05-10	01:09:20	Sat
McCormick Park	9de08f5f5e3b1763f90f4aa735b2fc7d4f499686	46.871567	-114.005356	1746839390	2025-05-10	01:09:50	Sat
McCormick Park	1df7f6c8006fa323a287b827bad3f636f67ceae8	46.873420	-114.002740	1746869198	2025-05-10	09:26:38	Sat
McCormick Park	f59a72e988ce77ccdb725ae36b0bb9e2b7d6fa60	46.871690	-114.003670	1746835846	2025-05-10	00:10:46	Sat
McCormick Park	f59a72e988ce77ccdb725ae36b0bb9e2b7d6fa60	46.871380	-114.003680	1746835859	2025-05-10	00:10:59	Sat
McCormick Park	f59a72e988ce77ccdb725ae36b0bb9e2b7d6fa60	46.871680	-114.003320	1746835904	2025-05-10	00:11:44	Sat
McCormick Park	f59a72e988ce77ccdb725ae36b0bb9e2b7d6fa60	46.871370	-114.003650	1746835914	2025-05-10	00:11:54	Sat
McCormick Park	f59a72e988ce77ccdb725ae36b0bb9e2b7d6fa60	46.871360	-114.003320	1746835920	2025-05-10	00:12:00	Sat
McCormick Park	f59a72e988ce77ccdb725ae36b0bb9e2b7d6fa60	46.871350	-114.003360	1746835920	2025-05-10	00:12:00	Sat
McCormick Park	f59a72e988ce77ccdb725ae36b0bb9e2b7d6fa60	46.871380	-114.003300	1746835960	2025-05-10	00:12:40	Sat
McCormick Park	f59a72e988ce77ccdb725ae36b0bb9e2b7d6fa60	46.871330	-114.003700	1746835973	2025-05-10	00:12:53	Sat
McCormick Park	b7c83277e62a793a3d232eef01c5887b9ab792a2	46.871160	-114.002280	1746898771	2025-05-10	17:39:31	Sat
McCormick Park	de7954f095abc705e3c7d8330adfb8a2472e90ad	46.870880	-114.003030	1746846854	2025-05-10	03:14:14	Sat
McCormick Park	d1511fff4e5243422edb656f41026a74027fed5c	46.871320	-114.003360	1746905321	2025-05-10	19:28:41	Sat
McCormick Park	d1511fff4e5243422edb656f41026a74027fed5c	46.871630	-114.003150	1746905354	2025-05-10	19:29:14	Sat
McCormick Park	d1511fff4e5243422edb656f41026a74027fed5c	46.871360	-114.003120	1746916136	2025-05-10	22:28:56	Sat
McCormick Park	d1511fff4e5243422edb656f41026a74027fed5c	46.871350	-114.003310	1746905325	2025-05-10	19:28:45	Sat
McCormick Park	d1511fff4e5243422edb656f41026a74027fed5c	46.871640	-114.003110	1746905351	2025-05-10	19:29:11	Sat
McCormick Park	d1511fff4e5243422edb656f41026a74027fed5c	46.871360	-114.003150	1746916135	2025-05-10	22:28:55	Sat
McCormick Park	84ccd67681d6243ecfdc33d6c57587406561688e	46.870970	-114.002580	1747891202	2025-05-22	05:20:02	Thu
McCormick Park	84ccd67681d6243ecfdc33d6c57587406561688e	46.870980	-114.002500	1747891207	2025-05-22	05:20:07	Thu
McCormick Park	84ccd67681d6243ecfdc33d6c57587406561688e	46.870930	-114.002530	1747891201	2025-05-22	05:20:01	Thu
McCormick Park	84ccd67681d6243ecfdc33d6c57587406561688e	46.870910	-114.002500	1747891207	2025-05-22	05:20:07	Thu
McCormick Park	5489b0486f2546a62bf9ee5392d08d753bd92b65	46.871220	-114.001960	1747927836	2025-05-22	15:30:36	Thu
McCormick Park	0ee42688e47f1c795964c3b13484acc8f1e9b1c0	46.872390	-114.004340	1747951647	2025-05-22	22:07:27	Thu
McCormick Park	787dfc754cf9851353019a914be10ccc00ecfacc	46.871830	-114.006200	1747878185	2025-05-22	01:43:05	Thu
McCormick Park	787dfc754cf9851353019a914be10ccc00ecfacc	46.871510	-114.005500	1747878238	2025-05-22	01:43:58	Thu
McCormick Park	b3288a2999381a6d54f39a6112e187f65c47e6c8	46.873054	-114.005220	1747931882	2025-05-22	16:38:02	Thu
McCormick Park	b3288a2999381a6d54f39a6112e187f65c47e6c8	46.873043	-114.005226	1747931889	2025-05-22	16:38:09	Thu
McCormick Park	b7b62a353aec1f8e8ae681455b3c515eaa02c270	46.870900	-114.002500	1747872344	2025-05-22	00:05:44	Thu
McCormick Park	b7b62a353aec1f8e8ae681455b3c515eaa02c270	46.870920	-114.002510	1747872342	2025-05-22	00:05:42	Thu
McCormick Park	b7b62a353aec1f8e8ae681455b3c515eaa02c270	46.870710	-114.002540	1747872463	2025-05-22	00:07:43	Thu
McCormick Park	98b7897c903043d0b102febba20b37a2fcad98dd	46.871080	-114.003500	1747951131	2025-05-22	21:58:51	Thu
McCormick Park	7748e7c825a38bcb8246c0292f6c35beaf034361	46.872140	-114.003340	1747889602	2025-05-22	04:53:22	Thu
McCormick Park	7748e7c825a38bcb8246c0292f6c35beaf034361	46.872130	-114.003300	1747889604	2025-05-22	04:53:24	Thu
McCormick Park	7748e7c825a38bcb8246c0292f6c35beaf034361	46.872100	-114.002700	1747889665	2025-05-22	04:54:25	Thu
McCormick Park	7748e7c825a38bcb8246c0292f6c35beaf034361	46.872160	-114.003300	1747889605	2025-05-22	04:53:25	Thu
McCormick Park	7748e7c825a38bcb8246c0292f6c35beaf034361	46.872130	-114.003300	1747889608	2025-05-22	04:53:28	Thu
McCormick Park	7748e7c825a38bcb8246c0292f6c35beaf034361	46.872110	-114.002720	1747889667	2025-05-22	04:54:27	Thu
McCormick Park	7748e7c825a38bcb8246c0292f6c35beaf034361	46.871750	-114.002630	1747886689	2025-05-22	04:04:49	Thu
McCormick Park	9a5e1aab4111639266c9b44e7a301c41596db87b	46.870840	-114.002820	1747945676	2025-05-22	20:27:56	Thu
McCormick Park	6727e6bfe9a44a8828e77c27673d6cee88ee49a4	46.872750	-114.002480	1747925065	2025-05-22	14:44:25	Thu
McCormick Park	6e85b5d4a7016d1e53f830a1dc9edff204b8816a	46.871020	-114.003440	1747925391	2025-05-22	14:49:51	Thu
McCormick Park	6e85b5d4a7016d1e53f830a1dc9edff204b8816a	46.871020	-114.003400	1747925390	2025-05-22	14:49:50	Thu
McCormick Park	6e85b5d4a7016d1e53f830a1dc9edff204b8816a	46.871060	-114.003710	1747906769	2025-05-22	09:39:29	Thu
McCormick Park	f89160cce6f1380d53d207b748fef993f0539d4f	46.872230	-114.005790	1747878844	2025-05-22	01:54:04	Thu
McCormick Park	f89160cce6f1380d53d207b748fef993f0539d4f	46.872560	-114.004900	1747879977	2025-05-22	02:12:57	Thu
McCormick Park	22c1d4f3231a3bf94705580a5eb9b7426e1b6f32	46.871710	-114.005700	1747932220	2025-05-22	16:43:40	Thu
McCormick Park	22c1d4f3231a3bf94705580a5eb9b7426e1b6f32	46.871740	-114.005700	1747932227	2025-05-22	16:43:47	Thu
McCormick Park	fc270fbc44291eb357ade0957d23a156fa8054ef	46.872330	-114.003680	1743794316	2025-04-04	19:18:36	Fri
McCormick Park	90d5a382eb683cb2d80e365b36bff0fe67caa179	46.871498	-114.001663	1743798741	2025-04-04	20:32:21	Fri
McCormick Park	90d5a382eb683cb2d80e365b36bff0fe67caa179	46.871864	-114.001846	1743798772	2025-04-04	20:32:52	Fri
McCormick Park	90d5a382eb683cb2d80e365b36bff0fe67caa179	46.872627	-114.002197	1743798831	2025-04-04	20:33:51	Fri
McCormick Park	90d5a382eb683cb2d80e365b36bff0fe67caa179	46.873646	-114.003380	1743798932	2025-04-04	20:35:32	Fri
McCormick Park	90d5a382eb683cb2d80e365b36bff0fe67caa179	46.873764	-114.003746	1743798952	2025-04-04	20:35:52	Fri
McCormick Park	90d5a382eb683cb2d80e365b36bff0fe67caa179	46.874062	-114.004837	1743799012	2025-04-04	20:36:52	Fri
McCormick Park	4808bea3cb92bd44fad7c314efb2b25987c18ae0	46.871190	-114.001750	1743751222	2025-04-04	07:20:22	Fri
McCormick Park	3ebfee4f3cab2690591c1d8af8b34e30af8b81fb	46.872644	-114.004300	1743731298	2025-04-04	01:48:18	Fri
McCormick Park	f6b5e73527546fc36129e2960d3f4380a600e2ec	46.872950	-114.005500	1743729866	2025-04-04	01:24:26	Fri
McCormick Park	f6b5e73527546fc36129e2960d3f4380a600e2ec	46.872950	-114.005500	1743729862	2025-04-04	01:24:22	Fri
McCormick Park	2b89691a1b78c5bd155544145e380615bc89d0f3	46.871830	-114.003040	1743800502	2025-04-04	21:01:42	Fri
McCormick Park	2b89691a1b78c5bd155544145e380615bc89d0f3	46.871870	-114.003060	1743800508	2025-04-04	21:01:48	Fri
McCormick Park	bf4f2b731b6285970270c5e7cbae01a65cae454e	46.872040	-114.005190	1743794251	2025-04-04	19:17:31	Fri
McCormick Park	c1535160e2f4885c048ed01486963fa932efcb9c	46.872377	-114.003356	1743795546	2025-04-04	19:39:06	Fri
McCormick Park	c1535160e2f4885c048ed01486963fa932efcb9c	46.872340	-114.003370	1743795542	2025-04-04	19:39:02	Fri
McCormick Park	73dcf9b1ca339cdc40171c8606eabe2b6f2db6db	46.873957	-114.004390	1743779682	2025-04-04	15:14:42	Fri
McCormick Park	73dcf9b1ca339cdc40171c8606eabe2b6f2db6db	46.872410	-114.002140	1743779699	2025-04-04	15:14:59	Fri
McCormick Park	73dcf9b1ca339cdc40171c8606eabe2b6f2db6db	46.873930	-114.004370	1743779686	2025-04-04	15:14:46	Fri
McCormick Park	73dcf9b1ca339cdc40171c8606eabe2b6f2db6db	46.872480	-114.002180	1743779690	2025-04-04	15:14:50	Fri
McCormick Park	8b9aad1b099961348c09c2abd3dc31adf32369ae	46.872424	-114.004100	1743731030	2025-04-04	01:43:50	Fri
McCormick Park	8b9aad1b099961348c09c2abd3dc31adf32369ae	46.872430	-114.004170	1743731038	2025-04-04	01:43:58	Fri
McCormick Park	1a5b5a78fb80c70e0aebfb15417ea5f148de3877	46.872471	-114.004150	1743731018	2025-04-04	01:43:38	Fri
McCormick Park	1a5b5a78fb80c70e0aebfb15417ea5f148de3877	46.872421	-114.004160	1743732680	2025-04-04	02:11:20	Fri
McCormick Park	c76735461e5b73baaeb6e4a7e23e85e683cfaf4a	46.870990	-114.003510	1748917132	2025-06-03	02:18:52	Tue
McCormick Park	c76735461e5b73baaeb6e4a7e23e85e683cfaf4a	46.872650	-114.005430	1748916229	2025-06-03	02:03:49	Tue
McCormick Park	c76735461e5b73baaeb6e4a7e23e85e683cfaf4a	46.873180	-114.005220	1748916276	2025-06-03	02:04:36	Tue
McCormick Park	c76735461e5b73baaeb6e4a7e23e85e683cfaf4a	46.872790	-114.005300	1748916348	2025-06-03	02:05:48	Tue
McCormick Park	8ac296227d191871fc98c100a25c809f4a633d3c	46.872720	-114.004710	1748980748	2025-06-03	19:59:08	Tue
McCormick Park	8ac296227d191871fc98c100a25c809f4a633d3c	46.872760	-114.004730	1748980748	2025-06-03	19:59:08	Tue
McCormick Park	8ac296227d191871fc98c100a25c809f4a633d3c	46.872740	-114.004710	1748980791	2025-06-03	19:59:51	Tue
McCormick Park	8ac296227d191871fc98c100a25c809f4a633d3c	46.872820	-114.004780	1748983045	2025-06-03	20:37:25	Tue
McCormick Park	8ac296227d191871fc98c100a25c809f4a633d3c	46.872830	-114.004700	1748983046	2025-06-03	20:37:26	Tue
McCormick Park	8ac296227d191871fc98c100a25c809f4a633d3c	46.872600	-114.004820	1748980543	2025-06-03	19:55:43	Tue
McCormick Park	8ac296227d191871fc98c100a25c809f4a633d3c	46.872720	-114.004740	1748980605	2025-06-03	19:56:45	Tue
McCormick Park	8ac296227d191871fc98c100a25c809f4a633d3c	46.872710	-114.004720	1748980635	2025-06-03	19:57:15	Tue
McCormick Park	8ac296227d191871fc98c100a25c809f4a633d3c	46.872760	-114.004760	1748980743	2025-06-03	19:59:03	Tue
McCormick Park	8ac296227d191871fc98c100a25c809f4a633d3c	46.872780	-114.004710	1748980818	2025-06-03	20:00:18	Tue
McCormick Park	8ac296227d191871fc98c100a25c809f4a633d3c	46.872860	-114.004750	1748983040	2025-06-03	20:37:20	Tue
McCormick Park	75e73c25a3a544d807c336dd642dadc011808109	46.871400	-114.002060	1748916842	2025-06-03	02:14:02	Tue
McCormick Park	7ff3e505a2d88802cf12db2b892220fa44b7c1d2	46.873360	-114.005210	1748916527	2025-06-03	02:08:47	Tue
McCormick Park	804ecbedda0a29dc25ea3879f3124b0fe2f7fff6	46.871380	-114.001530	1748993710	2025-06-03	23:35:10	Tue
McCormick Park	70d916289ca33efb950313d1d6b578a791962894	46.871440	-114.005220	1748985952	2025-06-03	21:25:52	Tue
McCormick Park	70d916289ca33efb950313d1d6b578a791962894	46.871430	-114.005220	1748985950	2025-06-03	21:25:50	Tue
McCormick Park	564642b800f5a26d8425e547ed25c01ef3fb5f7a	46.871060	-114.002620	1748976482	2025-06-03	18:48:02	Tue
McCormick Park	687323dba3a5028ee5c9c792ae52d59b29bee504	46.871260	-114.002480	1748913050	2025-06-03	01:10:50	Tue
McCormick Park	687323dba3a5028ee5c9c792ae52d59b29bee504	46.870980	-114.002420	1748913109	2025-06-03	01:11:49	Tue
McCormick Park	301183ee0211d1bcc0c9fbf04ac6256a6ce3f764	46.872270	-114.002900	1748982224	2025-06-03	20:23:44	Tue
McCormick Park	373d2d22259d8138cf2dc3d71332389470a374c4	46.871070	-114.002160	1748923547	2025-06-03	04:05:47	Tue
McCormick Park	b3288a2999381a6d54f39a6112e187f65c47e6c8	46.872840	-114.005270	1748964998	2025-06-03	15:36:38	Tue
McCormick Park	c31aa8bd6a1274e6a7ac75c1466450abef71ab98	46.871450	-114.001440	1748911594	2025-06-03	00:46:34	Tue
McCormick Park	c31aa8bd6a1274e6a7ac75c1466450abef71ab98	46.871430	-114.001470	1748911600	2025-06-03	00:46:40	Tue
McCormick Park	7d26bd181a343c61c680b95f8935d74f8d62326c	46.872640	-114.005050	1748975878	2025-06-03	18:37:58	Tue
McCormick Park	7d26bd181a343c61c680b95f8935d74f8d62326c	46.872960	-114.005710	1748979572	2025-06-03	19:39:32	Tue
McCormick Park	7d26bd181a343c61c680b95f8935d74f8d62326c	46.872910	-114.005740	1748979589	2025-06-03	19:39:49	Tue
McCormick Park	7d26bd181a343c61c680b95f8935d74f8d62326c	46.872960	-114.005780	1748979595	2025-06-03	19:39:55	Tue
McCormick Park	7d26bd181a343c61c680b95f8935d74f8d62326c	46.872620	-114.005040	1748975877	2025-06-03	18:37:57	Tue
McCormick Park	7d26bd181a343c61c680b95f8935d74f8d62326c	46.872900	-114.005750	1748979575	2025-06-03	19:39:35	Tue
McCormick Park	7d26bd181a343c61c680b95f8935d74f8d62326c	46.872970	-114.005720	1748979595	2025-06-03	19:39:55	Tue
McCormick Park	7d26bd181a343c61c680b95f8935d74f8d62326c	46.872950	-114.005780	1748979596	2025-06-03	19:39:56	Tue
McCormick Park	7d26bd181a343c61c680b95f8935d74f8d62326c	46.872980	-114.004970	1748982036	2025-06-03	20:20:36	Tue
McCormick Park	da31b2c1d343c1b13ade136d954f6e8164560266	46.870750	-114.002550	1748982721	2025-06-03	20:32:01	Tue
McCormick Park	675ac4419d6833e4c9505be2915abcad744e1cd3	46.872290	-114.004990	1748956186	2025-06-03	13:09:46	Tue
McCormick Park	675ac4419d6833e4c9505be2915abcad744e1cd3	46.872680	-114.004750	1748959774	2025-06-03	14:09:34	Tue
McCormick Park	48ededf46cc9040bed4f11e5564e2894f7e95b34	46.870700	-114.002780	1748915585	2025-06-03	01:53:05	Tue
McCormick Park	4f3fdf6ad946c2e412bfbaaccd1e4fa2894399f1	46.871300	-114.003800	1748917152	2025-06-03	02:19:12	Tue
McCormick Park	113754d2efddd1e1bee32ea1d6cafc26cee4c911	46.872660	-114.004750	1748982901	2025-06-03	20:35:01	Tue
McCormick Park	113754d2efddd1e1bee32ea1d6cafc26cee4c911	46.872630	-114.004770	1748982950	2025-06-03	20:35:50	Tue
McCormick Park	113754d2efddd1e1bee32ea1d6cafc26cee4c911	46.872670	-114.004770	1748982837	2025-06-03	20:33:57	Tue
McCormick Park	113754d2efddd1e1bee32ea1d6cafc26cee4c911	46.872440	-114.005270	1748982845	2025-06-03	20:34:05	Tue
McCormick Park	113754d2efddd1e1bee32ea1d6cafc26cee4c911	46.872620	-114.004720	1748982957	2025-06-03	20:35:57	Tue
McCormick Park	113754d2efddd1e1bee32ea1d6cafc26cee4c911	46.872660	-114.005460	1748984138	2025-06-03	20:55:38	Tue
McCormick Park	f37ca12865f1e6f59b45bf1179914c630dada8b1	46.871230	-114.003680	1748988653	2025-06-03	22:10:53	Tue
McCormick Park	eed1ade677a863e01747a108540805edef3d9499	46.872540	-114.004760	1748976580	2025-06-03	18:49:40	Tue
McCormick Park	5e3d9f8b17afacc4aa80c1db79df1956d2bd5fcf	46.871440	-114.005190	1748968820	2025-06-03	16:40:20	Tue
McCormick Park	ba8fab76ccbaf640bd0876ee80c3d0f453d2d1f3	46.872800	-114.004110	1748919061	2025-06-03	02:51:01	Tue
McCormick Park	51e67c111a1a7346087d1147811af27688ffb38c	46.871020	-114.003330	1748911219	2025-06-03	00:40:19	Tue
McCormick Park	5f73834c3e41761e78c4c5772fc618caf6038994	46.871310	-114.004100	1748922797	2025-06-03	03:53:17	Tue
McCormick Park	464f367d73fcb76921228c5d0e619beba8741b18	46.872260	-114.003560	1748916530	2025-06-03	02:08:50	Tue
McCormick Park	f5e773a8e7ad5d36373c43f102bddc8c9a3c0be9	46.871020	-114.002930	1748967854	2025-06-03	16:24:14	Tue
McCormick Park	f47c151d1776c669db5e30cd3a666ca7aef4d24b	46.871250	-114.004160	1748993640	2025-06-03	23:34:00	Tue
McCormick Park	f47c151d1776c669db5e30cd3a666ca7aef4d24b	46.871220	-114.004160	1748993643	2025-06-03	23:34:03	Tue
McCormick Park	b4955fe8a7d6789ed3f450563267f48c0e59ab1e	46.871220	-114.001850	1748910110	2025-06-03	00:21:50	Tue
McCormick Park	d5edfc8d8bd25cd795985e7981b6f7add49e7da6	46.872980	-114.005320	1748992373	2025-06-03	23:12:53	Tue
McCormick Park	d5edfc8d8bd25cd795985e7981b6f7add49e7da6	46.872820	-114.005470	1748992445	2025-06-03	23:14:05	Tue
McCormick Park	d5edfc8d8bd25cd795985e7981b6f7add49e7da6	46.872930	-114.005220	1748992488	2025-06-03	23:14:48	Tue
McCormick Park	ecffbe576f80934db1395dd38ee2cdb3c7bcb19c	46.870910	-114.002290	1748976718	2025-06-03	18:51:58	Tue
McCormick Park	6a917d43ac61026d141676807db47dce2632053a	46.871680	-114.003430	1748911923	2025-06-03	00:52:03	Tue
McCormick Park	6a917d43ac61026d141676807db47dce2632053a	46.871950	-114.003830	1748911925	2025-06-03	00:52:05	Tue
McCormick Park	b86bbf6de716da43720728467b431c6cb93d2cf9	46.872830	-114.005610	1748984494	2025-06-03	21:01:34	Tue
McCormick Park	9c6e4636a3ad2b2f60478d0dd179281d871acb4d	46.873190	-114.005470	1748918989	2025-06-03	02:49:49	Tue
McCormick Park	9c6e4636a3ad2b2f60478d0dd179281d871acb4d	46.872750	-114.005380	1748922931	2025-06-03	03:55:31	Tue
McCormick Park	9c6e4636a3ad2b2f60478d0dd179281d871acb4d	46.872820	-114.005790	1748919305	2025-06-03	02:55:05	Tue
McCormick Park	9c6e4636a3ad2b2f60478d0dd179281d871acb4d	46.872900	-114.005380	1748920415	2025-06-03	03:13:35	Tue
McCormick Park	9e0e90406ca3cec4a2610fd4d3c5b21cab65724b	46.870700	-114.002860	1748992155	2025-06-03	23:09:15	Tue
McCormick Park	1e4529f945bd39e134dfeff11cbff780ad1bb940	46.872840	-114.004980	1748913421	2025-06-03	01:17:01	Tue
McCormick Park	1e4529f945bd39e134dfeff11cbff780ad1bb940	46.872920	-114.005350	1748914591	2025-06-03	01:36:31	Tue
McCormick Park	1e4529f945bd39e134dfeff11cbff780ad1bb940	46.872980	-114.004900	1748918055	2025-06-03	02:34:15	Tue
McCormick Park	1e4529f945bd39e134dfeff11cbff780ad1bb940	46.872860	-114.005480	1748919204	2025-06-03	02:53:24	Tue
McCormick Park	1e4529f945bd39e134dfeff11cbff780ad1bb940	46.872660	-114.005770	1748920334	2025-06-03	03:12:14	Tue
McCormick Park	1e4529f945bd39e134dfeff11cbff780ad1bb940	46.872970	-114.005340	1748920361	2025-06-03	03:12:41	Tue
McCormick Park	47f7d89caddfbc07205c4151cd4b5c3026ef3c96	46.871500	-114.005000	1748982810	2025-06-03	20:33:30	Tue
McCormick Park	e6b9e55fa4446a9efdf6748b36476de644eb693f	46.871400	-114.001490	1748987817	2025-06-03	21:56:57	Tue
McCormick Park	dde9a9e034e76fd4693edc1b62fe93e4c54bd2b4	46.871620	-114.005960	1748940824	2025-06-03	08:53:44	Tue
McCormick Park	c858df3d809dcd13f865e1e5e953f7dec0b8cda9	46.872770	-114.004800	1748913197	2025-06-03	01:13:17	Tue
McCormick Park	c858df3d809dcd13f865e1e5e953f7dec0b8cda9	46.872770	-114.004860	1748913209	2025-06-03	01:13:29	Tue
McCormick Park	c858df3d809dcd13f865e1e5e953f7dec0b8cda9	46.872890	-114.005420	1748917523	2025-06-03	02:25:23	Tue
McCormick Park	c858df3d809dcd13f865e1e5e953f7dec0b8cda9	46.872740	-114.004370	1748913270	2025-06-03	01:14:30	Tue
McCormick Park	c858df3d809dcd13f865e1e5e953f7dec0b8cda9	46.872940	-114.005250	1748914390	2025-06-03	01:33:10	Tue
McCormick Park	c858df3d809dcd13f865e1e5e953f7dec0b8cda9	46.872800	-114.005480	1748914417	2025-06-03	01:33:37	Tue
McCormick Park	c858df3d809dcd13f865e1e5e953f7dec0b8cda9	46.872840	-114.005590	1748914969	2025-06-03	01:42:49	Tue
McCormick Park	c858df3d809dcd13f865e1e5e953f7dec0b8cda9	46.872880	-114.005290	1748915003	2025-06-03	01:43:23	Tue
McCormick Park	5736fef8e99d724aa6e45b3912c131eb778d0132	46.871260	-114.001740	1748986967	2025-06-03	21:42:47	Tue
McCormick Park	eeac6503f2db543e90d44c3062f43890dd140a59	46.873020	-114.005280	1748994662	2025-06-03	23:51:02	Tue
McCormick Park	73a57c53d516aae9c83b1360f7cf480757836888	46.871720	-114.004100	1748920170	2025-06-03	03:09:30	Tue
McCormick Park	73a57c53d516aae9c83b1360f7cf480757836888	46.871860	-114.004430	1748920491	2025-06-03	03:14:51	Tue
McCormick Park	fcd162c83a0ec160d576c369c9ea83d1d45ab090	46.872267	-114.005403	1750025733	2025-06-15	22:15:33	Sun
McCormick Park	fcd162c83a0ec160d576c369c9ea83d1d45ab090	46.872227	-114.005493	1750025734	2025-06-15	22:15:34	Sun
McCormick Park	f89160cce6f1380d53d207b748fef993f0539d4f	46.872190	-114.005650	1750018128	2025-06-15	20:08:48	Sun
McCormick Park	f89160cce6f1380d53d207b748fef993f0539d4f	46.873040	-114.004070	1750019018	2025-06-15	20:23:38	Sun
McCormick Park	f89160cce6f1380d53d207b748fef993f0539d4f	46.872210	-114.005790	1750019836	2025-06-15	20:37:16	Sun
McCormick Park	f89160cce6f1380d53d207b748fef993f0539d4f	46.872540	-114.004750	1750021031	2025-06-15	20:57:11	Sun
McCormick Park	f3e55dc6a723ede0d7172946165a5b93925acc4e	46.872200	-114.005070	1742692090	2025-03-23	01:08:10	Sun
McCormick Park	f3e55dc6a723ede0d7172946165a5b93925acc4e	46.872200	-114.005030	1742692096	2025-03-23	01:08:16	Sun
McCormick Park	aaa2d597d2a495e178042488f0bfefa0a5899b4e	46.871330	-114.002551	1742763732	2025-03-23	21:02:12	Sun
McCormick Park	525cf5b5cb790b02e607023daf4483eff5c85521	46.871175	-114.002451	1742739614	2025-03-23	14:20:14	Sun
McCormick Park	4e19caa9974574591991d559a8cb339cd0b10c0f	46.872730	-114.002420	1742712007	2025-03-23	06:40:07	Sun
McCormick Park	d120801ff62838d984b478e9b65d7e4b5f863cd9	46.873730	-114.003860	1742749955	2025-03-23	17:12:35	Sun
McCormick Park	d120801ff62838d984b478e9b65d7e4b5f863cd9	46.873730	-114.003830	1742749993	2025-03-23	17:13:13	Sun
McCormick Park	d120801ff62838d984b478e9b65d7e4b5f863cd9	46.873720	-114.003800	1742749956	2025-03-23	17:12:36	Sun
McCormick Park	d120801ff62838d984b478e9b65d7e4b5f863cd9	46.873720	-114.003870	1742749980	2025-03-23	17:13:00	Sun
McCormick Park	68e65f529a51a833c77911fea7e2dafe5d8eaf9f	46.872591	-114.004749	1742690378	2025-03-23	00:39:38	Sun
McCormick Park	68e65f529a51a833c77911fea7e2dafe5d8eaf9f	46.872591	-114.004749	1742697915	2025-03-23	02:45:15	Sun
McCormick Park	68e65f529a51a833c77911fea7e2dafe5d8eaf9f	46.872591	-114.004749	1742703150	2025-03-23	04:12:30	Sun
McCormick Park	68e65f529a51a833c77911fea7e2dafe5d8eaf9f	46.872591	-114.004749	1742707112	2025-03-23	05:18:32	Sun
McCormick Park	68e65f529a51a833c77911fea7e2dafe5d8eaf9f	46.872591	-114.004749	1742715826	2025-03-23	07:43:46	Sun
McCormick Park	68e65f529a51a833c77911fea7e2dafe5d8eaf9f	46.872591	-114.004749	1742745216	2025-03-23	15:53:36	Sun
McCormick Park	68e65f529a51a833c77911fea7e2dafe5d8eaf9f	46.872591	-114.004749	1742749409	2025-03-23	17:03:29	Sun
McCormick Park	68e65f529a51a833c77911fea7e2dafe5d8eaf9f	46.872591	-114.004749	1742753775	2025-03-23	18:16:15	Sun
McCormick Park	68e65f529a51a833c77911fea7e2dafe5d8eaf9f	46.872591	-114.004749	1742758365	2025-03-23	19:32:45	Sun
McCormick Park	68e65f529a51a833c77911fea7e2dafe5d8eaf9f	46.872591	-114.004749	1742760727	2025-03-23	20:12:07	Sun
McCormick Park	02f924e1aba4c268dc53947d8285c21e41320c4f	46.871381	-114.003180	1742710918	2025-03-23	06:21:58	Sun
McCormick Park	02f924e1aba4c268dc53947d8285c21e41320c4f	46.871359	-114.003178	1742711031	2025-03-23	06:23:51	Sun
McCormick Park	764e3d3e336ebad6f553d1e866fd22559f618c0c	46.872473	-114.004862	1742767014	2025-03-23	21:56:54	Sun
McCormick Park	764e3d3e336ebad6f553d1e866fd22559f618c0c	46.872820	-114.003586	1742767183	2025-03-23	21:59:43	Sun
McCormick Park	764e3d3e336ebad6f553d1e866fd22559f618c0c	46.872820	-114.003586	1742767187	2025-03-23	21:59:47	Sun
McCormick Park	764e3d3e336ebad6f553d1e866fd22559f618c0c	46.872820	-114.003586	1742767213	2025-03-23	22:00:13	Sun
McCormick Park	764e3d3e336ebad6f553d1e866fd22559f618c0c	46.872820	-114.003586	1742767224	2025-03-23	22:00:24	Sun
McCormick Park	764e3d3e336ebad6f553d1e866fd22559f618c0c	46.872819	-114.003585	1742767434	2025-03-23	22:03:54	Sun
McCormick Park	764e3d3e336ebad6f553d1e866fd22559f618c0c	46.872819	-114.003585	1742767504	2025-03-23	22:05:04	Sun
McCormick Park	764e3d3e336ebad6f553d1e866fd22559f618c0c	46.872854	-114.003726	1742767585	2025-03-23	22:06:25	Sun
McCormick Park	764e3d3e336ebad6f553d1e866fd22559f618c0c	46.872856	-114.003715	1742767687	2025-03-23	22:08:07	Sun
McCormick Park	764e3d3e336ebad6f553d1e866fd22559f618c0c	46.872868	-114.003715	1742767696	2025-03-23	22:08:16	Sun
McCormick Park	764e3d3e336ebad6f553d1e866fd22559f618c0c	46.872843	-114.003716	1742767771	2025-03-23	22:09:31	Sun
McCormick Park	764e3d3e336ebad6f553d1e866fd22559f618c0c	46.872841	-114.003713	1742767781	2025-03-23	22:09:41	Sun
McCormick Park	764e3d3e336ebad6f553d1e866fd22559f618c0c	46.872945	-114.003735	1742767941	2025-03-23	22:12:21	Sun
McCormick Park	764e3d3e336ebad6f553d1e866fd22559f618c0c	46.872974	-114.003798	1742767951	2025-03-23	22:12:31	Sun
McCormick Park	764e3d3e336ebad6f553d1e866fd22559f618c0c	46.872894	-114.003831	1742767981	2025-03-23	22:13:01	Sun
McCormick Park	764e3d3e336ebad6f553d1e866fd22559f618c0c	46.872926	-114.003775	1742768061	2025-03-23	22:14:21	Sun
McCormick Park	764e3d3e336ebad6f553d1e866fd22559f618c0c	46.872894	-114.003654	1742768503	2025-03-23	22:21:43	Sun
McCormick Park	764e3d3e336ebad6f553d1e866fd22559f618c0c	46.872894	-114.003654	1742769091	2025-03-23	22:31:31	Sun
McCormick Park	764e3d3e336ebad6f553d1e866fd22559f618c0c	46.872776	-114.003743	1742769470	2025-03-23	22:37:50	Sun
McCormick Park	764e3d3e336ebad6f553d1e866fd22559f618c0c	46.872776	-114.003743	1742769471	2025-03-23	22:37:51	Sun
McCormick Park	764e3d3e336ebad6f553d1e866fd22559f618c0c	46.872646	-114.003643	1742769554	2025-03-23	22:39:14	Sun
McCormick Park	764e3d3e336ebad6f553d1e866fd22559f618c0c	46.872747	-114.003676	1742769644	2025-03-23	22:40:44	Sun
McCormick Park	764e3d3e336ebad6f553d1e866fd22559f618c0c	46.872629	-114.003583	1742769664	2025-03-23	22:41:04	Sun
McCormick Park	764e3d3e336ebad6f553d1e866fd22559f618c0c	46.871971	-114.005049	1742769722	2025-03-23	22:42:02	Sun
McCormick Park	764e3d3e336ebad6f553d1e866fd22559f618c0c	46.871961	-114.005071	1742769724	2025-03-23	22:42:04	Sun
McCormick Park	b6ee7ae4ac4060d3559c344b508c2fb9b0f43617	46.870751	-114.002924	1742766982	2025-03-23	21:56:22	Sun
McCormick Park	b6ee7ae4ac4060d3559c344b508c2fb9b0f43617	46.871426	-114.004577	1742766992	2025-03-23	21:56:32	Sun
McCormick Park	b6ee7ae4ac4060d3559c344b508c2fb9b0f43617	46.871887	-114.004918	1742767002	2025-03-23	21:56:42	Sun
McCormick Park	b6ee7ae4ac4060d3559c344b508c2fb9b0f43617	46.871955	-114.004906	1742767003	2025-03-23	21:56:43	Sun
McCormick Park	b6ee7ae4ac4060d3559c344b508c2fb9b0f43617	46.872225	-114.004898	1742767007	2025-03-23	21:56:47	Sun
McCormick Park	b6ee7ae4ac4060d3559c344b508c2fb9b0f43617	46.872587	-114.004776	1742767017	2025-03-23	21:56:57	Sun
McCormick Park	b6ee7ae4ac4060d3559c344b508c2fb9b0f43617	46.872465	-114.004078	1742767028	2025-03-23	21:57:08	Sun
McCormick Park	b6ee7ae4ac4060d3559c344b508c2fb9b0f43617	46.872436	-114.003898	1742767030	2025-03-23	21:57:10	Sun
McCormick Park	b6ee7ae4ac4060d3559c344b508c2fb9b0f43617	46.872635	-114.003664	1742767057	2025-03-23	21:57:37	Sun
McCormick Park	b6ee7ae4ac4060d3559c344b508c2fb9b0f43617	46.872694	-114.003667	1742767122	2025-03-23	21:58:42	Sun
McCormick Park	b6ee7ae4ac4060d3559c344b508c2fb9b0f43617	46.872863	-114.003594	1742767532	2025-03-23	22:05:32	Sun
McCormick Park	b6ee7ae4ac4060d3559c344b508c2fb9b0f43617	46.872880	-114.003613	1742767533	2025-03-23	22:05:33	Sun
McCormick Park	b6ee7ae4ac4060d3559c344b508c2fb9b0f43617	46.872899	-114.003806	1742767569	2025-03-23	22:06:09	Sun
McCormick Park	b6ee7ae4ac4060d3559c344b508c2fb9b0f43617	46.872787	-114.003778	1742767641	2025-03-23	22:07:21	Sun
McCormick Park	b6ee7ae4ac4060d3559c344b508c2fb9b0f43617	46.872979	-114.003766	1742767946	2025-03-23	22:12:26	Sun
McCormick Park	b6ee7ae4ac4060d3559c344b508c2fb9b0f43617	46.872896	-114.003825	1742767976	2025-03-23	22:12:56	Sun
McCormick Park	b6ee7ae4ac4060d3559c344b508c2fb9b0f43617	46.872932	-114.003781	1742768086	2025-03-23	22:14:46	Sun
McCormick Park	b6ee7ae4ac4060d3559c344b508c2fb9b0f43617	46.872811	-114.003540	1742768495	2025-03-23	22:21:35	Sun
McCormick Park	b6ee7ae4ac4060d3559c344b508c2fb9b0f43617	46.872713	-114.003642	1742769489	2025-03-23	22:38:09	Sun
McCormick Park	b6ee7ae4ac4060d3559c344b508c2fb9b0f43617	46.872677	-114.003540	1742769499	2025-03-23	22:38:19	Sun
McCormick Park	b6ee7ae4ac4060d3559c344b508c2fb9b0f43617	46.872652	-114.003682	1742769519	2025-03-23	22:38:39	Sun
McCormick Park	b6ee7ae4ac4060d3559c344b508c2fb9b0f43617	46.872648	-114.003541	1742769564	2025-03-23	22:39:24	Sun
McCormick Park	b6ee7ae4ac4060d3559c344b508c2fb9b0f43617	46.872725	-114.003613	1742769600	2025-03-23	22:40:00	Sun
McCormick Park	b6ee7ae4ac4060d3559c344b508c2fb9b0f43617	46.872598	-114.003589	1742769659	2025-03-23	22:40:59	Sun
McCormick Park	b6ee7ae4ac4060d3559c344b508c2fb9b0f43617	46.872583	-114.004412	1742769679	2025-03-23	22:41:19	Sun
McCormick Park	b6ee7ae4ac4060d3559c344b508c2fb9b0f43617	46.872133	-114.005022	1742769700	2025-03-23	22:41:40	Sun
McCormick Park	b6ee7ae4ac4060d3559c344b508c2fb9b0f43617	46.872007	-114.005014	1742769702	2025-03-23	22:41:42	Sun
McCormick Park	b6ee7ae4ac4060d3559c344b508c2fb9b0f43617	46.871860	-114.005001	1742769768	2025-03-23	22:42:48	Sun
McCormick Park	b6ee7ae4ac4060d3559c344b508c2fb9b0f43617	46.871738	-114.005010	1742769770	2025-03-23	22:42:50	Sun
McCormick Park	7b687004cf7b239afb568cce97f53b7c5afcd41b	46.871404	-114.004942	1742766995	2025-03-23	21:56:35	Sun
McCormick Park	7b687004cf7b239afb568cce97f53b7c5afcd41b	46.871692	-114.004942	1742766999	2025-03-23	21:56:39	Sun
McCormick Park	7b687004cf7b239afb568cce97f53b7c5afcd41b	46.872328	-114.004894	1742767008	2025-03-23	21:56:48	Sun
McCormick Park	7b687004cf7b239afb568cce97f53b7c5afcd41b	46.872537	-114.004763	1742767017	2025-03-23	21:56:57	Sun
McCormick Park	7b687004cf7b239afb568cce97f53b7c5afcd41b	46.872511	-114.004388	1742767023	2025-03-23	21:57:03	Sun
McCormick Park	7b687004cf7b239afb568cce97f53b7c5afcd41b	46.872617	-114.003595	1742767038	2025-03-23	21:57:18	Sun
McCormick Park	7b687004cf7b239afb568cce97f53b7c5afcd41b	46.872658	-114.003639	1742767068	2025-03-23	21:57:48	Sun
McCormick Park	7b687004cf7b239afb568cce97f53b7c5afcd41b	46.872630	-114.003605	1742767104	2025-03-23	21:58:24	Sun
McCormick Park	7b687004cf7b239afb568cce97f53b7c5afcd41b	46.872855	-114.003584	1742767345	2025-03-23	22:02:25	Sun
McCormick Park	7b687004cf7b239afb568cce97f53b7c5afcd41b	46.872825	-114.003818	1742767375	2025-03-23	22:02:55	Sun
McCormick Park	7b687004cf7b239afb568cce97f53b7c5afcd41b	46.872790	-114.003797	1742767408	2025-03-23	22:03:28	Sun
McCormick Park	7b687004cf7b239afb568cce97f53b7c5afcd41b	46.872821	-114.003845	1742767448	2025-03-23	22:04:08	Sun
McCormick Park	7b687004cf7b239afb568cce97f53b7c5afcd41b	46.872675	-114.003695	1742767478	2025-03-23	22:04:38	Sun
McCormick Park	7b687004cf7b239afb568cce97f53b7c5afcd41b	46.872589	-114.003382	1742767498	2025-03-23	22:04:58	Sun
McCormick Park	7b687004cf7b239afb568cce97f53b7c5afcd41b	46.872548	-114.003046	1742767517	2025-03-23	22:05:17	Sun
McCormick Park	7b687004cf7b239afb568cce97f53b7c5afcd41b	46.872521	-114.003116	1742767573	2025-03-23	22:06:13	Sun
McCormick Park	7b687004cf7b239afb568cce97f53b7c5afcd41b	46.872581	-114.003432	1742767590	2025-03-23	22:06:30	Sun
McCormick Park	7b687004cf7b239afb568cce97f53b7c5afcd41b	46.872679	-114.003766	1742767613	2025-03-23	22:06:53	Sun
McCormick Park	7b687004cf7b239afb568cce97f53b7c5afcd41b	46.872820	-114.003757	1742767643	2025-03-23	22:07:23	Sun
McCormick Park	7b687004cf7b239afb568cce97f53b7c5afcd41b	46.873147	-114.003398	1742767722	2025-03-23	22:08:42	Sun
McCormick Park	7b687004cf7b239afb568cce97f53b7c5afcd41b	46.873062	-114.003762	1742767725	2025-03-23	22:08:45	Sun
McCormick Park	7b687004cf7b239afb568cce97f53b7c5afcd41b	46.872821	-114.003680	1742767759	2025-03-23	22:09:19	Sun
McCormick Park	7b687004cf7b239afb568cce97f53b7c5afcd41b	46.872867	-114.003493	1742767838	2025-03-23	22:10:38	Sun
McCormick Park	7b687004cf7b239afb568cce97f53b7c5afcd41b	46.872859	-114.003676	1742767868	2025-03-23	22:11:08	Sun
McCormick Park	7b687004cf7b239afb568cce97f53b7c5afcd41b	46.872986	-114.003844	1742767992	2025-03-23	22:13:12	Sun
McCormick Park	7b687004cf7b239afb568cce97f53b7c5afcd41b	46.872969	-114.003785	1742768022	2025-03-23	22:13:42	Sun
McCormick Park	7b687004cf7b239afb568cce97f53b7c5afcd41b	46.872909	-114.003778	1742768067	2025-03-23	22:14:27	Sun
McCormick Park	7b687004cf7b239afb568cce97f53b7c5afcd41b	46.871607	-114.003833	1742768118	2025-03-23	22:15:18	Sun
McCormick Park	7b687004cf7b239afb568cce97f53b7c5afcd41b	46.872921	-114.003667	1742768133	2025-03-23	22:15:33	Sun
McCormick Park	7b687004cf7b239afb568cce97f53b7c5afcd41b	46.872967	-114.003866	1742768216	2025-03-23	22:16:56	Sun
McCormick Park	7b687004cf7b239afb568cce97f53b7c5afcd41b	46.872952	-114.003807	1742768261	2025-03-23	22:17:41	Sun
McCormick Park	7b687004cf7b239afb568cce97f53b7c5afcd41b	46.872944	-114.003771	1742768635	2025-03-23	22:23:55	Sun
McCormick Park	7b687004cf7b239afb568cce97f53b7c5afcd41b	46.872969	-114.003799	1742768936	2025-03-23	22:28:56	Sun
McCormick Park	7b687004cf7b239afb568cce97f53b7c5afcd41b	46.872925	-114.003689	1742769223	2025-03-23	22:33:43	Sun
McCormick Park	7b687004cf7b239afb568cce97f53b7c5afcd41b	46.873002	-114.003777	1742769253	2025-03-23	22:34:13	Sun
McCormick Park	7b687004cf7b239afb568cce97f53b7c5afcd41b	46.872983	-114.003656	1742769309	2025-03-23	22:35:09	Sun
McCormick Park	7b687004cf7b239afb568cce97f53b7c5afcd41b	46.872954	-114.003807	1742769375	2025-03-23	22:36:15	Sun
McCormick Park	7b687004cf7b239afb568cce97f53b7c5afcd41b	46.872913	-114.003716	1742769458	2025-03-23	22:37:38	Sun
McCormick Park	7b687004cf7b239afb568cce97f53b7c5afcd41b	46.872774	-114.003713	1742769488	2025-03-23	22:38:08	Sun
McCormick Park	7b687004cf7b239afb568cce97f53b7c5afcd41b	46.872652	-114.003634	1742769518	2025-03-23	22:38:38	Sun
McCormick Park	7b687004cf7b239afb568cce97f53b7c5afcd41b	46.872630	-114.003569	1742769567	2025-03-23	22:39:27	Sun
McCormick Park	7b687004cf7b239afb568cce97f53b7c5afcd41b	46.871960	-114.004853	1742769754	2025-03-23	22:42:34	Sun
McCormick Park	7b687004cf7b239afb568cce97f53b7c5afcd41b	46.871746	-114.004990	1742769770	2025-03-23	22:42:50	Sun
McCormick Park	7b687004cf7b239afb568cce97f53b7c5afcd41b	46.871509	-114.004957	1742769774	2025-03-23	22:42:54	Sun
McCormick Park	a6ec26135a2244a6b91f44524b3f4d49e95e3c15	46.872607	-114.003552	1742772684	2025-03-23	23:31:24	Sun
McCormick Park	a6ec26135a2244a6b91f44524b3f4d49e95e3c15	46.872650	-114.003570	1742772681	2025-03-23	23:31:21	Sun
McCormick Park	53ea80044bcd9845bccf26c5610bf11cc89f4585	46.873051	-114.005066	1744762659	2025-04-16	00:17:39	Wed
McCormick Park	53ea80044bcd9845bccf26c5610bf11cc89f4585	46.873051	-114.005066	1744762660	2025-04-16	00:17:40	Wed
McCormick Park	af40ce7509502c8e5b952cfed9b449fe9bfef6d6	46.872555	-114.004714	1744769725	2025-04-16	02:15:25	Wed
McCormick Park	af40ce7509502c8e5b952cfed9b449fe9bfef6d6	46.872560	-114.004710	1744769720	2025-04-16	02:15:20	Wed
McCormick Park	af40ce7509502c8e5b952cfed9b449fe9bfef6d6	46.872460	-114.004220	1744770047	2025-04-16	02:20:47	Wed
McCormick Park	a70376047a6685c330de9bcd49eae17dc2e30220	46.872192	-114.005480	1744833326	2025-04-16	19:55:26	Wed
McCormick Park	1fb913e61998cd2a02033f922ceaec34ae7a3373	46.871487	-114.005500	1744764625	2025-04-16	00:50:25	Wed
McCormick Park	76a31036ceb75a82d2aa28f3986d1fff9d043e19	46.872333	-114.004416	1744803425	2025-04-16	11:37:05	Wed
McCormick Park	76a31036ceb75a82d2aa28f3986d1fff9d043e19	46.872550	-114.004540	1744832193	2025-04-16	19:36:33	Wed
McCormick Park	76a31036ceb75a82d2aa28f3986d1fff9d043e19	46.872370	-114.004470	1744803422	2025-04-16	11:37:02	Wed
McCormick Park	76a31036ceb75a82d2aa28f3986d1fff9d043e19	46.872510	-114.004540	1744832196	2025-04-16	19:36:36	Wed
McCormick Park	db015d97adf011835dd0406f88da502231145697	46.871765	-114.004800	1744816544	2025-04-16	15:15:44	Wed
McCormick Park	437be147ca17bf891e89266aa2280d9e0596754e	46.873920	-114.004630	1744831826	2025-04-16	19:30:26	Wed
McCormick Park	437be147ca17bf891e89266aa2280d9e0596754e	46.874140	-114.005290	1744831870	2025-04-16	19:31:10	Wed
McCormick Park	e25b11b97ab61a870e2a313592ffc55d7f74153e	46.872491	-114.004174	1744770027	2025-04-16	02:20:27	Wed
McCormick Park	e25b11b97ab61a870e2a313592ffc55d7f74153e	46.872670	-114.003030	1744770028	2025-04-16	02:20:28	Wed
McCormick Park	e25b11b97ab61a870e2a313592ffc55d7f74153e	46.872629	-114.004049	1744770201	2025-04-16	02:23:21	Wed
McCormick Park	e25b11b97ab61a870e2a313592ffc55d7f74153e	46.872502	-114.004190	1744770355	2025-04-16	02:25:55	Wed
McCormick Park	e46227a67defe16e8b94606ebf7d9685225e168f	46.873148	-114.005406	1744773924	2025-04-16	03:25:24	Wed
McCormick Park	e46227a67defe16e8b94606ebf7d9685225e168f	46.873155	-114.005442	1744773927	2025-04-16	03:25:27	Wed
McCormick Park	e46227a67defe16e8b94606ebf7d9685225e168f	46.873110	-114.005410	1744773920	2025-04-16	03:25:20	Wed
McCormick Park	e46227a67defe16e8b94606ebf7d9685225e168f	46.873140	-114.005410	1744773925	2025-04-16	03:25:25	Wed
McCormick Park	e46227a67defe16e8b94606ebf7d9685225e168f	46.873146	-114.005410	1744773924	2025-04-16	03:25:24	Wed
McCormick Park	f1809049cbda794424abe7ecd7c9ee885c8a4248	46.871810	-114.004980	1744826977	2025-04-16	18:09:37	Wed
McCormick Park	f1809049cbda794424abe7ecd7c9ee885c8a4248	46.871810	-114.004940	1744826978	2025-04-16	18:09:38	Wed
McCormick Park	05279c4c18fa23e07894d3efadf3657b053f65b3	46.871574	-114.002537	1744826601	2025-04-16	18:03:21	Wed
McCormick Park	05279c4c18fa23e07894d3efadf3657b053f65b3	46.872464	-114.003329	1744826941	2025-04-16	18:09:01	Wed
McCormick Park	05279c4c18fa23e07894d3efadf3657b053f65b3	46.872081	-114.005538	1744828380	2025-04-16	18:33:00	Wed
McCormick Park	05279c4c18fa23e07894d3efadf3657b053f65b3	46.872417	-114.003350	1744826947	2025-04-16	18:09:07	Wed
McCormick Park	05279c4c18fa23e07894d3efadf3657b053f65b3	46.872074	-114.005580	1744828383	2025-04-16	18:33:03	Wed
McCormick Park	a17575a1919695b02b16bc4a72e92da12e9509cb	46.871050	-114.003614	1744830633	2025-04-16	19:10:33	Wed
McCormick Park	a17575a1919695b02b16bc4a72e92da12e9509cb	46.871080	-114.003650	1744831067	2025-04-16	19:17:47	Wed
McCormick Park	3d9469aa2d6171611986dd92678bf1cd9b04d803	46.872975	-114.005280	1744822436	2025-04-16	16:53:56	Wed
McCormick Park	3d9469aa2d6171611986dd92678bf1cd9b04d803	46.872885	-114.005212	1744847726	2025-04-16	23:55:26	Wed
McCormick Park	fb820292e247969452111b6b421abafd987463d6	46.873734	-114.003850	1744831306	2025-04-16	19:21:46	Wed
McCormick Park	fb820292e247969452111b6b421abafd987463d6	46.873734	-114.003850	1744831364	2025-04-16	19:22:44	Wed
McCormick Park	fb820292e247969452111b6b421abafd987463d6	46.873734	-114.003850	1744833788	2025-04-16	20:03:08	Wed
McCormick Park	fb820292e247969452111b6b421abafd987463d6	46.873734	-114.003850	1744839526	2025-04-16	21:38:46	Wed
McCormick Park	fb820292e247969452111b6b421abafd987463d6	46.873734	-114.003850	1744840470	2025-04-16	21:54:30	Wed
McCormick Park	fb820292e247969452111b6b421abafd987463d6	46.873734	-114.003850	1744840862	2025-04-16	22:01:02	Wed
McCormick Park	fb820292e247969452111b6b421abafd987463d6	46.873780	-114.003810	1744840864	2025-04-16	22:01:04	Wed
McCormick Park	fb820292e247969452111b6b421abafd987463d6	46.873751	-114.003820	1744840871	2025-04-16	22:01:11	Wed
McCormick Park	fb820292e247969452111b6b421abafd987463d6	46.873720	-114.003880	1744841011	2025-04-16	22:03:31	Wed
McCormick Park	fb820292e247969452111b6b421abafd987463d6	46.873752	-114.003810	1744841076	2025-04-16	22:04:36	Wed
McCormick Park	fb820292e247969452111b6b421abafd987463d6	46.873734	-114.003850	1744841078	2025-04-16	22:04:38	Wed
McCormick Park	fb820292e247969452111b6b421abafd987463d6	46.873705	-114.003800	1744842202	2025-04-16	22:23:22	Wed
McCormick Park	fb820292e247969452111b6b421abafd987463d6	46.873734	-114.003850	1744842204	2025-04-16	22:23:24	Wed
McCormick Park	fb820292e247969452111b6b421abafd987463d6	46.873717	-114.003870	1744842227	2025-04-16	22:23:47	Wed
McCormick Park	fb820292e247969452111b6b421abafd987463d6	46.873734	-114.003850	1744842261	2025-04-16	22:24:21	Wed
McCormick Park	fb820292e247969452111b6b421abafd987463d6	46.873720	-114.003870	1744842261	2025-04-16	22:24:21	Wed
McCormick Park	fb820292e247969452111b6b421abafd987463d6	46.873763	-114.003880	1744843352	2025-04-16	22:42:32	Wed
McCormick Park	fb820292e247969452111b6b421abafd987463d6	46.873734	-114.003850	1744843354	2025-04-16	22:42:34	Wed
McCormick Park	fb820292e247969452111b6b421abafd987463d6	46.873722	-114.003830	1744843361	2025-04-16	22:42:41	Wed
McCormick Park	fb820292e247969452111b6b421abafd987463d6	46.873742	-114.003860	1744843456	2025-04-16	22:44:16	Wed
McCormick Park	fb820292e247969452111b6b421abafd987463d6	46.873768	-114.003860	1744843508	2025-04-16	22:45:08	Wed
McCormick Park	fb820292e247969452111b6b421abafd987463d6	46.873774	-114.003810	1744843627	2025-04-16	22:47:07	Wed
McCormick Park	fb820292e247969452111b6b421abafd987463d6	46.873730	-114.003840	1744843648	2025-04-16	22:47:28	Wed
McCormick Park	fb820292e247969452111b6b421abafd987463d6	46.873711	-114.003880	1744843692	2025-04-16	22:48:12	Wed
McCormick Park	fb820292e247969452111b6b421abafd987463d6	46.873732	-114.003870	1744843733	2025-04-16	22:48:53	Wed
McCormick Park	fb820292e247969452111b6b421abafd987463d6	46.873734	-114.003850	1744843737	2025-04-16	22:48:57	Wed
McCormick Park	fb820292e247969452111b6b421abafd987463d6	46.873714	-114.003830	1744843738	2025-04-16	22:48:58	Wed
McCormick Park	fb820292e247969452111b6b421abafd987463d6	46.873707	-114.003810	1744843820	2025-04-16	22:50:20	Wed
McCormick Park	fb820292e247969452111b6b421abafd987463d6	46.873734	-114.003850	1744843827	2025-04-16	22:50:27	Wed
McCormick Park	fb820292e247969452111b6b421abafd987463d6	46.873725	-114.003800	1744843855	2025-04-16	22:50:55	Wed
McCormick Park	fb820292e247969452111b6b421abafd987463d6	46.873772	-114.003810	1744843916	2025-04-16	22:51:56	Wed
McCormick Park	fb820292e247969452111b6b421abafd987463d6	46.873730	-114.003850	1744843981	2025-04-16	22:53:01	Wed
McCormick Park	fb820292e247969452111b6b421abafd987463d6	46.873782	-114.003880	1744844190	2025-04-16	22:56:30	Wed
McCormick Park	fb820292e247969452111b6b421abafd987463d6	46.873776	-114.003880	1744844274	2025-04-16	22:57:54	Wed
McCormick Park	fb820292e247969452111b6b421abafd987463d6	46.873734	-114.003850	1744844280	2025-04-16	22:58:00	Wed
McCormick Park	fb820292e247969452111b6b421abafd987463d6	46.873746	-114.003870	1744844280	2025-04-16	22:58:00	Wed
McCormick Park	fb820292e247969452111b6b421abafd987463d6	46.873785	-114.003850	1744844471	2025-04-16	23:01:11	Wed
McCormick Park	fb820292e247969452111b6b421abafd987463d6	46.873734	-114.003850	1744844472	2025-04-16	23:01:12	Wed
McCormick Park	fb820292e247969452111b6b421abafd987463d6	46.873732	-114.003830	1744844518	2025-04-16	23:01:58	Wed
McCormick Park	fb820292e247969452111b6b421abafd987463d6	46.873754	-114.003800	1744844554	2025-04-16	23:02:34	Wed
McCormick Park	fb820292e247969452111b6b421abafd987463d6	46.873707	-114.003800	1744844845	2025-04-16	23:07:25	Wed
McCormick Park	fb820292e247969452111b6b421abafd987463d6	46.873734	-114.003850	1744844880	2025-04-16	23:08:00	Wed
McCormick Park	fb820292e247969452111b6b421abafd987463d6	46.873723	-114.003830	1744844882	2025-04-16	23:08:02	Wed
McCormick Park	fb820292e247969452111b6b421abafd987463d6	46.873736	-114.003800	1744845314	2025-04-16	23:15:14	Wed
McCormick Park	fb820292e247969452111b6b421abafd987463d6	46.873734	-114.003850	1744845316	2025-04-16	23:15:16	Wed
McCormick Park	fb820292e247969452111b6b421abafd987463d6	46.873727	-114.003800	1744845337	2025-04-16	23:15:37	Wed
McCormick Park	fb820292e247969452111b6b421abafd987463d6	46.873776	-114.003860	1744845361	2025-04-16	23:16:01	Wed
McCormick Park	fb820292e247969452111b6b421abafd987463d6	46.873736	-114.003830	1744845374	2025-04-16	23:16:14	Wed
McCormick Park	fb820292e247969452111b6b421abafd987463d6	46.873734	-114.003850	1744845510	2025-04-16	23:18:30	Wed
McCormick Park	fb820292e247969452111b6b421abafd987463d6	46.873753	-114.003800	1744845517	2025-04-16	23:18:37	Wed
McCormick Park	fb820292e247969452111b6b421abafd987463d6	46.873732	-114.003830	1744845627	2025-04-16	23:20:27	Wed
McCormick Park	fb820292e247969452111b6b421abafd987463d6	46.873734	-114.003850	1744845629	2025-04-16	23:20:29	Wed
McCormick Park	fb820292e247969452111b6b421abafd987463d6	46.873748	-114.003800	1744845656	2025-04-16	23:20:56	Wed
McCormick Park	fb820292e247969452111b6b421abafd987463d6	46.873728	-114.003880	1744845677	2025-04-16	23:21:17	Wed
McCormick Park	fb820292e247969452111b6b421abafd987463d6	46.873774	-114.003810	1744845707	2025-04-16	23:21:47	Wed
McCormick Park	fb820292e247969452111b6b421abafd987463d6	46.873734	-114.003850	1744845731	2025-04-16	23:22:11	Wed
McCormick Park	fb820292e247969452111b6b421abafd987463d6	46.873720	-114.003870	1744845732	2025-04-16	23:22:12	Wed
McCormick Park	fb820292e247969452111b6b421abafd987463d6	46.873730	-114.003850	1744840470	2025-04-16	21:54:30	Wed
McCormick Park	fb820292e247969452111b6b421abafd987463d6	46.873730	-114.003850	1744841014	2025-04-16	22:03:34	Wed
McCormick Park	fb820292e247969452111b6b421abafd987463d6	46.873730	-114.003850	1744843354	2025-04-16	22:42:34	Wed
McCormick Park	fb820292e247969452111b6b421abafd987463d6	46.873734	-114.003850	1744843626	2025-04-16	22:47:06	Wed
McCormick Park	fb820292e247969452111b6b421abafd987463d6	46.873730	-114.003850	1744843697	2025-04-16	22:48:17	Wed
McCormick Park	fb820292e247969452111b6b421abafd987463d6	46.873726	-114.003800	1744843855	2025-04-16	22:50:55	Wed
McCormick Park	fb820292e247969452111b6b421abafd987463d6	46.873730	-114.003850	1744844274	2025-04-16	22:57:54	Wed
McCormick Park	fb820292e247969452111b6b421abafd987463d6	46.873730	-114.003850	1744844519	2025-04-16	23:01:59	Wed
McCormick Park	fb820292e247969452111b6b421abafd987463d6	46.873753	-114.003800	1744844554	2025-04-16	23:02:34	Wed
McCormick Park	fb820292e247969452111b6b421abafd987463d6	46.873722	-114.003830	1744844882	2025-04-16	23:08:02	Wed
McCormick Park	fb820292e247969452111b6b421abafd987463d6	46.873734	-114.003850	1744844991	2025-04-16	23:09:51	Wed
McCormick Park	fb820292e247969452111b6b421abafd987463d6	46.873734	-114.003850	1744845294	2025-04-16	23:14:54	Wed
McCormick Park	fb820292e247969452111b6b421abafd987463d6	46.873734	-114.003850	1744845378	2025-04-16	23:16:18	Wed
McCormick Park	fb820292e247969452111b6b421abafd987463d6	46.873730	-114.003850	1744845510	2025-04-16	23:18:30	Wed
McCormick Park	fb820292e247969452111b6b421abafd987463d6	46.873730	-114.003850	1744845731	2025-04-16	23:22:11	Wed
McCormick Park	fb820292e247969452111b6b421abafd987463d6	46.873734	-114.003850	1744845904	2025-04-16	23:25:04	Wed
McCormick Park	81c6ce1672e039a8c310ccbf2154f96248da625c	46.872500	-114.003050	1744834314	2025-04-16	20:11:54	Wed
McCormick Park	e49dba7285fc222b81ffc8df4d6e65b08a53d7bb	46.872618	-114.003516	1745862817	2025-04-28	17:53:37	Mon
McCormick Park	e49dba7285fc222b81ffc8df4d6e65b08a53d7bb	46.872653	-114.003577	1745862818	2025-04-28	17:53:38	Mon
McCormick Park	f1cfa0281dbcbbf7c7572dbf1c96f44e14a8ed81	46.871330	-114.003160	1745830751	2025-04-28	08:59:11	Mon
McCormick Park	f1cfa0281dbcbbf7c7572dbf1c96f44e14a8ed81	46.871343	-114.003150	1745830779	2025-04-28	08:59:39	Mon
McCormick Park	f1cfa0281dbcbbf7c7572dbf1c96f44e14a8ed81	46.871335	-114.003162	1745830790	2025-04-28	08:59:50	Mon
McCormick Park	f1cfa0281dbcbbf7c7572dbf1c96f44e14a8ed81	46.871340	-114.003150	1745830803	2025-04-28	09:00:03	Mon
McCormick Park	76ac6197a977fd9583ee4c78154696c3a7131727	46.872977	-114.005221	1745874894	2025-04-28	21:14:54	Mon
McCormick Park	76ac6197a977fd9583ee4c78154696c3a7131727	46.872985	-114.005222	1745877488	2025-04-28	21:58:08	Mon
McCormick Park	76ac6197a977fd9583ee4c78154696c3a7131727	46.872985	-114.005222	1745877511	2025-04-28	21:58:31	Mon
McCormick Park	76ac6197a977fd9583ee4c78154696c3a7131727	46.872985	-114.005222	1745878105	2025-04-28	22:08:25	Mon
McCormick Park	76ac6197a977fd9583ee4c78154696c3a7131727	46.872985	-114.005222	1745878169	2025-04-28	22:09:29	Mon
McCormick Park	5c9f43a6131d889ae8bdc6e4d58cec2a78b03467	46.871050	-114.003850	1745852614	2025-04-28	15:03:34	Mon
McCormick Park	b3288a2999381a6d54f39a6112e187f65c47e6c8	46.873140	-114.005340	1745856013	2025-04-28	16:00:13	Mon
McCormick Park	b3288a2999381a6d54f39a6112e187f65c47e6c8	46.873108	-114.005380	1745856019	2025-04-28	16:00:19	Mon
McCormick Park	3c10bac97e45328fdddeeea341da87a1bb223e5f	46.871300	-114.003120	1745821439	2025-04-28	06:23:59	Mon
McCormick Park	3c10bac97e45328fdddeeea341da87a1bb223e5f	46.871300	-114.003130	1745821438	2025-04-28	06:23:58	Mon
McCormick Park	c52d41bd4ce4ed2bb810ef1c90b02d30b15b5410	46.873816	-114.003435	1745835873	2025-04-28	10:24:33	Mon
McCormick Park	c52d41bd4ce4ed2bb810ef1c90b02d30b15b5410	46.873820	-114.003470	1745835871	2025-04-28	10:24:31	Mon
McCormick Park	c52d41bd4ce4ed2bb810ef1c90b02d30b15b5410	46.873840	-114.003460	1745835875	2025-04-28	10:24:35	Mon
McCormick Park	5e761dc06cb7acaf185a484d354e8bb83b6928f8	46.871610	-114.004900	1745871689	2025-04-28	20:21:29	Mon
McCormick Park	e623d444d7f4d1c6b277de7a8e48f3fb9abcfbbf	46.871344	-114.003150	1745881909	2025-04-28	23:11:49	Mon
McCormick Park	43dd4c842c1a8f8732b7307f208fae749af08c0d	46.872982	-114.005502	1745801161	2025-04-28	00:46:01	Mon
McCormick Park	43dd4c842c1a8f8732b7307f208fae749af08c0d	46.872908	-114.005581	1745801865	2025-04-28	00:57:45	Mon
McCormick Park	43dd4c842c1a8f8732b7307f208fae749af08c0d	46.872985	-114.005515	1745802218	2025-04-28	01:03:38	Mon
McCormick Park	43dd4c842c1a8f8732b7307f208fae749af08c0d	46.872955	-114.005403	1745803440	2025-04-28	01:24:00	Mon
McCormick Park	43dd4c842c1a8f8732b7307f208fae749af08c0d	46.871853	-114.004828	1745806097	2025-04-28	02:08:17	Mon
McCormick Park	824fbd37695be3817f074121bcf8a0f0f0f27c56	46.871045	-114.003650	1745867927	2025-04-28	19:18:47	Mon
McCormick Park	824fbd37695be3817f074121bcf8a0f0f0f27c56	46.871045	-114.003640	1745867929	2025-04-28	19:18:49	Mon
McCormick Park	824fbd37695be3817f074121bcf8a0f0f0f27c56	46.871040	-114.003670	1745867981	2025-04-28	19:19:41	Mon
McCormick Park	824fbd37695be3817f074121bcf8a0f0f0f27c56	46.871068	-114.003626	1745868002	2025-04-28	19:20:02	Mon
McCormick Park	824fbd37695be3817f074121bcf8a0f0f0f27c56	46.871080	-114.003600	1745867924	2025-04-28	19:18:44	Mon
McCormick Park	824fbd37695be3817f074121bcf8a0f0f0f27c56	46.871040	-114.003640	1745867929	2025-04-28	19:18:49	Mon
McCormick Park	824fbd37695be3817f074121bcf8a0f0f0f27c56	46.871000	-114.003660	1745867931	2025-04-28	19:18:51	Mon
McCormick Park	824fbd37695be3817f074121bcf8a0f0f0f27c56	46.871060	-114.003630	1745868002	2025-04-28	19:20:02	Mon
McCormick Park	824fbd37695be3817f074121bcf8a0f0f0f27c56	46.871060	-114.003670	1745868004	2025-04-28	19:20:04	Mon
McCormick Park	12f471090254f08c4cb9aae7348caf9e31b6059d	46.871317	-114.003151	1745881454	2025-04-28	23:04:14	Mon
McCormick Park	12f471090254f08c4cb9aae7348caf9e31b6059d	46.871323	-114.003181	1745881455	2025-04-28	23:04:15	Mon
McCormick Park	12f471090254f08c4cb9aae7348caf9e31b6059d	46.871340	-114.003180	1745881500	2025-04-28	23:05:00	Mon
McCormick Park	12f471090254f08c4cb9aae7348caf9e31b6059d	46.871320	-114.003120	1745881501	2025-04-28	23:05:01	Mon
McCormick Park	12f471090254f08c4cb9aae7348caf9e31b6059d	46.871330	-114.003144	1745881504	2025-04-28	23:05:04	Mon
McCormick Park	12f471090254f08c4cb9aae7348caf9e31b6059d	46.871330	-114.003100	1745881603	2025-04-28	23:06:43	Mon
McCormick Park	12f471090254f08c4cb9aae7348caf9e31b6059d	46.871350	-114.003100	1745881605	2025-04-28	23:06:45	Mon
McCormick Park	12f471090254f08c4cb9aae7348caf9e31b6059d	46.871340	-114.003100	1745881632	2025-04-28	23:07:12	Mon
McCormick Park	12f471090254f08c4cb9aae7348caf9e31b6059d	46.871340	-114.003100	1745881633	2025-04-28	23:07:13	Mon
McCormick Park	12f471090254f08c4cb9aae7348caf9e31b6059d	46.871330	-114.003110	1745881640	2025-04-28	23:07:20	Mon
McCormick Park	12f471090254f08c4cb9aae7348caf9e31b6059d	46.871300	-114.003110	1745881641	2025-04-28	23:07:21	Mon
McCormick Park	12f471090254f08c4cb9aae7348caf9e31b6059d	46.871300	-114.003110	1745881645	2025-04-28	23:07:25	Mon
McCormick Park	12f471090254f08c4cb9aae7348caf9e31b6059d	46.871300	-114.003100	1745881700	2025-04-28	23:08:20	Mon
McCormick Park	12f471090254f08c4cb9aae7348caf9e31b6059d	46.871300	-114.003120	1745881704	2025-04-28	23:08:24	Mon
McCormick Park	12f471090254f08c4cb9aae7348caf9e31b6059d	46.871340	-114.003160	1745881725	2025-04-28	23:08:45	Mon
McCormick Park	12f471090254f08c4cb9aae7348caf9e31b6059d	46.871306	-114.003111	1745881780	2025-04-28	23:09:40	Mon
McCormick Park	12f471090254f08c4cb9aae7348caf9e31b6059d	46.871370	-114.003170	1745881788	2025-04-28	23:09:48	Mon
McCormick Park	12f471090254f08c4cb9aae7348caf9e31b6059d	46.871350	-114.003150	1745881801	2025-04-28	23:10:01	Mon
McCormick Park	12f471090254f08c4cb9aae7348caf9e31b6059d	46.871350	-114.003110	1745881803	2025-04-28	23:10:03	Mon
McCormick Park	12f471090254f08c4cb9aae7348caf9e31b6059d	46.871357	-114.003100	1745881850	2025-04-28	23:10:50	Mon
McCormick Park	12f471090254f08c4cb9aae7348caf9e31b6059d	46.871370	-114.003100	1745881850	2025-04-28	23:10:50	Mon
McCormick Park	12f471090254f08c4cb9aae7348caf9e31b6059d	46.871340	-114.003180	1745881454	2025-04-28	23:04:14	Mon
McCormick Park	12f471090254f08c4cb9aae7348caf9e31b6059d	46.871380	-114.003130	1745881503	2025-04-28	23:05:03	Mon
McCormick Park	12f471090254f08c4cb9aae7348caf9e31b6059d	46.871380	-114.003160	1745881504	2025-04-28	23:05:04	Mon
McCormick Park	12f471090254f08c4cb9aae7348caf9e31b6059d	46.871300	-114.003100	1745881604	2025-04-28	23:06:44	Mon
McCormick Park	12f471090254f08c4cb9aae7348caf9e31b6059d	46.871360	-114.003100	1745881631	2025-04-28	23:07:11	Mon
McCormick Park	12f471090254f08c4cb9aae7348caf9e31b6059d	46.871360	-114.003160	1745881631	2025-04-28	23:07:11	Mon
McCormick Park	12f471090254f08c4cb9aae7348caf9e31b6059d	46.871380	-114.003170	1745881644	2025-04-28	23:07:24	Mon
McCormick Park	12f471090254f08c4cb9aae7348caf9e31b6059d	46.871300	-114.003130	1745881706	2025-04-28	23:08:26	Mon
McCormick Park	12f471090254f08c4cb9aae7348caf9e31b6059d	46.871320	-114.003180	1745881722	2025-04-28	23:08:42	Mon
McCormick Park	12f471090254f08c4cb9aae7348caf9e31b6059d	46.871340	-114.003170	1745881787	2025-04-28	23:09:47	Mon
McCormick Park	12f471090254f08c4cb9aae7348caf9e31b6059d	46.871330	-114.003180	1745881803	2025-04-28	23:10:03	Mon
McCormick Park	12f471090254f08c4cb9aae7348caf9e31b6059d	46.871310	-114.003100	1745881843	2025-04-28	23:10:43	Mon
McCormick Park	12f471090254f08c4cb9aae7348caf9e31b6059d	46.871320	-114.003190	1745881455	2025-04-28	23:04:15	Mon
McCormick Park	12f471090254f08c4cb9aae7348caf9e31b6059d	46.871300	-114.003120	1745881780	2025-04-28	23:09:40	Mon
McCormick Park	12f471090254f08c4cb9aae7348caf9e31b6059d	46.871350	-114.003100	1745881850	2025-04-28	23:10:50	Mon
McCormick Park	fa76be2c4b219d7cfd53f681bdb5d178022e5953	46.874130	-114.004810	1745861795	2025-04-28	17:36:35	Mon
McCormick Park	fa76be2c4b219d7cfd53f681bdb5d178022e5953	46.871710	-114.005600	1745864562	2025-04-28	18:22:42	Mon
McCormick Park	fa76be2c4b219d7cfd53f681bdb5d178022e5953	46.871750	-114.005670	1745864574	2025-04-28	18:22:54	Mon
McCormick Park	fa76be2c4b219d7cfd53f681bdb5d178022e5953	46.874120	-114.004800	1745861796	2025-04-28	17:36:36	Mon
McCormick Park	fa76be2c4b219d7cfd53f681bdb5d178022e5953	46.871760	-114.005630	1745864562	2025-04-28	18:22:42	Mon
McCormick Park	fa76be2c4b219d7cfd53f681bdb5d178022e5953	46.871740	-114.005680	1745864575	2025-04-28	18:22:55	Mon
McCormick Park	c198bab0aa2bc758ed75bbb59471404cc2a463d7	46.871350	-114.003155	1745880047	2025-04-28	22:40:47	Mon
McCormick Park	c198bab0aa2bc758ed75bbb59471404cc2a463d7	46.871312	-114.003100	1745880079	2025-04-28	22:41:19	Mon
McCormick Park	c198bab0aa2bc758ed75bbb59471404cc2a463d7	46.871350	-114.003100	1745880381	2025-04-28	22:46:21	Mon
McCormick Park	c198bab0aa2bc758ed75bbb59471404cc2a463d7	46.871300	-114.003170	1745880850	2025-04-28	22:54:10	Mon
McCormick Park	c198bab0aa2bc758ed75bbb59471404cc2a463d7	46.871364	-114.003112	1745880880	2025-04-28	22:54:40	Mon
McCormick Park	c198bab0aa2bc758ed75bbb59471404cc2a463d7	46.871350	-114.003160	1745880047	2025-04-28	22:40:47	Mon
McCormick Park	c198bab0aa2bc758ed75bbb59471404cc2a463d7	46.871310	-114.003100	1745880079	2025-04-28	22:41:19	Mon
McCormick Park	10bd08be094b45c6e71ca5ae81aae0ec69053c87	46.872173	-114.005080	1745863355	2025-04-28	18:02:35	Mon
McCormick Park	10bd08be094b45c6e71ca5ae81aae0ec69053c87	46.872128	-114.005060	1745863358	2025-04-28	18:02:38	Mon
McCormick Park	59300c10595f2895814b075774132f7cc910eecf	46.872770	-114.004830	1745881827	2025-04-28	23:10:27	Mon
McCormick Park	59300c10595f2895814b075774132f7cc910eecf	46.872740	-114.004820	1745881823	2025-04-28	23:10:23	Mon
McCormick Park	f0583ccb420c593a21ba7f803c4f214860e2d810	46.872965	-114.005573	1745873232	2025-04-28	20:47:12	Mon
McCormick Park	f0583ccb420c593a21ba7f803c4f214860e2d810	46.872922	-114.005588	1745873239	2025-04-28	20:47:19	Mon
McCormick Park	f0583ccb420c593a21ba7f803c4f214860e2d810	46.872938	-114.005582	1745873694	2025-04-28	20:54:54	Mon
McCormick Park	f0583ccb420c593a21ba7f803c4f214860e2d810	46.872903	-114.005520	1745873696	2025-04-28	20:54:56	Mon
McCormick Park	f0583ccb420c593a21ba7f803c4f214860e2d810	46.872970	-114.005570	1745873230	2025-04-28	20:47:10	Mon
McCormick Park	f0583ccb420c593a21ba7f803c4f214860e2d810	46.872920	-114.005590	1745873239	2025-04-28	20:47:19	Mon
McCormick Park	f0583ccb420c593a21ba7f803c4f214860e2d810	46.872930	-114.005540	1745873690	2025-04-28	20:54:50	Mon
McCormick Park	f0583ccb420c593a21ba7f803c4f214860e2d810	46.872970	-114.005530	1745873692	2025-04-28	20:54:52	Mon
McCormick Park	f0583ccb420c593a21ba7f803c4f214860e2d810	46.872930	-114.005590	1745873694	2025-04-28	20:54:54	Mon
McCormick Park	64d91e32dfc526a10bceaff9c70d6b2f8b07cabb	46.872083	-114.005110	1745804801	2025-04-28	01:46:41	Mon
McCormick Park	64d91e32dfc526a10bceaff9c70d6b2f8b07cabb	46.872016	-114.005180	1745804806	2025-04-28	01:46:46	Mon
McCormick Park	64d91e32dfc526a10bceaff9c70d6b2f8b07cabb	46.872000	-114.005150	1745804807	2025-04-28	01:46:47	Mon
McCormick Park	33b6e45c03d7b3e867efa52ad9a06fb6fddae4a8	46.872565	-114.003316	1745870614	2025-04-28	20:03:34	Mon
McCormick Park	33b6e45c03d7b3e867efa52ad9a06fb6fddae4a8	46.872530	-114.003310	1745870613	2025-04-28	20:03:33	Mon
McCormick Park	531dbd66f5492b48b449570bc13b595aa42458e4	46.872879	-114.005558	1745866171	2025-04-28	18:49:31	Mon
McCormick Park	531dbd66f5492b48b449570bc13b595aa42458e4	46.872884	-114.005545	1745866176	2025-04-28	18:49:36	Mon
McCormick Park	531dbd66f5492b48b449570bc13b595aa42458e4	46.872840	-114.005584	1745866179	2025-04-28	18:49:39	Mon
McCormick Park	531dbd66f5492b48b449570bc13b595aa42458e4	46.872820	-114.005510	1745866176	2025-04-28	18:49:36	Mon
McCormick Park	531dbd66f5492b48b449570bc13b595aa42458e4	46.872840	-114.005570	1745866178	2025-04-28	18:49:38	Mon
McCormick Park	531dbd66f5492b48b449570bc13b595aa42458e4	46.872840	-114.005590	1745866179	2025-04-28	18:49:39	Mon
